No,Ch1,Ch2,Ch3,Ch4
21566,0.170355702659828,0.166612828768064,0.38919400508368,0.273837463488428
21567,0.0719250956779339,0.486612673948611,0.300384876874202,0.141077353499253
21568,0.312947172189237,0.405340686241512,0.175311394955538,0.106400746613713
21569,0.488362860368086,0.174629324129622,0.239315098549608,0.0976927169526846
21570,0.262818360414691,0.368110976335906,0.287989282131435,0.0810813811179687
21571,0.140315992529452,0.602461984716922,0.191371944675268,0.0658500780783582
21572,0.251162858688555,0.105450861941657,0.510271493422028,0.133114785947761
21573,0.18369460105896,0.207674413919449,0.19908532500267,0.409545660018921
21574,0.182873044438777,0.301851612219118,0.428852562376704,0.0864227809654009
21575,0.0671922191977501,0.155397176742554,0.668633043766022,0.108777560293674
21576,0.222471755408171,0.204019558369822,0.34263285483967,0.230875831382337
21577,0.170652421871609,0.221460643730471,0.541836269823257,0.0660506645746628
21578,0.379849872443455,0.320024155377802,0.186574678423077,0.113551293755666
21579,0.0924022888929163,0.263642018965826,0.216292564935071,0.427663127206187
21580,0.12780887902495,0.440568520107548,0.315105247679902,0.1165173531876
21581,0.342128430934674,0.154850455445803,0.288407896286367,0.214613217333156
21582,0.140212787088561,0.227496054358839,0.340126568971178,0.292164589581421
21583,0.122130335458276,0.190227215501737,0.354757528876493,0.332884920163494
21584,0.301250123204661,0.276294910692537,0.0789218452813809,0.343533120821421
21585,0.367029024922439,0.204812251210669,0.090259294594053,0.337899429272839
21586,0.197680303350701,0.330076470825514,0.189705782668551,0.282537443155234
21587,0.0441340583870862,0.589833204372475,0.106749043663957,0.259283693576483
21588,0.046082765893998,0.0718554646936535,0.581008030049682,0.301053739362666
21589,0.103165461075821,0.0638998141303686,0.573177031082257,0.259757693711554
21590,0.0407564717587566,0.122210667447825,0.546087924734413,0.290944936059005
21591,0.042219158419293,0.212607831554889,0.412530542956779,0.332642467069039
21592,0.0762437805533409,0.240451768040657,0.0726986154913902,0.610605835914612
21593,0.647477870043202,0.12026275783973,0.0856540582005237,0.146605313916544
21594,0.109629139304161,0.18042004108429,0.180781856179237,0.529168963432312
21595,0.352321979758725,0.115749797852711,0.0568753625685322,0.475052859820032
21596,0.120512222040171,0.663480386209181,0.0722487105671605,0.143758681183487
21597,0.333388866236019,0.195011795293584,0.0537738168752708,0.417825521595126
21598,0.0852129135962452,0.343893726352044,0.313023349254628,0.257870010797083
21599,0.208024507402278,0.38444123933727,0.244163904599969,0.163370348660483
21600,0.0748262209753029,0.151466941515615,0.0822815478697996,0.691425289639283
21601,0.0522201586680126,0.132274464758295,0.220290945621512,0.59521443095218
21602,0.0479325630694972,0.365518166176163,0.407344799905503,0.179204470848837
21603,0.55029083118276,0.0456074557543912,0.0861067263201881,0.31799498674266
21604,0.0498575305571499,0.287603496433781,0.309895186461899,0.35264378654717
21605,0.211518976981693,0.0635862987853282,0.473391031371525,0.251503692861454
21606,0.194416272973044,0.0474392147398463,0.333590994263232,0.424553518023877
21607,0.472086089554656,0.0808163315361862,0.0859785931549442,0.361118985754214
21608,0.202070556503886,0.434535904432241,0.0391681552243175,0.324225383839556
21609,0.0752452915552653,0.0756724705969726,0.427919569819566,0.421162668028196
21610,0.320270035269894,0.330398950693,0.0381666314397003,0.311164382597406
21611,0.0596122586025418,0.0535773889693165,0.563357764146949,0.323452588281193
21612,0.591929086922543,0.142439099288569,0.168495985396147,0.0971358283927415
21613,0.0421054058953314,0.213328641454449,0.254090871600943,0.490475081049277
21614,0.0827736016488015,0.392561814355214,0.293310248256246,0.231354335739739
21615,0.225241508906264,0.349012005650133,0.0427352733846524,0.38301121205895
21616,0.208927309000832,0.0507151683978967,0.569473400661028,0.170884121940243
21617,0.225164357202714,0.319064890132321,0.205785903420834,0.24998484924413
21618,0.168842663432439,0.0909182009374559,0.237119711551658,0.503119424078447
21619,0.154579045691774,0.175916912792875,0.0804878932310327,0.589016148284318
21620,0.0902983877919014,0.709406342707811,0.059839213633508,0.14045605586678
21621,0.199908256530762,0.288826525211334,0.186828911304474,0.32443630695343
21622,0.111023447580461,0.160612388248649,0.169702230619623,0.558661933551267
21623,0.404442363911236,0.29050379558647,0.205124345345432,0.0999294951568619
21624,0.452272153679612,0.258120510848172,0.197098779635113,0.0925085558371031
21625,0.105488759115673,0.161625991415203,0.539754732258477,0.193130517210647
21626,0.452908599155845,0.202989246107077,0.258849246888941,0.0852529078481373
21627,0.219492086187241,0.192306959858329,0.410256790809131,0.177944163145299
21628,0.147242241933479,0.40692179840337,0.37977167247365,0.0660642871895008
21629,0.41033152051517,0.27528327908578,0.199940086900742,0.114445113498309
21630,0.251974232553668,0.220834231997556,0.194358652661999,0.332832882786777
21631,0.140873853590305,0.241278670468291,0.551700966110854,0.0661465098305497
21632,0.172025978565216,0.20612145960331,0.519857525825501,0.101995036005974
21633,0.209331780672073,0.302061438560486,0.240079835057259,0.248526945710182
21634,0.196437192016286,0.594810000139326,0.15041568651176,0.0583371213326287
21635,0.175694904970541,0.552457712877672,0.210581519888329,0.0612658622634578
21636,0.530416294025889,0.166776875651572,0.214481034443348,0.0883257958791913
21637,0.350506842136383,0.42931455373764,0.143769815564156,0.076408788561821
21638,0.264473337033093,0.399484109901602,0.258507150776365,0.0775354022889404
21639,0.220954234344702,0.518030010969788,0.175548173884221,0.0854675808012894
21640,0.363838650968045,0.401347467333394,0.157125104005451,0.0776887776931102
21641,0.32500999923788,0.201325176646373,0.395895895392478,0.0777689287232687
21642,0.372639539633986,0.335835429547991,0.172451422903325,0.119073607914698
21643,0.114751443266869,0.332533568143845,0.420820742845535,0.131894245743752
21644,0.335593938827515,0.255755215883255,0.182274162769318,0.226376682519913
21645,0.097261185137805,0.637251450954038,0.17101264382182,0.0944747200863373
21646,0.213709859447853,0.186112208767889,0.513858374104959,0.0863195576792988
21647,0.169026292965991,0.271136236390601,0.454339703366445,0.105497767276962
21648,0.346141087035049,0.162196242727479,0.384893224206074,0.106769446031397
21649,0.454583691603828,0.151712467957753,0.319066119159241,0.0746377212791786
21650,0.279844997228347,0.416672167057751,0.19663609417799,0.106846741535911
21651,0.36702175042098,0.16823904717681,0.211715838662262,0.253023363739948
21652,0.118753297347526,0.215508606798819,0.22554963491038,0.440188460943275
21653,0.602615576904548,0.150868083510754,0.170436287807337,0.0760800517773613
21654,0.627058115680465,0.14497401554273,0.159098423170381,0.0688694456064245
21655,0.327145792405586,0.127634960285611,0.467118035266952,0.0781012120418522
21656,0.436665435284321,0.191658296808226,0.245929654505684,0.125746613401768
21657,0.602369816724872,0.119833788565073,0.184430623732614,0.0933657709774404
21658,0.284546038968979,0.17336368044127,0.425658153722937,0.116432126866814
21659,0.604208006058812,0.169168788995641,0.138950008279458,0.0876731966660886
21660,0.155500903725624,0.154124096035957,0.33174741268158,0.358627587556839
21661,0.111273040370501,0.340959809550051,0.174375261939125,0.373391888140323
21662,0.0463994758724971,0.618210398339123,0.102443020881825,0.232947104906555
21663,0.148046036006392,0.165271942772625,0.578251796312684,0.108430224908299
21664,0.0564415744477276,0.422437303924005,0.167940778017927,0.353180343610341
21665,0.327720811136937,0.226185568386746,0.156200150960679,0.289893469515638
21666,0.0709100940552326,0.30983888179544,0.349678476164386,0.269572547984941
21667,0.0439480601270475,0.397345230082228,0.290793557062985,0.26791315272774
21668,0.257151398914328,0.246761102181093,0.223746899124189,0.27234059978039
21669,0.349072299545877,0.211113343884498,0.0814358350313641,0.358378521538261
21670,0.13671992922902,0.468639738390442,0.115803303059985,0.278837029320553
21671,0.141174638972631,0.442380888671395,0.344724582704731,0.071719889651243
21672,0.0603689034310647,0.193859772338418,0.521136704989796,0.224634619240721
21673,0.392949676408614,0.19335043718443,0.0689812759903264,0.34471861041663
21674,0.367486826312091,0.106879254276769,0.256981992938027,0.268651926473113
21675,0.420845624649185,0.12243408618544,0.104894309454454,0.351825979710922
21676,0.0870674041966707,0.625540385030812,0.173716920222594,0.113675290549923
21677,0.47578797453326,0.0789741960015028,0.331112806962621,0.114125022502616
21678,0.156743244504506,0.549446706097176,0.216316656889891,0.0774933925084277
21679,0.152951836585999,0.510487258434296,0.100421622395515,0.23613928258419
21680,0.274302538122199,0.131640834634888,0.452574842384833,0.141481784858081
21681,0.237861980295391,0.0641116322229073,0.152553372716008,0.545473014765694
21682,0.331559685382547,0.269498346228165,0.0602470110338404,0.338694957355447
21683,0.234891812598485,0.0498876897639094,0.339414500828562,0.375805996809043
21684,0.367927140890195,0.0554922345186069,0.176042411030129,0.40053821356107
21685,0.128330484032631,0.243611797690392,0.0818555951118469,0.546202123165131
21686,0.0839583395437025,0.474592817031115,0.121282029104157,0.320166814321026
21687,0.146658848325644,0.141503583148015,0.335120161321158,0.376717407205182
21688,0.190492617942283,0.166631417969337,0.0591605165475684,0.583715447540811
21689,0.131401826866039,0.67117037889251,0.0675186316489664,0.129909162592484
21690,0.682781170052009,0.138692574779579,0.0555467315844705,0.122979523583942
21691,0.122687558591833,0.568542791199896,0.0797679144092183,0.229001735799053
21692,0.0483703031650276,0.369720917037753,0.468120886925485,0.113787892871734
21693,0.0539516291091401,0.66422355917346,0.0579001127693815,0.223924698948019
21694,0.0924005813330455,0.35361969734445,0.110584610034411,0.443395111288094
21695,0.360734750010528,0.366878558192296,0.13514858081494,0.137238110982236
21696,0.592321810899966,0.132900610071046,0.0477384960363116,0.227039082992676
21697,0.55921263335962,0.122865164620655,0.121089646534467,0.196832555485257
21698,0.113640606403351,0.0778678432106972,0.700142621994019,0.108348928391933
21699,0.155921091315779,0.655388970833688,0.0395080458971276,0.149181891953406
21700,0.233419128256466,0.292977890581552,0.175158659364025,0.298444321797957
21701,0.5389612712353,0.116633127755183,0.0779703751962492,0.266435225813269
21702,0.0593156599584834,0.614872187400839,0.0718773345112601,0.253934818129418
21703,0.069070449417745,0.353963545993785,0.0599642680593371,0.517001736529133
21704,0.0663315037986188,0.167032564668877,0.50415359425087,0.262482337281634
21705,0.152737058076429,0.0491441063200283,0.334731295767335,0.463387539836207
21706,0.0750119823960665,0.443371050903632,0.062927781597856,0.418689185102445
21707,0.0766323472574794,0.490792192930332,0.160656906933029,0.27191855287916
21708,0.0476785933685355,0.532421706123569,0.108347206904191,0.311552493603705
21709,0.301999900139867,0.132714988284353,0.0430978727686913,0.522187238807089
21710,0.33773005260326,0.0860809913730695,0.0675832932262368,0.508605662797434
21711,0.0472539386701381,0.545048874223829,0.142103667263191,0.265593519842842
21712,0.0580545363160691,0.345598092412835,0.0570021938980933,0.539345177373003
21713,0.642413606607711,0.0997093901081474,0.0837650584613523,0.174111944822789
21714,0.06144670557278,0.696738738109064,0.0469220404641862,0.19489251585397
21715,0.588148989224844,0.0915308635111576,0.153307536493706,0.167012610770292
21716,0.0878938105741959,0.119886147980163,0.182623632899536,0.609596408546105
21717,0.260780745876266,0.0478713427214769,0.373053452974853,0.318294458427404
21718,0.292905237977521,0.438379878866897,0.0409018504518809,0.227813032703701
21719,0.159917771816254,0.112396627664566,0.169239908456802,0.558445692062378
21720,0.367460459470749,0.250455558300018,0.0465200245380402,0.335563957691193
21721,0.130546812133396,0.191517477974817,0.431736362926256,0.246199346965532
21722,0.616422848086655,0.170644317546897,0.0550714633818725,0.157861370984575
21723,0.04762446738451,0.284401817981987,0.181029730861584,0.486943983771919
21724,0.335653518671595,0.199621859187213,0.168768780958187,0.295955841183004
21725,0.0671652604950495,0.137569005132876,0.247906347814711,0.547359386557364
21726,0.0468227763763049,0.347177097313999,0.357616523293092,0.248383603016605
21727,0.203153550624847,0.0832549482584,0.58759355545044,0.125997945666313
21728,0.0975670352940703,0.10971623495644,0.335488999851212,0.457227729898278
21729,0.242341529692091,0.21736336920614,0.132738692570646,0.407556408531123
21730,0.459470317271474,0.0603536201386995,0.0800182101136591,0.400157852476167
21731,0.160587303612204,0.186029872922754,0.444372812910103,0.209010010554939
21732,0.333462024726539,0.193538543678246,0.0767489809282276,0.396250450666987
21733,0.47364305744107,0.321701045010968,0.0903226496231161,0.114333247924846
21734,0.0444452704655107,0.635166668711851,0.183138675359587,0.137249385463051
21735,0.182820904597806,0.352176345933237,0.0492793327653831,0.415723416703574
21736,0.69660879470796,0.115760497437086,0.0895426287808742,0.0980880790740795
21737,0.336180406206086,0.238189643688886,0.340409445002323,0.085220505102705
21738,0.376818155896934,0.280897621525789,0.251256708074461,0.0910275145028161
21739,0.209560354267665,0.385696509160768,0.328980184994195,0.0757629515773718
21740,0.106205380661746,0.584260161338298,0.242292223555653,0.0672422344443036
21741,0.245148874674704,0.335329155186688,0.160870199229425,0.258651770909183
21742,0.268268150162763,0.206477532080302,0.381271260139552,0.143983057617384
21743,0.327491705529268,0.445101208166796,0.0819576841884506,0.145449402115485
21744,0.261672316032109,0.252294657734821,0.412711617255869,0.0733214089772
21745,0.223028426332991,0.15643858210272,0.399790596971336,0.220742394592953
21746,0.321504446279291,0.391371372277821,0.183145807557894,0.103978373884994
21747,0.573304580748724,0.17399294285492,0.179170023370459,0.0735324530258972
21748,0.329589605331421,0.471416354179382,0.113994278013706,0.0849997624754906
21749,0.149303045511923,0.403440585655557,0.336220763559175,0.111035605273345
21750,0.148291771062963,0.226984924882201,0.459710373273801,0.165012930781035
21751,0.573432156047704,0.127570720427792,0.222437057233409,0.0765600662910948
21752,0.442900293426211,0.125584928310142,0.235926490486764,0.195588287776883
21753,0.300862163305283,0.226553186774254,0.205730333924294,0.26685431599617
21754,0.158758913241592,0.519725934258876,0.134185184067046,0.187329968432485
21755,0.202039179175508,0.340079153476966,0.275173749399576,0.182707917947949
21756,0.0689585835766159,0.410816032177927,0.133878430748512,0.386346953496946
21757,0.0861408052763463,0.58911688013549,0.036979519381814,0.28776279520635
21758,0.192228630185127,0.230778902769089,0.17302979528904,0.403962671756744
21759,0.398652863462355,0.272921153095995,0.191208040452243,0.137217942989407
21760,0.0854370755767386,0.0543277867783276,0.399304723729264,0.46093041391567
21761,0.114917813019189,0.180657548000551,0.463426165827719,0.240998473152541
21762,0.0556442849338055,0.739509701728821,0.0505133159458637,0.15433269739151
21763,0.576130166772422,0.0640426220308928,0.0393589559030261,0.320468255293659
21764,0.228921480701466,0.0556677114256077,0.518884080163973,0.196526727708953
21765,0.486186069019658,0.15008423663362,0.0771295623060479,0.286600132040675
21766,0.0640691626704048,0.437493853736348,0.037189455779837,0.46124752781341
21767,0.0699006894260439,0.15011277347467,0.398270297102025,0.381716239997261
21768,0.209249928593636,0.325540900230408,0.277455538511276,0.18775363266468
21769,0.182923856123147,0.187477814964619,0.0733916174380722,0.556206711474161
21770,0.0794181627381943,0.425940786246014,0.199648532292334,0.294992518723457
21771,0.0339717374374766,0.0904195366349158,0.380768679440605,0.494840046487003
21772,0.135028664321562,0.382601242738999,0.17540580557006,0.306964287369379
21773,0.17335861662986,0.485844008835494,0.0543913982154221,0.286405976319224
21774,0.0415674972650967,0.121699393702294,0.592547003869318,0.244186105163292
21775,0.184886840211051,0.255315776835147,0.208355468387075,0.351441914566727
21776,0.348157495260239,0.346832692623138,0.0941887050867081,0.210821107029915
21777,0.0649412574803131,0.0576733613672605,0.620701434540381,0.256683946612045
21778,0.348135271779581,0.117040820894192,0.0807350676813681,0.454088839644859
21779,0.214098435430252,0.264402713412006,0.165568170464513,0.355930680693229
21780,0.146592543621306,0.108539291534866,0.444884601569806,0.299983563274023
21781,0.110850431025028,0.101627372205257,0.595598936080933,0.191923260688782
21782,0.565359000603549,0.0704105576158356,0.250740798195755,0.11348964358486
21783,0.251503458190581,0.0829880579192915,0.193176441148801,0.472332042741327
21784,0.631687192545259,0.202471742144454,0.0741695794836989,0.0916714858265885
21785,0.132978287347146,0.636664137914833,0.160823281985001,0.0695342927530194
21786,0.0837447823489004,0.0810798213288121,0.242943564167006,0.592231832155281
21787,0.0907365422280077,0.686772615616289,0.0898394624817131,0.13265137967399
21788,0.27402978523009,0.381389251767339,0.0586528690460428,0.285928093956528
21789,0.0782292014888167,0.282998255401902,0.249142058219252,0.389630484890029
21790,0.611067134471748,0.10871643897046,0.0707481301053801,0.209468296452412
21791,0.31892337444653,0.143458570734901,0.167313362142045,0.370304692676524
21792,0.0865238619822839,0.3530444257415,0.380042528808751,0.180389183467465
21793,0.148536049125734,0.291180298017428,0.458849930852276,0.101433722004563
21794,0.0445085948537715,0.56296556978313,0.195611461268323,0.196914374094775
21795,0.213863361885089,0.052419063680229,0.544037232995727,0.189680341438955
21796,0.193927812485811,0.222949120744305,0.161459239743043,0.421663827026841
21797,0.293294934233316,0.395241346990754,0.100037119537315,0.211426599238615
21798,0.485741943120956,0.0568384826183319,0.221131175756454,0.236288398504257
21799,0.0669254074532599,0.0663457224718589,0.229644495690532,0.637084374384349
21800,0.0720936815752638,0.0764822673273424,0.272012655019949,0.579411396077445
21801,0.142701221366208,0.140303684170489,0.1686079924016,0.548387102061702
21802,0.0425371844710641,0.172755502436556,0.352619812754682,0.432087500337698
21803,0.0687588417432316,0.105450572534248,0.603413609982317,0.222376975740203
21804,0.161786999662511,0.52761553538705,0.0986992769234044,0.211898188027035
21805,0.573066596486171,0.0684549888108297,0.0895337916130855,0.268944623089914
21806,0.0803058227919476,0.344361456814121,0.178224311606767,0.397108408787164
21807,0.143249505355925,0.368712149185666,0.158378029368998,0.329660316089411
21808,0.240745463995094,0.0882013249472277,0.149355730017861,0.521697481039818
21809,0.599860599639109,0.058010353773678,0.062877564685381,0.279251481901832
21810,0.703485532772119,0.0682975709073788,0.109311004519962,0.11890589180054
21811,0.27896920885776,0.429061220178799,0.182524911408309,0.109444659555132
21812,0.124464242723106,0.0549619268256282,0.497414436210584,0.323159394240682
21813,0.265004936829283,0.45386908134623,0.172293456976018,0.108832524848469
21814,0.238684263248976,0.400388503068857,0.266035016387179,0.0948922172949878
21815,0.362810451900648,0.10869168911303,0.321595480394498,0.206902378591824
21816,0.310811962026179,0.399856412412876,0.185625490760423,0.103706134800522
21817,0.128365893017229,0.163639505614028,0.637498099729362,0.0704965016393811
21818,0.0796386497997433,0.0887733601792669,0.494747459575383,0.336840530445607
21819,0.262174789043885,0.198260444376773,0.163367691090222,0.37619707548912
21820,0.610119856517022,0.149788567804226,0.170254939412514,0.0698366362662376
21821,0.17138355842692,0.190042941346445,0.550023015215821,0.088550485010814
21822,0.329598089170513,0.464832441066729,0.130588676613907,0.0749807931488516
21823,0.189648184026006,0.468744523357518,0.199482384316361,0.142124908300115
21824,0.192412284129675,0.449980311841066,0.261872853906857,0.0957345501224019
21825,0.0823208447772076,0.458970178835761,0.167897265376957,0.290811711010075
21826,0.192672520875931,0.381759852170944,0.352044552564621,0.073523074388504
21827,0.0953684023477525,0.126477527465169,0.709412292601443,0.0687417775856356
21828,0.144787043333054,0.447934776544571,0.239983469247818,0.167294710874558
21829,0.157701098202971,0.283475592615673,0.450629675048647,0.108193634132709
21830,0.127378508448601,0.106223434209824,0.62050986289978,0.145888194441795
21831,0.234815080397647,0.30551631873028,0.194656050444124,0.265012550427949
21832,0.22502676323136,0.39579574453222,0.0571147220466948,0.322062770189725
21833,0.582769798127492,0.111208823817771,0.187340374573908,0.118681003480829
21834,0.675214643216024,0.140662862802574,0.0919262387460005,0.0921962552354019
21835,0.137945628372384,0.358098284517152,0.105073024559305,0.398883062551159
21836,0.068722773484443,0.118745618826007,0.545909316678604,0.266622291010946
21837,0.0685649357523963,0.0543437854832733,0.546152525996947,0.330938752767383
21838,0.228956795601749,0.101326125899736,0.509834900791493,0.159882177707022
21839,0.122454205641708,0.437532226553609,0.174268535929835,0.265745031874849
21840,0.591744363307953,0.0990035161375999,0.190296366810799,0.118955753743649
21841,0.545042463318146,0.135336117972972,0.0883219106245326,0.231299508084349
21842,0.0492650434155775,0.305371859829779,0.488601758736424,0.156761338018219
21843,0.555454595224422,0.08686776945389,0.0701839679424772,0.28749366737921
21844,0.0456180430295772,0.558915504200988,0.127058865533156,0.268407587236279
21845,0.261978214874377,0.111398379014396,0.281844085794183,0.344779320317045
21846,0.0816178644185622,0.452608360427867,0.172000562310236,0.293773212843335
21847,0.27693807459761,0.112038498102758,0.398622265488902,0.21240116181073
21848,0.102878380459607,0.181674160745957,0.0744408937379385,0.641006565056497
21849,0.603334495474912,0.20096902848734,0.0631071040497289,0.132589371988019
21850,0.543460054890512,0.110567335469504,0.0834826727663674,0.262489936873617
21851,0.140767994689226,0.655780628080233,0.113655100323001,0.0897962769075396
21852,0.370060646980097,0.12855621980792,0.307943786562327,0.193439346649657
21853,0.143951733230106,0.241045050056131,0.458521469191357,0.156481747522406
21854,0.347118114637108,0.165522220217023,0.176163035275981,0.311196629869888
21855,0.138542852038571,0.438847859450334,0.175816305390729,0.246792983120366
21856,0.405317262013155,0.176964677012141,0.335335177754431,0.0823828832202734
21857,0.121495819467833,0.671010171600217,0.0881275804109355,0.119366428521015
21858,0.60907942964255,0.109669172907906,0.0890787182611036,0.19217267918844
21859,0.495633077039082,0.0919307212557375,0.152241850188306,0.260194351516875
21860,0.553672500754483,0.259555433087877,0.114154228778992,0.0726178373786485
21861,0.312970048712935,0.180732028131781,0.42099374376284,0.0853041793924436
21862,0.0527578062898248,0.402800703006972,0.449879311771999,0.0945621789312038
21863,0.0768893957138062,0.353332430124283,0.226332038640976,0.343446135520935
21864,0.228152002162576,0.604614880887339,0.0785158833197899,0.0887172336302951
21865,0.137595396113533,0.323795308953663,0.460855172251011,0.0777541226817929
21866,0.221060954896779,0.27667432198899,0.398833203350508,0.103431519763722
21867,0.141211980229081,0.192239916671518,0.269264596584532,0.397283506514869
21868,0.15552326689236,0.119865407350688,0.588465617854917,0.136145707902036
21869,0.375782446970751,0.139410367879735,0.180849739053089,0.303957446096425
21870,0.323456312366481,0.262915219919157,0.248530682198246,0.165097785516116
21871,0.607020281516771,0.197821833112159,0.112284627269381,0.082873258101689
21872,0.0806783691301334,0.388792708098617,0.449071751872888,0.0814571708983619
21873,0.325234167458843,0.420366009614631,0.180678408279753,0.0737214146467727
21874,0.137391292867454,0.652437061707509,0.139466145360493,0.0707055000645444
21875,0.337173384724455,0.45009065307204,0.0931803162972464,0.119555645906258
21876,0.447049780102068,0.177344312588701,0.287663140525315,0.087942766783916
21877,0.145994263082657,0.357016538933166,0.276356462781973,0.220632735202204
21878,0.32167664409933,0.464707348232771,0.14068554446612,0.0729304632017796
21879,0.398573437407508,0.259494231518659,0.104933338355024,0.236998992718809
21880,0.242156198072945,0.243439977841973,0.437615762001628,0.0767880620834543
21881,0.154398456215858,0.312830746173859,0.30445870757103,0.228312090039253
21882,0.218523866490241,0.268195011263937,0.247638858784403,0.265642263461419
21883,0.118263658816504,0.327703607369349,0.316177856779764,0.237854877034384
21884,0.197794884443283,0.585662722587585,0.088945746421814,0.127596646547318
21885,0.163697724717991,0.452615859948643,0.172863488026649,0.210822927306716
21886,0.206786522066995,0.319459339396377,0.185665050576179,0.288089087960449
21887,0.328685497174941,0.160383942132949,0.336594199189457,0.174336361502653
21888,0.0975858694546006,0.48354449409851,0.314984576440543,0.103885060006346
21889,0.113632304763313,0.292019243657302,0.281155939680994,0.313192511898391
21890,0.150089574603892,0.243612598722985,0.191581112271829,0.414716714401294
21891,0.387596333211715,0.0826848956542478,0.427872711004723,0.101846060129314
21892,0.0749786002553478,0.380832537294646,0.106766153379014,0.437422709070992
21893,0.108889477087401,0.401836043623627,0.152437987214893,0.33683649207408
21894,0.209536495946892,0.110446931577428,0.18109877677409,0.49891779570159
21895,0.0443811361960085,0.0854936578345444,0.749206040019067,0.12091916595038
21896,0.354791508084156,0.268060845198967,0.247776146878726,0.129371499838151
21897,0.293240357442187,0.323257434246785,0.276441027356646,0.107061180954383
21898,0.219705964015691,0.344899431388055,0.265482437557687,0.169912167038567
21899,0.28130341204934,0.204599131746571,0.432952771327334,0.0811446848767553
21900,0.0811295404609464,0.092424821390777,0.209298573087954,0.617147065060323
21901,0.171321513821505,0.663389275422532,0.057607010865316,0.107682199890646
21902,0.0754154382180697,0.186721141933177,0.606473968778388,0.131389451070366
21903,0.0770974434287118,0.136262472383306,0.625987749517329,0.160652334670653
21904,0.262468131351979,0.106314041512564,0.237245516756516,0.393972310378941
21905,0.0481546336716214,0.450787933359995,0.345234544371197,0.155822888597186
21906,0.152304391494262,0.207342201252514,0.156995127886679,0.483358279366545
21907,0.0749778805305538,0.39501302551449,0.180632184878762,0.349376909076194
21908,0.282891605539495,0.181092622594425,0.287493382207951,0.248522389658129
21909,0.281993865966797,0.14515408873558,0.310565859079361,0.262286186218262
21910,0.485009908676148,0.138761892914772,0.178991973400116,0.197236225008965
21911,0.180139781386702,0.58384103017927,0.156143815488695,0.0798753729453338
21912,0.139473492671792,0.618888176273995,0.0650708874661145,0.176567443588099
21913,0.0878542444695104,0.527224067801416,0.157570482474346,0.227351205254728
21914,0.180419375908952,0.107102710220298,0.216630703706464,0.495847210164285
21915,0.327869946839363,0.106119556633837,0.293503846324923,0.272506650201877
21916,0.0681531773014262,0.109147876369438,0.354275041732754,0.468423904596382
21917,0.154615336931666,0.169294874030046,0.234635381974899,0.441454407063389
21918,0.124405245318813,0.113174113885533,0.68882063445372,0.073600006341934
21919,0.198966008440167,0.103635451143452,0.606477430366316,0.0909211100500657
21920,0.308680683374405,0.122797042131424,0.189535856246948,0.378986418247223
21921,0.136909577330416,0.609169198777583,0.148189056251699,0.105732167640302
21922,0.482255734238859,0.237986225455794,0.0820286286179517,0.197729411687395
21923,0.215276426532162,0.0973897009310037,0.228155917768357,0.459177954768478
21924,0.21702587281129,0.105486778833169,0.245860915692733,0.431626432662808
21925,0.532331347465515,0.126698106527329,0.192986488342285,0.147984057664871
21926,0.449097328958521,0.105202047053086,0.130339763405758,0.315360860582635
21927,0.100390192854697,0.155864859942649,0.567967576743139,0.175777370459516
21928,0.111045430934227,0.62587956242712,0.0481058117707889,0.214969194867864
21929,0.0883003006510369,0.0883006359271563,0.155479561787555,0.667919501634251
21930,0.035587418161567,0.327303790910099,0.223966534734396,0.413142256193939
21931,0.123877962144957,0.433667620263972,0.0609691725454664,0.381485245045604
21932,0.0732368763273489,0.0551395946016847,0.560877748740878,0.310745780330088
21933,0.0690916774083239,0.528913376745159,0.0492792760980156,0.352715669748501
21934,0.0855466344539327,0.402645286897978,0.172930582069378,0.338877496578712
21935,0.148626814823544,0.212659933785798,0.12448086963651,0.514232381754149
21936,0.152615038266554,0.349371428052017,0.161410463431322,0.336603070250108
21937,0.0663063496512316,0.142640256465662,0.573193464881474,0.217859929001633
21938,0.0374679590120478,0.479402377029429,0.159025127324365,0.324104536634159
21939,0.0680593521336777,0.389125313625692,0.0831216331429385,0.459693701097692
21940,0.47949877860776,0.211407948435428,0.0856050431785338,0.223488229778278
21941,0.138845873790296,0.0708417881899806,0.256687220086348,0.533625117933376
21942,0.103420223397619,0.677869638141085,0.0847654293407628,0.133944709120533
21943,0.0722667047957576,0.376719740206601,0.0673003191702044,0.483713235827437
21944,0.0636045615790915,0.302726438560294,0.407453107611742,0.226215892248872
21945,0.130523766185203,0.313152897613015,0.0741348015466779,0.482188534655104
21946,0.529379157460978,0.11601551675704,0.0724583821023475,0.282146943679634
21947,0.500003032386258,0.148591650298362,0.129382414678001,0.222022902637379
21948,0.0890125632286072,0.468991875648499,0.239331439137459,0.202664121985435
21949,0.113585936415824,0.344486638405026,0.121685760243874,0.420241664935276
21950,0.136851525463977,0.428004373371797,0.093836714051815,0.341307387112411
21951,0.112617676423095,0.179609786429783,0.348377667031191,0.359394870115931
21952,0.34308628014668,0.0707181484412733,0.0739161090683068,0.51227946234374
21953,0.472303579765039,0.187986336395704,0.0538077742163631,0.285902309622893
21954,0.172421242913129,0.0910973305009902,0.137694132230562,0.598787294355319
21955,0.392285853624344,0.0916522741317749,0.198476225137711,0.317585647106171
21956,0.0497344002048493,0.103333774308377,0.202053061188849,0.644878764297925
21957,0.471184267735012,0.114341560433553,0.171315779427164,0.24315839240427
21958,0.0454189848496096,0.703185135847441,0.104672773892635,0.146723105410314
21959,0.0930827613522268,0.109523332686623,0.0905814224828137,0.706812483478337
21960,0.119369335472584,0.575519859790802,0.0440208539366722,0.261089950799942
21961,0.17468598484993,0.16355299949646,0.332191616296768,0.329569399356842
21962,0.709454043743297,0.116605487839755,0.0743444694352641,0.0995959989816845
21963,0.0836534363575792,0.393035060063527,0.397319382389179,0.125992121189715
21964,0.149700955114145,0.058895137380418,0.645661773702732,0.145742133802705
21965,0.0985133871436119,0.0790573433041573,0.396147876977921,0.42628139257431
21966,0.0967669742960586,0.0554663594782249,0.396890474751645,0.450876191474072
21967,0.542614157925441,0.0491574030432299,0.170662252823545,0.237566186207785
21968,0.160362596501035,0.565323932012202,0.0544209315055331,0.21989253998123
21969,0.0436341607029116,0.171530393190229,0.269290085594504,0.515545360512356
21970,0.132262213047412,0.226330604756913,0.15442004569739,0.486987136498285
21971,0.330573921361177,0.2888995154038,0.245028618649075,0.135497944585948
21972,0.368924379348755,0.175976559519768,0.160827353596687,0.29427170753479
21973,0.430500896388668,0.1785882122017,0.0592115486383868,0.331699342771245
21974,0.490901522473968,0.176208925601707,0.0647452165969429,0.268144335327382
21975,0.0536041357545966,0.0958809380562359,0.395017732809767,0.455497193379401
21976,0.366945976511449,0.308607126644148,0.203223404240259,0.121223492604144
21977,0.155256588913697,0.339130143497292,0.208546212570256,0.297067055018754
21978,0.213808152849547,0.0566803857925333,0.301229878450862,0.428281582907058
21979,0.32584848150261,0.20742596144981,0.0595472551255271,0.407178301922053
21980,0.0727225658570573,0.594987485036813,0.0748611357125132,0.257428813393616
21981,0.148303138439404,0.451629913622587,0.215238052833647,0.184828895104362
21982,0.147149345448652,0.225767748012081,0.2261304124516,0.400952494087667
21983,0.0649946714191835,0.0760592904099716,0.308999185398209,0.549946852772636
21984,0.10795935141798,0.304525661738256,0.171167875597946,0.416347111245818
21985,0.0451994123473829,0.585694187294384,0.103276929595207,0.265829470763026
21986,0.145458829131898,0.158789467242596,0.57498888876314,0.120762814862367
21987,0.0538437228651032,0.377408098778481,0.159083269282868,0.409664909073547
21988,0.309351244847514,0.22561892049369,0.156169344668667,0.30886048999013
21989,0.0717314987242632,0.294983559213946,0.344116084036617,0.289168858025174
21990,0.0422538816928864,0.382579296827316,0.294472426176071,0.280694395303726
21991,0.258407737934474,0.244344916278945,0.220192593035212,0.277054752751369
21992,0.322863677825441,0.19250268317767,0.079013051957281,0.405620587039607
21993,0.145898242172546,0.445431305331925,0.11083470615252,0.297835746343009
21994,0.125065264290603,0.443271776066606,0.348863981317044,0.0827989783257474
21995,0.0528045018194597,0.191454493540934,0.526946228956744,0.228794775682863
21996,0.376061575534712,0.177843444548999,0.0656432836790361,0.380451696237253
21997,0.355095421598783,0.105999754458662,0.25823930290698,0.280665521035575
21998,0.380988359451294,0.125445067882538,0.101624816656113,0.391941756010056
21999,0.0782901289676904,0.631648554615272,0.159979853629616,0.130081462787422
22000,0.458848016666175,0.0684639464491586,0.3309118274939,0.141776209390767
22001,0.155547258920263,0.527449778803441,0.223732870463537,0.0932700918127583
22002,0.15576198348935,0.469854463565622,0.0965917014347382,0.27779185151029
22003,0.0509979336000132,0.151800027749689,0.576433205383887,0.220768833266412
22004,0.609595771062406,0.104576698656554,0.0738040501340922,0.212023480146948
22005,0.293941878662812,0.0833874549704614,0.179589356938242,0.443081309428484
22006,0.0471937443433794,0.197764430890182,0.186877105836804,0.568164718929635
22007,0.174837547165715,0.442898309870039,0.153673084880011,0.228591058084235
22008,0.0476081236492634,0.116024667366145,0.552629026829536,0.283738182155056
22009,0.350496314082377,0.120187674756624,0.123683405138178,0.405632606022821
22010,0.0884086998044148,0.519850425126397,0.047595105356051,0.344145769713137
22011,0.067643758610915,0.366203917583648,0.17143139966884,0.394720924136597
22012,0.239010264851382,0.115664298437483,0.131613674721427,0.513711761989707
22013,0.315203994512558,0.100048243999481,0.330392777919769,0.254354983568192
22014,0.119787055261915,0.0866309670123843,0.617964363919036,0.175617613806664
22015,0.064044257579915,0.0732742600657266,0.355713535675003,0.506967946679355
22016,0.0475260450330099,0.412985492333121,0.0482990502550774,0.491189412378792
22017,0.0639496960049529,0.733979514979055,0.0465444954498355,0.155526293566157
22018,0.235000721663258,0.146959800927633,0.308110901955095,0.309928575454014
22019,0.189118186561967,0.113997964545978,0.241265682048051,0.455618166844004
22020,0.132315164872732,0.110558822788079,0.332448400616381,0.424677611722808
22021,0.0476359412778634,0.308161577339125,0.290071896014455,0.354130585368556
22022,0.533676209053681,0.0533963853619858,0.118860528315829,0.294066877268504
22023,0.388185802014066,0.0522090722040018,0.210628719707047,0.348976406074885
22024,0.216505162226209,0.0568499248908807,0.0948492469401778,0.631795665942732
22025,0.477759754036662,0.132086203978429,0.049985502473848,0.340168539511061
22026,0.658406059193431,0.077441734747835,0.0443999903082851,0.219752215750449
22027,0.247510337187324,0.233940981721389,0.0577468854178562,0.460801795673431
22028,0.331437620009762,0.0835167324805016,0.0391699153123045,0.545875732197432
22029,0.0700373639160788,0.0932902530835531,0.0675844838085103,0.769087899191858
22030,0.489297710518573,0.0531766108695178,0.29896574766985,0.15855993094206
22031,0.153017346650879,0.174607326823691,0.0645180810844326,0.607857245440997
22032,0.0813088923448903,0.226033117137232,0.0575963806808669,0.63506160983701
22033,0.051932108624505,0.105068253447642,0.670433772177133,0.17256586575072
22034,0.675079817510547,0.0813239583274427,0.0512732412571219,0.192322982904889
22035,0.144744653843184,0.128502238646216,0.0946386186670845,0.632114488843515
22036,0.5124793033582,0.188097312345738,0.0524912511837063,0.246932133112356
22037,0.137125143750099,0.136495256791086,0.0477644148267487,0.678615184632067
22038,0.0873683940580009,0.266685553392337,0.0585358830850089,0.587410169464653
22039,0.319217160975166,0.406110924209166,0.0396552813207232,0.235016633494945
22040,0.141548980520635,0.370160680120012,0.161476244374402,0.326814094984951
22041,0.116615386989254,0.0602301184130855,0.553715477766757,0.269439016830903
22042,0.245417308130602,0.196640592863551,0.202684831579256,0.355257267426591
22043,0.119411993605256,0.575492876037743,0.0707220903254178,0.234373040031583
22044,0.0596071083025468,0.11557751364219,0.284106349276497,0.540709028778766
22045,0.10392359208833,0.35612792838001,0.0746948741285465,0.465253605403114
22046,0.149575705838927,0.226020135700103,0.188526729091205,0.435877429369765
22047,0.161216496220108,0.389812794403637,0.0505579780745657,0.39841273130169
22048,0.140277430415154,0.695956647396088,0.0490119159221649,0.114754006266594
22049,0.125023888424395,0.58145577581906,0.0503259159673142,0.243194419789231
22050,0.229669023002223,0.307490740828078,0.357988333076065,0.104851903093635
22051,0.0527605363379279,0.0898124999229331,0.653694851041347,0.203732112697792
22052,0.162910031719655,0.412778681707065,0.168539317973544,0.255771968599736
22053,0.0496875047683716,0.706323444843292,0.138915047049522,0.105074003338814
22054,0.0885007388033028,0.0989740572793339,0.656283800723283,0.15624140319408
22055,0.158189514346811,0.122206273592775,0.567735472033342,0.151868740027072
22056,0.244495665531509,0.0984223134463052,0.495824765320676,0.16125725570151
22057,0.232084132197026,0.242294601866442,0.175791700952998,0.349829564983534
22058,0.29459974608719,0.530371912276326,0.0760000582933435,0.0990282833431405
22059,0.154025787337654,0.523221175252603,0.0972286203045912,0.225524417105153
22060,0.145272729616274,0.176264715548385,0.0672412504666857,0.611221304368655
22061,0.0704567027364196,0.144153856882683,0.41277962403176,0.372609816349138
22062,0.0867945892067779,0.292516131232823,0.400090858336879,0.22059842122352
22063,0.0459232650201418,0.647489764439285,0.160630369761313,0.14595660077926
22064,0.463234673363745,0.186346102945792,0.0768837573427802,0.273535466347682
22065,0.0804745834959764,0.111328264072651,0.450960745268447,0.357236407162925
22066,0.424971508235588,0.114385661054085,0.11597454202251,0.344668288687817
22067,0.36266721924144,0.20547997186035,0.040621525026056,0.391231283872154
22068,0.132324626503776,0.700524358845383,0.0370591484295228,0.130091866221318
22069,0.0453051460670745,0.567685927496221,0.0493781923969772,0.337630734039727
22070,0.363093313849767,0.0684130484729033,0.0872958668522845,0.481197770825045
22071,0.358186231621123,0.127589697853115,0.08444282843013,0.429781242095633
22072,0.0485433815318461,0.565552820161864,0.238931264003156,0.146972534303134
22073,0.137691647840229,0.119822942613236,0.212390960845284,0.530094448701251
22074,0.0544358268380165,0.695025146007538,0.0863889530301094,0.164150074124336
22075,0.0621940677531285,0.286679266815337,0.180906846445401,0.470219818986133
22076,0.709531374754735,0.100688249998036,0.0503360671960123,0.139444308051217
22077,0.195148159455094,0.0936210921471065,0.078760245712703,0.632470502685096
22078,0.367654228692439,0.126692695517947,0.0895357118616147,0.416117363928
22079,0.417483535026089,0.0559080390275891,0.0567850357493222,0.469823390197
22080,0.0698653664847554,0.0565283619027639,0.557458326584815,0.316147945027666
22081,0.118326855525085,0.591789689293043,0.09472874975482,0.195154705427052
22082,0.620802943563483,0.109901771768196,0.0829833379610131,0.186311946707308
22083,0.0373851046940273,0.59324840481399,0.0699870038782431,0.29937948661374
22084,0.178325029220339,0.122830563666268,0.0533182887731301,0.645526118340263
22085,0.294104470049045,0.0869787523289957,0.155267632988138,0.463649144633821
22086,0.0461004504814543,0.415882479434499,0.0405684989436642,0.497448571140383
22087,0.0373811647295952,0.0549336150288582,0.497803062200546,0.409882158041
22088,0.0839890235365255,0.119966662526379,0.182682244608684,0.613362069328412
22089,0.0391538959804632,0.558649058948092,0.140289648322093,0.261907396749352
22090,0.119056163444278,0.198626679202517,0.182700124640761,0.499617032712444
22091,0.0535331478210794,0.111753128052677,0.654733476583908,0.179980247542336
22092,0.605848523712969,0.160124905699868,0.0473721751255315,0.186654395461631
22093,0.0633294130613699,0.0983928658187921,0.533369060357146,0.304908660762693
22094,0.108895175158978,0.0768691673874855,0.294129461050034,0.520106196403503
22095,0.057523971060916,0.227613902067011,0.181167130426205,0.533694996445868
22096,0.143985375225598,0.0489369666243458,0.583077190134387,0.224000468015669
22097,0.483542634726004,0.041853631374677,0.0655928604664812,0.409010873432838
22098,0.185187229265701,0.0550211686820145,0.564922433032461,0.194869169019824
22099,0.0496158011200398,0.227457496933006,0.137439565918439,0.585487136028515
22100,0.0513887562064641,0.119867952464043,0.625135431068174,0.203607860261319
22101,0.51803062416499,0.17075990994424,0.0545904988575541,0.256618967033216
22102,0.064344594310063,0.281604089784744,0.0845276068010213,0.569523709104172
22103,0.299701511859894,0.200734376907349,0.162859320640564,0.336704790592194
22104,0.346097084478267,0.258377762573792,0.0492547977660209,0.34627035518192
22105,0.0406080502543472,0.217880333269253,0.25843141638181,0.48308020009459
22106,0.652472379254074,0.122956730883407,0.0506259540119244,0.173944935850594
22107,0.0692887316538205,0.0663957754730549,0.557799049583063,0.306516443290061
22108,0.247666753898062,0.0911720963963242,0.228238829128777,0.432922320576837
22109,0.242136273884642,0.452754417683732,0.0681718855423383,0.236937422889288
22110,0.0650004158169093,0.0775136214124206,0.134468259430949,0.723017703339721
22111,0.358145239637384,0.119035565249887,0.106367797451971,0.416451397660758
22112,0.0458338140354713,0.203518625283267,0.41777741130856,0.332870149372702
22113,0.0502806427009524,0.438067146354674,0.167413625259206,0.344238585685167
22114,0.128063423513421,0.0800055700539713,0.151516599185517,0.64041440724709
22115,0.106981664896011,0.139558032155037,0.0604308992624283,0.693029403686523
22116,0.0502279274267522,0.210989127054324,0.440290858162531,0.298492087356393
22117,0.238516332496079,0.104455434564169,0.53088981308706,0.126138419852692
22118,0.684470129841382,0.0676267830212933,0.0588581014211867,0.189044985716138
22119,0.0647569099350613,0.625558518825416,0.069337310989846,0.240347260249677
22120,0.13366483649853,0.076586823038266,0.446019278690937,0.343729061772267
22121,0.0690877149863201,0.244178283872877,0.140852125597777,0.545881875543026
22122,0.0997798845106329,0.348213832027132,0.44870845820631,0.103297825255925
22123,0.0810564836938417,0.394301268415908,0.249530987810574,0.275111260079676
22124,0.0553107567922884,0.361803686049635,0.243677306826075,0.339208250332002
22125,0.271380188102873,0.165545017760582,0.112034940064214,0.451039854072331
22126,0.218727701109935,0.122450572343565,0.254761645747783,0.404060080798718
22127,0.497597552800142,0.153436677954147,0.140046851933701,0.20891891731201
22128,0.359810262918472,0.265483319759369,0.182625994086266,0.192080423235893
22129,0.065122922319065,0.125583271474269,0.184023582040385,0.625270224166281
22130,0.061210156399163,0.315013830587474,0.448193169358271,0.175582843655092
22131,0.651144151770652,0.0881087265022749,0.134135724113403,0.12661139761367
22132,0.0757449384445725,0.214830180339656,0.432270239341099,0.277154641874672
22133,0.0465278674874271,0.0866861067965729,0.630196408969815,0.236589616746185
22134,0.344939733372037,0.12178571340761,0.171552566117755,0.361721987102598
22135,0.652105023680552,0.0785298037748068,0.0522110305397059,0.217154142004935
22136,0.300179304928923,0.114359759646354,0.0445141497590702,0.540946785665652
22137,0.263989615560042,0.0752073343750536,0.164319627091901,0.496483422973003
22138,0.24272788337684,0.190984392434824,0.151634852539454,0.414652871648882
22139,0.12802209877869,0.384846610508266,0.128884235223342,0.358247055489702
22140,0.0344510864591347,0.0579597658435974,0.470911180275431,0.436677967421837
22141,0.0383073782038066,0.249618453885087,0.169652321842061,0.542421846069045
22142,0.14433957690127,0.0520557129832197,0.614797236825516,0.188807473289994
22143,0.242380777090072,0.11375304735277,0.258884081947956,0.384982093609202
22144,0.0437384497144478,0.213286647599166,0.55498139603112,0.187993506655266
22145,0.066029209925201,0.136065505799215,0.338347715374574,0.45955756890101
22146,0.217254779590116,0.05484095756557,0.308953452521807,0.418950810322508
22147,0.396745097782682,0.0561804299273895,0.148474776067967,0.398599696221961
22148,0.242240123219494,0.0893209007180006,0.121603000807852,0.546835975254654
22149,0.0815146571510632,0.290676357527646,0.0402481484431635,0.587560836878127
22150,0.0653590848243373,0.0829508143223701,0.694493819855246,0.157196280998047
22151,0.160703698971757,0.0467375651974212,0.317403724270948,0.475155011559874
22152,0.133516602228392,0.087196213409093,0.0500934561766753,0.72919372818584
22153,0.0495550334453583,0.347887754440308,0.413073927164078,0.189483284950256
22154,0.0707770932176302,0.454951537588554,0.117656882194546,0.35661448699927
22155,0.0773691362926621,0.184508690699676,0.391258853934441,0.346863319073221
22156,0.054786374970763,0.480271446714977,0.0470209772520131,0.417921201062247
22157,0.0797055971578598,0.306803648275191,0.380308901970221,0.233181852596728
22158,0.0552364943851085,0.367346931476983,0.101790119654235,0.475626454483674
22159,0.0758938662974199,0.207571229564286,0.52123870018836,0.195296203949934
22160,0.157624454480592,0.25574025702283,0.0738768508574132,0.512758437639165
22161,0.0511866234773378,0.262663316547721,0.138023814768664,0.548126245206278
22162,0.0773404618899559,0.299180450284335,0.186351613598701,0.437127474227007
22163,0.437623507802453,0.0641692172796688,0.0513505312841109,0.446856743633768
22164,0.033517576004917,0.041149242792668,0.550856637563036,0.37447654363938
22165,0.0587461029833933,0.479275611687597,0.074469740165564,0.387508545163446
22166,0.434826663332979,0.392690588179893,0.0568480854445141,0.115634663042615
22167,0.358529597520828,0.226799219846725,0.189934015274048,0.224737167358398
22168,0.142118935052125,0.153102253469892,0.281440862460162,0.423337949017821
22169,0.303031693128069,0.0518016050242426,0.157559146799268,0.487607555048421
22170,0.0729930091948359,0.182997969046265,0.604066899358229,0.139942122400669
22171,0.076501690421266,0.274605574269634,0.345549854230507,0.303342881078593
22172,0.0634361724299478,0.14050799503544,0.0803554499122839,0.715700382622329
22173,0.111772507429123,0.580431044101715,0.0521217882633209,0.255674660205841
22174,0.602657414873786,0.109817292175543,0.0647989561856182,0.222726336765053
22175,0.065839533054257,0.425048925166261,0.156115508878167,0.352996032901315
22176,0.232120881920496,0.080603886273677,0.318077459249383,0.369197772556444
22177,0.0957849802470961,0.105613100277792,0.185121140549132,0.61348077892598
22178,0.211736556712738,0.40043669342344,0.138382969224707,0.249443780639115
22179,0.0450039212964913,0.391936753600129,0.0529310001387932,0.510128324964587
22180,0.241296859393245,0.0854745737126065,0.526090268240052,0.147138298654097
22181,0.128166576034076,0.554506322536853,0.0782004400417373,0.239126661387334
22182,0.331068048807026,0.0800482356562685,0.292656758208774,0.296226957327931
22183,0.199728481461424,0.505582351445494,0.0806698009621278,0.214019366130954
22184,0.358571038778322,0.0661719769018282,0.0828377790527543,0.492419205267096
22185,0.149154643183977,0.348054009927489,0.0485745838389872,0.454216763049547
22186,0.0513961750701925,0.560288118713615,0.0775801000539936,0.310735606162199
22187,0.10246432725287,0.224764320623343,0.103079387591472,0.569691964532315
22188,0.221492409706116,0.169287532567978,0.336997747421265,0.272222310304642
22189,0.15266154365253,0.0453471903797867,0.514655399739994,0.287335866227689
22190,0.0443713438185204,0.502708252499191,0.159655659201327,0.293264744480962
22191,0.283799301229391,0.124500063229355,0.449392097048167,0.142308538493087
22192,0.127863941671492,0.173204628032377,0.204383206302178,0.494548223993954
22193,0.0942450030780584,0.138557063617663,0.0932830138993712,0.673914919404908
22194,0.270819742310728,0.270508457066145,0.0370074309144849,0.421664369708642
22195,0.208402340301924,0.509334158360977,0.163921970812722,0.118341530524377
22196,0.288084003568634,0.0483710435968382,0.0806360775303402,0.582908875304187
22197,0.0994561769432903,0.439774662569374,0.0429226280279185,0.417846532459417
22198,0.0674759462656665,0.0732263864552912,0.0923913886932594,0.766906278585783
22199,0.619870493112065,0.0816128415109641,0.0756580840894294,0.222858581287542
22200,0.461104529392143,0.0757019249983849,0.105718996588848,0.357474549020624
22201,0.240692585706711,0.40488189458847,0.167274445295334,0.187151074409485
22202,0.558045448951592,0.207762271939823,0.044148739591795,0.19004353951679
22203,0.425182366288213,0.349443276381676,0.0521221972325182,0.173252160097593
22204,0.11193328309084,0.259692012296274,0.0404979100804854,0.5878767945324
22205,0.299309634432726,0.311218493181054,0.0987832747671766,0.290688597619043
22206,0.0523360195073489,0.143725755507606,0.494747260487587,0.309190964497458
22207,0.0759127913382944,0.0573840535202642,0.311589997693524,0.555113157447918
22208,0.174189399110802,0.504371451099961,0.0467543105509871,0.274684839238249
22209,0.110068461968985,0.114346659821669,0.058411664825591,0.717173213383755
22210,0.150471205995345,0.173697660157154,0.168241093509165,0.507590040338336
22211,0.0793988034129143,0.355901211500168,0.0379084125161171,0.526791572570801
22212,0.0405469167273262,0.307512106802405,0.334182175503538,0.317758800966731
22213,0.0682142873028559,0.219595453903248,0.183391817532785,0.528798441261111
22214,0.0406241667107896,0.152252699934807,0.426537443005435,0.380585690348969
22215,0.0537428158101219,0.0954186710607013,0.664057743997457,0.186780769131719
22216,0.527596521505791,0.113319439143253,0.0787534472624932,0.280330592088463
22217,0.0718487288333286,0.0753331568141752,0.543603011125371,0.309215103227125
22218,0.0731817072308145,0.339927659999801,0.0444447680480107,0.542445864721374
22219,0.394094222872045,0.0514136321632023,0.0901823104890837,0.464309834475669
22220,0.693846435569812,0.0511932172414609,0.0685484812504864,0.18641186593824
22221,0.0559167791598795,0.191180886262513,0.0946218378441173,0.65828049673349
22222,0.691817472753189,0.0829263490874521,0.0508730121086987,0.17438316605066
22223,0.165051452887738,0.393068504643358,0.054502052612511,0.387377989856393
22224,0.224183042887964,0.0876102541597989,0.137549954747035,0.550656748205202
22225,0.628158367121281,0.164723822298504,0.089834098151546,0.11728371242867
22226,0.0717273205518723,0.0537484735250473,0.654086470603943,0.220437735319138
22227,0.551006547346614,0.151630295043732,0.170932439402753,0.126430718206902
22228,0.0434931947492493,0.627179414605097,0.0705823336451141,0.258745057000539
22229,0.206021441474397,0.380961892150626,0.0650896350660202,0.347927031308956
22230,0.0901174396276474,0.0734393149614334,0.686005055904388,0.150438189506531
22231,0.608090153215972,0.125967187792552,0.136923892245831,0.129018766745645
22232,0.32582549110345,0.253461337738594,0.0513186803431465,0.36939449081481
22233,0.0972087964831472,0.0755645472472229,0.254692222853121,0.572534433416509
22234,0.194724303562577,0.469365023533031,0.0681066800936061,0.267803992810786
22235,0.197049662470818,0.0744291692972183,0.138334333896637,0.590186834335327
22236,0.670647377739494,0.103649071576826,0.0663616950335972,0.159341855650083
22237,0.313395564457708,0.0661389837583748,0.248772282135074,0.371693169648844
22238,0.044816939687224,0.212351077426938,0.434066819129383,0.308765163756455
22239,0.134848404969227,0.494543984369754,0.169909795221978,0.20069781543904
22240,0.151935204863548,0.193413347005844,0.232577249407768,0.422074198722839
22241,0.34742237949339,0.122654273052364,0.100748991260252,0.429174356193993
22242,0.497130177786805,0.13766174633779,0.0572481777033885,0.307959898172016
22243,0.055032527501778,0.635720653645528,0.0419595714892559,0.267287247363438
22244,0.229833609754849,0.452110393408251,0.148205821162636,0.169850175674265
22245,0.506436538095099,0.0937691873409417,0.0656799837726351,0.334114290791324
22246,0.163844312314859,0.465512023403882,0.0788902616831582,0.291753402598101
22247,0.0723295376970516,0.0772271099066833,0.584828449446599,0.265614902949666
22248,0.59640650608227,0.111480121802983,0.186874698395848,0.105238673718899
22249,0.065844216924404,0.153088543260587,0.206087623672656,0.574979616142354
22250,0.441161231960021,0.0786939835937624,0.198695772925145,0.281449011521071
22251,0.129263824042551,0.150344140097982,0.475382408889342,0.245009626970125
22252,0.13731637290158,0.0831085201403084,0.560943948605419,0.218631158352692
22253,0.1722988558278,0.498250581402306,0.0760935808974394,0.253356981872455
22254,0.162626442870104,0.239221017968341,0.270262296940948,0.327890242220607
22255,0.0815301841611429,0.0511245656842334,0.501728896064527,0.365616354090097
22256,0.282740805785966,0.0608099559070163,0.281031702176209,0.375417536130809
22257,0.570984819122224,0.0886994641758701,0.209887109328542,0.130428607373364
22258,0.0801998445376765,0.545405860651986,0.17796218262641,0.196432112183928
22259,0.274805992841721,0.0962516516447067,0.172818526625633,0.45612382888794
22260,0.0494935132638587,0.0665096854193556,0.551930002094358,0.332066799222428
22261,0.347355763535373,0.108277413495702,0.255862839694704,0.288503983274221
22262,0.435777962207794,0.240040451288223,0.144690364599228,0.179491221904755
22263,0.13322064727167,0.456854924975687,0.0392216121889446,0.370702815563699
22264,0.411301851272583,0.231944650411606,0.149640932679176,0.207112565636635
22265,0.238697949628501,0.229948211162511,0.405531293236186,0.125822545972802
22266,0.125058995560691,0.0759593259686131,0.42714271585856,0.371838962612137
22267,0.0685657935908653,0.0611836502745139,0.606573762769154,0.263676793365467
22268,0.334809641087343,0.183378493290499,0.165081923159418,0.316729942462741
22269,0.252203434705734,0.618583679199219,0.0650633946061134,0.0641494914889336
22270,0.0948822267734838,0.241866795406738,0.368800547951456,0.294450429868322
22271,0.149614632129669,0.320720285177231,0.381646245718002,0.148018836975098
22272,0.206276935713109,0.451226261331216,0.130452119138963,0.212044683816712
22273,0.253967855184791,0.246959928377866,0.264407310849537,0.234664905587806
22274,0.138173917749006,0.565841415306873,0.0703396696470801,0.225644997297041
22275,0.140454032448175,0.512490541487368,0.173753003701747,0.17330242236271
22276,0.0669043421692176,0.101498407837039,0.541059183901716,0.290538066092028
22277,0.314489327792317,0.182298298575767,0.423087736448175,0.0801246371837414
22278,0.112113840042697,0.362129476948608,0.317526159304931,0.208230523703765
22279,0.348422164493469,0.245769079837664,0.168626961579517,0.23718179408935
22280,0.204531498422157,0.0843846456849816,0.3603583708539,0.350725485038962
22281,0.664832726079957,0.0951183534067501,0.16051410497384,0.0795348155394528
22282,0.0811958816380229,0.342237971524046,0.509705234102043,0.0668609127358888
22283,0.137095004320145,0.379329651594162,0.155791133642197,0.327784210443497
22284,0.35705027250238,0.178970114730076,0.374836358240518,0.0891432545270268
22285,0.117641258765497,0.337296823778654,0.236130080703797,0.308931836752052
22286,0.126272361687649,0.0627701412805873,0.579624277960531,0.231333219071233
22287,0.344551664502459,0.283972963781575,0.10201902900537,0.269456342710596
22288,0.330313593149185,0.242839023470879,0.12645061314106,0.300396770238876
22289,0.138043209910393,0.367155075073242,0.288758277893066,0.206043437123299
22290,0.512767684000008,0.0873236005155057,0.29931784345175,0.100590872032736
22291,0.625216066837311,0.0939452573657036,0.099884994328022,0.180953681468964
22292,0.21200936716781,0.188671809603694,0.299711968008996,0.2996068552195
22293,0.203786901988577,0.39833094185848,0.0941344241002789,0.303747732052664
22294,0.276401376941831,0.166847635064594,0.079748207623099,0.477002780370476
22295,0.0739363558907403,0.30009873807136,0.451637433420496,0.174327472617404
22296,0.268493419926466,0.0770671459376919,0.168471459339666,0.485967974796175
22297,0.190971585973674,0.188273119751709,0.336867844117699,0.283887450156919
22298,0.10362615204693,0.15568442294707,0.539925742002001,0.200763683003999
22299,0.0578914087068174,0.674703866602653,0.0594441395749512,0.207960585115578
22300,0.625198561704116,0.191392472129836,0.0858100827279712,0.0975988834380771
22301,0.0825166000248209,0.23183312731111,0.594081194390121,0.0915690782739486
22302,0.119487539495437,0.46517580886619,0.157861288046476,0.257475363591897
22303,0.452827195513856,0.110439921403824,0.13379796148385,0.30293492159847
22304,0.234413529980788,0.3907687540696,0.0522848987110659,0.322532817238546
22305,0.192567273974419,0.254526436328888,0.344505846500397,0.208400443196297
22306,0.208857170907513,0.188359462158402,0.49574918688278,0.107034180051305
22307,0.0826622048813762,0.27639208067632,0.0618541482643529,0.579091566177951
22308,0.140452165617113,0.269181408559722,0.177984049260141,0.412382376563024
22309,0.430506250249525,0.0953545914575819,0.0407092106685778,0.433429947624316
22310,0.265974635892089,0.062069925254771,0.171460908437876,0.500494530415264
22311,0.154955849051476,0.293642610311508,0.173166111111641,0.378235429525375
22312,0.611695390591163,0.109015215664649,0.065399667161713,0.213889726582476
22313,0.431990725755415,0.217984951078443,0.0617476124092225,0.288276710756919
22314,0.335360725660302,0.24608529370769,0.172891611668718,0.24566236896329
22315,0.129910047951041,0.305597594213557,0.183926606657308,0.380565751178093
22316,0.0488572873004867,0.376376008635402,0.165554734551232,0.409211969512879
22317,0.080889405628057,0.446079264121039,0.106044779107976,0.366986551142928
22318,0.147128423020824,0.0505027750675566,0.553326744511503,0.249042057400117
22319,0.324982345104218,0.26123583316803,0.0629080235958099,0.350873798131943
22320,0.137968297661296,0.392971503944054,0.279785535341932,0.189274663052718
22321,0.188006839692287,0.173981256456021,0.173011056795222,0.46500084705647
22322,0.0541857617902958,0.101154839221652,0.543684887654672,0.30097451133338
22323,0.0451701568016363,0.344339241256141,0.1404634374242,0.470027164518024
22324,0.0642670282284634,0.397429281319933,0.321389783703672,0.216913906747932
22325,0.206240730034118,0.220266120286778,0.0728789200848261,0.500614229594277
22326,0.494125038035216,0.0934547688636046,0.171634773709463,0.240785419391717
22327,0.313901589189399,0.19573546071043,0.412642132670784,0.0777208174293868
22328,0.350779796380106,0.152295259352099,0.224225949880094,0.272698994387701
22329,0.284311413764954,0.182441458106041,0.20362500846386,0.329622119665146
22330,0.166260319481766,0.152768138589849,0.394131690700971,0.286839851227414
22331,0.283506085904111,0.229127697415094,0.0566476899764344,0.430718526704361
22332,0.195043075010822,0.132775353383651,0.219728517826326,0.452453053779201
22333,0.522786513650015,0.0797902443942501,0.318197736686401,0.0792255052693339
22334,0.206756171483455,0.147483957596362,0.367064261927243,0.27869560899294
22335,0.328009456396103,0.449046015739441,0.0860365182161331,0.136908009648323
22336,0.559031200983328,0.133541169767257,0.186505560275292,0.120922068974124
22337,0.135583091842624,0.304015526295171,0.4421159458791,0.118285435983105
22338,0.0874676147461361,0.201708743052575,0.214996600821462,0.495827041379826
22339,0.147508626225757,0.0873637662360527,0.660482123908854,0.104645483629336
22340,0.0602810089311079,0.513333384046952,0.0770481458086382,0.349337461213302
22341,0.217917563154679,0.123215251588935,0.269431086401873,0.389436098854513
22342,0.278072131189948,0.125471090918977,0.481136671355516,0.115320106535559
22343,0.159290192137805,0.669029166265888,0.0919755683544938,0.0797050732418139
22344,0.148508745771097,0.331244535697502,0.450348208479916,0.0698985100514854
22345,0.670446629297386,0.105224027445733,0.119504301849721,0.10482504140716
22346,0.498018961473593,0.122221457875466,0.073553395511456,0.306206185139485
22347,0.141956727446415,0.296566268904022,0.445878552023216,0.115598451626347
22348,0.0751900706525179,0.272005659580484,0.573734011071951,0.0790702586950477
22349,0.1831476078693,0.294535515498105,0.415081080681972,0.107235795950623
22350,0.211162224411964,0.378907859325409,0.332356333732605,0.0775735825300217
22351,0.194406543963806,0.276680663699175,0.451376563611359,0.0775362287256598
22352,0.593541366054375,0.110004146098967,0.205866077367482,0.0905884104791757
22353,0.163836767444803,0.141957542779592,0.3763191475678,0.317886542207805
22354,0.260854490424826,0.33399120968554,0.233866922076551,0.171287377813082
22355,0.139092424254458,0.289587276149365,0.315078572254841,0.256241727341336
22356,0.160473214990992,0.11599648171658,0.425328857084049,0.298201446208379
22357,0.151455772646431,0.552866093026607,0.149856103213786,0.145822031113177
22358,0.667254800593445,0.096516653176273,0.157172157189457,0.0790563890408249
22359,0.157833069562912,0.263838678598404,0.506795167922974,0.0715330839157105
22360,0.203521750240385,0.526495355138399,0.0550332944665091,0.214949600154707
22361,0.27184673738708,0.25472133972166,0.129654003237873,0.343777919653387
22362,0.120683176507306,0.268265332754473,0.345319891790749,0.265731598947471
22363,0.0752024821997429,0.136584211486107,0.457430048508348,0.330783257805802
22364,0.240235362056425,0.280951235904563,0.149135785537001,0.329677616502011
22365,0.237354710698128,0.235759034752846,0.2369364798069,0.289949774742126
22366,0.194375084298663,0.517963592096892,0.204904259777846,0.0827570638265987
22367,0.474872135000346,0.105823008629337,0.210634228428688,0.208670627941629
22368,0.224136735087785,0.428686369747804,0.147644198580572,0.199532696583839
22369,0.133772444715222,0.63231341617599,0.154894110078496,0.0790200290302926
22370,0.137183142644418,0.386623019179359,0.183769610766029,0.292424227410194
22371,0.437909328372638,0.0861833231719833,0.184193250772458,0.291714097682922
22372,0.356220486433957,0.440221670569641,0.106143996910334,0.0974138460860688
22373,0.227537825703621,0.0879098922014237,0.29954269528389,0.385009586811066
22374,0.245354175567627,0.567484319210053,0.100854352116585,0.0863071531057358
22375,0.145675814703516,0.516525649273052,0.165606819045849,0.172191716977584
22376,0.246628107678914,0.120238990771227,0.218204904143256,0.414927997406602
22377,0.416449993848801,0.27592733502388,0.0929796993732452,0.214642971754074
22378,0.146487184770978,0.159043945712867,0.622488888092836,0.0719799814233192
22379,0.499455016126669,0.259756674626594,0.103468511124383,0.137319798122354
22380,0.115036290699105,0.227876686598237,0.214322425958605,0.442764596744053
22381,0.138462311717134,0.347954133274905,0.213648440620396,0.299935114387565
22382,0.0725873767006239,0.496226925487215,0.160472851385038,0.270712846427124
22383,0.204476024443896,0.0970798110929033,0.305941150647313,0.392503013815888
22384,0.142950598685461,0.663060625286717,0.0963787912243244,0.0976099848034973
22385,0.315486639738083,0.244847983121872,0.337194532155991,0.102470844984055
22386,0.255821200131038,0.376761886304333,0.280697735255195,0.0867191783094345
22387,0.265524323798354,0.133097527428008,0.23035730078284,0.371020847990798
22388,0.515869998151213,0.166937164974384,0.190380850004294,0.126811986870109
22389,0.191565898186477,0.253225382369378,0.370313758100364,0.184894961343781
22390,0.243140727690415,0.145585617686175,0.225934179071535,0.385339475551875
22391,0.280123127691559,0.217228667901238,0.167869230039762,0.334778974367441
22392,0.244414128529604,0.330725958027662,0.201442891316328,0.223417022126406
22393,0.133184998235218,0.159238232975913,0.615842993439414,0.0917337753494548
22394,0.154563230953168,0.332427407317945,0.171893236459892,0.341116125268994
22395,0.426534222765737,0.208729082085816,0.252203188770914,0.112533506377533
22396,0.0919956653117488,0.112402567452231,0.336980616107294,0.458621151128727
22397,0.388588887113002,0.287163892005798,0.174883907284853,0.149363313596347
22398,0.377615786932958,0.158954908910101,0.289016348778227,0.174412955378714
22399,0.0898997025206729,0.235019859149756,0.602129808036539,0.0729506302930321
22400,0.089870397378862,0.118993069269021,0.710196110971417,0.0809404223806999
22401,0.646661510368265,0.0944640994896874,0.141155762357179,0.117718627784869
22402,0.136228574272564,0.344211841460886,0.304343487257607,0.215216097008942
22403,0.175274799010909,0.325586011243283,0.20148248370044,0.297656706045368
22404,0.390123927740396,0.0870962502495013,0.44961344525794,0.0731663767521623
22405,0.114894704742651,0.384967988505483,0.155263098407732,0.344874208344135
22406,0.135852913980099,0.480985567540361,0.161874304357937,0.221287214121604
22407,0.276332259178162,0.156848803162575,0.193498507142067,0.373320430517197
22408,0.0670882617465277,0.116099641592053,0.740413552078706,0.0763985445827137
22409,0.365858917919679,0.282691840569553,0.266004983574226,0.0854442579365411
22410,0.317093347267707,0.336870258105848,0.265893731503095,0.0801426631233493
22411,0.253313066462525,0.404367598923799,0.245139198341513,0.0971801362721632
22412,0.309109795499228,0.22278364662887,0.388337389069148,0.0797691688027543
22413,0.0991831027153931,0.118108672243908,0.19141460527298,0.591293619767719
22414,0.179758959272543,0.679265414205737,0.0612434722019929,0.0797321543197276
22415,0.0906371806054257,0.218411453754136,0.611297034148016,0.0796543314924215
22416,0.109422080218792,0.162786826491356,0.643275499343872,0.0845155939459801
22417,0.330590764599763,0.1705582788753,0.243019468874319,0.255831487650618
22418,0.0623996672272856,0.482170944100644,0.377465764863339,0.0779636238087314
22419,0.169930388627362,0.252454407586289,0.179639866341349,0.397975337445001
22420,0.12735822227486,0.460822382830573,0.184061116692672,0.227758278201895
22421,0.205436839122796,0.0839750984014936,0.612486059870675,0.0981020026050359
22422,0.0575823888411874,0.265476359861601,0.209421675398586,0.467519575898625
22423,0.0752663990502536,0.190923334590519,0.64793885236933,0.0858714139898972
22424,0.492911379625903,0.211773713196227,0.0809404346557059,0.214374472522165
22425,0.129371210932732,0.296507924795151,0.135058626532555,0.439062237739563
22426,0.317689343587578,0.229845489405639,0.18628905056219,0.266176116444593
22427,0.388639682700639,0.293124999208376,0.0821991103559865,0.236036207734999
22428,0.0468920284766407,0.220037923082851,0.355483801497086,0.377586246943423
22429,0.66526420411313,0.147227782321597,0.0695067734161043,0.118001240149168
22430,0.123485667563334,0.079624052924993,0.572221066305983,0.22466921320569
22431,0.27039510213133,0.106505059499331,0.282808574160997,0.340291264208341
22432,0.257037129148288,0.477093749089632,0.12422527187727,0.14164384988481
22433,0.0938930727996448,0.0942715250382459,0.196710644686888,0.615124757475221
22434,0.355541606082272,0.143598239314609,0.164150963301928,0.336709191301191
22435,0.0424209375722555,0.245411068841771,0.465903967322288,0.246264026263686
22436,0.0710272986059152,0.439102305505339,0.211680240494004,0.278190155394742
22437,0.19429612159729,0.158759593963623,0.170877933502197,0.47606635093689
22438,0.166758811725632,0.217992284074138,0.0758499158862947,0.539398988313935
22439,0.0729520251821877,0.244586737786135,0.470028910562611,0.212432326469066
22440,0.161461596532512,0.423195881342765,0.173609440732284,0.24173308139244
22441,0.357401094792759,0.17881826656718,0.375322482541446,0.0884581560986156
22442,0.123846367924261,0.270808847776121,0.520921532220554,0.084423252079064
22443,0.113863776004444,0.708935229080831,0.101404677268654,0.075796317646072
22444,0.351545493350789,0.305446931882111,0.242120735112451,0.100886839654649
22445,0.150926013318479,0.452554448025061,0.270006634891231,0.126512903765229
22446,0.103120890166733,0.442098544773503,0.392958390922594,0.0618221741371699
22447,0.291381324956099,0.453352802196848,0.173467022575929,0.0817988502711229
22448,0.176921532876205,0.536452893439329,0.204367564651128,0.0822580090333373
22449,0.229142245680062,0.485818262403666,0.186411837524793,0.0986276543914793
22450,0.130024606137368,0.231084857981584,0.325982496470995,0.312908039410053
22451,0.0946031837047095,0.581357734839849,0.204189917570052,0.11984916388539
22452,0.140832424163818,0.60317462682724,0.180066242814064,0.0759267061948776
22453,0.243093076990442,0.203060704515289,0.230189833494869,0.3236563849994
22454,0.218547190064811,0.54641749917347,0.161033607767535,0.0740017029941843
22455,0.484066147713375,0.240356231323863,0.180306072973324,0.0952715479894381
22456,0.391011735997832,0.116904293367916,0.238525489601668,0.253558481032584
22457,0.241449296474457,0.376466333866119,0.281032353639603,0.101052016019821
22458,0.137767268154513,0.407502794153947,0.277645643388545,0.177084294302996
22459,0.177870919640986,0.370863210286594,0.382254164882128,0.0690117051902922
22460,0.145109170148857,0.173330031037478,0.610841843001164,0.0707189558125009
22461,0.37543286011913,0.275058218093461,0.230988583892244,0.118520337895165
22462,0.494091536893759,0.196389241543492,0.190023107901043,0.119496113661706
22463,0.145462834292822,0.411711257172618,0.160648860306344,0.282177048228217
22464,0.223462440864371,0.404542910917315,0.21217344068964,0.159821207528674
22465,0.32050408843184,0.44850954106507,0.158674249570027,0.0723121209330631
22466,0.280654128184108,0.276237751897607,0.150386852765279,0.292721267153006
22467,0.174082119183588,0.576070917607939,0.173358041942672,0.0764889212658015
22468,0.202152818441391,0.41550025343895,0.187675520777702,0.194671407341957
22469,0.426950887849588,0.203884847606899,0.264814774126365,0.104349490417149
22470,0.164937749505043,0.602512121200562,0.125772088766098,0.106778040528297
22471,0.445503801036371,0.286314289444472,0.18337402008201,0.0848078894371465
22472,0.140562956801167,0.452090965661815,0.304403018370383,0.102943059166635
22473,0.575953185558319,0.17241644859314,0.174813136458397,0.0768172293901444
22474,0.545197347357968,0.109249930484223,0.265159120218489,0.0803936019393205
22475,0.279750208547347,0.521749039059469,0.126240705186155,0.0722600472070294
22476,0.213044888169911,0.23607879090544,0.306905487385556,0.243970833539094
22477,0.141375070271078,0.251063240620724,0.494561490036149,0.11300019907205
22478,0.0696263048275528,0.0559674393554068,0.550060954686346,0.324345301130694
22479,0.238282337784767,0.0602499544620514,0.111692443490028,0.589775264263153
22480,0.0443103964902996,0.157909206066285,0.43365653146141,0.364123865982005
22481,0.132764118402528,0.318560069772602,0.0479214461133153,0.500754365711554
22482,0.220650257324057,0.184609891359582,0.0571077991806552,0.537632052135706
22483,0.110121584608245,0.262138901187935,0.0659583504054073,0.561781163798413
22484,0.275373681840418,0.336653011713707,0.0433455206708509,0.344627785775024
22485,0.0473871273627929,0.263601514662819,0.182281034241777,0.506730323732611
22486,0.0459189989167116,0.205100334606703,0.436858489855105,0.31212217662148
22487,0.0614365243541288,0.041734174982232,0.396858493901824,0.499970806761815
22488,0.0740765981651366,0.0966479973003865,0.509107693758378,0.320167710776099
22489,0.299064124020485,0.0475113867314274,0.310638451750605,0.342786037497483
22490,0.0706259379489277,0.554579134623862,0.0605094726345727,0.314285454792638
22491,0.0478865878577776,0.573066653955976,0.0535087177660641,0.325538040420182
22492,0.0449375559187043,0.22168347817579,0.45866016749524,0.274718798410265
22493,0.154870942234993,0.305603981018066,0.353243410587311,0.18628166615963
22494,0.15835508468218,0.101261629145419,0.423406445631289,0.316976840541112
22495,0.0727772505457085,0.255746847147052,0.335623063198248,0.335852839108993
22496,0.329656035936088,0.0593059623960628,0.206216902308974,0.404821099358876
22497,0.157179610112158,0.428355011555217,0.336677941208168,0.0777874371244567
22498,0.0929551464150166,0.182190456190279,0.238626595078108,0.486227802316597
22499,0.449432187535879,0.138882292227711,0.135689524774409,0.275995995462
22500,0.661009629398871,0.12672388931286,0.0656988342314611,0.146567647056808
22501,0.359532868259145,0.168845790160385,0.178974720522385,0.292646621058086
22502,0.268044386327928,0.179142030762762,0.242779035013602,0.310034547895708
22503,0.222352678574189,0.233734870693053,0.0919721031493224,0.451940347583435
22504,0.156458984122903,0.411525445833044,0.125400643783789,0.306614926260265
22505,0.249334432204532,0.131683554301156,0.188122877832565,0.430859135661747
22506,0.176838178823103,0.330479095549637,0.315293621105336,0.177389104521924
22507,0.0423936432510851,0.506873844165825,0.140637173724781,0.310095338858309
22508,0.141404849110435,0.674101874066102,0.0638815671828039,0.120611709640658
22509,0.619216359807036,0.0743012472570686,0.118171624432303,0.188310768503593
22510,0.0903661217404112,0.742952140310699,0.0812810256599998,0.0854007122888896
22511,0.232553876416501,0.111984323322306,0.558469073726805,0.0969927265343883
22512,0.144283505443983,0.169727193858135,0.367943918227314,0.318045382470569
22513,0.17935775487658,0.0752990257039521,0.33808076885463,0.407262450564838
22514,0.182573922689583,0.554023052186804,0.124427711565541,0.138975313558071
22515,0.0672443901671287,0.0707154816602314,0.534843639577736,0.327196488594904
22516,0.0778753653960166,0.518901090364863,0.16975560151951,0.233467942719611
22517,0.217039220669837,0.104543220421047,0.391701325465043,0.286716233444074
22518,0.136641293764114,0.221962511539459,0.308630704879761,0.332765489816666
22519,0.185689908479304,0.400955104813649,0.0683944513142936,0.344960535392753
22520,0.370437361571946,0.316041569945719,0.173664574404682,0.139856494077653
22521,0.0786244055526287,0.355114790462813,0.397997739896161,0.168263064088397
22522,0.0380740632602456,0.0989308036306174,0.6302025646822,0.232792568426937
22523,0.0500365771336894,0.682468443402569,0.179513297400774,0.0879816820629679
22524,0.107920606788424,0.0755623910827514,0.318667336642772,0.497849665486053
22525,0.244141925388191,0.10527842766292,0.576896880109748,0.0736827668391421
22526,0.4637670814991,0.336497664451599,0.0679524093866348,0.131782844662666
22527,0.141701894129841,0.361482089183958,0.182893427951536,0.313922588734665
22528,0.133352431655357,0.0802814456883396,0.575013292767405,0.211352829888899
22529,0.206725895404816,0.361396163702011,0.20189143717289,0.229986503720284
22530,0.243265503766593,0.0644395747944554,0.176581150911046,0.515713770527906
22531,0.120717775848425,0.087359617924676,0.675124312755626,0.116798293471273
22532,0.334794163703918,0.226594626903534,0.0745554268360138,0.364055782556534
22533,0.0897157462538051,0.473426724329494,0.0906481343100737,0.346209395106627
22534,0.184010030030457,0.363300147406746,0.14489408247962,0.307795740083177
22535,0.138882722291865,0.265668771694041,0.413647341321488,0.181801164692606
22536,0.13330240547657,0.456329077482224,0.133815541863441,0.276552975177765
22537,0.139826585049229,0.349591682839146,0.421558601306635,0.0890231308049897
22538,0.0877034000136212,0.410508814532375,0.16880861050493,0.332979174949074
22539,0.146823774372823,0.262304834654783,0.505250379286695,0.0856210116856989
22540,0.196680638144622,0.273588661455939,0.150386231398377,0.379344469001062
22541,0.148054653290192,0.30995695650321,0.240874111108429,0.30111427909817
22542,0.151863068342209,0.374066591262817,0.203300446271896,0.270769894123077
22543,0.503249630235147,0.1132682081083,0.128405403244334,0.255076758412219
22544,0.111557408336122,0.0650572399418262,0.606867904909939,0.216517446812112
22545,0.13360852895937,0.469761946659001,0.163520045719145,0.233109478662484
22546,0.454467961737456,0.371433658684776,0.103501985810608,0.0705963937671605
22547,0.383130720634817,0.267371767743563,0.253475511368911,0.0960220002527088
22548,0.185594749665339,0.297264571528665,0.287503715045695,0.229636963760302
22549,0.40595599404043,0.0755711782638553,0.189187002343133,0.329285825352582
22550,0.136471148238446,0.286026618301075,0.492653116802778,0.0848491166577006
22551,0.127954957962707,0.306382860148208,0.354751104790701,0.210911077098383
22552,0.101498600151338,0.197935826999539,0.184374428703428,0.516191144145695
22553,0.193903467331672,0.515011645182447,0.141819381334511,0.14926550615137
22554,0.410819834631977,0.143383147468912,0.236467946119129,0.209329071779982
22555,0.150285757345815,0.475232383991736,0.224878947058869,0.149602911603581
22556,0.362781467756491,0.384229901315495,0.175117523782831,0.0778711071451836
22557,0.0867988914251328,0.497505903244019,0.161972299218178,0.253722906112671
22558,0.17519532013539,0.197154267153485,0.554751749673845,0.0728986630372803
22559,0.174730658531189,0.279661983251572,0.166997075080872,0.378610283136368
22560,0.221433871345703,0.254810981309087,0.374260384611476,0.149494762733735
22561,0.132490547485509,0.326024686187874,0.469430632433752,0.072054133892866
22562,0.176558626047393,0.519217602622247,0.23415663489466,0.0700671364357004
22563,0.428382860768352,0.180007139444138,0.291930607201737,0.0996793925857725
22564,0.496374607086182,0.110447391867638,0.272416472434998,0.120761528611183
22565,0.142465006039589,0.212256469957338,0.436747508145943,0.20853101585713
22566,0.189102473692633,0.493016071513535,0.247695837135551,0.0701856176582816
22567,0.29230158214413,0.10657594621587,0.318207577547092,0.282914894092907
22568,0.261919532148831,0.235876399813241,0.199076923714234,0.303127144323694
22569,0.26412895321846,0.275876373052597,0.384235233068466,0.0757594406604767
22570,0.330837075871782,0.246594313481365,0.210726383488273,0.21184222715858
22571,0.244708968365871,0.457210179737134,0.175858958245375,0.12222189365162
22572,0.195183062338072,0.207928339001313,0.302344574139025,0.29454402452159
22573,0.275456488132477,0.281515419483185,0.292989850044251,0.150038242340088
22574,0.250739408695518,0.0834159671061618,0.23586006202564,0.429984562172681
22575,0.135348297038776,0.406810825657199,0.277860058673617,0.179980818630408
22576,0.321476007677972,0.353696430419439,0.185740944955633,0.139086616946956
22577,0.375554491794716,0.355660099458849,0.191374595013426,0.0774108137330092
22578,0.138458088040352,0.434033185243607,0.356240332126617,0.0712683945894241
22579,0.132026838243408,0.249638263130758,0.259851519165211,0.358483379460624
22580,0.472286019267783,0.276460292014929,0.177879707350431,0.0733739813668577
22581,0.144818799865526,0.244326654737095,0.365905647961879,0.2449488974355
22582,0.37521045376713,0.259922428574093,0.292796299230859,0.0720708184279183
22583,0.284599444729106,0.265622339677145,0.346553881569091,0.103224334024658
22584,0.147740098055305,0.361995046764538,0.3458323828255,0.144432472354658
22585,0.184240434513066,0.470785291744155,0.248827457497868,0.0961468162449112
22586,0.129723384009873,0.6265560341883,0.155937461883296,0.0877831199185318
22587,0.336829836117777,0.146545869908543,0.147195664835041,0.369428629138639
22588,0.274696665643305,0.167177535570672,0.372405840199925,0.185719958586099
22589,0.300869492434938,0.479499992135912,0.149762256817801,0.0698682586113493
22590,0.150134039668232,0.130530504427396,0.408725970853478,0.310609485050895
22591,0.335905725948939,0.119789475186875,0.464353566196082,0.0799512326681042
22592,0.233246490359306,0.472135812044144,0.193034261465073,0.101583436131477
22593,0.309001574188518,0.394181680505922,0.139245827175552,0.157570918130008
22594,0.138413234513899,0.0889915891811878,0.552472527679261,0.220122648625652
22595,0.139862513834052,0.173591338407606,0.267528963127537,0.419017184630805
22596,0.281390664865146,0.45713016050212,0.162339328510021,0.099139846122713
22597,0.11436723662092,0.208402733316956,0.577789949377106,0.0994400806850177
22598,0.156036336899887,0.442382259439893,0.122221488422796,0.279359915237424
22599,0.189978724419437,0.208087867739435,0.116473559036063,0.485459848805065
22600,0.13860821104311,0.232783858502633,0.188565841828324,0.440042088625934
22601,0.39869953696804,0.0730651366313869,0.150234663850268,0.378000662550305
22602,0.641909561043408,0.14841038594184,0.119834550032941,0.0898455029818116
22603,0.330393212646499,0.102401170790152,0.255499055404251,0.311706561159098
22604,0.107703899191494,0.366360799954569,0.326306864305147,0.199628436548789
22605,0.569189169660614,0.105322774301366,0.121332663248008,0.204155392790012
22606,0.18552213216118,0.106999624259784,0.576160767072411,0.131317476506625
22607,0.140391021966934,0.126229763031006,0.434248715639114,0.299130499362946
22608,0.164867480542287,0.524215833074326,0.19061239631809,0.120304290065297
22609,0.290332285386828,0.319658038618728,0.0814043053880013,0.308605370606442
22610,0.050839587288505,0.667556395120078,0.181612220680532,0.099991796910885
22611,0.1270694304566,0.211410555413523,0.371617054516331,0.289902959613546
22612,0.125877086099299,0.13471633597363,0.415781927579103,0.323624650347967
22613,0.555491665173633,0.224917671646265,0.102798100456666,0.116792562723437
22614,0.379247559044619,0.288211183776952,0.18856688490956,0.143974372268869
22615,0.12758026541843,0.476141077423801,0.331192332089233,0.0650863250685362
22616,0.585379869473421,0.108056506189671,0.241780859920874,0.0647827644160342
22617,0.14333981382355,0.148725495850485,0.582972530893777,0.124962159432189
22618,0.49059339205151,0.103986840843664,0.180852941455429,0.224566825649397
22619,0.131740583006433,0.424221986171276,0.171690282647456,0.272347148174835
22620,0.116724767660534,0.705670719636014,0.108689927374497,0.0689145853289558
22621,0.0800203800193824,0.0985999890193347,0.650738870697511,0.170640760263772
22622,0.224409971004873,0.15097119139092,0.270730767707985,0.353888069896222
22623,0.131251778267271,0.607200783276535,0.131397303003153,0.130150135453041
22624,0.212124979857355,0.367581587063718,0.140863810207361,0.279429622871566
22625,0.278428345918655,0.216355487704277,0.165136113762856,0.340080052614212
22626,0.315318247219376,0.178667569796217,0.163634682785431,0.342379500198975
22627,0.252460610231486,0.135778582205411,0.420565385545733,0.19119542201737
22628,0.102287608453262,0.402655166466688,0.419658315767596,0.0753989093124542
22629,0.16077348350326,0.316402669006546,0.248770635593375,0.274053211896819
22630,0.302202884885712,0.452757037472085,0.174129369469425,0.0709107081727789
22631,0.365711120026476,0.375276115720897,0.10139680578264,0.157615958469987
22632,0.173014869481768,0.46354578326779,0.159473662360718,0.203965684889724
22633,0.184754721011755,0.222294037537543,0.283285426350589,0.309665815100112
22634,0.0539286033995433,0.465147083580274,0.269488260996209,0.211436052023974
22635,0.0978137351083845,0.623640610806062,0.103006275810442,0.175539378275112
22636,0.0673071886054636,0.629946584776442,0.186788334050861,0.115957892567233
22637,0.56407018196792,0.128638807792628,0.144724000833154,0.162567009406299
22638,0.168813327884277,0.324100991365284,0.19726330944111,0.309822371309329
22639,0.105805506427463,0.314865462894765,0.155573573211426,0.423755457466346
22640,0.0931855060667879,0.197876451925364,0.549846823887178,0.15909121812067
22641,0.11967713296654,0.608972783319855,0.184873922281907,0.0864761614316988
22642,0.14438009262085,0.304106205701828,0.184010773897171,0.367502927780151
22643,0.18932619329251,0.184550162228952,0.438344951769409,0.18777869270913
22644,0.065323660234322,0.248341254840531,0.613348323504577,0.0729867614205707
22645,0.227577517669388,0.100303460671162,0.232958625240265,0.439160396419185
22646,0.26557732024159,0.327003990516126,0.194618451515115,0.212800237727169
22647,0.546231126208702,0.266108411575478,0.0975521386763988,0.0901083235394214
22648,0.578595595913994,0.206186941450445,0.108025874436673,0.107191588198888
22649,0.145814376262045,0.294284854744149,0.31966528772809,0.240235481265716
22650,0.192022705315867,0.315908750417568,0.139610733401455,0.35245781086511
22651,0.160309240221977,0.155112132430077,0.460427969694138,0.224150657653809
22652,0.0897120725470754,0.170058735830384,0.292977948003339,0.447251243619202
22653,0.0758170520460653,0.242175208812755,0.579989820272261,0.102017918868918
22654,0.098951925290462,0.21173183076375,0.21303946732161,0.476276776624178
22655,0.169141761847954,0.495890803818816,0.134676241814662,0.200291192518568
22656,0.198251308487738,0.184699849670379,0.514632824917382,0.102416016924501
22657,0.317164927721024,0.258748024702072,0.157821983098984,0.266265064477921
22658,0.220915077383225,0.085144822904159,0.201365557394359,0.492574542318257
22659,0.172013243198789,0.236102006915272,0.483185484504267,0.108699265381672
22660,0.530479971546531,0.238989235751251,0.117780380828532,0.112750411873686
22661,0.390738874673843,0.190385147929192,0.288448721170425,0.13042725622654
22662,0.167594221717205,0.229236658971956,0.506463758551124,0.0967053607597148
22663,0.22709244014736,0.548282707405807,0.14291622383518,0.0817086286116524
22664,0.157091528177261,0.495665371417999,0.120134279131889,0.22710882127285
22665,0.30046542583509,0.36632512908205,0.236907236668252,0.096302208414608
22666,0.384499620929349,0.245542846487249,0.127451840861197,0.242505691722205
22667,0.0845314059674309,0.187877435711267,0.634096815454144,0.0934943428671586
22668,0.113415726374207,0.224224732996708,0.0562421087640681,0.606117431865017
22669,0.0942778531147329,0.0865296744388536,0.115034089086408,0.704158383360006
22670,0.135632638958645,0.294437446114611,0.0751677993559987,0.494762115570745
22671,0.192797579139561,0.119162294299815,0.461079163064094,0.22696096349653
22672,0.35651581151352,0.0978017636462389,0.13344589868762,0.412236526152621
22673,0.32982031002373,0.185500713966797,0.129916625170657,0.354762350838815
22674,0.145432040095329,0.18348591029644,0.475061684846878,0.196020364761353
22675,0.0721249074963832,0.40879071672538,0.175679210774881,0.343405165003356
22676,0.153448330662375,0.499963767826017,0.0841358614584187,0.262452040053189
22677,0.429255021490306,0.1069013061196,0.172747840665217,0.291095831724877
22678,0.20052135883208,0.122185010546893,0.0997438922600778,0.577549738360949
22679,0.0425338735610126,0.4768176866289,0.0741654543392631,0.406482985470824
22680,0.0570744924229437,0.164890353211136,0.329778203027127,0.448256951338793
22681,0.111064545810223,0.282553672790527,0.124975182116032,0.481406599283218
22682,0.296583844568603,0.522407137859187,0.0524180405922848,0.128590976979925
22683,0.0583389112412712,0.0497889345614011,0.608605891794426,0.283266262402902
22684,0.146054952248522,0.624716158027082,0.127917080164573,0.101311809559824
22685,0.24098525995104,0.135434038315175,0.177083377415933,0.446497324317853
22686,0.697994709014893,0.0688517689704895,0.0540457516908646,0.179107770323753
22687,0.1125153716649,0.444032447217928,0.145492266252867,0.297959914864304
22688,0.393581709409169,0.337094627236695,0.194125498962577,0.0751981643915587
22689,0.241075236749266,0.421350609301748,0.193331083953481,0.144243069995504
22690,0.0740798314416296,0.250882403984231,0.608051519635794,0.0669862449383453
22691,0.137505664396989,0.473985728070246,0.322215465290729,0.0662931422420357
22692,0.202849477529526,0.207360446453094,0.23438549041748,0.355404585599899
22693,0.27142335346798,0.288250786766363,0.16033153770378,0.279994322061877
22694,0.440847303917843,0.128710665029923,0.351138076254015,0.0793039547982189
22695,0.214739044340083,0.197901774895976,0.474708835960377,0.112650344803565
22696,0.137881161836999,0.374376421785003,0.156857299161811,0.330885117216186
22697,0.0865724099661769,0.382639860848186,0.195510524444439,0.335277204741198
22698,0.344090873836117,0.35899081291272,0.109690381442154,0.187227931809009
22699,0.436053143294645,0.110889029163459,0.220713966366424,0.232343861175472
22700,0.233015488073922,0.179839455180144,0.191182323896095,0.395962732849839
22701,0.180975563184519,0.378149045490516,0.0713833836592711,0.369492007665693
22702,0.0696863234043121,0.190246030688286,0.53693550825119,0.203132137656212
22703,0.297365633417922,0.167429267112693,0.430223849190594,0.104981250278791
22704,0.156040004910827,0.351649300082742,0.244692053408566,0.247618641597866
22705,0.104066749571262,0.275140934993157,0.392513653803312,0.22827866163227
22706,0.192318165531213,0.191676685462097,0.37175406897801,0.244251080028681
22707,0.083617277443409,0.661605179309845,0.171290516853333,0.0834870263934135
22708,0.178816641008358,0.163370008368194,0.519879206422591,0.137934144200857
22709,0.134467633582169,0.661024103477956,0.100256183747294,0.10425207919258
22710,0.155315436930264,0.446691224871968,0.177727139991799,0.220266198205969
22711,0.574729084968567,0.170862689614296,0.169554024934769,0.0848542004823685
22712,0.293511397246526,0.364493199389276,0.0915685391031624,0.250426864261036
22713,0.161567586087698,0.199858683345596,0.449158943431958,0.189414787134749
22714,0.136850861655908,0.217290547232471,0.566564432284766,0.0792941588268554
22715,0.243031494111761,0.280886211421675,0.179432680589935,0.296649613876629
22716,0.14824446814888,0.352749551046646,0.202526879272954,0.296479101531519
22717,0.134122488884293,0.157165092868133,0.518568210027096,0.190144208220479
22718,0.447896904467,0.133131237821746,0.162704008261919,0.256267849449334
22719,0.532212015001386,0.217058269552452,0.171887485892419,0.0788422295537425
22720,0.0878900927346165,0.492758821965798,0.246240040427445,0.173111044872141
22721,0.380378896290378,0.370398873531835,0.152763185608936,0.0964590445688509
22722,0.174810337644969,0.268680963943615,0.240133765937891,0.316374932473524
22723,0.206366527175405,0.48855701816912,0.103139804350433,0.201936650305042
22724,0.146937703599695,0.199418522395884,0.582428238631347,0.0712155353730744
22725,0.11767118511849,0.319148632281636,0.19137099527844,0.371809187321433
22726,0.0544080545961557,0.659138200211755,0.102954797063191,0.183498948128898
22727,0.142087376589335,0.170055602785611,0.557583239222572,0.130273781402482
22728,0.0595818924298993,0.442541256610784,0.181165078168788,0.316711772790529
22729,0.353443170287562,0.231488403208727,0.16844300674732,0.246625419756391
22730,0.0727451145648956,0.329463452100754,0.36181703209877,0.23597440123558
22731,0.0515388929356508,0.447117840100946,0.279622777572492,0.221720489390912
22732,0.276602174690333,0.274560477218621,0.226087358205209,0.222749989885837
22733,0.357701033353806,0.224456787109375,0.085153341293335,0.332688838243485
22734,0.147516201510543,0.501067623464238,0.110357102443066,0.241059072582153
22735,0.133925247205613,0.452461640219278,0.325204558488829,0.0884085540862803
22736,0.058116202826848,0.205788498522786,0.54955728295036,0.186538015700005
22737,0.413964197559811,0.180537647773983,0.076196904338781,0.329301250327425
22738,0.409331274310686,0.128380943190484,0.270883419242007,0.191404363256823
22739,0.417663910063748,0.145283944778237,0.104976745435318,0.332075399722697
22740,0.0813542995159544,0.637255921302496,0.155856553223503,0.125533225958047
22741,0.438556472328822,0.0959252662045941,0.335089422801646,0.130428838664938
22742,0.151214057534409,0.53272167843872,0.220866508004572,0.0951977560222985
22743,0.15462745841315,0.515962187319712,0.0828359952780306,0.246574358989107
22744,0.187415581191515,0.482400356674216,0.194545429619874,0.135638632514395
22745,0.277114349136605,0.210990553602999,0.161822192587456,0.35007290467294
22746,0.261033980093643,0.352747914547116,0.276633081759266,0.109585023599975
22747,0.570444677601248,0.15488807164633,0.137191334194332,0.137475916558091
22748,0.544117804287986,0.180377496925164,0.203046782292077,0.0724579164947725
22749,0.15554161253913,0.195162175631805,0.570052559896912,0.0792436519321527
22750,0.159028756007981,0.209774527099349,0.563349136164027,0.0678475807286439
22751,0.141438790793473,0.382685405789968,0.408056389925343,0.0678194134912157
22752,0.400353211153948,0.198774898088726,0.264717481591777,0.136154409165549
22753,0.264921484403897,0.448711481327478,0.190495310794597,0.0958717234740278
22754,0.325167887095335,0.439054777345327,0.165302213311891,0.0704751222474473
22755,0.227740984741733,0.130626348694766,0.468698434998118,0.172934231565383
22756,0.268427081955286,0.19705735734276,0.300815233612515,0.233700327089439
22757,0.370261233158744,0.186120247427233,0.140317295203128,0.303301224210895
22758,0.270430437611626,0.265162460054086,0.384000438928591,0.0804066634056967
22759,0.341227133833553,0.417565214110457,0.0988342583526892,0.1423733937033
22760,0.139223300110079,0.178833818049455,0.568298489018608,0.113644392821858
22761,0.203676968812943,0.428764373064041,0.19123312830925,0.176325529813766
22762,0.15865270793438,0.45669487118721,0.300393551588058,0.0842588692903519
22763,0.124114872874541,0.404225295845051,0.277660672033737,0.193999159246671
22764,0.143203988671303,0.648269057273865,0.0633199810981751,0.145206972956657
22765,0.231957733631134,0.31396409869194,0.30873829126358,0.145339876413345
22766,0.3962681234439,0.312154973862246,0.20575222066414,0.085824682029714
22767,0.145236062187494,0.129426928303047,0.458286590252617,0.267050419256842
22768,0.18973162204827,0.185822704856911,0.514238938264878,0.11020673482994
22769,0.138923003234543,0.715111727154913,0.0848044448732999,0.0611608247372447
22770,0.651560599717791,0.128550170894338,0.0899477966878727,0.129941432699997
22771,0.351177283030241,0.150003481283862,0.416416386136779,0.0824028495491188
22772,0.477024651721487,0.238431159234511,0.185680183554891,0.098864005489111
22773,0.137010917067528,0.461683124303818,0.146122172474861,0.255183786153793
22774,0.137695718935004,0.282094457211925,0.411277306415954,0.168932517437116
22775,0.28619627225573,0.427777172252576,0.203717337299466,0.0823092181922275
22776,0.246406018733978,0.288062959909439,0.149508774280548,0.316022247076035
22777,0.133117978763505,0.410579219854594,0.34956683030601,0.106735971075891
22778,0.0660831759547241,0.222313114335742,0.444084929106089,0.267518780603445
22779,0.228248722203038,0.465524657533308,0.196610233086653,0.109616387177002
22780,0.335761517286301,0.359432131052017,0.152476415038109,0.152329936623573
22781,0.101608037948608,0.222876638174057,0.587717711925507,0.087797611951828
22782,0.0644242275578498,0.0661281381763292,0.497105564771138,0.372342069494683
22783,0.206958481462047,0.155707906016472,0.484584138256784,0.152749474264697
22784,0.101966097950935,0.605485618114471,0.102513447403908,0.190034836530685
22785,0.167211490380935,0.42951772256967,0.287985925197392,0.115284861852003
22786,0.273968164234879,0.0866840047640205,0.356142943443998,0.283204887557103
22787,0.319857900140552,0.229166853862507,0.168315651540691,0.282659594456249
22788,0.441547410442012,0.0585184824908232,0.250102572140021,0.249831534927144
22789,0.444623940518142,0.192828190433559,0.14295317019592,0.21959469885238
22790,0.0779252126812935,0.215900391340256,0.610758781433106,0.0954156145453453
22791,0.159668790693116,0.241352695842873,0.155831682023878,0.443146831440133
22792,0.155991203397971,0.119990007281825,0.633292522780242,0.0907262665399621
22793,0.655572682123155,0.126894539306814,0.124110652094066,0.0934221264759657
22794,0.144032063246251,0.249706108118685,0.466789997619241,0.139471831015823
22795,0.201046147989309,0.417515773364117,0.135856053345921,0.245582025300653
22796,0.599899517001968,0.0878828669812635,0.185943286435084,0.126274329581685
22797,0.0798673751871213,0.0969555733773454,0.747912093872553,0.0752649575629805
22798,0.108094821306202,0.17704907455405,0.303678876988863,0.411177227150885
22799,0.519321162973388,0.109735828255707,0.12805091321658,0.242892095554326
22800,0.25496942944688,0.156404755550836,0.289337320149123,0.299288494853161
22801,0.100875987099469,0.25727390859613,0.260395940238298,0.381454164066104
22802,0.0817997951388237,0.460048017504693,0.201789882885807,0.256362304470676
22803,0.360624305047053,0.470109222537829,0.0804684731643482,0.0887979992507696
22804,0.2779853149498,0.0900150496518258,0.346860540913811,0.285139094484564
22805,0.156575798988342,0.274284571409225,0.312369376420975,0.256770253181458
22806,0.125627780305097,0.58165434382911,0.0941503601901072,0.198567515675686
22807,0.422673597087205,0.0710126507650073,0.392353162454323,0.113960589693465
22808,0.0683800159735967,0.448595314939634,0.243231012008495,0.239793657078274
22809,0.0912542587053983,0.191252071959944,0.591876520034891,0.125617149299766
22810,0.11951323387831,0.567110385020541,0.174944334102169,0.13843204699898
22811,0.185186991537005,0.178020516692981,0.300350865711246,0.336441626058768
22812,0.162445284614923,0.44478357830121,0.191290161402963,0.201480975680904
22813,0.38663063605519,0.114973935931144,0.336277643927266,0.1621177840864
22814,0.193243450228418,0.56019154666998,0.136418396096599,0.110146607005003
22815,0.139728269266856,0.481928787317669,0.171741716790574,0.206601226624901
22816,0.160279837842586,0.216325548047937,0.164826793002683,0.458567821106794
22817,0.493025980578034,0.151605508548268,0.152497492097206,0.202871018776492
22818,0.0861249553244568,0.575074544920407,0.19820765855599,0.140592841199147
22819,0.161835370036433,0.150847149627698,0.43233379077414,0.254983689561729
22820,0.0596070728260724,0.223135690766439,0.530654158065111,0.186603078342378
22821,0.0669701561399584,0.110315049670228,0.381141283686637,0.441573510503177
22822,0.263376974151884,0.0571653790766088,0.36866526834422,0.310792378427287
22823,0.0509753094586417,0.438323032775695,0.0515779757225598,0.459123682043104
22824,0.0401066938006869,0.559691827605566,0.0701300105781477,0.330071468015599
22825,0.114535141424392,0.0688281824835593,0.693422457379772,0.123214218712277
22826,0.104620258303571,0.128690594642285,0.326238975245998,0.440450171808146
22827,0.527074690706471,0.0506101842924194,0.124994016252503,0.297321108748607
22828,0.0616858217065932,0.343600078596178,0.46318848839057,0.131525611306659
22829,0.0538670604904478,0.431149123493027,0.329256980384674,0.185726835631852
22830,0.0537227626949701,0.0561011182914878,0.720830107589098,0.169346011424444
22831,0.0693435411845668,0.567220183559275,0.0459073871493487,0.31752888810681
22832,0.0808587503241282,0.0652641564921106,0.633263573797116,0.220613519386645
22833,0.15317166885222,0.561027152507688,0.0629259776197083,0.222875201020384
22834,0.04725057916249,0.0924608764711604,0.268520290618384,0.591768253747965
22835,0.181662264193032,0.198446023441047,0.0818929684444214,0.5379987439215
22836,0.202849605051226,0.426352428979712,0.0479346719655446,0.322863294003517
22837,0.0491658572542593,0.445907748331471,0.0800163182607723,0.424910076153498
22838,0.331910456241511,0.159638313060428,0.0473396324017699,0.461111598296291
22839,0.103535337185467,0.240885121272473,0.258468253979666,0.397111287562393
22840,0.519661609229905,0.0496371764662651,0.138145760730995,0.292555453572835
22841,0.154858574271202,0.0975221619009972,0.0978838130831718,0.649735450744629
22842,0.337924498910753,0.0592547821503392,0.167624214631997,0.43519650430691
22843,0.35290828084269,0.0830824145445048,0.214598773311088,0.349410531301718
22844,0.585929168446269,0.0849195365217224,0.178143684077494,0.151007610954514
22845,0.538594202357358,0.196742495797351,0.139309112409029,0.125354189436263
22846,0.0824066552609453,0.637376191606284,0.0385314488356242,0.241685704297147
22847,0.229674660275142,0.454699681559215,0.0823419069545893,0.233283751211055
22848,0.212921337879608,0.226687000890724,0.0896762541657407,0.470715407063927
22849,0.328924139472123,0.0575669688711474,0.47330163498814,0.14020725666859
22850,0.49336794753921,0.0895455940000056,0.206919911606907,0.210166546853878
22851,0.140620115562233,0.465475897464363,0.0787620636544093,0.315141923318995
22852,0.549417793750763,0.0853859633207321,0.0488286465406418,0.316367596387863
22853,0.550011014192804,0.115751246403847,0.196351474686646,0.137886264716703
22854,0.109674202867021,0.14462781275722,0.0800619664802097,0.66563601789555
22855,0.431840580887175,0.166418068742012,0.0529256553121574,0.348815695058656
22856,0.0395540222525597,0.0584511831402779,0.510761260986328,0.391233533620834
22857,0.0456573942754837,0.100164334468648,0.280178415171277,0.573999856084592
22858,0.269341937621178,0.284129253502808,0.309725573369099,0.136803235506915
22859,0.141351528387224,0.703341997589126,0.0930794004466817,0.0622270735769683
22860,0.133208954339819,0.264991211966073,0.169633813069739,0.432166020624369
22861,0.186939396870407,0.399115133245966,0.301544441351791,0.112401028531836
22862,0.141262475885823,0.149041716725877,0.237328894058731,0.472366913329569
22863,0.154619491976973,0.591241090456489,0.17485990208373,0.0792795154828086
22864,0.0724042893738513,0.393266180007149,0.164041060895646,0.370288469723354
22865,0.258886050830158,0.289375705542074,0.170452885498981,0.281285358128787
22866,0.210097657219303,0.0683997055023887,0.543378953213833,0.178123684064475
22867,0.179150149226189,0.0947154462337494,0.549372851848602,0.17676155269146
22868,0.158132940530777,0.204388678073883,0.302349150180817,0.335129231214523
22869,0.326123038712831,0.180721631071616,0.164645244617618,0.328510085597935
22870,0.316343635320663,0.276391834020615,0.225074976682663,0.182189553976059
22871,0.203230415356839,0.529473137769248,0.149861383807541,0.117435063066372
22872,0.139055978087903,0.676047245381855,0.064716992833704,0.120179783696539
22873,0.0780706725818213,0.267131251065573,0.372437392533298,0.282360683819308
22874,0.151026159524918,0.54343318939209,0.122279286384583,0.18326136469841
22875,0.0778212794012213,0.637840290005216,0.0963501586422371,0.187988271951326
22876,0.251881770733542,0.400080162284369,0.184461945758404,0.163576121223685
22877,0.327775517933831,0.109452846928026,0.108803901338694,0.45396773379945
22878,0.106938597471731,0.0596277104910643,0.41338269616369,0.420050995873514
22879,0.195377987347721,0.12528034301283,0.534079523925753,0.145262145713696
22880,0.141543776851474,0.185801134897777,0.559421066637494,0.113234021613255
22881,0.309622544623765,0.156611287987905,0.218988595544612,0.314777571843718
22882,0.0615233734824876,0.720130495129557,0.0412805224811972,0.177065608906758
22883,0.151793906199569,0.0890104525691541,0.417095805233467,0.34209983599781
22884,0.0692030260771288,0.253772554891016,0.332633701468753,0.344390717563102
22885,0.449970166011978,0.141131821449067,0.0426856661443189,0.366212346394636
22886,0.243032676735735,0.0546007557377613,0.15721882209578,0.545147745430724
22887,0.147632925602548,0.565371807177575,0.0981681116061798,0.188827155613697
22888,0.525268831186156,0.276752848013187,0.0492160858907664,0.14876223490989
22889,0.0455741924670435,0.0731299825735016,0.671159572949554,0.210136252009901
22890,0.262086594207139,0.529018867112274,0.087950719417243,0.120943819263343
22891,0.166347856332426,0.327627112638142,0.25449960665406,0.251525424375372
22892,0.189275302392419,0.080882732537287,0.522148112872686,0.207693852197608
22893,0.412972163574152,0.249937716874284,0.169944591673705,0.167145527877859
22894,0.106152041227671,0.112830719696212,0.0614639070703037,0.719553332005814
22895,0.333180457353592,0.191863730549812,0.178453370928764,0.296502441167831
22896,0.410853668643025,0.4474700224597,0.0525429303741854,0.0891333785230898
22897,0.0733622610569,0.209708422422409,0.502087891101837,0.214841425418854
22898,0.0698920711874962,0.100292392075062,0.538218677043915,0.291596859693527
22899,0.583196571719698,0.126287234927904,0.0893742279801633,0.201141965372235
22900,0.381554111151178,0.0962205788575329,0.0766648678729261,0.445560442118363
22901,0.230937074017692,0.27983154117308,0.163061819809459,0.32616956499977
22902,0.142756734572552,0.330444524599449,0.159344707707903,0.367454033120097
22903,0.17092821728014,0.215313067347717,0.471058049601702,0.142700665770441
22904,0.636575203043961,0.105804052775977,0.140023003815919,0.117597740364142
22905,0.42044846324108,0.294971244261954,0.0740328100010987,0.210547482495867
22906,0.651100551668534,0.176595979310722,0.059235257683871,0.113068211336873
22907,0.187474057078362,0.167883977293968,0.472471565008164,0.172170400619507
22908,0.169438590688663,0.320916095999363,0.290889987078011,0.218755326233963
22909,0.164143104886887,0.696614698162489,0.0520764444571005,0.0871657524935238
22910,0.176147997379303,0.29341259598732,0.15752312541008,0.372916281223297
22911,0.128423187983727,0.174900089946392,0.268394359004329,0.428282363065552
22912,0.231269214023191,0.514873154683011,0.165473210297126,0.0883844209966722
22913,0.185888664319282,0.0925445787053151,0.632504944745488,0.089061812229915
22914,0.102790529343274,0.382763096304903,0.152937460383865,0.361508913967958
22915,0.633458471541909,0.0677985747233564,0.0602857895089019,0.238457164225833
22916,0.121230198126581,0.373512560523859,0.0592594733944614,0.445997767955098
22917,0.234473160063148,0.130495879476783,0.0477242072450722,0.587306753214997
22918,0.507155846964326,0.113518844101999,0.0485145758505443,0.33081073308313
22919,0.0658300153817611,0.747258671528757,0.0519965110569802,0.134914802032502
22920,0.153476844624375,0.102023047148495,0.464788810468053,0.279711297759077
22921,0.343178746527592,0.116847573840264,0.061299241622543,0.478674438009602
22922,0.14759921367768,0.40968952731686,0.145339944421949,0.297371314583511
22923,0.0440491807159097,0.404381123152516,0.161364643563594,0.390205052567981
22924,0.602270708927422,0.122430701797514,0.145842325407811,0.129456263867253
22925,0.17858511741713,0.291916468498602,0.045835883791324,0.483662530292944
22926,0.432231191040808,0.0861058763124487,0.168717683618647,0.312945249028096
22927,0.0718891641580191,0.109217583446385,0.328864132697572,0.490029119698024
22928,0.611951674598176,0.141988880448665,0.0576363583484837,0.188423086604676
22929,0.0779700044099986,0.654921998755306,0.10220450755649,0.164903489278205
22930,0.0799346318860462,0.10501389637548,0.519194170260603,0.29585730147787
22931,0.077178198544328,0.314967407250614,0.474968050980744,0.132886343224314
22932,0.178067432180549,0.171477184977212,0.0757770171446876,0.574678365697551
22933,0.42892352385705,0.117685118581133,0.0961957066684322,0.357195650893385
22934,0.124609579340899,0.0890684405922493,0.262543910833957,0.523778069232894
22935,0.0746153466288849,0.620759446047528,0.162145753566794,0.142479453756793
22936,0.527852312560448,0.114802363956045,0.200330874333706,0.157014449149801
22937,0.435744315385819,0.175685212016106,0.122234329581261,0.266336143016815
22938,0.552812048089684,0.184510442383743,0.124163957300245,0.138513552226328
22939,0.125342402617407,0.249210916436044,0.191203435993297,0.434243244953252
22940,0.13235410554878,0.0598008088841733,0.574348726334098,0.233496359232949
22941,0.24003062009857,0.0872919572486275,0.450705445568345,0.221971977084458
22942,0.0479827803664304,0.218407014021565,0.666107145425598,0.0675030601864072
22943,0.12136108044866,0.250176109378818,0.164764409207237,0.463698400965285
22944,0.134106010198593,0.421920716762543,0.0801083445549011,0.363864928483963
22945,0.156021652280962,0.295048560275904,0.142838163035539,0.406091624407595
22946,0.116232690074768,0.174494094196487,0.246709326159556,0.462563889569189
22947,0.212597006183952,0.615099769380696,0.0838495840475087,0.0884536403878438
22948,0.216538129242547,0.145729058726374,0.158738115950711,0.478994696080369
22949,0.0821569828323936,0.327411817698797,0.368214596640335,0.222216602828474
22950,0.179431939738037,0.245523102714923,0.13282443187164,0.4422205256754
22951,0.140202639397939,0.468094848571795,0.168662396540308,0.223040115489958
22952,0.221906055999683,0.282860941056779,0.0816360953815899,0.413596907561948
22953,0.451729893684387,0.237513840198517,0.198433071374893,0.112323194742203
22954,0.153047998340368,0.191175198291993,0.21898319479773,0.436793608569908
22955,0.190711330084995,0.574432181393381,0.149564262861812,0.0852922256598124
22956,0.314822474563792,0.224802217626638,0.149672885229376,0.310702422580195
22957,0.200236895691018,0.183668487534008,0.361457125609687,0.254637491165287
22958,0.628519801580301,0.175034828858144,0.119627779109528,0.0768175904520269
22959,0.105208703565079,0.177309830349098,0.498599022710382,0.218882443375442
22960,0.379923498331361,0.376554435142196,0.169123532908015,0.0743985336184283
22961,0.179759994149208,0.299929887056351,0.376315504312515,0.143994614481926
22962,0.190154377896064,0.164725173221346,0.568462563346235,0.0766578855363552
22963,0.0993115313299859,0.368956300384971,0.103102766745558,0.428629401539485
22964,0.126541437604151,0.126718582611063,0.543882854936762,0.202857124848025
22965,0.291675042050892,0.381337060829143,0.116712432977275,0.21027546414269
22966,0.142387679624007,0.180634357659565,0.56490209243754,0.112075870278889
22967,0.101181048855892,0.495538573878312,0.342328207853131,0.0609521694126662
22968,0.223159920824171,0.284531469873615,0.3947872162642,0.0975213930380137
22969,0.392316850962615,0.21933600469929,0.27003857694595,0.118308567392145
22970,0.463209816968002,0.220708554057395,0.200538164353155,0.115543464621449
22971,0.182900630663364,0.282094670031727,0.459951749143828,0.0750529501610823
22972,0.266926912464746,0.565371449549709,0.10053355171879,0.0671680862667554
22973,0.0699603387725252,0.429310189804131,0.0723950096251068,0.428334461798237
22974,0.0735099246614421,0.125456751327639,0.485028628148352,0.316004695862567
22975,0.293856444164041,0.174939767829625,0.433788183583231,0.0974156044231028
22976,0.0580195258196178,0.223363084161454,0.464517768352354,0.254099621666574
22977,0.0859306807980534,0.311983310163394,0.48399196973461,0.118094039303943
22978,0.0448107875110326,0.225828025129855,0.584758886467798,0.144602300891314
22979,0.0714704303859823,0.326598040910109,0.402750602303059,0.199180926400849
22980,0.315544859370074,0.523013926013682,0.0770260433692019,0.0844151712470425
22981,0.175976314066782,0.574397530007252,0.168125189905995,0.0815009660199717
22982,0.192619662151791,0.0936457270314009,0.264598065660937,0.449136545155871
22983,0.518145047939347,0.318481995991558,0.0852230229328434,0.0781499331362516
22984,0.0388942694705193,0.369332878405851,0.382965563301125,0.208807288822505
22985,0.412702524472735,0.0721728343937869,0.162094411818766,0.353030229314711
22986,0.312329101848263,0.363008634633994,0.0881582242191499,0.236504039298593
22987,0.0728878091706009,0.170003759414014,0.462848402006155,0.29426002940923
22988,0.145638202000803,0.0890419360709768,0.635836799020672,0.129483062907549
22989,0.57489623352576,0.0976365237723745,0.179572885619786,0.14789435708208
22990,0.135246675156156,0.406887101921824,0.110029411017018,0.347836811905002
22991,0.580225650818837,0.0942996896378673,0.0633817096306511,0.262092949912645
22992,0.223366578368847,0.463360378293974,0.186119533205649,0.12715351013153
22993,0.13595079189429,0.144227120523761,0.642673566401159,0.0771485211807904
22994,0.642289722051089,0.171596444085108,0.119972918926661,0.0661409149371429
22995,0.149055406451225,0.354176759719849,0.275571048259735,0.221196785569191
22996,0.506893884544683,0.232135956707655,0.179224733543949,0.0817454252037128
22997,0.292835210156965,0.349581753456321,0.17488537989386,0.182697656492854
22998,0.195452606542486,0.199228233075983,0.163627033341737,0.441692127039794
22999,0.436482114687029,0.210114917460529,0.246127836290831,0.107275131561611
23000,0.186776394046056,0.263370118636783,0.471930907013091,0.0779225803040689
23001,0.224816915023075,0.474244468297892,0.186799121099724,0.11413949557931
23002,0.124860608956489,0.46152145587557,0.19175400472787,0.221863930440071
23003,0.622857951479329,0.151161318688144,0.153549736497914,0.0724309933346135
23004,0.132291475970616,0.34871430886111,0.415831073528861,0.103163141639414
23005,0.288843378587839,0.523507205132771,0.116620218875569,0.0710291974038212
23006,0.141786214520345,0.13787845959041,0.644108996299453,0.0762263295897917
23007,0.059088834527379,0.391405970675965,0.487329282737952,0.0621759120587042
23008,0.115754337843572,0.477365918120234,0.281805787709442,0.125073956326752
23009,0.291072385971092,0.170089657312015,0.378091894274467,0.160746062442426
23010,0.395190450513292,0.313881190969655,0.172811032629095,0.118117325887958
23011,0.341687803591606,0.163162755417269,0.228945258691091,0.266204182300034
23012,0.285859440056375,0.125468121848525,0.414942151530715,0.173730286564384
23013,0.315848730895324,0.118060191317047,0.291518175046485,0.274572902741144
23014,0.140550830397059,0.261601195430827,0.417227620913245,0.180620353258869
23015,0.201687502886169,0.172439518160217,0.472172326924985,0.15370065202863
23016,0.435112913658181,0.25869741457632,0.216186160977494,0.0900035107880046
23017,0.239856083399531,0.168515823698827,0.410755228515481,0.180872864386162
23018,0.446324715927628,0.232867752036404,0.188620141657287,0.132187390378681
23019,0.149009248204874,0.228636392527684,0.545498868282842,0.0768554909845997
23020,0.31650354750819,0.11095710595793,0.16890638689161,0.40363295964227
23021,0.436078916367341,0.241684262081194,0.0824638270230371,0.239772994528428
23022,0.180436590896946,0.266263566426529,0.146844337974657,0.406455504701868
23023,0.440402544146814,0.231373477449618,0.181261363346299,0.146962615057269
23024,0.394036936493379,0.285711778061618,0.138684726000639,0.181566559444363
23025,0.146114098222764,0.403847938833355,0.214271578405374,0.235766384538507
23026,0.594022099629209,0.158321620213401,0.173019812800138,0.0746364673572515
23027,0.201407477259636,0.294555991888046,0.227027699351311,0.277008831501007
23028,0.172874038603128,0.538227872199651,0.14760296486625,0.141295124330971
23029,0.0445968178428354,0.0508147111253594,0.563511616328861,0.341076854702944
23030,0.353876221236266,0.212477334170431,0.0499429872278613,0.383703457365442
23031,0.064999838732189,0.173253693682935,0.211351297372904,0.550395170211972
23032,0.15165400731048,0.49123058455036,0.127863990185618,0.229251417953542
23033,0.384291319607603,0.108502827180539,0.0548556258721068,0.452350227339751
23034,0.103026908003796,0.287616502032299,0.0696043249072256,0.53975226505668
23035,0.33170573173508,0.264263467119304,0.0453717908441832,0.358659010301433
23036,0.0488977961077958,0.447181320893486,0.0638298625324646,0.440091020466253
23037,0.599476185417601,0.115911503847458,0.13734016436369,0.147272146371252
23038,0.269943980351508,0.536331470785056,0.0676393876400636,0.126085161223373
23039,0.592612591053587,0.103200064793225,0.0480994294528237,0.256087914700364
23040,0.075896688371127,0.101378560821552,0.128043458819713,0.694681291987608
23041,0.216865375638008,0.0842480808496475,0.413528233766556,0.285358309745789
23042,0.352027269840444,0.118108586356853,0.0730556031544179,0.456808540648286
23043,0.138826263862457,0.152351317519675,0.155256388258094,0.553566030359774
23044,0.0821371308128322,0.16029068947055,0.521432463239375,0.236139716477243
23045,0.5354298909349,0.0778120675846035,0.10988990880631,0.276868132674186
23046,0.70487032036552,0.0589743212820608,0.068281490191597,0.167873868160822
23047,0.0741998622253547,0.222461326252957,0.577043052188731,0.126295759332957
23048,0.604869957231954,0.131987078994609,0.161612613785173,0.101530349988264
23049,0.424599366647024,0.270461938665451,0.179064939049931,0.125873755637593
23050,0.249717505646627,0.527090195768253,0.143059955113083,0.0801323434720363
23051,0.442744483588387,0.252092951861926,0.196542005318209,0.108620559231477
23052,0.131717803056803,0.650697598616743,0.152230786565405,0.0653538117610486
23053,0.555256617559268,0.0949545449380847,0.22885863994491,0.120930197557737
23054,0.463125956687109,0.0967331492627729,0.362145678619084,0.077995215431034
23055,0.610827812713799,0.213628012144983,0.110325747882213,0.0652184272590045
23056,0.230264067649841,0.227243348956108,0.188207551836967,0.354285031557083
23057,0.198120512138288,0.540225783727103,0.075591941342058,0.186061762792551
23058,0.0650756563223703,0.428605364900668,0.398501592919183,0.107817385857779
23059,0.391397160676249,0.176585576984931,0.147672035649179,0.284345226689641
23060,0.500433385372162,0.157153069972992,0.0808486938476563,0.26156485080719
23061,0.391708063708606,0.15279611138088,0.37643192901158,0.0790638958989335
23062,0.290596762019299,0.266848899926212,0.104174646859606,0.338379691194883
23063,0.121942756743092,0.114707825858774,0.688191880461695,0.075157536936439
23064,0.172154576868971,0.106267646746841,0.601646010589942,0.119931765794246
23065,0.168080302597289,0.331801449236295,0.365816539016612,0.134301709149803
23066,0.156539882785521,0.645590765851117,0.0940354231470734,0.103833928216289
23067,0.176234731786408,0.162277932099166,0.2303606948149,0.431126641299527
23068,0.646729503028888,0.178245911357711,0.079025086411652,0.0959994992017485
23069,0.078241564916384,0.44993076063641,0.233234884092472,0.238592790354735
23070,0.212836965918541,0.319348901510239,0.136863604187965,0.330950528383255
23071,0.0688455179333687,0.516058266162872,0.311553686857224,0.103542529046535
23072,0.223205468750163,0.143925969121634,0.465390159648364,0.167478402479839
23073,0.143185082298184,0.0791536661793366,0.516042780489686,0.261618471032794
23074,0.450893766446319,0.134779708605702,0.140170099439771,0.274156425508207
23075,0.324626257281713,0.223636784445143,0.206876301560512,0.244860656712632
23076,0.481295373430138,0.0727705279531291,0.123767240913456,0.322166857703277
23077,0.69002663575093,0.0978795133689082,0.124797201716921,0.0872966491632413
23078,0.14621883086045,0.250713190037266,0.496071200964183,0.106996778138102
23079,0.452061781940083,0.149224781279648,0.305301742018681,0.0934116947615879
23080,0.271292831431436,0.328206087228565,0.147604031151473,0.252897050188526
23081,0.085411857906514,0.128967618747098,0.677981287746785,0.107639235599603
23082,0.248379068340448,0.587985674231284,0.0871698020735995,0.0764654553546689
23083,0.225711185123193,0.413098192410144,0.198934736832004,0.162255885634659
23084,0.112828997351035,0.33690379575955,0.466407439101075,0.0838597677883402
23085,0.133580030006021,0.0898589275021771,0.242889599821639,0.533671442670162
23086,0.329860821521544,0.402355474128329,0.179618305879013,0.0881653984711141
23087,0.216124253095122,0.322941663287145,0.374078455374229,0.0868556282435032
23088,0.342937541862486,0.203747235378148,0.37783394671358,0.0754812760457872
23089,0.48749854071069,0.278990441285287,0.162320952959635,0.0711900650443867
23090,0.0731409202984113,0.166226523611345,0.504964597597191,0.255667958493053
23091,0.33181198936981,0.277297075431092,0.233263429503688,0.15762750569541
23092,0.305183827877045,0.179939448833466,0.333184778690338,0.181691944599152
23093,0.350269908453973,0.15993827343079,0.192049992202968,0.29774182591227
23094,0.515301756332789,0.247361522207237,0.166393113637073,0.0709436078229009
23095,0.355152471878269,0.176453999737471,0.179229415391561,0.289164112992699
23096,0.328225871079389,0.226745852030937,0.256718538501306,0.188309738388367
23097,0.579179989266843,0.147144686867043,0.201920579330908,0.071754744535206
23098,0.462526065762115,0.167991304099884,0.263538261371171,0.105944368766831
23099,0.459025128454719,0.200700825473691,0.242203600472319,0.0980704455992712
23100,0.140694640689623,0.231897550647834,0.558938593323751,0.0684692153387926
23101,0.171889998252243,0.515863143616757,0.147170952581061,0.165075905549939
23102,0.321084717544458,0.196038773537838,0.354925106612596,0.127951402305108
23103,0.219153561617328,0.368555236799859,0.336714794137633,0.0755764074451802
23104,0.179310237744756,0.35688365569364,0.262804635250707,0.201001471310898
23105,0.140421920697901,0.300962434666048,0.433151464172387,0.125464180463664
23106,0.333975692570934,0.262982599050325,0.21789016670316,0.185151541675581
23107,0.217006807409379,0.173360336721547,0.537602436637933,0.0720304192311411
23108,0.239319860935211,0.278706640005112,0.228774011135101,0.253199487924576
23109,0.136164038358897,0.374053237035474,0.400088962911897,0.0896937616937327
23110,0.523311142052048,0.110857390693258,0.268116327137622,0.0977151401170726
23111,0.146169682476467,0.451839178304727,0.327354707224724,0.0746364319940814
23112,0.161339579810652,0.197805313782354,0.572030003577247,0.0688251028297461
23113,0.215284190037375,0.3819629663814,0.247808821434046,0.154944022147179
23114,0.133962369991366,0.367983867048376,0.427454166056061,0.0705995969041972
23115,0.167701408267021,0.359511256217957,0.349670767784119,0.123116567730904
23116,0.136880397286712,0.653972086854383,0.0564084535225911,0.152739062336314
23117,0.246340030886083,0.181415285585479,0.491819132302274,0.080425551226164
23118,0.0680313467674401,0.136680972501316,0.58262764105288,0.212660039678364
23119,0.0668909519810549,0.377259893241828,0.213335310816676,0.342513843960441
23120,0.517558559252067,0.243306480547593,0.129987563789261,0.109147396411079
23121,0.270452550934179,0.381626505207226,0.174400488305077,0.173520455553518
23122,0.253532141447067,0.186492264270782,0.292185813188553,0.267789781093597
23123,0.0912025042533688,0.510193224920383,0.228188736526752,0.170415534299496
23124,0.251170691085299,0.431269818078431,0.174934801832813,0.142624689003457
23125,0.306179846731129,0.379019701793496,0.189822805079478,0.124977646395897
23126,0.339329486181281,0.331452464035935,0.214417892909317,0.114800156873467
23127,0.272220345379564,0.173011453248646,0.47110405915308,0.08366414221871
23128,0.501847628517804,0.258819492599513,0.169234724113604,0.0700981547690791
23129,0.386197477579117,0.285800069570541,0.185176029801369,0.142826423048973
23130,0.179628828775024,0.507303699633369,0.172889600012016,0.140177871579591
23131,0.258990554072033,0.198786823460558,0.444030072957053,0.0981925495103557
23132,0.376869678497314,0.312559574842453,0.209542185068131,0.101028561592102
23133,0.19900181889534,0.242137417197228,0.485009789466858,0.0738509744405747
23134,0.141960586847049,0.240358986247808,0.4398828613793,0.177797565525843
23135,0.155216105794187,0.427829276271346,0.31328888327082,0.103665734663647
23136,0.193286472258857,0.116428335745409,0.589547064433116,0.100738127562618
23137,0.172398874986205,0.330468316958299,0.164395610559117,0.332737197496378
23138,0.134792386481223,0.191440551046725,0.598756845304691,0.075010217167361
23139,0.389618432367123,0.28786477875508,0.189086529449918,0.133430259427879
23140,0.192441901339349,0.510977879493769,0.159414996487349,0.137165222679532
23141,0.153852408894753,0.461518856196472,0.179224778459979,0.205403956448796
23142,0.241504879605061,0.143731654761222,0.537909154131332,0.0768543115023845
23143,0.2073227387919,0.291451264491258,0.422874285918687,0.0783517107981551
23144,0.151249164668874,0.354293422613538,0.412325605290919,0.0821318074266684
23145,0.200187298644346,0.43624273322566,0.237874687440712,0.125695280689282
23146,0.196444038967282,0.54240657111421,0.189409349622041,0.0717400402964661
23147,0.277996446520143,0.194248300876494,0.355750585261724,0.17200466734164
23148,0.214706227183342,0.510528147220612,0.181037724018097,0.0937279015779495
23149,0.432825651520299,0.329148081472903,0.100843480968151,0.137182786038646
23150,0.184127277845415,0.385893864070153,0.168492428876798,0.261486429207634
23151,0.259759781809451,0.190259127391434,0.472254421768677,0.0777266690304379
23152,0.254949756114178,0.225494421288205,0.430856777157091,0.0886990454405262
23153,0.394331056048541,0.283950350166847,0.207504921927901,0.114213671856711
23154,0.271000146865845,0.324285507202148,0.250844061374664,0.153870284557343
23155,0.493007038153341,0.256932304810538,0.174045300347231,0.0760153566888906
23156,0.405607241225027,0.247460536734446,0.251715235361003,0.0952169866795246
23157,0.134585041838439,0.613935310063818,0.16533712045363,0.0861425276441135
23158,0.411996019244075,0.25395078223797,0.250344045470478,0.0837091530474768
23159,0.270472622002794,0.243122150967765,0.375061878004563,0.111343349024877
23160,0.136078023787825,0.199974334241107,0.404914182204864,0.259033459766203
23161,0.338348473037057,0.269817676099871,0.308629865815791,0.083203985047281
23162,0.185542534614894,0.328033022701002,0.10875598098138,0.377668461702724
23163,0.145609902525096,0.712466310150419,0.0686422298646306,0.0732815574598545
23164,0.229701077111835,0.505931805951859,0.182328779600459,0.0820383373358474
23165,0.0608246931556567,0.209110903875692,0.389525389515242,0.340539013453409
23166,0.56563479129698,0.144408912542529,0.0995104841851479,0.190445811975344
23167,0.333730792011779,0.19829766747799,0.175267848003922,0.292703692506309
23168,0.2835565114319,0.0612204985656422,0.20283129131242,0.452391698690037
23169,0.229667382163311,0.428132268996032,0.257559241783315,0.0846411070573412
23170,0.191768749119574,0.12085277497133,0.195400519703325,0.491977956205771
23171,0.260719996424913,0.195727997827291,0.23974950193239,0.303802503815405
23172,0.286097409472595,0.448227885724812,0.175486193414675,0.0901885113879182
23173,0.0761616447853919,0.134735687563302,0.318697479973007,0.470405187678298
23174,0.693391838866716,0.132861088727084,0.0807111909773591,0.0930358814288413
23175,0.375462986501277,0.150406947707716,0.211277502103001,0.262852563688006
23176,0.0675166020727411,0.594773586133319,0.141316159506767,0.196393652287173
23177,0.356841843034084,0.268730886838761,0.298771718107811,0.0756555520193443
23178,0.222452580913356,0.476849225970782,0.195146294263626,0.105551898852236
23179,0.151159818435913,0.613973718465158,0.114299226871156,0.120567236227774
23180,0.0646601761530327,0.211559919926823,0.603034909046926,0.120744994873218
23181,0.199666556696091,0.472380278848426,0.178907419974054,0.149045744481429
23182,0.369398967571595,0.414639487317224,0.129775608711853,0.0861859363993281
23183,0.14972375556415,0.423764205333057,0.176529335625907,0.249982703476887
23184,0.296746251756353,0.301274744411746,0.28242915658333,0.11954984724857
23185,0.311867848998255,0.173798985460446,0.206613471808427,0.307719693732871
23186,0.314179640163205,0.287069422777329,0.0820211421238695,0.316729794935596
23187,0.160251379013062,0.249187275767326,0.487022340297699,0.103539004921913
23188,0.499935667964232,0.293010700754423,0.139158139409194,0.0678954918721508
23189,0.235599253112067,0.154546039619238,0.182929011924997,0.426925695343699
23190,0.169060689671923,0.228521537355758,0.370130831448274,0.232286941524045
23191,0.325366132139427,0.362986020081058,0.195189203429463,0.116458644350052
23192,0.217614016770794,0.425093575377257,0.0796559199818999,0.277636487870049
23193,0.235265589811372,0.236819795871371,0.156011541366921,0.371903072950336
23194,0.343195475858349,0.432250092154371,0.133702951677955,0.0908514803093258
23195,0.467267972705216,0.227075911049697,0.203269116458702,0.102386999786384
23196,0.257724288966124,0.429576164924743,0.188075187624621,0.124624358484512
23197,0.462686088214173,0.105240977516465,0.202696515599664,0.229376418669697
23198,0.504833586586022,0.145044641867945,0.218103635580892,0.132018135965141
23199,0.551504500977762,0.229874197093758,0.0959058641777316,0.122715437750748
23200,0.315289506036002,0.245522333609305,0.344198054836821,0.0949901055178721
23201,0.388537519486995,0.273854838243415,0.2456483689337,0.0919592733358904
23202,0.21501823090044,0.405723339404514,0.29950908272727,0.0797493469677768
23203,0.0954757705330849,0.576949894428253,0.253535151481628,0.0740391835570335
23204,0.271056000457048,0.299025450632355,0.179570930891796,0.2503476180188
23205,0.271603375673294,0.22586390376091,0.344337642192841,0.158195078372955
23206,0.333848538501922,0.41904357387903,0.0883164486908648,0.158791438928183
23207,0.247240964446621,0.290344970359878,0.391329658419058,0.0710844067744431
23208,0.224945096668309,0.168930734332248,0.39690765124009,0.209216517759354
23209,0.312102521775625,0.385707402442285,0.181651634251302,0.120538441530787
23210,0.567001185081943,0.173625222356067,0.181391961179374,0.0779816313826156
23211,0.301791299067762,0.470838290794258,0.142880181115859,0.0844902290221218
23212,0.150911554694176,0.385507613420486,0.328705698251724,0.134875133633614
23213,0.157277964475246,0.250487197168744,0.454905161787339,0.137329676568672
23214,0.571980506152931,0.122947529996688,0.230559173122688,0.0745127907276933
23215,0.431380722160494,0.121054434188116,0.255445482249897,0.192119361401494
23216,0.306811137801907,0.224454889794658,0.223001519873806,0.245732452529629
23217,0.17774797976017,0.521897315979004,0.144461840391159,0.155892863869667
23218,0.195001119524207,0.359253813050574,0.267456791774726,0.178288275650493
23219,0.260545389176773,0.114901342955907,0.0610946161474115,0.563458651719909
23220,0.610291421413422,0.164301723241806,0.0675606727600098,0.157846182584763
23221,0.67460578177418,0.0741043681345555,0.0753783056484289,0.175911544442836
23222,0.07986205011709,0.105678632068048,0.551715131463743,0.262744186351119
23223,0.136005486965016,0.413079577294601,0.0785477137998428,0.372367221940541
23224,0.0636688429540537,0.276183649400514,0.199182118432781,0.460965389212651
23225,0.22483628988266,0.542286992073059,0.0424766391515732,0.190400078892708
23226,0.0784728470103334,0.16085420908453,0.261188214894866,0.499484729010271
23227,0.620187252992519,0.141138426344095,0.0551379014432159,0.18353641922017
23228,0.102697779157824,0.10520588293058,0.10170654649417,0.690389791417426
23229,0.145610382616907,0.114323925760535,0.383387579895093,0.356678111727465
23230,0.0941473362213673,0.317631050242382,0.0556109945004133,0.532610619035838
23231,0.0512328136436757,0.298301421888886,0.0962092780424071,0.554256486425031
23232,0.237365883031996,0.276834245371308,0.119735954407812,0.366063917188884
23233,0.100609952924627,0.110334859994471,0.311216427545883,0.47783875953502
23234,0.231112018227577,0.0647436007857323,0.109496496617794,0.594647884368897
23235,0.0894022367105055,0.0447087738268731,0.48024651766007,0.385642471802551
23236,0.41533412755776,0.0525895682612515,0.334304058285355,0.197772245895634
23237,0.0443704014853746,0.152117445498267,0.443760631815491,0.359751521200867
23238,0.103785806177451,0.261704506439749,0.225984932675845,0.408524754706955
23239,0.187349522490814,0.432452218757504,0.0498304054191588,0.330367853332524
23240,0.12991092663557,0.621667721886152,0.0520903785943486,0.19633097288393
23241,0.409303614705137,0.111458266782573,0.170840460900377,0.308397657611914
23242,0.621180422095736,0.14124895790125,0.0610418512788622,0.176528768724152
23243,0.291210716426572,0.0583427969057634,0.296808099314721,0.353638387352943
23244,0.16572616994381,0.484687358140945,0.126541614532471,0.223044857382774
23245,0.531145628309655,0.0480421107408247,0.145126237384034,0.275686023565486
23246,0.325530901202451,0.256720196756133,0.0769147758296777,0.340834126211738
23247,0.121856656019191,0.0766018606244963,0.234845333252986,0.566696150103326
23248,0.0887861387612501,0.469525062001868,0.18325257028263,0.258436228954252
23249,0.286221338192582,0.224004204154203,0.164828456856092,0.324946000797123
23250,0.250632544955889,0.105803388886027,0.504130165870109,0.139433900287975
23251,0.0847505337353836,0.679991905987202,0.0904252461375687,0.144832314139845
23252,0.151672942166434,0.276790376353407,0.191843000175908,0.379693681304251
23253,0.0504850125066753,0.194706474851613,0.638777689901903,0.116030822739809
23254,0.536263771895524,0.090896339578872,0.278375152921306,0.0944647356042972
23255,0.335221466904719,0.250962970771171,0.047943748176517,0.365871814147593
23256,0.597865597103012,0.0598161571424943,0.161953826001573,0.180364419752922
23257,0.239665174194961,0.553606018888793,0.0560396708835747,0.150689136032671
23258,0.652174219813029,0.0915719920790495,0.135947880090448,0.120305908017473
23259,0.0740408828410572,0.196575404678102,0.360458972755514,0.368924739725327
23260,0.134437163211161,0.0613784922376515,0.569637377287211,0.234546967263977
23261,0.120295897126198,0.521431505680084,0.111681997776032,0.246590599417686
23262,0.611703464563243,0.0799894940851553,0.138581009784058,0.169726031567544
23263,0.425673381450526,0.238018238470638,0.245321029622891,0.0909873504559454
23264,0.0460100529339145,0.357228623433835,0.387111858013576,0.209649465618675
23265,0.649187068665413,0.147544603122932,0.0968442455874608,0.106424082624195
23266,0.217734002538502,0.147911842229609,0.204183691615352,0.430170463616536
23267,0.232856057073356,0.254068710031173,0.336590687530955,0.176484545364515
23268,0.208512087356569,0.205110554511336,0.0874993746168772,0.498877983515218
23269,0.290501563658932,0.367799310506138,0.044812086802676,0.296887039032254
23270,0.201666942288486,0.280862488772347,0.439093185636198,0.0783773833029682
23271,0.349517158802215,0.103060265562081,0.101880101072488,0.445542474563216
23272,0.159282527007329,0.279654190260326,0.463207161110266,0.0978561216220792
23273,0.129208272511137,0.502249918978658,0.099666018769116,0.26887578974109
23274,0.411258090045665,0.148190102645312,0.133387124540826,0.307164682768197
23275,0.120284867297294,0.244371736212512,0.294209878676008,0.341133517814186
23276,0.203736838642704,0.464970283732261,0.181559306657921,0.149733570967114
23277,0.42914571935807,0.35780282961147,0.115043810906637,0.0980076401238227
23278,0.142752289772034,0.181494235992432,0.329995393753052,0.345758080482483
23279,0.28934120700745,0.409405135968251,0.129451511361427,0.171802145662872
23280,0.272997941479118,0.180012074410735,0.302278841997998,0.244711142112149
23281,0.116188199718912,0.555361182335554,0.169550275900573,0.158900342044962
23282,0.245364092152241,0.438802165949409,0.170392518353239,0.145441223545111
23283,0.18132803793764,0.393460768656112,0.257175139869,0.168036053537248
23284,0.141624676311384,0.401081299797912,0.222266513441004,0.2350275104497
23285,0.370267813954768,0.221712935294404,0.183561506622456,0.224457744128372
23286,0.214765131473541,0.149331018328667,0.508328258991242,0.127575591206551
23287,0.178634884635134,0.286033068389193,0.300079171360719,0.235252875614954
23288,0.619789939529004,0.135217871212427,0.166553194327557,0.0784389949310125
23289,0.215091564801587,0.503202900195035,0.183587202918911,0.0981183320844671
23290,0.183032855391502,0.357879012823105,0.16285152733326,0.296236604452133
23291,0.360170548560777,0.189022409752345,0.213775667753453,0.237031373933425
23292,0.173719576512261,0.207940332887334,0.504628677093561,0.113711413506844
23293,0.581060009630323,0.200785404467148,0.134724457106723,0.0834301287958064
23294,0.220919352458129,0.23980520308308,0.158913058654769,0.380362385804022
23295,0.296627870302562,0.0553302152356441,0.483476624385219,0.164565290076575
23296,0.196394969442374,0.227882464853282,0.473727236845953,0.10199532885839
23297,0.0789662593680154,0.0746783683100464,0.529824789391273,0.316530582930665
23298,0.306989181458305,0.0573951934215542,0.308166134844192,0.327449490275949
23299,0.351467479721681,0.170913676294277,0.096627038817792,0.38099180516625
23300,0.414618319490825,0.202220696243952,0.253486786089641,0.129674198175582
23301,0.344498085063022,0.084550981054046,0.161522710266608,0.409428223616323
23302,0.268785176658741,0.251115886486203,0.386243608696434,0.093855328158622
23303,0.166073498635389,0.179080885960447,0.38619660755699,0.268649007847175
23304,0.0793611779808998,0.408843487501144,0.0992346331477165,0.412560701370239
23305,0.328792457711584,0.0666111345084181,0.0770083900840341,0.527588017695964
23306,0.400810846704487,0.35651321015909,0.0931937491862569,0.149482193950166
23307,0.155551207727921,0.304544205895898,0.185894248099711,0.354010338276471
23308,0.275693655014038,0.0727539956569672,0.529035687446594,0.122516661882401
23309,0.155570325917448,0.176365238780301,0.0891421125957055,0.578922322706546
23310,0.127551817202101,0.0739476865706309,0.537796886529191,0.260703609698078
23311,0.201897993683815,0.0909459739923477,0.191212922334671,0.515943109989166
23312,0.280923011011802,0.183860005318075,0.444869760013146,0.0903472236569764
23313,0.141318534055905,0.287497707828811,0.251108236643917,0.320075521471367
23314,0.491410996828891,0.0645550782639155,0.0820770332062465,0.361956891700947
23315,0.345472075316431,0.12791455077934,0.406781026872569,0.119832347031661
23316,0.279490858316422,0.122574433684349,0.201004460453987,0.396930247545242
23317,0.23702961990149,0.165879751268633,0.169725904770914,0.427364724058964
23318,0.0769481767815557,0.0723575092367637,0.385094175520098,0.465600138461583
23319,0.274641014346805,0.120213794862839,0.044427235837991,0.560717954952365
23320,0.15012818910468,0.0682327241055531,0.191250477535661,0.590388609254106
23321,0.553237672498542,0.0701964268818764,0.225010706297974,0.151555194321609
23322,0.156686256626658,0.0694717893161836,0.398233729653545,0.375608224403613
23323,0.32164498220371,0.382867360520158,0.0422844280259135,0.253203229250218
23324,0.557198507869288,0.0696700045564769,0.143601219546759,0.229530268027476
23325,0.050492362467942,0.320098801846488,0.374099534514196,0.255309301171374
23326,0.0747371928707628,0.139193448555323,0.111705670767404,0.67436368780651
23327,0.0749148577451706,0.0591203719377518,0.665933787822723,0.200030982494354
23328,0.0374674918587224,0.387493233056563,0.0422990258637562,0.532740249220959
23329,0.217204163247533,0.0623912839170374,0.163455746924389,0.556948805911041
23330,0.160105434654572,0.0704117704866563,0.560261002775118,0.209221792083654
23331,0.107907798650628,0.701820173805351,0.0485128596868259,0.141759167857195
23332,0.14210708015838,0.260538421257185,0.47360412855136,0.123750370033074
23333,0.620169419651312,0.0735360703926108,0.16719119749043,0.139103312465647
23334,0.292478969917328,0.13338371713806,0.153807784503466,0.420329528441145
23335,0.396600425243378,0.255899131298065,0.184017598628998,0.163482844829559
23336,0.075334289863727,0.25214410391772,0.340229906295908,0.332291699922644
23337,0.600596001735389,0.113213529985942,0.178128403751129,0.10806206452754
23338,0.128455990770936,0.119465323412478,0.662982374594404,0.0890963112221817
23339,0.128325581072548,0.0539507007079173,0.52432405753313,0.293399660686405
23340,0.12948974629332,0.0551494904382287,0.538536415361781,0.27682434790667
23341,0.0826129888709489,0.0654781888282839,0.673588732672073,0.178320089628694
23342,0.342072650399537,0.146782436365674,0.302467571088631,0.208677342146158
23343,0.145668823887969,0.428357643734146,0.116646904249397,0.309326628128488
23344,0.252934347969339,0.143337405175153,0.203544551292563,0.400183695562945
23345,0.153726019543736,0.197215965514661,0.195958277763801,0.453099737177801
23346,0.211881298697225,0.437687016548148,0.0806308868198379,0.269800797934789
23347,0.286866239104681,0.250084750351764,0.167609597217751,0.295439413325804
23348,0.116904063270926,0.316756541777305,0.310746665138801,0.255592729812969
23349,0.238411645818277,0.425443727915454,0.224832991875693,0.111311634390576
23350,0.179231754661789,0.570334455755892,0.0551136082080606,0.195320181374259
23351,0.141784225159413,0.184258585699159,0.384450238479681,0.289506950661747
23352,0.115549879007785,0.169981392770728,0.390113746972587,0.3243549812489
23353,0.081583686780808,0.350617679585648,0.190643624891666,0.377155008741878
23354,0.0735747767081401,0.594301603522211,0.0767019121610341,0.255421707608614
23355,0.158993014730773,0.430288626615382,0.0756035940496775,0.335114764604167
23356,0.29702452710344,0.0966863213982082,0.438420726013801,0.167868425484551
23357,0.12532137894577,0.471825978390544,0.0810866690167786,0.321765973646908
23358,0.210226944393723,0.126196552103655,0.289854207332558,0.373722296170065
23359,0.238464775567113,0.13403610393674,0.36618914948323,0.261309971012918
23360,0.342396502828546,0.436900026156009,0.122654074768038,0.0980493962474077
23361,0.0688291495206144,0.102253728376729,0.5367369095738,0.292180212528856
23362,0.134604349732399,0.283415853977203,0.223090425133705,0.358889371156693
23363,0.156479567289352,0.407723009586334,0.187056452035904,0.248740971088409
23364,0.131179090405134,0.191436344640364,0.283891818407422,0.393492746547081
23365,0.267817509225794,0.283326519280367,0.239794071307513,0.209061900186326
23366,0.141263704788514,0.0578948952061524,0.500380801027024,0.30046059897831
23367,0.154823537027134,0.221153774227089,0.482383505034938,0.141639183710838
23368,0.0780409402239043,0.287054977206738,0.426026212393456,0.208877870175902
23369,0.341758375492072,0.236138347329771,0.170943188234317,0.25116008894384
23370,0.155574724078178,0.111209511756897,0.528814494609833,0.204401269555092
23371,0.685030131711209,0.0641281948628339,0.0762689154027887,0.174572758023169
23372,0.402288989645984,0.0806992101434883,0.0397979864545842,0.477213813755943
23373,0.0981953269792146,0.282303586424329,0.431218855221063,0.188282231375393
23374,0.0437529200455283,0.244905293900167,0.578014077909343,0.133327708144962
23375,0.176310698766154,0.26296721476121,0.417206550670061,0.143515535802575
23376,0.215213267391821,0.321768221841989,0.339919266552335,0.123099244213855
23377,0.170386574059225,0.227527805698209,0.485531556812359,0.116554063430207
23378,0.599615927043439,0.0632057110726408,0.168122901259937,0.169055460623984
23379,0.143168777227402,0.105779528617859,0.334322154521942,0.416729539632797
23380,0.21323837657628,0.331187253165055,0.186373236572344,0.269201133686321
23381,0.120193488000382,0.280379680690321,0.248540041979104,0.350886789330193
23382,0.109842573222153,0.0587351195098987,0.402442355390279,0.42897995187767
23383,0.0950251012299225,0.619644651109646,0.110167840274689,0.175162407385743
23384,0.658164386884603,0.0697271903583943,0.125985325321446,0.146123097435557
23385,0.152162065973159,0.283449483904273,0.456396492934436,0.107991957188132
23386,0.146814819869068,0.539381134374861,0.0407266533212367,0.273077392434834
23387,0.23489931050763,0.219528017792642,0.0788929233037463,0.466679748395981
23388,0.0873732498837505,0.254454614627768,0.316084476680193,0.342087658808288
23389,0.0610783981973767,0.0747587338922399,0.414103763383409,0.450059104526975
23390,0.218390190053279,0.412318783631361,0.25684540698393,0.112445619331431
23391,0.221134917522588,0.4191515161955,0.277379444046277,0.0823341222356351
23392,0.262440465019927,0.340333570828033,0.320841124032702,0.0763848401193368
23393,0.128485725765888,0.524846738482044,0.286747876034095,0.0599196597179732
23394,0.286022599249741,0.460592799475896,0.175100130213795,0.078284471060567
23395,0.159734293818474,0.343305110931397,0.419479995965958,0.0774805992841721
23396,0.489883002572156,0.256758493849438,0.172427493692581,0.0809310098858246
23397,0.396050763306733,0.311690733804223,0.195527216992056,0.0967312858969888
23398,0.195624682568033,0.620304070693012,0.125627033375082,0.0584442133638732
23399,0.149885687601991,0.616321100659395,0.162490460928316,0.0713027508102972
23400,0.466972419605892,0.184711045710249,0.238025699346109,0.110290835337751
23401,0.348157390289423,0.352676554649626,0.193485087447535,0.105680967613415
23402,0.207640666861201,0.532283397570373,0.199911077325213,0.060164858243212
23403,0.254034107641148,0.276496923189541,0.355935521929015,0.113533447240296
23404,0.184935785268835,0.459576087429229,0.292798172414235,0.0626899548877014
23405,0.146114321740185,0.507313557078146,0.253465239010233,0.0931068821714354
23406,0.434997210688827,0.328403152415227,0.165707860120562,0.0708917767753849
23407,0.301563824689927,0.341244513671927,0.205859777244035,0.151331884394111
23408,0.362624108791351,0.347743809223175,0.188854321837425,0.100777760148048
23409,0.278632926405984,0.382611972870888,0.241629500316255,0.0971256004068732
23410,0.216601295268613,0.40304424780871,0.203072828237583,0.177281628685095
23411,0.200067906081171,0.324007955759704,0.353322264899893,0.122601873259232
23412,0.163964375853539,0.514097452163696,0.196178913116455,0.12575925886631
23413,0.235930375335526,0.29362014811099,0.354229878015217,0.116219598538268
23414,0.317336747566961,0.319840112919811,0.201960763393663,0.160862376119565
23415,0.301642420155126,0.436299893530457,0.176998050339505,0.0850596359749111
23416,0.170224574651948,0.578800550419084,0.164556158117113,0.0864187168118549
23417,0.40104528365183,0.224804217559005,0.265571796918546,0.108578701870619
23418,0.165316636403899,0.249601550412132,0.230682619491737,0.354399193692231
23419,0.174784096699716,0.422121560903215,0.174802708250325,0.228291634146745
23420,0.241259241672026,0.227201456713644,0.432923754313802,0.0986155473005277
23421,0.328481922402439,0.325335542122589,0.184601819056327,0.161580716418645
23422,0.233149007967174,0.169681226034091,0.369571484948904,0.227598281049831
23423,0.522028073011992,0.159382055420218,0.241017081111161,0.0775727904566291
23424,0.337687328652471,0.247745703805046,0.198279821795813,0.21628714574667
23425,0.373819410800934,0.286916434764862,0.189210176467896,0.150053977966309
23426,0.220606130054502,0.466634803017455,0.186896679000606,0.125862387927437
23427,0.452849788485103,0.155131825986064,0.321578848303152,0.0704395372256809
23428,0.361591268730424,0.186176473314271,0.225024678557376,0.227207579397929
23429,0.250953396746762,0.496951144302221,0.170061328632335,0.0820341303186815
23430,0.25833957424985,0.343597250297768,0.322973388322689,0.0750897871296932
23431,0.255455616942877,0.362416421807057,0.309536551081189,0.0725914101688774
23432,0.238191779175033,0.247287984816193,0.29174049012693,0.222779745881844
23433,0.446645038077423,0.282105515975711,0.187776721558598,0.0834727243882688
23434,0.220877003358647,0.30079319624911,0.384488994114265,0.0938408062779783
23435,0.239427768009074,0.178169751817889,0.382005680143664,0.200396800029373
23436,0.263370353130831,0.382394654345751,0.183440900589187,0.17079409193423
23437,0.242282977155216,0.312766618566959,0.323343463018763,0.121606941259062
23438,0.141184482153903,0.223805179233965,0.565708053835662,0.0693022847764705
23439,0.270370040392429,0.337598507666566,0.225430521747925,0.16660093019308
23440,0.360067719816152,0.251731242958736,0.30100956110642,0.0871914761186916
23441,0.114387823426905,0.181957271963995,0.388194614824733,0.315460289784368
23442,0.280449873517078,0.31270924909508,0.307086474606838,0.0997544027810038
23443,0.432281841290676,0.231764759053205,0.237453203087443,0.0985001965686767
23444,0.169248197285418,0.395932146815929,0.359830059703366,0.0749895961952864
23445,0.147565608753473,0.296179067201133,0.485418427192361,0.0708368968530333
23446,0.382917307789165,0.274472849039605,0.255530789824175,0.0870790533470543
23447,0.22573098035758,0.0835486557286533,0.370492807690215,0.320227556223551
23448,0.10574514576413,0.26715058486388,0.0888671664724822,0.538237102899508
23449,0.524645640226154,0.0469337751289324,0.138830128952156,0.289590455692758
23450,0.0577886683407823,0.107783403760689,0.422046142159517,0.412381785739011
23451,0.152932716117312,0.221033271833758,0.303766603711745,0.322267408337185
23452,0.0471659597220573,0.590699847111852,0.0425643694209727,0.319569823745118
23453,0.461055642162342,0.104195775617879,0.147483207044136,0.287265375175643
23454,0.198861676437582,0.1525138341265,0.0546923883958517,0.593932101040067
23455,0.303047443880924,0.0674911876396658,0.077745466265895,0.551715902213515
23456,0.105546404256034,0.633679192254567,0.0484425932633104,0.212331810226088
23457,0.0928725695507058,0.0630003973022192,0.202871938113986,0.641255095033089
23458,0.0399947762489319,0.362692773342133,0.25777006149292,0.339542388916016
23459,0.248048509507468,0.390247039678562,0.0431831359270376,0.318521314886933
23460,0.184576050822258,0.589380447487387,0.0587551225629086,0.167288379127446
23461,0.0415816592698795,0.269632480453477,0.390605289023957,0.298180571252687
23462,0.595288223720583,0.168398113940635,0.0495234472623853,0.186790215076397
23463,0.0453314732114959,0.100433436397336,0.503331111657181,0.350903978733987
23464,0.0562060597141133,0.0472116484725795,0.559413048355395,0.337169243457913
23465,0.234964057803154,0.373804658651352,0.0659003704786301,0.325330913066864
23466,0.316222741434995,0.132765105341305,0.130618995306745,0.420393157916955
23467,0.0488679980563968,0.633572177719344,0.0795987045660277,0.237961119658231
23468,0.487790498063821,0.107136822970446,0.0857423228895732,0.31933035607616
23469,0.090538110261942,0.087760332773909,0.725605395781753,0.0960961611823964
23470,0.47679242985288,0.242018672122578,0.189447929515425,0.0917409685091169
23471,0.0875255329538216,0.317563836538253,0.497592128777387,0.0973185017305389
23472,0.282795748627313,0.279060236243599,0.249125652041267,0.189018363087822
23473,0.143975925207676,0.101236795606387,0.487171728450692,0.267615550735245
23474,0.236017707526948,0.148513572640919,0.291207615900153,0.32426110393198
23475,0.110222210506598,0.565635906927975,0.0809609722876331,0.243180910277793
23476,0.143794237496002,0.626236255271463,0.0803617158505193,0.149607791382016
23477,0.317349885662643,0.104771719944056,0.303216640699158,0.274661753694143
23478,0.214745792966273,0.44680774877679,0.182252663109491,0.156193795147446
23479,0.0754720179258581,0.198351140357156,0.296866171877097,0.429310669839889
23480,0.0775120435647939,0.452356013515233,0.375764615788185,0.0943673271317883
23481,0.289462672645032,0.534341967060776,0.0957581358064054,0.0804372244877864
23482,0.67719153531815,0.0980863169405962,0.118773449397878,0.105948698343375
23483,0.129507422447205,0.32253435254097,0.197228759527206,0.350729465484619
23484,0.0497075116359904,0.30353262002843,0.567754666843295,0.0790052014922842
23485,0.185529781294654,0.42728027223855,0.0448726969412785,0.342317249525518
23486,0.0415841019684707,0.362239909396169,0.161892479125531,0.43428350950983
23487,0.200482329740594,0.404104751470827,0.0401280981340438,0.355284820654536
23488,0.144105602625179,0.527686134805862,0.0536585913198767,0.274549671249082
23489,0.236709188867969,0.0617743125293506,0.179155645085042,0.522360853517639
23490,0.12765072286129,0.0552259236574173,0.24973475933075,0.567388594150543
23491,0.0559025878862703,0.115131472727573,0.354982809200114,0.473983130186042
23492,0.051431268453598,0.330318689346314,0.377017974853516,0.241232067346573
23493,0.0949555032331086,0.130135296805685,0.109006113491907,0.665903086469299
23494,0.158917818045269,0.491271894230065,0.0550833431277426,0.294726944596923
23495,0.0915967581496247,0.719449506710293,0.051162774652936,0.137790960487147
23496,0.0831806824203708,0.434124567250248,0.0372260778625697,0.445468672466812
23497,0.114496257696161,0.627585255637216,0.0735220042438062,0.184396482422817
23498,0.147642540151515,0.0542191275092829,0.373840456811196,0.424297875528006
23499,0.047519737762203,0.0817340046813341,0.276654045159148,0.594092212397315
23500,0.0408064865945803,0.157291648428267,0.486733339924614,0.31516852505254
23501,0.453126847743988,0.0513062924146652,0.193473294377327,0.30209356546402
23502,0.13598803141673,0.0543413739244356,0.390410525775309,0.419260068883526
23503,0.579220575713498,0.0659462566391749,0.0542601554316236,0.300573012215703
23504,0.339269638061523,0.269181609153748,0.17070172727108,0.220847025513649
23505,0.050685421387634,0.27992266833667,0.432912475361116,0.236479434914581
23506,0.43070712685585,0.0614699423313141,0.36883419752121,0.138988733291626
23507,0.672085687396995,0.129595962250323,0.0728313087039148,0.125487041648767
23508,0.0574425147170859,0.112181005008485,0.361795529647733,0.468580950626695
23509,0.340015890747427,0.217122154065387,0.0843919000356786,0.358470055151508
23510,0.345826492272012,0.0643490134633637,0.17984623520879,0.409978259055835
23511,0.265978497312915,0.0809854065711151,0.0690356670221612,0.584000429093809
23512,0.597225798604469,0.200966094455855,0.0592312453515361,0.14257686158814
23513,0.169066979851324,0.182873561297083,0.0554666256328425,0.59259283321875
23514,0.288265796663357,0.0922015688732383,0.210444377440545,0.40908825702286
23515,0.607822468760275,0.0690694143016724,0.181869235904973,0.14123888103308
23516,0.294214574290703,0.0897848077879488,0.309967843368889,0.306032774552459
23517,0.557260577062224,0.105512277077975,0.0657611568701353,0.271465988989666
23518,0.081777800553374,0.0630766278849308,0.710618171445348,0.144527400116347
23519,0.0726499626588079,0.46937846787737,0.0696550602491568,0.388316509214666
23520,0.35977985650793,0.0861606951171004,0.133513045306957,0.420546403068012
23521,0.157448600010616,0.489231214248204,0.223117657806943,0.130202527934237
23522,0.0843356885464052,0.281321418940488,0.183384054156425,0.450958838356681
23523,0.122590170223938,0.63261402124624,0.162657634635699,0.0821381738941235
23524,0.0813948804036164,0.694688911030524,0.0805100718102599,0.1434061367556
23525,0.209677407578114,0.175935410377476,0.157125450244194,0.457261731800216
23526,0.148903208209622,0.284299318258454,0.481018311992561,0.0857791615393633
23527,0.142227368686011,0.262760225873593,0.327664946431889,0.267347459008507
23528,0.0798739984678478,0.660045181958184,0.162128412644252,0.0979524069297162
23529,0.197400598247345,0.467924233764975,0.0637122462413293,0.270962921746351
23530,0.114700839778042,0.0845237604120654,0.669657771808339,0.131117628001553
23531,0.504096746444702,0.0557180494070053,0.0659526735544205,0.374232530593872
23532,0.218353953424675,0.22020978884003,0.117865531333228,0.443570726402067
23533,0.309793999499261,0.165668780634738,0.169932777585602,0.354604442280399
23534,0.163206783485312,0.0739169258785706,0.333777661118244,0.429098629517874
23535,0.200462254888747,0.0753029745117273,0.174171450349263,0.550063320250263
23536,0.195379522511668,0.0815935867787363,0.25522979713634,0.467797093573256
23537,0.214804882970343,0.254433328186721,0.0772046653061062,0.45355712353683
23538,0.548860338088812,0.135370797514246,0.0418754948093796,0.273893369587562
23539,0.0788487023458272,0.134054776011265,0.184368828404879,0.602727693238029
23540,0.0701164230704308,0.0521777644753456,0.468122005462647,0.409583806991577
23541,0.173202767968178,0.298421412706375,0.0582945793867111,0.470081239938736
23542,0.0430987804550905,0.143401158165165,0.504602780479886,0.308897280899858
23543,0.268814525937601,0.265280626258831,0.100232985608787,0.365671862194781
23544,0.0459932557719227,0.130048330238331,0.719079172344086,0.10487924164566
23545,0.246384885215985,0.0704647217621696,0.0678827081936194,0.615267684828226
23546,0.048576048420905,0.0979817636762165,0.686137720507285,0.167304467395593
23547,0.284920857459414,0.382340949138879,0.0392754841201704,0.293462709281537
23548,0.298000529877816,0.0949962689170558,0.0585727849548824,0.548430416250246
23549,0.220689700698031,0.0758085927054926,0.167723299322451,0.535778407274026
23550,0.0566459833714894,0.228332286657188,0.125434363708727,0.589587366262596
23551,0.480917613526827,0.119105036238694,0.197416712285952,0.202560637948527
23552,0.0494987772833693,0.424234623936177,0.431962753475129,0.0943038453053253
23553,0.0872253681594424,0.679568275520915,0.0751888586166011,0.158017497703042
23554,0.629595665466592,0.163702927397322,0.0863925108191003,0.120308896316986
23555,0.0489970104880965,0.153134403901535,0.655403904742704,0.142464680867664
23556,0.359574269043632,0.131637130130444,0.129570130394999,0.379218470430925
23557,0.0615982064247532,0.0583345839753467,0.579516278665149,0.300550930934751
23558,0.199443158515645,0.151057345404366,0.387050444080674,0.262449051999315
23559,0.186786887942401,0.0592763827076959,0.397207047076445,0.356729682273459
23560,0.070307165122378,0.0614265238440539,0.51913100287642,0.349135308157149
23561,0.398606309367387,0.347458255051018,0.175651168603017,0.0782842669785778
23562,0.456595221612071,0.112635011406168,0.076395821136423,0.354373945845338
23563,0.140368355209107,0.394877427892723,0.316889013098344,0.147865203799826
23564,0.0831190347671509,0.517776489257813,0.232927307486534,0.166177168488503
23565,0.0858638795336503,0.0834630119284539,0.708825756477926,0.12184735205997
23566,0.421197546160148,0.265663184692359,0.102003949940322,0.211135319207171
23567,0.231163207160878,0.484064049781323,0.160020771026921,0.124751972030878
23568,0.301010134078638,0.511491123672509,0.0842950499377776,0.103203692311076
23569,0.639367263335965,0.109553393436867,0.174301514795377,0.0767778284317902
23570,0.144045201777738,0.685670007978827,0.101794382903064,0.0684904073403715
23571,0.156816929578781,0.0579778254032135,0.352875858545303,0.432329386472702
23572,0.348039212435776,0.446780327311012,0.0649103750654338,0.140270085187779
23573,0.164697963700398,0.0936112648310795,0.204999391846345,0.536691379622177
23574,0.0504115188509655,0.563612582398998,0.256979228023362,0.128996670726674
23575,0.0643532764131357,0.280994013198032,0.31976993204363,0.334882778345202
23576,0.177987212598705,0.154936443122135,0.229902692738095,0.437173651541065
23577,0.69666557465992,0.0797481972016663,0.135583368903646,0.0880028592347673
23578,0.225524933826364,0.18318458037961,0.0747474512066502,0.516543034587376
23579,0.0655384222498301,0.491346485783852,0.161691459442548,0.28142363252377
23580,0.141760249190338,0.635502714976749,0.0448209805733258,0.177916055259587
23581,0.16720789421785,0.320131088493301,0.24445385866681,0.268207158622039
23582,0.101567713892941,0.222243529226727,0.591826668503483,0.0843620883768486
23583,0.683679873617888,0.0943159826523365,0.101780406372395,0.12022373735738
23584,0.543569811337736,0.153811710384663,0.127309234847266,0.175309243430335
23585,0.631007368631606,0.199499173466122,0.0952899672441932,0.0742034906580784
23586,0.279596435445706,0.236056317267285,0.333391353485375,0.150955893801634
23587,0.147071242332459,0.147691905498505,0.415514022111893,0.289722830057144
23588,0.383244625108437,0.0653671980194629,0.244093278554977,0.307294898317123
23589,0.680245523752611,0.0709665720981849,0.0703748991368331,0.178413005012371
23590,0.243998430490447,0.14567684071293,0.278005101621303,0.33231962717532
23591,0.662110979392298,0.0725415567119304,0.1219854643793,0.143361999516472
23592,0.491946213067379,0.10706062455385,0.0962492809258509,0.30474388145292
23593,0.0769905321893255,0.519453183396256,0.172547345535378,0.231008938879041
23594,0.638069019360788,0.0761255232365685,0.21004788108063,0.0757575763220137
23595,0.205528159563128,0.123814101304429,0.583850277599326,0.0868074615331172
23596,0.0735026001930237,0.319455474615097,0.28825631737709,0.318785607814789
23597,0.33428903417918,0.0767011321574112,0.277348808129167,0.311661025534242
23598,0.615843282285855,0.0960809790473957,0.074694378494597,0.213381360172152
23599,0.186340227723122,0.36292290687561,0.186935946345329,0.263800919055939
23600,0.189470556535266,0.487753533009387,0.195253786515388,0.127522123939959
23601,0.209014363922714,0.476422357425927,0.196605630092533,0.117957648558827
23602,0.2281348671297,0.510413162255091,0.182512712739219,0.07893925787599
23603,0.149150389786446,0.279863930043517,0.456684331372775,0.114301348797262
23604,0.270730288853722,0.533721212548921,0.114643470307018,0.080905028290339
23605,0.46391423630331,0.106591885086531,0.161846779071396,0.267647099538763
23606,0.243306919932365,0.375947386026382,0.155177235603333,0.22556845843792
23607,0.18228043887437,0.262632671931873,0.230055931658386,0.325030957535371
23608,0.444535603129965,0.155965573607336,0.156897611479354,0.242601211783344
23609,0.290814902025239,0.281322326044406,0.309055085345282,0.118807686585073
23610,0.197762318038854,0.463077766333604,0.232222503713425,0.106937411914117
23611,0.143516045581191,0.183705295986564,0.581584619397269,0.0911940390349767
23612,0.180081868765298,0.350579966587425,0.20922424765753,0.260113916989746
23613,0.336228243941927,0.227835098776927,0.365964404509267,0.0699722527718786
23614,0.216224547576694,0.543896524662343,0.167573609747106,0.072305318013856
23615,0.277199596166611,0.231270268559456,0.159932687878609,0.331597447395325
23616,0.32443896419464,0.288252089742602,0.307133619593585,0.0801753264691729
23617,0.225550979375839,0.469061583280563,0.19150222837925,0.113885208964348
23618,0.295871609898813,0.0480546532561136,0.336215728219306,0.319858008625768
23619,0.0483258770965873,0.321385171397941,0.179281411551519,0.451007539953952
23620,0.0859182013959028,0.25111418494742,0.0436518221413377,0.619315791515339
23621,0.324658589606063,0.116678892200829,0.0762902985068566,0.482372219686251
23622,0.195623194312164,0.386091599995796,0.0438756991443407,0.374409506547699
23623,0.0596970485997445,0.167578468068666,0.0709484791810203,0.701776004150569
23624,0.0556772119450985,0.734055925398232,0.0559807187917722,0.154286143864898
23625,0.130095806790237,0.112833266418429,0.176862340192593,0.580208586598741
23626,0.0483815485551266,0.546761872421063,0.0772664102810115,0.327590168742799
23627,0.138181902739139,0.0473448250821694,0.565365405680541,0.24910786649815
23628,0.329646506561062,0.109877104942276,0.0395862582218044,0.520890130274858
23629,0.170552939176559,0.191680431365967,0.158965855836868,0.478800773620606
23630,0.384509012680165,0.33162547902668,0.0627113482836132,0.221154160009542
23631,0.0456902476284745,0.179379931814221,0.484603035621458,0.290326784935846
23632,0.0481679719623934,0.0484668966953868,0.328462141437004,0.574902989905216
23633,0.133876277001556,0.495964400530392,0.0870600031754374,0.283099319292615
23634,0.688222753103399,0.0776951298546953,0.0463842033150754,0.187697913726831
23635,0.0402824625425499,0.312870925532112,0.0727566568694386,0.574089955055899
23636,0.048386370823295,0.465008688531492,0.185894541967864,0.300710398677349
23637,0.338867284481241,0.439468930053762,0.109585436647805,0.112078348817192
23638,0.409596696853515,0.334498149696669,0.179489291440297,0.0764158620095202
23639,0.236021839498823,0.216912024709224,0.450948642165999,0.096117493625954
23640,0.316089386998275,0.123918844403046,0.454873167650801,0.105118600947878
23641,0.151227046585889,0.432728184244877,0.24164820437575,0.174396564793484
23642,0.321401908460345,0.178203903654392,0.337566599439082,0.162827588446182
23643,0.331070582206811,0.424050395247317,0.167160381844021,0.0777186407018518
23644,0.295049263315615,0.39321737259108,0.165641672863439,0.146091691229866
23645,0.139177692842816,0.379086429192328,0.251927431644091,0.229808446320766
23646,0.265899773450199,0.372499996833503,0.206137296465974,0.155462933250324
23647,0.13499277628969,0.618755629379218,0.163736117426513,0.0825154769045789
23648,0.263103660000806,0.542806855696338,0.103502704150934,0.0905867801519218
23649,0.307177543640137,0.316659092903137,0.200729370117188,0.175433993339539
23650,0.312372489826642,0.23607769173731,0.167597807985446,0.283952010450602
23651,0.2209582477808,0.511740148067474,0.170939341187477,0.0963622629642487
23652,0.151349551290999,0.369290547190184,0.404783177589618,0.0745767239291992
23653,0.172687647153621,0.233794804903942,0.501685969506413,0.0918315784360233
23654,0.150910581621212,0.205174633706372,0.550016207992548,0.0938985766798682
23655,0.276656979099133,0.417322447508817,0.199501077841943,0.106519495550107
23656,0.110451375459476,0.135215845662001,0.210606585205944,0.543726193672578
23657,0.487926404653335,0.261685645468957,0.0798042955950863,0.170583654282622
23658,0.31814123995076,0.0867461902370233,0.213574103505384,0.381538466306833
23659,0.543491260513403,0.263739623538841,0.0897422310633132,0.103026884884443
23660,0.280089573865507,0.160958404002095,0.0585513894886607,0.500400632643737
23661,0.240547018618665,0.0942759166663035,0.120839343623255,0.544337721091777
23662,0.125882619952442,0.378365201725131,0.138487675555601,0.357264502766825
23663,0.228859108256413,0.143212584507278,0.235416408845538,0.392511898390771
23664,0.0752954598384145,0.309885577415575,0.142725133476028,0.472093829269983
23665,0.29271429122878,0.277561688179634,0.0496881518582668,0.38003586873332
23666,0.32316670784851,0.112006637811859,0.211582070934238,0.353244583405393
23667,0.314899944180997,0.0873682553909364,0.435280790136439,0.162451010291628
23668,0.521928775565428,0.0766339508451383,0.125972864196311,0.275464409393123
23669,0.23066155784325,0.29168898084528,0.103124149912031,0.37452531139944
23670,0.220230071095898,0.123593843552516,0.473404105950861,0.182771979400724
23671,0.0553698777814632,0.278513420136096,0.504368642166052,0.16174805991639
23672,0.194304254735943,0.171315801571074,0.315630133217124,0.318749810475859
23673,0.287226208663768,0.522367731403343,0.0757582806276763,0.114647779305213
23674,0.0460582932604168,0.3348172890588,0.500127850099922,0.118996567580862
23675,0.0767180999868967,0.538814548692216,0.057478741239598,0.32698861008129
23676,0.180083429361999,0.127989449382379,0.0871179281933196,0.604809193062303
23677,0.17792508536354,0.254906006303609,0.243013985246837,0.324154923086015
23678,0.507262701087489,0.0723634428639325,0.0440643164061273,0.376309539642451
23679,0.541402125719285,0.0930144604898003,0.246701907219078,0.118881506571837
23680,0.0502912104129791,0.0866789370775223,0.635738968849182,0.227290883660316
23681,0.0856397741612809,0.141266896268227,0.654974992163666,0.118118337406826
23682,0.0518353738164212,0.349562292539512,0.418498939551397,0.18010339409267
23683,0.376763788038762,0.0916553505386758,0.177608458864626,0.353972402557936
23684,0.0812219351074869,0.674402033001109,0.0750112431119664,0.169364788779438
23685,0.33448785045016,0.350086683778663,0.194979709461634,0.120445756309543
23686,0.065189160163741,0.0495316347124739,0.535269318017105,0.35000988710668
23687,0.13110427851463,0.103420461045663,0.28221011792593,0.483265142513778
23688,0.310716519079105,0.0899058681698402,0.048891448941572,0.550486163809483
23689,0.159192751074053,0.184794912195357,0.504187092060235,0.151825244670354
23690,0.32850338497028,0.257996600478736,0.0379654931112599,0.375534521439725
23691,0.0772539336921458,0.106659816603223,0.520672771001537,0.295413478703094
23692,0.0541260065221634,0.467007046423485,0.0806639822971234,0.398202964757228
23693,0.0803628003759444,0.358247504752018,0.375919001218036,0.185470693654002
23694,0.115527454481347,0.268992461830153,0.245415694874993,0.370064388813507
23695,0.0849633365869522,0.475880920886993,0.19086828827858,0.248287454247475
23696,0.412612270745086,0.434960107432599,0.0775952006461382,0.0748324211761763
23697,0.322582341490291,0.0921438133450705,0.298094338881098,0.28717950628354
23698,0.152621775865555,0.263601124286652,0.320059061050415,0.263718038797379
23699,0.127459041627703,0.642860374280192,0.0843381533421187,0.145342430749987
23700,0.425998962312921,0.0681848983196154,0.410375929033398,0.0954402103340657
23701,0.0784842854060658,0.510377310680329,0.230333025619374,0.180805378294232
23702,0.0965524486426811,0.205635090298245,0.603412224428629,0.094400236630445
23703,0.132799312472343,0.586298406124115,0.177723556756973,0.103178724646568
23704,0.188269456871434,0.176313450226589,0.30765370451372,0.327763388388258
23705,0.159401240339894,0.491945989309937,0.178929033561484,0.169723736788686
23706,0.433807462453842,0.111664772033691,0.314478695392609,0.140049070119858
23707,0.200266742698349,0.601543766214139,0.120874945197256,0.0773145458902554
23708,0.145117943924589,0.567959091363813,0.174298263128782,0.112624701582816
23709,0.163994473755442,0.218222823467511,0.170606700023909,0.447176002753139
23710,0.518071293830872,0.120714023709297,0.152918249368668,0.208296433091164
23711,0.0826369374990463,0.616266310214996,0.198542669415474,0.102554082870483
23712,0.157387323262721,0.160472355506078,0.435289760021408,0.246850561209793
23713,0.087031264341203,0.357638911990862,0.337956684158866,0.217373139509069
23714,0.229010421469963,0.164113866748122,0.498483099020766,0.108392612761149
23715,0.284871542046855,0.11934125901741,0.366248092809735,0.229539106126001
23716,0.376275837421417,0.191897183656693,0.187387451529503,0.244439527392387
23717,0.269655684741426,0.4742542979961,0.0693122248840416,0.186777792378433
23718,0.177231289918629,0.174394943165553,0.416343260542002,0.232030506373816
23719,0.326700550567379,0.399001195989594,0.0774866296904769,0.19681162375255
23720,0.13106007874012,0.110214531421661,0.577574253082275,0.181151136755943
23721,0.548901017390929,0.205926312462044,0.173383428354685,0.0717892417923418
23722,0.112267202792561,0.258177695734965,0.313561765003489,0.315993336468985
23723,0.145450615341189,0.407382619050922,0.335803910979454,0.111362854628435
23724,0.241736309541287,0.432629409675519,0.0926296941386885,0.233004586644505
23725,0.252407377639578,0.0853787828694012,0.574370635473072,0.0878432040179492
23726,0.258800957483067,0.364807939005016,0.23180920231058,0.144581901201336
23727,0.192655938754319,0.181319895108341,0.31295398344031,0.313070182697031
23728,0.184253252256516,0.270829427056189,0.169976405651432,0.374940915035863
23729,0.135363635375418,0.647868141952124,0.145044845080863,0.0717233775915941
23730,0.268026254533939,0.318549891753498,0.230365686703751,0.183058167008812
23731,0.146129959591029,0.201743540271732,0.296855169347237,0.355271330790003
23732,0.459295409146525,0.249475697035927,0.0982546470409128,0.192974246776635
23733,0.610771545928293,0.100024835765732,0.0986124440820879,0.190591174223888
23734,0.0585736658689815,0.0685109632367089,0.531490971679036,0.341424399215274
23735,0.560875053995289,0.0752540746684814,0.160490124221965,0.203380747114265
23736,0.145491453193001,0.162173377903899,0.310101662726725,0.382233506176375
23737,0.107309615503108,0.588727525044568,0.223255616079932,0.080707243372392
23738,0.376987641706879,0.175299900402127,0.151267143357801,0.296445314533194
23739,0.197524788938832,0.161098110096128,0.160475822694239,0.4809012782708
23740,0.130914266976289,0.0780542842133557,0.718849339519461,0.0721821092908946
23741,0.0711037835807736,0.148430053842963,0.518539980606436,0.261926181969827
23742,0.163903509741812,0.274640364966371,0.125713087575848,0.435743037715969
23743,0.138284116983414,0.708839356899262,0.0865157917141914,0.0663607344031334
23744,0.0640987921982644,0.692500373497617,0.170214822000707,0.0731860123034123
23745,0.592830836772919,0.114813469350338,0.119360752403736,0.172994941473007
23746,0.560012595653909,0.223271078564855,0.082771154724692,0.133945171056544
23747,0.13197400772649,0.289662918756517,0.44333191384876,0.135031159668232
23748,0.230470413778639,0.44279318058208,0.0872503723073668,0.239486033331915
23749,0.610033245907968,0.218300502956685,0.0967638245027272,0.0749024266326203
23750,0.222839415073395,0.191290095448494,0.458574265241623,0.127296224236488
23751,0.293432602090615,0.213107756170862,0.382187467282637,0.111272174455886
23752,0.253383986551047,0.294994047433315,0.173941487850503,0.277680478165135
23753,0.16554575655137,0.212865871957891,0.203869846693864,0.417718524796875
23754,0.297617226839066,0.23531100153923,0.206153035163879,0.260918736457825
23755,0.378993169255809,0.247657841158739,0.277256776494653,0.0960922130907993
23756,0.143031861095671,0.340134968157561,0.210314029147803,0.306519141598965
23757,0.321889859508345,0.385689272943485,0.188918329362509,0.103502538185661
23758,0.451457573516893,0.178246265001484,0.0994943708030692,0.270801790678555
23759,0.143091352926066,0.40982416882849,0.252799157094943,0.194285321150501
23760,0.319544196128845,0.0988291501998901,0.496778696775436,0.0848479568958283
23761,0.250865608453751,0.192569375038147,0.343890577554703,0.2126744389534
23762,0.218005266517322,0.347425247022133,0.261247064750685,0.173322421709859
23763,0.468611762863047,0.24866481874392,0.164893815967625,0.117829602425408
23764,0.492754909655409,0.0819291154843721,0.190909309075652,0.234406665784568
23765,0.0913084921630768,0.0779562168704336,0.519482091649833,0.311253199316657
23766,0.0896591266168459,0.144748959200434,0.693497375253529,0.0720945389291914
23767,0.320605491408788,0.27534074001522,0.252039615095252,0.152014153480741
23768,0.128748690877051,0.0831265635696007,0.346016154260165,0.442108591293183
23769,0.192360899193843,0.161383368311076,0.388027829467006,0.258227903028075
23770,0.168773045205267,0.0632605720538071,0.571076767774724,0.196889614966202
23771,0.0670060147867055,0.433708879602767,0.0643212204003425,0.434963885210185
23772,0.0798051115914037,0.186585451962379,0.106766951677942,0.626842484768276
23773,0.07309932679984,0.277998494595357,0.460854628941955,0.188047549662849
23774,0.142159027723088,0.301074857993799,0.127202568542919,0.429563545740194
23775,0.499704502509736,0.13856295370592,0.0654709815444491,0.296261562239896
23776,0.240464216453425,0.0665733118886757,0.24728553566018,0.445676935997719
23777,0.278979148283912,0.31881269337516,0.274972226098594,0.127235932242335
23778,0.0751280891637454,0.395885624221398,0.0615294951090871,0.467456791505769
23779,0.504906844457392,0.242856239740317,0.100377062716567,0.151859853085723
23780,0.440747699624747,0.26947028749851,0.0550401349198884,0.234741877956854
23781,0.562979778758428,0.14715576720073,0.0758089227903233,0.214055531250519
23782,0.137701490326159,0.2646107853378,0.313045875144934,0.284641849191106
23783,0.337291066904233,0.0510902859433038,0.251304749418866,0.360313897733597
23784,0.092865065778029,0.0543695135530403,0.502972012418941,0.34979340824999
23785,0.564035290136539,0.170046923644316,0.0512193845448712,0.214698401674274
23786,0.249452007938534,0.301213888069884,0.0830335834396364,0.366300520551946
23787,0.579923395662929,0.135595397171344,0.113320478151146,0.171160729014581
23788,0.132024933845734,0.474071579950734,0.0972443929778186,0.296659093225714
23789,0.643127529760936,0.0942007121831497,0.0979075550097624,0.164764203046152
23790,0.0338473474062584,0.12591566333049,0.630665013651028,0.209571975612223
23791,0.172598203955684,0.0719326920544442,0.608758179386651,0.14671092460322
23792,0.181838050484657,0.62335342168808,0.100259274244308,0.0945492535829544
23793,0.20967887810645,0.0976743049399772,0.237748330185153,0.45489848676842
23794,0.281334016939014,0.143836187479439,0.154384257709745,0.420445537871801
23795,0.263248909653209,0.28086282652061,0.0603440788992313,0.395544184926949
23796,0.177409727727787,0.248577058400091,0.175208602833235,0.398804611038887
23797,0.356381123608069,0.203188839602304,0.351627295488526,0.0888027413011006
23798,0.28698003078267,0.0591179500585947,0.230324385834304,0.423577633324432
23799,0.555159211158752,0.0825328081846237,0.0829739421606064,0.279334038496017
23800,0.168169173123973,0.666537771620419,0.0770037856251565,0.088289269630451
23801,0.0501155193920922,0.12854117442387,0.726230697175056,0.0951126090089815
23802,0.107464873101301,0.661553685825718,0.117552355807665,0.113429085265317
23803,0.285344875276347,0.206190143663961,0.0737246663955897,0.434740314664103
23804,0.27885729282243,0.0804906120932893,0.344489249173472,0.296162845910809
23805,0.261608384203661,0.0797375863868717,0.499123737242111,0.159530292167357
23806,0.139340009112954,0.288221052640049,0.16627957921387,0.406159359033127
23807,0.447241130635671,0.10364343353251,0.105502338379482,0.343613097452337
23808,0.216354213045753,0.486678910006623,0.185081922073591,0.111884954874033
23809,0.324776868535467,0.399560517098873,0.182570237960205,0.0930923764054551
23810,0.200343374915645,0.559334350213431,0.171924997238629,0.0683972776322948
23811,0.478951793948122,0.249639293192353,0.185055487414618,0.0863534254449075
23812,0.300835664557879,0.313023324116717,0.287749912027271,0.098391099298133
23813,0.553269632954443,0.229177239972014,0.109965139775949,0.107587987297594
23814,0.326198503056102,0.340670690268458,0.241999413460467,0.0911313932149735
23815,0.161742619949994,0.157286949036432,0.383102642734467,0.297867788279107
23816,0.395833668143796,0.311332879131042,0.201247988631964,0.0915854640931974
23817,0.249743703764213,0.241188172644906,0.372562928234208,0.136505195356673
23818,0.226336613297462,0.270737409591675,0.324924468994141,0.178001508116722
23819,0.163609672269441,0.560020161271546,0.189628828830171,0.0867413376288415
23820,0.300354111926477,0.25854276647632,0.341443198120475,0.0996599234767287
23821,0.104326162326106,0.315121877375175,0.231004438139333,0.349547522159386
23822,0.17704390253192,0.355178540277161,0.154854061526866,0.312923495664053
23823,0.137681292558928,0.200143519046061,0.394162094506057,0.268013093888955
23824,0.165197114193525,0.551149590279174,0.177362347323825,0.106290948203476
23825,0.467800136895477,0.238892866381311,0.175122721678594,0.118184275044618
23826,0.112153569810678,0.57932731899646,0.154539652710871,0.153979458481992
23827,0.366964947192816,0.278347619722713,0.0981699853590126,0.256517447725458
23828,0.0519973933696747,0.274245738983154,0.414740383625031,0.259016484022141
23829,0.305337438146396,0.190378835510577,0.156908174064999,0.347375552278029
23830,0.0772964209318161,0.640459477901459,0.126538023352623,0.155706077814102
23831,0.193653991629302,0.19832927579669,0.506610408622337,0.101406323951671
23832,0.147892777558946,0.190402275037833,0.475636913646368,0.186068033756853
23833,0.311946279822579,0.0956733769701431,0.348552711648182,0.243827631559096
23834,0.472450661378006,0.137602379083722,0.291143875239189,0.0988030842990832
23835,0.221082755294956,0.375659454594271,0.19506239309721,0.208195397013563
23836,0.376830417608308,0.104276624194484,0.155488337412824,0.363404620784383
23837,0.0657465358917961,0.139898861203385,0.213119573402421,0.581235029502398
23838,0.61291519047699,0.15714309407131,0.0981097773562471,0.131831938095453
23839,0.673143844195834,0.117861903778428,0.102239100768513,0.106755151257226
23840,0.303238196815768,0.0930179548122565,0.501123867979223,0.102619980392753
23841,0.454460985279992,0.105493845127431,0.170171248468328,0.269873921124249
23842,0.614988038167179,0.092643612513596,0.0932339518254094,0.199134397493815
23843,0.331608238306703,0.116497837875022,0.327884855329132,0.224009068489142
23844,0.585379097519259,0.118827017300113,0.0867185628390955,0.209075322341532
23845,0.12252232629706,0.0995935231628929,0.315820143409663,0.462064007130384
23846,0.477985012456216,0.297372322431666,0.157395025990718,0.0672476391213998
23847,0.173693542888568,0.579253929235158,0.179970970152943,0.0670815577233302
23848,0.0649424562980052,0.163345276092401,0.622259910238833,0.149452357370761
23849,0.275459903085534,0.241228718702701,0.2731881019538,0.210123276257965
23850,0.104687718977217,0.184694510926388,0.612414231711414,0.0982035383849809
23851,0.445258299473302,0.280263232577001,0.200800171458714,0.0736782964909838
23852,0.293756165914421,0.286846258844324,0.17161013697416,0.247787438267095
23853,0.158278096279757,0.275706356965893,0.470124761837529,0.0958907849168208
23854,0.465159680953922,0.242435095888115,0.183268471186843,0.10913675197112
23855,0.257437769434419,0.264520917304172,0.162630277315233,0.315411035946176
23856,0.211578807579839,0.479165419315261,0.148240242846019,0.16101553025888
23857,0.371603475078811,0.427724464694989,0.129806543521339,0.0708655167048605
23858,0.463645945421888,0.160029921532346,0.252169346485347,0.124154786560419
23859,0.631370122497006,0.111027761466594,0.169814719484637,0.0877873965517625
23860,0.190413272095122,0.295236328102241,0.305220344818245,0.209130054984392
23861,0.199389934539795,0.134355962276459,0.589112162590027,0.0771419405937195
23862,0.139093259755773,0.167517715412463,0.622632122686799,0.0707569021449647
23863,0.366227992614239,0.0944833404082806,0.381525703851708,0.157762963125772
23864,0.272602991616904,0.486869095973319,0.0881776564227138,0.152350255987063
23865,0.0679039379329663,0.146714930138437,0.412296843895222,0.373084288033375
23866,0.318505967877716,0.308051670967763,0.142596868535923,0.230845492618598
23867,0.0625554481529511,0.257895533113115,0.137432964703932,0.542116054030002
23868,0.0413428259296067,0.109745058707746,0.525149837885792,0.323762277476855
23869,0.246410934281268,0.0845956572547878,0.16907179229653,0.499921616167414
23870,0.137689468167213,0.0653703719667262,0.627888129028198,0.169052030837863
23871,0.0482123962271528,0.156598234886735,0.569692473384618,0.225496895501494
23872,0.0395098626613617,0.148043438792229,0.63676780462265,0.175678893923759
23873,0.136901776882953,0.284389904606643,0.38816394245136,0.190544376059044
23874,0.569020680054714,0.261614825403469,0.0645550852335232,0.104809409308293
23875,0.0482885543129485,0.53175622620997,0.32826578861673,0.0916894308603512
23876,0.210137653501893,0.300496582694301,0.133924605457851,0.355441158345955
23877,0.240974082107139,0.239009840731128,0.0487915341998377,0.471224542961896
23878,0.143257564749907,0.280787361299427,0.134915164183758,0.441039909766908
23879,0.144213399777415,0.495250902857672,0.255513381459417,0.105022315905496
23880,0.466102533547543,0.266805823641929,0.0901737646732663,0.176917878137262
23881,0.592696483487662,0.0839146741933027,0.227513967249438,0.0958748750695968
23882,0.11692637118007,0.692305440513004,0.0748041117578439,0.115964076549082
23883,0.342701923855294,0.110763313059932,0.403605142047733,0.142929621037041
23884,0.221601994496599,0.465531561266866,0.23164729946589,0.0812191447706457
23885,0.307768213058076,0.203235662595956,0.0508777143074019,0.438118410038566
23886,0.292195618152618,0.157595187425613,0.30034863948822,0.249860554933548
23887,0.357809947035161,0.224292616142002,0.174976237489711,0.242921199333125
23888,0.231891507687609,0.301589303428174,0.387618562855902,0.0789006260283151
23889,0.649883901704702,0.163712614636398,0.115231010495461,0.0711724731634381
23890,0.171957156507565,0.655956233142176,0.0727259767325959,0.0993606336176632
23891,0.522573820910248,0.0743369001993999,0.155182225179937,0.247907053710415
23892,0.127161152532032,0.387712485330553,0.193785342944542,0.291341019192873
23893,0.191037308591654,0.441682539103878,0.0583662119067048,0.308913940397763
23894,0.177675187587738,0.358228176832199,0.165588706731796,0.298507928848267
23895,0.104865530205749,0.283926640211443,0.525519259654273,0.0856885699285354
23896,0.13609559428407,0.192836740826465,0.464001731157251,0.207065933732214
23897,0.195329338312149,0.266054421663284,0.134590268135071,0.404025971889496
23898,0.132928316776764,0.609619997800142,0.120019403100737,0.137432282322358
23899,0.197394266724586,0.266807705163956,0.125484600663185,0.410313427448273
23900,0.140901993486226,0.303740611560923,0.16033328591784,0.395024109035012
23901,0.204651683568954,0.531229376792908,0.14716948568821,0.116949453949928
23902,0.092959406594069,0.388948330859554,0.407995977580757,0.110096284965619
23903,0.324141000570968,0.198349598025525,0.145312862773431,0.332196538630076
23904,0.144766043282567,0.330975224644684,0.300767502165809,0.22349122990694
23905,0.546415984630585,0.0744418129324913,0.294790357351303,0.0843518450856209
23906,0.684090072780176,0.0733860800162995,0.112494140025272,0.130029707178252
23907,0.198103040456772,0.205800443887711,0.309050858020782,0.287045657634735
23908,0.212665696725228,0.328162319842629,0.122524077948721,0.336647905483423
23909,0.280498494189289,0.162010380550832,0.080824781923563,0.476666343336316
23910,0.0694447617150063,0.28837877941696,0.45174697714667,0.190429481721364
23911,0.2415551841259,0.0765965282917023,0.171143412590027,0.510704874992371
23912,0.198585137724876,0.181356891989708,0.334965318441391,0.285092651844025
23913,0.124129882043446,0.156887091259081,0.505776785572326,0.213206241125147
23914,0.043315465041104,0.700163102517024,0.0776990253504692,0.178822407091403
23915,0.671318337217309,0.153707083604326,0.0940309816442956,0.0809435975340695
23916,0.122747503086776,0.214034704210443,0.57002255737916,0.093195235323622
23917,0.120570043299941,0.432244221914818,0.172680817275607,0.274504917509634
23918,0.409873729355709,0.098651060542401,0.157700007694959,0.333775202406931
23919,0.259806059976509,0.382715662274474,0.057155186682618,0.300323091066399
23920,0.205856958293481,0.263445716952341,0.343214795435136,0.187482529319042
23921,0.208821851146547,0.200772154342713,0.493056394056326,0.0973496004544139
23922,0.12080693899984,0.244622154201402,0.553896005795181,0.0806749010035776
23923,0.484318066738887,0.331762276624986,0.114602198125373,0.0693174585107537
23924,0.205782537291554,0.588098539146003,0.140101629646904,0.0660172939155391
23925,0.243478268384933,0.263448596000671,0.163139432668686,0.329933702945709
23926,0.393087124721514,0.383150076615067,0.155546339683925,0.0682164589794943
23927,0.189942533077522,0.195535177125478,0.343244274161927,0.271278015635073
23928,0.124035149812698,0.336899191141129,0.355254262685776,0.183811396360397
23929,0.0751575300458258,0.399583724144222,0.161774812923559,0.363483932886392
23930,0.154726539693074,0.269127019319744,0.232765443109436,0.343380997877747
23931,0.19121854149713,0.564356688889538,0.169554339122432,0.0748704304908993
23932,0.366437706101222,0.361242118189053,0.0900995812572508,0.182220594452475
23933,0.109889838476113,0.568079748448739,0.24836263625463,0.0736677768205189
23934,0.0784988942406825,0.660482242565205,0.189452309670723,0.071566553523389
23935,0.294867715392479,0.205788382715333,0.2181187356079,0.281225166284288
23936,0.499154679489811,0.140900565074376,0.178514612041196,0.181430143394617
23937,0.123570485061847,0.237818371686066,0.4682274092998,0.170383733952288
23938,0.505465459200713,0.144163716081464,0.068524712365673,0.28184611235215
23939,0.365310679832419,0.17105864498194,0.287074157210414,0.176556517975227
23940,0.31198669177264,0.111459846305695,0.239846756454857,0.336706705466808
23941,0.138184946666994,0.191297497049775,0.570061849726844,0.100455706556386
23942,0.590363208877766,0.137360573838357,0.19102406644094,0.081252150842936
23943,0.152211730248086,0.451860739346169,0.251953132508789,0.143974397896957
23944,0.303787786372461,0.174577751212651,0.44809780835741,0.0735366540574784
23945,0.0847152062378171,0.145220703417988,0.552397633451118,0.217666456893077
23946,0.277955274207714,0.541157086981725,0.114343774107984,0.0665438647025773
23947,0.213051044551997,0.398539650483738,0.254926137479361,0.133483167484904
23948,0.212516511696953,0.200093264875712,0.463037718913606,0.124352504513729
23949,0.206579303447337,0.298938380229248,0.172337792560259,0.322144523763156
23950,0.102069244549194,0.661224906602687,0.173520730238562,0.063185118609556
23951,0.438970757692181,0.152053166987096,0.306373813938314,0.102602261382409
23952,0.320336644654522,0.268063698233123,0.251228723693322,0.160370933419033
23953,0.638885700661156,0.124118004892692,0.155927932110724,0.0810683623354272
23954,0.383486100662189,0.214864109788778,0.31003440119403,0.091615388355003
23955,0.194627043284598,0.289224254442707,0.240381091259783,0.275767611012912
23956,0.181618538772784,0.40823792802933,0.307648683970441,0.102494849227446
23957,0.140075883570725,0.400477486870177,0.152414239305894,0.307032390253204
23958,0.172954447848549,0.55920370932834,0.133133998504311,0.1347078443188
23959,0.310677950243323,0.272859368813923,0.243749845679847,0.172712835262907
23960,0.179043260528993,0.170767185527575,0.243038009955913,0.407151543987519
23961,0.676399777477976,0.156731429051331,0.0769507076881931,0.0899180857824994
23962,0.0744454035576775,0.431211051112331,0.233059940985889,0.261283604344103
23963,0.225035505183306,0.347108962737836,0.116262950869374,0.311592581209485
23964,0.0607232334096926,0.499767329531694,0.327114479912828,0.112394957145786
23965,0.212689491350085,0.141878089792842,0.472329707602876,0.173102711254197
23966,0.141584429329286,0.0773227604625246,0.521836173277412,0.259256636930778
23967,0.474682497780118,0.135158335237143,0.121484991963394,0.268674175019345
23968,0.336579164062689,0.218450887110882,0.194185268532352,0.250784680294077
23969,0.500151813030243,0.0768556296825409,0.102642714977264,0.320349842309952
23970,0.719580162769852,0.0854844140189228,0.113819016310289,0.0811164069009363
23971,0.113148376482244,0.272170621525761,0.486257526102049,0.128423475889946
23972,0.456607414163373,0.154776597217597,0.306213546312841,0.0824024423061892
23973,0.266152224953406,0.343328584929449,0.144898961636455,0.24562022848069
23974,0.0743311494588852,0.123625844717026,0.675335884094238,0.126707121729851
23975,0.257089434138764,0.602695818225326,0.0765194291135711,0.0636953185223392
23976,0.214042269765071,0.409607815456157,0.199275651595722,0.177074263183049
23977,0.0887050852179527,0.326618015766144,0.489123493432999,0.0955534055829048
23978,0.126283286120247,0.0968662038912445,0.199117895973952,0.577732614014557
23979,0.304566209086272,0.148415552801126,0.127594413274443,0.419423824838159
23980,0.0827000973030939,0.527665324921389,0.11214956063255,0.277485017142967
23981,0.0792460870911311,0.265249604018414,0.557397353111267,0.0981069557791884
23982,0.185956510692187,0.079377801409033,0.632126042725534,0.102539645173246
23983,0.204899904058875,0.253636743819166,0.175620329743321,0.365843022378638
23984,0.212811261415482,0.400626868009567,0.159336656332016,0.227225214242935
23985,0.205064164139808,0.0900680951034136,0.180590168987141,0.524277571769637
23986,0.486288617989912,0.293128228779023,0.131947013704785,0.0886361395262809
23987,0.203588204112561,0.376638385479438,0.121563830387323,0.298209580020678
23988,0.226404075914712,0.349705554910873,0.345694549658028,0.0781958195163865
23989,0.12987963564963,0.208485419858573,0.542447912489297,0.1191870320025
23990,0.163821113648696,0.481195442658731,0.189562809622842,0.165420634069731
23991,0.0669259379404015,0.177546805797026,0.33438066893744,0.421146587325133
23992,0.143027131051634,0.545265750445895,0.187209641552259,0.124497476950213
23993,0.151940818073129,0.257138155188019,0.490903809937721,0.10001721680113
23994,0.141210068500342,0.367834996218532,0.197909524974511,0.293045410306615
23995,0.0646056415032538,0.232222332879894,0.456366150771861,0.246805874844992
23996,0.086807059848519,0.23987501084432,0.603919345257263,0.0693985840498979
23997,0.356589823961258,0.198651343584061,0.312421977519989,0.132336854934692
23998,0.16061312971672,0.231225915812674,0.320400437104689,0.287760517365917
23999,0.430315941572189,0.211535841226578,0.184376880526543,0.17377133667469
24000,0.308770030736923,0.455707311630249,0.10460638999939,0.130916267633438
24001,0.504481606118655,0.331869329037229,0.0935791865947964,0.0700698782493192
24002,0.31583604687208,0.409810608771601,0.064760060083271,0.209593284273048
24003,0.166018699586949,0.602227705783478,0.0581242608465034,0.17362933378307
24004,0.179302326770023,0.127144912161906,0.474974581227843,0.218578179840229
24005,0.14725082280863,0.692197353789092,0.0845236369009452,0.0760281865013325
24006,0.160709378708759,0.343561167365891,0.420388871127533,0.0753405827978167
24007,0.149342832724112,0.339794749918658,0.164317650134598,0.346544767222631
24008,0.0736720854515427,0.757669741230683,0.0879772671462799,0.0806809061714939
24009,0.389862415270042,0.119979254007494,0.21399344344442,0.276164887278044
24010,0.632881352795383,0.134845020396188,0.157796862092567,0.0744767647158618
24011,0.0979589939725699,0.720648863296245,0.102408413517224,0.0789837292139611
24012,0.130228304654768,0.115193650400213,0.563465633028676,0.191112411916343
24013,0.06967756463636,0.135698250041824,0.579069223064298,0.215554962257518
24014,0.190294404110932,0.152400035092235,0.584813548285072,0.0724920125117603
24015,0.0655561368001659,0.550967080862311,0.175422335403492,0.208054446934031
24016,0.194132830333721,0.499490220111082,0.0809887704032189,0.225388179151978
24017,0.396439284351521,0.317731565406057,0.16834935781737,0.117479792425052
24018,0.457161648784925,0.095726112894002,0.0599493625744987,0.387162875746574
24019,0.0867116017149627,0.367317920436232,0.322481398619434,0.223489079229371
24020,0.0543734661653564,0.479082259587072,0.192373473623387,0.274170800624184
24021,0.0645458436282967,0.0974701212364363,0.670842607567155,0.167141427568112
24022,0.394764459055133,0.231892604111025,0.0651935944735049,0.308149342360338
24023,0.195681408047676,0.542439699172974,0.0843469202518463,0.177531972527504
24024,0.305617798848087,0.458978980044434,0.0517830397200274,0.183620181387451
24025,0.61365557174128,0.104566425864148,0.163904399900916,0.117873602493656
24026,0.151484609778856,0.664578383152026,0.0563471545006868,0.127589852568432
24027,0.151464642222707,0.0837205282130877,0.278215976642191,0.486598852922014
24028,0.278944799715665,0.451036825997127,0.0402610725251945,0.229757301762014
24029,0.112374751922676,0.099775827677728,0.183201073235265,0.60464834716433
24030,0.0528705892549718,0.515915861056822,0.215852822813153,0.215360726875053
24031,0.047241586311877,0.31095238940879,0.251770461876496,0.390035562402838
24032,0.173495196111286,0.115277533916125,0.183802314868673,0.527424955103917
24033,0.729185326490134,0.0698420315271162,0.0719539060006908,0.129018735982059
24034,0.248106330520292,0.143664472917585,0.0532481702118021,0.554981026350321
24035,0.0465005884859558,0.521288262125038,0.0866464651877982,0.345564684201208
24036,0.332792346716497,0.123617312042615,0.463228131590178,0.0803622096507095
24037,0.20274145750149,0.567827339710092,0.148214354006839,0.0812168487815794
24038,0.184433490037918,0.162919938564301,0.368362069129944,0.284284502267838
24039,0.396589356508375,0.383281575886082,0.0700460703691574,0.150082997236386
24040,0.127976006029964,0.204014310420199,0.583579983573257,0.0844296999765798
24041,0.241484791040421,0.372457027435303,0.149372160434723,0.236686021089554
24042,0.0954161712061724,0.418950160914283,0.376303157740016,0.109330510139528
24043,0.300450792895234,0.318405618715119,0.135451104180482,0.245692484209165
24044,0.256314348711715,0.427677620694531,0.215088898618023,0.100919131975731
24045,0.410856580896029,0.138791011851892,0.241073015944258,0.209279391307822
24046,0.167695231781687,0.388782667612255,0.375689523325392,0.0678325772806664
24047,0.394754978975318,0.0835555500057008,0.448541078333118,0.0731483926858633
24048,0.195899637012926,0.287610890624008,0.420835229909683,0.0956542424533832
24049,0.473970423802072,0.187863294508978,0.25322959393031,0.0849366877586399
24050,0.148632026907621,0.105911733646824,0.360562663346986,0.384893576098569
24051,0.135011507049031,0.415724450115495,0.153825668188547,0.295438374646926
24052,0.612947642803192,0.156527563929558,0.163035869598389,0.0674889236688614
24053,0.362860514330138,0.0876256185630567,0.42417363912514,0.125340227981665
24054,0.338800226730112,0.187546717935007,0.16241806987551,0.311234985459372
24055,0.346864283084869,0.355871737003326,0.166922628879547,0.130341351032257
24056,0.235433336564402,0.460279010828152,0.162363556588239,0.141924096019207
24057,0.170582838531561,0.188035034598486,0.214700291217877,0.426681835652076
24058,0.0755611944860042,0.245843570741362,0.355503017373338,0.323092217399296
24059,0.249828334890083,0.453442713027122,0.085736025232197,0.210992926850599
24060,0.378910379659104,0.197896772529041,0.111724083649699,0.311468764162157
24061,0.152073285821376,0.378459619512839,0.256125700002567,0.213341394663217
24062,0.349419067782732,0.187265342094461,0.323098251911946,0.140217338210861
24063,0.133732098349901,0.435963670223139,0.354180194903468,0.076124036523492
24064,0.53791880607605,0.129578396677971,0.177337631583214,0.155165165662766
24065,0.164193486100241,0.229385651033689,0.497503116652462,0.108917746213607
24066,0.344508870936534,0.432066331860438,0.115327889532094,0.108096907670934
24067,0.195996895432472,0.314285546541214,0.173765823245049,0.315951734781265
24068,0.505703091621399,0.156978532671928,0.240816816687584,0.0965015590190887
24069,0.25484404157731,0.109489180963406,0.21078919031314,0.424877587146145
24070,0.453628997213297,0.289937353654296,0.163376036957861,0.093057612174547
24071,0.142196595668793,0.0952857136726379,0.344240486621857,0.418277204036713
24072,0.0961030452282144,0.267425038439782,0.171584581481951,0.464887334850053
24073,0.346814965409263,0.191176462041981,0.223457324854394,0.238551247694362
24074,0.475451878105933,0.135102903922032,0.125483175761246,0.263962042210789
24075,0.32286074757576,0.0642639994621277,0.290926933288574,0.321948319673538
24076,0.10203410320111,0.430138454963954,0.170490315947321,0.297337125887615
24077,0.446718384923863,0.235292281297994,0.0864161291606484,0.231573204617495
24078,0.36380786787891,0.23844896967557,0.0827121610257674,0.315031001419753
24079,0.316999042090046,0.28140496683484,0.049998301081391,0.351597689993723
24080,0.504695642634579,0.102069107396846,0.0625242800446388,0.330710969923937
24081,0.138649644533539,0.165161805825856,0.156357320492824,0.53983122914778
24082,0.151858312608923,0.369460338809187,0.350795025366619,0.127886323215271
24083,0.307772227206847,0.277827389332621,0.045640026478023,0.368760356982509
24084,0.415032997167371,0.326968091466721,0.0801687881287639,0.177830123237143
24085,0.366821530214112,0.0810914343676823,0.0372846948898188,0.514802340528386
24086,0.25302866478307,0.240403029924676,0.178709226529438,0.327859078762816
24087,0.205223601978666,0.260910119698791,0.176464912646042,0.357401365676502
24088,0.0526891703687703,0.0630790537883024,0.659827373692566,0.224404402150361
24089,0.194270482488587,0.490932181207305,0.0534937546698378,0.261303581634271
24090,0.0762404426932335,0.0772185400128365,0.295059472322464,0.551481544971466
24091,0.186870753765106,0.234514445066452,0.442524045705795,0.136090755462646
24092,0.397014623835901,0.0744101565243327,0.0801392507573851,0.448435968882381
24093,0.384775325088774,0.320138496165667,0.11726788868263,0.17781829006293
24094,0.0896014042973414,0.663486118141665,0.164775981271446,0.0821364962895476
24095,0.235160194779629,0.0926202359014679,0.486750528611227,0.185469040707676
24096,0.147179039525673,0.452883667541797,0.081632332230096,0.318304960702434
24097,0.0880074623820942,0.15125934328856,0.631358664293329,0.129374530036016
24098,0.624530810848797,0.138469014718205,0.0766403995943189,0.160359774838679
24099,0.194140079530181,0.393932348399346,0.16439925379156,0.247528318278913
24100,0.445210958512005,0.362766023396335,0.0597901896410787,0.132232828450581
24101,0.164422226482299,0.257730957005457,0.17572796082902,0.402118855683225
24102,0.205450010218471,0.124669997026473,0.439211272609066,0.23066872014599
24103,0.118774505239345,0.521928616194853,0.215286079276891,0.144010799288911
24104,0.540665189152018,0.082879845690733,0.165918522852714,0.210536442304535
24105,0.557461989465251,0.118256787618774,0.161483008298643,0.162798214617332
24106,0.056694465564667,0.738468394829549,0.123782446164965,0.0810546934408193
24107,0.231203326255207,0.118187126449761,0.271704713691202,0.37890483360383
24108,0.158118649139116,0.0853018083773419,0.579333420251806,0.177246122231736
24109,0.429122931199117,0.206412407851404,0.11286752094131,0.251597140008169
24110,0.303380583277055,0.224463317162742,0.16316981856778,0.308986280992423
24111,0.158093524603642,0.271723266367268,0.0848250674482425,0.485358141580848
24112,0.241827057613634,0.105134450682509,0.162852422616276,0.49018606908758
24113,0.0890605808934483,0.544439784520272,0.273090835316616,0.0934087992696643
24114,0.142835425478748,0.120139243008781,0.391381716599788,0.345643614912683
24115,0.058661379794201,0.652842889023466,0.198140832754088,0.0903548984282449
24116,0.266387788456769,0.112506813462773,0.524390455153656,0.0967149429268022
24117,0.557842757830455,0.186648417314981,0.090588802660179,0.164920022194384
24118,0.112322347049748,0.258923027797386,0.444264239732388,0.184490385420477
24119,0.149810976526632,0.687429518435725,0.0715551557342033,0.09120434930344
24120,0.106757723590417,0.67017794154717,0.107557245400229,0.115507089462184
24121,0.597818118398842,0.155816744094588,0.15843626384627,0.0879288736603
24122,0.0722651715914186,0.279099021540568,0.54518920995577,0.103446596912244
24123,0.219094702032366,0.100998786062038,0.153340081771014,0.526566430134582
24124,0.18077235731955,0.517683946386752,0.140754467580667,0.160789228713031
24125,0.0735625886539975,0.077296305753843,0.660116766548286,0.189024339043873
24126,0.0817836249406226,0.436535043613167,0.329656074334862,0.152025257111348
24127,0.316378925984784,0.35976234614495,0.174293595169389,0.149565132700877
24128,0.339547448986257,0.131421369846512,0.0573304918160571,0.471700689351173
24129,0.308417503661178,0.238938260658655,0.17010075107367,0.282543484606497
24130,0.305911206321913,0.279434019041791,0.0536495062638185,0.361005268372478
24131,0.136298912829881,0.374199488182354,0.374259927293508,0.115241671694256
24132,0.147270368743991,0.660160253348354,0.0990678682784419,0.0935015096292125
24133,0.230419907427131,0.314969156905549,0.335927849053261,0.118683086614059
24134,0.383372309680077,0.32046684861531,0.216999398298557,0.0791614434060562
24135,0.170227984799623,0.213300836879065,0.432307388323986,0.184163789997327
24136,0.20838942099488,0.190140862542559,0.502296160957877,0.0991735555046846
24137,0.161387612736963,0.675110121064775,0.103663185020495,0.0598390811777663
24138,0.618376562273153,0.143177407133243,0.153222369450664,0.0852236611429402
24139,0.321271941604975,0.30223570903082,0.298798339122608,0.0776940102415974
24140,0.432155598647398,0.265975904433842,0.197015160188757,0.104853336730004
24141,0.179545611143112,0.473370611667633,0.191920384764671,0.155163392424583
24142,0.168175586888411,0.297192052605334,0.419442884147914,0.115189476358342
24143,0.270701873122072,0.466852107635791,0.185584432531099,0.0768615867110378
24144,0.28054314433719,0.325670028840452,0.148265240367275,0.245521586455083
24145,0.129356363593502,0.402390342843964,0.379404766288187,0.0888485272743466
24146,0.113183812993524,0.289867018012211,0.440944022550345,0.156005146443921
24147,0.268529180713433,0.457417375704905,0.176287757997032,0.0977656855846299
24148,0.473656400253069,0.254340924451975,0.182153230373658,0.0898494449212982
24149,0.129010374508412,0.260569085904617,0.525460402464107,0.0849601371228644
24150,0.387108188483363,0.26226491517618,0.131890122052733,0.218736774287724
24151,0.214750155806541,0.335392147302628,0.291193217039108,0.158664479851723
24152,0.0473862332931113,0.555430001267381,0.186070623093143,0.211113142346365
24153,0.0879440599088068,0.103701180937132,0.596648092592894,0.211706666561166
24154,0.153153998357743,0.126621065637155,0.583093694104348,0.137131241900753
24155,0.0461404670886072,0.189446364813017,0.58278866141856,0.181624506679816
24156,0.0501545978635186,0.3211998783961,0.436873236002952,0.19177228773743
24157,0.114209729856543,0.268245556004213,0.130800653421898,0.486744060717346
24158,0.570233523845673,0.152252197265625,0.182553753256798,0.0949605256319046
24159,0.168735640775198,0.272130910636945,0.19158026861519,0.367553179972666
24160,0.328319067831053,0.190283355261633,0.121585710025047,0.359811866882267
24161,0.162270224178963,0.556582411996365,0.183583117409912,0.09756424641476
24162,0.400812262284573,0.249410223224607,0.067171870661201,0.282605643829619
24163,0.145472032644271,0.35204687189986,0.35016330554838,0.152317789907488
24164,0.260918231762336,0.397929999216869,0.257822932733766,0.0833288362870279
24165,0.113073344075829,0.193720389762231,0.160638395562136,0.532567870599803
24166,0.0665611416077869,0.204633240505306,0.376841166097846,0.351964451789061
24167,0.0453805042916687,0.375220458961143,0.495753154032026,0.0836458827151621
24168,0.542137332888504,0.0729608844661845,0.173590856397016,0.211310926248296
24169,0.237489796802097,0.255574084984484,0.364695977112531,0.142240141100888
24170,0.111847403949223,0.223597309604387,0.600455857796376,0.064099428650013
24171,0.13995227530492,0.476993184022453,0.3178059827791,0.0652485578935271
24172,0.219906495659847,0.28383386346574,0.376821729368133,0.11943791150628
24173,0.175919964909554,0.480073750019074,0.227206587791443,0.11679969727993
24174,0.134247480822746,0.650680298725662,0.152320532855984,0.0627516875956082
24175,0.369557576010715,0.328167482979632,0.199581766109844,0.102693174899809
24176,0.185459932251571,0.151493866786178,0.494125142518435,0.168921058443816
24177,0.483437211308646,0.293669981141688,0.15286653322777,0.0700262743218974
24178,0.278261524957189,0.162347383604082,0.23058583873149,0.328805252707239
24179,0.140464830557961,0.513792526285183,0.27960348754235,0.0661391556145062
24180,0.424815634447686,0.107048282929844,0.163960430710623,0.304175651911847
24181,0.127706503616564,0.441892703260155,0.220932523351872,0.209468269771409
24182,0.153829543636519,0.373111364445751,0.400344339010534,0.072714752907196
24183,0.356013939798501,0.38642101227139,0.184441455503171,0.0731235924269375
24184,0.160999132983393,0.576118166922643,0.198399423074727,0.0644832770192379
24185,0.170793616369604,0.375388965927475,0.364059583691523,0.089757834011397
24186,0.147098901079579,0.47666896099849,0.213730189408812,0.16250194851312
24187,0.397116735470173,0.284255753616085,0.19841296219874,0.120214548715001
24188,0.139680449357046,0.40395076286646,0.362830649698694,0.0935381380777996
24189,0.10395643424858,0.248896397617352,0.438197029775293,0.208950138358776
24190,0.119504696730489,0.19328795229429,0.513113852492617,0.174093498482604
24191,0.136202947320066,0.234004141643674,0.563565019991733,0.0662278910445265
24192,0.377680418061611,0.273424653161878,0.237648187297224,0.111246741479287
24193,0.242271367805986,0.192193201533264,0.481604673790723,0.0839307568700273
24194,0.16610869022718,0.419433396185932,0.143773296008708,0.270684617578181
24195,0.417454942410628,0.123243230460464,0.267364879423198,0.19193694770571
24196,0.605274319648743,0.166989713907242,0.158931508660316,0.068804457783699
24197,0.0838469080397379,0.339100762943889,0.264953124599764,0.312099204416609
24198,0.527283397994815,0.217350822101949,0.186867202133465,0.0684985777697716
24199,0.301311316350932,0.406715902736156,0.177401767502738,0.114571013410173
24200,0.444748491028425,0.119256138255408,0.186342837832231,0.249652532883936
24201,0.444522774882954,0.295510058038087,0.186397138035255,0.0735700290437047
24202,0.15147657240997,0.206734740533389,0.567975980997801,0.0738127060588388
24203,0.467768607959766,0.288302491644603,0.172097239279187,0.0718316611164439
24204,0.141325550397121,0.603117236541468,0.168969067468778,0.0865881455926321
24205,0.342985632590842,0.363188716494953,0.191379027004384,0.102446623909821
24206,0.144149528027695,0.252062799424401,0.535326484853972,0.0684611876939326
24207,0.548790247428926,0.0791381779762563,0.138084464024073,0.233987110570745
24208,0.155565777752744,0.496761530444713,0.0815541196795773,0.266118572122966
24209,0.118366249787556,0.283647211519235,0.376664611523335,0.221321927169874
24210,0.147818688983282,0.0824234808213556,0.28777662777235,0.481981202423012
24211,0.064033790945755,0.07610120567604,0.322679457644526,0.537185545733679
24212,0.332114872842171,0.0654333899510399,0.0861700170772521,0.516281720129537
24213,0.0499529123278208,0.113301149803469,0.599689102154321,0.23705683571439
24214,0.133736943718442,0.0548748880759767,0.287976276754361,0.52341189145122
24215,0.0793790089945274,0.108201111291374,0.54627991943687,0.266139960277229
24216,0.124737560749054,0.141306340694428,0.317695081233978,0.41626101732254
24217,0.139976070374072,0.402077350035886,0.0503013510279458,0.407645228562096
24218,0.0951481337395539,0.0610692469218021,0.351196896594925,0.492585722743719
24219,0.256892984887056,0.0934577977685138,0.320254690652818,0.329394526691612
24220,0.211514872140961,0.262090232043114,0.131706384842003,0.394688510973923
24221,0.254348013614834,0.462035275430013,0.163773002680734,0.11984370827442
24222,0.591167335146422,0.115624585119073,0.13457763295306,0.158630446781445
24223,0.412309601444393,0.110599521152693,0.0882572498821747,0.388833627520739
24224,0.0927327545662894,0.0962631971757651,0.372699011185795,0.438305037072151
24225,0.242488465979352,0.264049657107879,0.131697345724623,0.361764531188146
24226,0.31577397333902,0.205825320059816,0.31168008779526,0.166720618805904
24227,0.283466285842649,0.313022829138253,0.298151976573884,0.105358908445215
24228,0.257963698713349,0.37752236623417,0.176223807464114,0.188290127588367
24229,0.206396210288945,0.482278592620471,0.192185255768675,0.119139941321909
24230,0.139392714518526,0.410311060836582,0.168639431338327,0.281656793306566
24231,0.322618491708156,0.288681006923638,0.265442436906154,0.123258064462052
24232,0.208688163498397,0.352406580674452,0.32090388772178,0.118001368105371
24233,0.305253258190952,0.302646359722425,0.150221849971358,0.241878532115265
24234,0.294781723462991,0.281128295693645,0.307280937054185,0.116809043789179
24235,0.470611446043678,0.270888294713374,0.182382148766784,0.0761181104761644
24236,0.153475744225446,0.311637784367237,0.463355623731678,0.0715308476756387
24237,0.502044074206888,0.0829728084359645,0.210626911958651,0.204356205398497
24238,0.0752739699618661,0.266048973784945,0.512596261037803,0.146080795215386
24239,0.271255749258887,0.37699453337515,0.234084968235271,0.117664749130692
24240,0.193808011479974,0.48068486454654,0.213395514093172,0.112111609880314
24241,0.111965280414662,0.199189522886589,0.32744838811611,0.361396808582639
24242,0.274667797426374,0.268616733933861,0.367445138339362,0.0892703303004032
24243,0.20622694185038,0.481562011218637,0.183635425811478,0.128575621119505
24244,0.313814376500463,0.255320314397221,0.334539448239497,0.0963258608628193
24245,0.178435050477164,0.415616828901328,0.337175443940257,0.0687726766812508
24246,0.150366261601448,0.34654888510704,0.392604261636734,0.110480591654778
24247,0.306802896359541,0.309088674865002,0.312102613507937,0.0720058152675195
24248,0.279914873246184,0.102698932467449,0.337848916447956,0.279537277838411
24249,0.324036669881518,0.384919270311269,0.189050457963737,0.101993601843476
24250,0.218070871176448,0.373093943986116,0.180449863685663,0.228385321151773
24251,0.224734077963266,0.396836745597575,0.223497326232373,0.154931850206786
24252,0.171962579249221,0.383142125104133,0.16422932339398,0.280665972252666
24253,0.150494522623473,0.26629642842545,0.502694688857854,0.0805143600932223
24254,0.174479942594172,0.29553758437475,0.423541148970847,0.106441324060232
24255,0.128545371762732,0.363521540708519,0.32338070387571,0.184552383653039
24256,0.2407788747433,0.316495741657976,0.159995523691244,0.28272985990748
24257,0.29422555908247,0.279694035335319,0.326723026387849,0.0993573791943614
24258,0.282168322455101,0.481737215480122,0.118336809016686,0.117757653048091
24259,0.189458507142343,0.229937407820484,0.305305753727343,0.27529833130983
24260,0.174091103286909,0.387996768772554,0.319245879638879,0.118666248301659
24261,0.448165492768124,0.108599793654686,0.16724608340126,0.275988630175929
24262,0.36096158354758,0.232824949675613,0.305551735270383,0.100661731506424
24263,0.294438508939456,0.278464285444734,0.304934052341178,0.122163153274632
24264,0.26611169776154,0.482435338460873,0.176663783540371,0.0747891802372161
24265,0.388719752010694,0.329622459770086,0.19936303046953,0.08229475774969
24266,0.18320814048064,0.329856072811128,0.332582895943268,0.154352890764965
24267,0.295346019451722,0.428136524348434,0.176264016507089,0.100253439692755
24268,0.303432973499842,0.269979627951828,0.323461028363265,0.103126370185065
24269,0.147828631945165,0.599553021808579,0.167991392255214,0.0846269539910426
24270,0.23877030544104,0.494132011779071,0.177927892084592,0.0891697906952972
24271,0.224247048389035,0.451942583260354,0.237231160874568,0.086579207476044
24272,0.160545195324862,0.473585084867922,0.239484973565192,0.126384746242024
24273,0.33602258062329,0.320936049208998,0.235057112052186,0.107984258115526
24274,0.211556502832279,0.255281440756278,0.44499342307468,0.0881686333367636
24275,0.190255763981577,0.382031535834544,0.264811251533199,0.16290144865068
24276,0.553588624644364,0.204027263790166,0.174460499178912,0.0679236123865574
24277,0.246347440433894,0.491530742559353,0.188859312319314,0.0732625046874396
24278,0.208997262947282,0.503582891050109,0.187909482509572,0.0995103634930375
24279,0.345972619668261,0.308722548736873,0.229315856933984,0.115988974660881
24280,0.187207507896535,0.348962789013427,0.386694526474096,0.0771351766159412
24281,0.429999503716823,0.319894286393332,0.176816718107586,0.0732894917822591
24282,0.251135796308517,0.403466403484345,0.202033594250679,0.143364205956459
24283,0.156775035406275,0.412024539171552,0.134102278913456,0.297098146508717
24284,0.147782244632442,0.150861196926481,0.617521556428601,0.0838350020124762
24285,0.0371152755833024,0.571289296662142,0.122097677572834,0.269497750181722
24286,0.127655282616615,0.0723983645439148,0.657972693443298,0.141973659396172
24287,0.157531082043308,0.50485682299414,0.0431626474739513,0.294449447488601
24288,0.0763801347669979,0.659699211414147,0.155748473938532,0.108172179880324
24289,0.0757498219609261,0.522822022438049,0.312821686267853,0.0886064693331718
24290,0.151340714902016,0.267523181476735,0.150196678200216,0.430939425421033
24291,0.294161072547404,0.131734188445384,0.249327741583355,0.324776997423858
24292,0.104483065653971,0.0660021513849016,0.466734637318522,0.362780145642605
24293,0.299298263325503,0.313516027782471,0.309069908613039,0.078115800278987
24294,0.177639710569973,0.557417341432234,0.0774321865652827,0.18751076143251
24295,0.13158152801422,0.258229639258539,0.306656028231144,0.303532804496097
24296,0.277566706343865,0.318197464909357,0.0619906906409318,0.342245138105846
24297,0.402187421999403,0.142891516644192,0.0886027026400977,0.366318358716308
24298,0.314402181768547,0.365315250475124,0.155912378782772,0.164370188973557
24299,0.223454124434415,0.14003210187054,0.129020143420104,0.50749363027494
24300,0.263805997243792,0.168332271352363,0.173752673287064,0.394109058116781
24301,0.218054852707131,0.0668305357236216,0.234217769122952,0.480896842446296
24302,0.591554756525496,0.154286070508614,0.16970164947434,0.0844575234915501
24303,0.324464319927751,0.257571457857,0.0609398817235981,0.357024340491651
24304,0.153519703794124,0.075528375241694,0.307934848160037,0.463017072804145
24305,0.191373825073242,0.527675747871399,0.099425345659256,0.181525081396103
24306,0.202922803119975,0.0880995826706352,0.168273967977256,0.540703646232133
24307,0.669833729711678,0.135505350463172,0.106949718400087,0.0877112014250636
24308,0.319661642318045,0.0828120547114006,0.324920053408741,0.272606249561813
24309,0.0555748446958059,0.234617603140497,0.460460746461341,0.249346805702356
24310,0.158055798396884,0.541647557479497,0.187938676684638,0.112357967438981
24311,0.183984184742445,0.212218814724123,0.275657347570141,0.328139652963291
24312,0.330586984630837,0.109277581093203,0.159027360038192,0.401108074237767
24313,0.510114121956063,0.191786180620204,0.0848216171975072,0.213278080226226
24314,0.0485574618626776,0.701943127724091,0.0607093061189664,0.188790104294266
24315,0.297249576531363,0.412011581301344,0.19406686144868,0.0966719807186132
24316,0.505539242219472,0.126556546438907,0.0811254313671994,0.286778779974422
24317,0.186260223388672,0.525228142738342,0.0903680324554443,0.198143601417542
24318,0.0884543420604715,0.118691703398649,0.637903025181546,0.154950929359333
24319,0.611104974316135,0.124859349800041,0.190425577617073,0.073610098266752
24320,0.106078293400939,0.19045228475527,0.225894161533347,0.477575260310444
24321,0.602224698629607,0.121680287693735,0.0638907095210149,0.212204304155643
24322,0.568863021533273,0.176767151577015,0.0907925272555829,0.16357729963413
24323,0.0792594936379715,0.061493300817807,0.702137540312671,0.157109665231551
24324,0.141461264905454,0.0868036504059214,0.425492455985566,0.346242628703059
24325,0.388044563024904,0.163469209049126,0.0722719351032977,0.376214292822672
24326,0.0838444363211594,0.107652877845178,0.507174957383239,0.301327728450424
24327,0.150862715431871,0.340659395187768,0.16920164983876,0.339276239541601
24328,0.0547271727106818,0.0755316220065468,0.56542245848708,0.304318746795692
24329,0.15676949567863,0.62433658634864,0.044942459949647,0.173951458023083
24330,0.568079250099637,0.0974004893720296,0.181670492341235,0.152849768187099
24331,0.0829772154384022,0.118087556007134,0.416668814917469,0.382266413636995
24332,0.449938522281095,0.169432247596018,0.247355021615177,0.13327420850771
24333,0.521555447051918,0.146213314512967,0.107932125386542,0.224299113048573
24334,0.334981362074058,0.259457446916623,0.165231799043173,0.240329391966146
24335,0.0709643933562788,0.546701291698914,0.0529751534396725,0.329359161505134
24336,0.143611773848534,0.232187360525131,0.195804938673973,0.428395926952362
24337,0.568217707460024,0.0785060393476346,0.239904990194104,0.113371262998237
24338,0.575825210095754,0.0659314165567501,0.173952920928948,0.184290452418547
24339,0.468204019709662,0.34711208810243,0.0577609723144733,0.126922919873435
24340,0.191107092864014,0.349976060167133,0.0412938368224067,0.417623010146446
24341,0.581896351682476,0.0560814055186196,0.160971995570392,0.201050247228513
24342,0.701998749315776,0.106908392700303,0.0651400665897111,0.12595279139421
24343,0.0730873851533074,0.318019233986305,0.0724149330165625,0.536478447843825
24344,0.0411600240892168,0.0994536638341298,0.548370531970702,0.311015780105952
24345,0.0511913600510192,0.0474731927569305,0.490312960648413,0.411022486543638
24346,0.18025977640957,0.0660033365189532,0.511529855258318,0.242207031813159
24347,0.0752215018512421,0.444827559924331,0.154843152723038,0.325107785501389
24348,0.66128546492223,0.0522976670585399,0.11296857232577,0.173448295693459
24349,0.516333107026913,0.106735617717621,0.065442316721695,0.311488958533771
24350,0.0489541221332112,0.213328139583231,0.522212866859234,0.215504871424324
24351,0.538486226246171,0.0631252061389325,0.0520759060360221,0.346312661578874
24352,0.0400826960786675,0.589938093164226,0.0709357695479734,0.299043441209133
24353,0.246605712869849,0.0992262527231314,0.249826509502925,0.404341524904095
24354,0.0674798727217288,0.420330504037377,0.137204933253041,0.374984689987854
24355,0.264561758548526,0.0723124332265032,0.370728324390216,0.292397483834756
24356,0.0981495991073489,0.124012188971224,0.0625064680353771,0.71533174388605
24357,0.604045737459404,0.176678013490923,0.0512838242336395,0.167992424816034
24358,0.506519273117759,0.0632479209675765,0.0555712001195908,0.374661605795074
24359,0.134881648455895,0.682715550423761,0.0464890088101255,0.135913792310218
24360,0.0736150327450797,0.261829268716094,0.297400547447825,0.367155151091001
24361,0.161377559864361,0.311359218584319,0.0566845931232268,0.470578628428093
24362,0.587738931179047,0.0810400247573853,0.245140627026558,0.0860804170370102
24363,0.0486309542843984,0.126166988198965,0.58719571194636,0.238006345570277
24364,0.0533754421775279,0.634763724745405,0.142853678869311,0.169007154207757
24365,0.281813080879851,0.143066404118144,0.150314969564751,0.424805545437253
24366,0.110017698704669,0.341382523137852,0.159837256078802,0.388762522078677
24367,0.141213448959789,0.16179757061299,0.10790124696346,0.58908773346376
24368,0.0536649262396063,0.238919674460144,0.453711418607416,0.253703980692834
24369,0.368148107285854,0.302105507191852,0.176775822735553,0.152970562786741
24370,0.078543944976569,0.407206857097047,0.392401123160107,0.121848074766277
24371,0.25318966786923,0.175883923418288,0.430133376709618,0.140793032002864
24372,0.0629625133894376,0.0581525678543706,0.487787158025077,0.391097760731115
24373,0.309866962508358,0.390303668452027,0.221789835231082,0.0780395338085329
24374,0.313059559075249,0.201043018667608,0.19681454608397,0.289082876173172
24375,0.149860718107489,0.0812124871665618,0.366831375651149,0.4020954190748
24376,0.138179659843445,0.187853366136551,0.583918154239655,0.0900488197803497
24377,0.0888764878111293,0.554816854480286,0.24771614926419,0.108590508444395
24378,0.0609050148216453,0.586538389719161,0.0860089980142675,0.266547597444926
24379,0.0836748089565007,0.489410508660737,0.163438703936963,0.263475978445799
24380,0.105377442349662,0.379940924197876,0.100953637801456,0.413727995651007
24381,0.443971647142519,0.11079950215815,0.0785053619296957,0.366723488769635
24382,0.419245443751798,0.148303307876908,0.351243246039023,0.0812080023322703
24383,0.13161139190197,0.097310371696949,0.685646653175354,0.0854315832257271
24384,0.139360136063105,0.188168683119208,0.566220487634263,0.106250693183423
24385,0.488058995900341,0.111220810144364,0.265739401216082,0.134980792739213
24386,0.0798333167967691,0.11122873094785,0.642136061271133,0.166801890984248
24387,0.488764616838705,0.0697258087063751,0.157036821643497,0.284472752811423
24388,0.387638754912443,0.057418597068984,0.204221282232949,0.350721365785624
24389,0.378671610673195,0.169056368335242,0.209471416332254,0.24280060465931
24390,0.234847947955132,0.120037905871868,0.560939252376556,0.0841748937964439
24391,0.210759410743091,0.20567997719407,0.0931843262844231,0.490376285778416
24392,0.0769993674307967,0.427832609829793,0.256180111410918,0.238987911328493
24393,0.0720910440696932,0.138875114006923,0.683685849363891,0.105347992559493
24394,0.152901218480626,0.594714586397369,0.171365649784845,0.0810185453371595
24395,0.232935469851859,0.269829686435615,0.422409557962275,0.0748252857502507
24396,0.538720186511277,0.215203164404607,0.0910367586386445,0.155039890445472
24397,0.149167910218239,0.240103006362915,0.392866998910904,0.217862084507942
24398,0.318065350026866,0.299685870106308,0.248828727734517,0.133420052132309
24399,0.0861592037171422,0.285079617609098,0.272133280629915,0.356627898043845
24400,0.115895229730933,0.244515856932258,0.480987173282088,0.158601740054721
24401,0.258280802147949,0.167712993873075,0.264623689742817,0.309382514236159
24402,0.241174587651141,0.153255796181254,0.505787689454395,0.0997819267132106
24403,0.0768704488873482,0.242167219519615,0.587102949619293,0.0938593819737434
24404,0.087968385398859,0.235987033903792,0.579613021319911,0.0964315593774384
24405,0.221347204545617,0.31055973803402,0.365006343833866,0.103086713586498
24406,0.379798163910114,0.341924893807428,0.178090134610466,0.100186807671991
24407,0.110595541718801,0.509016729488221,0.320364967568295,0.0600227612246829
24408,0.219860050378145,0.38022754162889,0.20845374775609,0.191458660236875
24409,0.257667897211999,0.319696632625933,0.103767103673763,0.318868366488305
24410,0.201540541625909,0.2965738729153,0.280269469614782,0.22161611584401
24411,0.163307909147656,0.486880239979013,0.278053533267365,0.0717583176059659
24412,0.388789903783497,0.311541089759502,0.17800278002032,0.121666226436681
24413,0.373415220576071,0.21578485620663,0.323888530615314,0.086911392601985
24414,0.2584028840065,0.47964471578598,0.179715722799301,0.0822366774082184
24415,0.378879707422248,0.153240953482418,0.378566544609265,0.0893127944860695
24416,0.597106759228608,0.0875102511607874,0.133255750933705,0.1821272386769
24417,0.174718832798065,0.076544020058154,0.315615935554269,0.433121211589512
24418,0.110252816669559,0.130222018652498,0.0998235985689283,0.659701566109015
24419,0.262435543726286,0.388745975997479,0.209285413803812,0.139533066472423
24420,0.122323989868164,0.465583652257919,0.160245329141617,0.2518470287323
24421,0.233628216016608,0.079322927586618,0.0560303299430422,0.631018526453732
24422,0.441471566823015,0.129608568632411,0.0431487178098697,0.385771146734704
24423,0.0649084691676041,0.551464991315156,0.0503898352500747,0.333236704267165
24424,0.121872585360033,0.288388899314734,0.219391860980038,0.370346654345195
24425,0.0937175052250175,0.0645441170172656,0.197686964342387,0.64405141341533
24426,0.448480409157883,0.188977469961503,0.0537259480956258,0.308816172784989
24427,0.0741818152611907,0.0881753761120029,0.645792286223403,0.191850522403403
24428,0.236802461314073,0.570793777737346,0.0434810273023904,0.148922733646191
24429,0.129676453564863,0.714481334079877,0.0458681795299899,0.109974032825271
24430,0.140475409336022,0.104234406415141,0.091184818613303,0.664105365635535
24431,0.160082809921377,0.521561658908651,0.174327171996511,0.144028359173461
24432,0.050468973439418,0.38774740407059,0.17118085793271,0.390602764557281
24433,0.113420139498258,0.116019028573519,0.182471208927363,0.588089623000859
24434,0.314328620264787,0.217447093649122,0.288883307244876,0.179340978841215
24435,0.325759435806283,0.223547798044267,0.147044686272074,0.303648079877375
24436,0.162515123932652,0.0769404723083691,0.2640173873891,0.496527016369878
24437,0.254087082919863,0.175879055980472,0.0790400481510148,0.49099381294865
24438,0.575301302417397,0.109290505408283,0.165154535289583,0.150253656884737
24439,0.0859712132366656,0.0447815951348722,0.550781722733515,0.318465468894948
24440,0.0455224857762919,0.552768121525052,0.0398270569709513,0.361882335727705
24441,0.604265479521019,0.0799771878135181,0.0451498753126776,0.270607457352786
24442,0.620472761566261,0.111848449579918,0.122831716089115,0.144847072764706
24443,0.295074062269596,0.141171925909582,0.422059815135904,0.141694196684918
24444,0.0622184116147956,0.186785087278162,0.410103795632051,0.340892705474992
24445,0.218676812013293,0.138649065454276,0.163703282585838,0.478970839946593
24446,0.242512607210918,0.0729720275446617,0.0618851429477483,0.622630222296672
24447,0.127444968577064,0.67883289366091,0.0516836870587147,0.142038450703311
24448,0.147787242026722,0.418087717755975,0.0744655499274615,0.359659490289841
24449,0.331017267088372,0.0480929399974864,0.160916036316229,0.459973756597913
24450,0.075781877746368,0.0830725245061155,0.214122707283022,0.627022890464495
24451,0.0422334503635816,0.0585733715552109,0.376021729827899,0.523171448253309
24452,0.10919187258628,0.0536281952769615,0.306378991553109,0.53080094058365
24453,0.315257805762522,0.0642467787769892,0.347418891362142,0.273076524098347
24454,0.256961457223849,0.367052991180033,0.138182814771449,0.237802736824669
24455,0.140226202834886,0.058103022316527,0.548447559558741,0.253223215289846
24456,0.144981560930884,0.130523187957359,0.348245585735953,0.376249665375804
24457,0.242791600740206,0.0842156832153892,0.239422433393525,0.43357028265088
24458,0.0985830164917937,0.272835920484212,0.120468315499586,0.508112747524408
24459,0.148943620159382,0.195002692863385,0.486879356009951,0.169174330967282
24460,0.0546668645987871,0.217190321214677,0.310846859387181,0.417295954799355
24461,0.0545374978671782,0.070651025106393,0.508830074286685,0.365981402739744
24462,0.147341417481622,0.271444056502641,0.14915460570387,0.432059920311867
24463,0.273645786392348,0.500935431562845,0.154628424684492,0.0707903573603156
24464,0.147885588588035,0.176219058391168,0.318214173343566,0.35768117967723
24465,0.153999860465531,0.61612121414777,0.0914922478350327,0.138386677551667
24466,0.354879270639398,0.390248191066032,0.066332521031276,0.188540017263294
24467,0.144408859393463,0.400210043798911,0.0444756843993797,0.410905412408247
24468,0.0483806743139447,0.509618555661137,0.225553367539518,0.2164474024854
24469,0.132724880183303,0.41298409988743,0.0675241718625712,0.386766848066696
24470,0.184769196921816,0.150952248640714,0.122842780330458,0.541435774107011
24471,0.146047317746122,0.635128118701465,0.0814047951343533,0.13741976841806
24472,0.535461072142877,0.0840338698330065,0.244570361409861,0.135934696614256
24473,0.189492073811709,0.16587203493905,0.238975089207663,0.405660802041578
24474,0.652150735583513,0.197814326037146,0.0745599998259544,0.0754749385533868
24475,0.0800063323975553,0.461745388235828,0.25888064889432,0.199367630472297
24476,0.223633959889412,0.306086540222168,0.167696639895439,0.302582859992981
24477,0.0713431483907446,0.497411325496773,0.332577536480949,0.0986679896315333
24478,0.211062612470233,0.162136917582934,0.472473146171978,0.154327323774855
24479,0.154153763099359,0.0844780572915222,0.492139872222097,0.269228307387022
24480,0.436734540365176,0.148313318142692,0.141335044542999,0.273617096949133
24481,0.316469772896309,0.23495897210951,0.211459288513331,0.23711196648085
24482,0.484691071685071,0.0717432600164138,0.141864558378777,0.301701109919738
24483,0.713670904087492,0.0952480428274867,0.108289471951951,0.0827915811330707
24484,0.154580710014988,0.254480328344102,0.487662367706562,0.103276593934348
24485,0.444674796516273,0.166774100307981,0.297520264367447,0.0910308388082991
24486,0.272393750888389,0.326138928854215,0.146662094593253,0.254805225664144
24487,0.0893004048355075,0.132533227374152,0.683129812893637,0.0950365548967032
24488,0.258751529809019,0.571486685954629,0.0909680236443271,0.0787937605920243
24489,0.223311194082761,0.410815018093138,0.195551717413911,0.17032207041019
24490,0.118206210029495,0.34715478701322,0.445316490251809,0.0893225127054759
24491,0.134712789497161,0.0838482702925286,0.257611967850088,0.523826972360223
24492,0.142990966465021,0.0562858414149753,0.572492678286262,0.228230513833741
24493,0.0482410518780155,0.194486316396178,0.610582936358025,0.146689695367782
24494,0.0484358072280884,0.451836973428726,0.321262717247009,0.178464502096176
24495,0.0766781577096674,0.534983521718348,0.047359306894533,0.340979013677452
24496,0.0797125881781841,0.148823655344113,0.326225980798571,0.445237775679131
24497,0.133866332940278,0.0634776842270509,0.609327403714569,0.193328579118102
24498,0.297828278010241,0.265780351585735,0.293091705647358,0.143299664756666
24499,0.478644847869873,0.0701394230127335,0.233162611722946,0.218053117394447
24500,0.0546217314867711,0.59805843763559,0.0578351332389322,0.289484697638707
24501,0.225595778149256,0.351532557832926,0.0610171609637146,0.361854503054103
24502,0.489390443773354,0.10634695976258,0.0886392464184593,0.315623350045607
24503,0.0794593927183657,0.076558047183723,0.216720554481753,0.627262005616158
24504,0.061536913537114,0.524076146197746,0.052587146038993,0.361799794226147
24505,0.10840061791542,0.273913544740388,0.131671270653811,0.486014566690381
24506,0.106373824575446,0.0613983015023109,0.601276042317137,0.230951831605106
24507,0.0726978688084065,0.167818110410464,0.186075727952814,0.573408292828315
24508,0.381905565609493,0.122401611083662,0.254524098473276,0.24116872483357
24509,0.154515863616138,0.0562716354151937,0.35272348189893,0.436489019069739
24510,0.0751004489101302,0.11301169123457,0.595928646775758,0.215959213079541
24511,0.278329529712484,0.53452827139283,0.0629356000702262,0.124206598824459
24512,0.276074950040504,0.0946215256247152,0.188910546733596,0.440392977601185
24513,0.532212666687181,0.080012573599628,0.0799334335337068,0.307841326179485
24514,0.315274245633354,0.319093711355933,0.0614068000333041,0.304225242977409
24515,0.171661257743835,0.202549144625664,0.22407840192318,0.401711195707321
24516,0.357755799360401,0.100310650458615,0.137275632105004,0.404657918075981
24517,0.457727124887427,0.228194440671553,0.150408587623026,0.163669846817993
24518,0.0826455509859737,0.169062749810984,0.119462274905013,0.628829424298029
24519,0.0798240268309104,0.1791107872526,0.617373021660461,0.123692164256029
24520,0.0464731490370886,0.263300417872889,0.296981244172971,0.393245188917051
24521,0.0954423805703737,0.361586734736509,0.0535112709230781,0.489459613770039
24522,0.0496548470238281,0.139536390470848,0.609421647734134,0.201387114771191
24523,0.066225371761431,0.214119954302013,0.391905215442887,0.327749458493669
24524,0.0854792060631632,0.103378152796952,0.491039060189738,0.320103580950147
24525,0.154348454770154,0.148617706892461,0.0793068889144941,0.617726949422891
24526,0.530703051963358,0.106991183549428,0.217130729045548,0.145175035441666
24527,0.130303967902183,0.0498199626749743,0.447821570867943,0.3720544985549
24528,0.609100825441265,0.187745543432372,0.059643898825838,0.143509732300524
24529,0.130612952551053,0.0845534937895314,0.194063675492053,0.590769878167363
24530,0.328128864522908,0.188140073772071,0.165230671607534,0.318500390097487
24531,0.123007682077873,0.47420718052265,0.266814152405193,0.135970984994284
24532,0.141051230712962,0.279556508666925,0.440838389980221,0.138553870639892
24533,0.246916065061478,0.293252372147462,0.0775615630098828,0.382269999781176
24534,0.0967781135150003,0.438273413543649,0.0917708392526642,0.373177633688687
24535,0.662053977621571,0.0758751528011578,0.0780184090875682,0.184052460489703
24536,0.147462270295423,0.189212658519119,0.351965472935087,0.311359598250371
24537,0.343327902034046,0.197086076503558,0.0716894625494749,0.38789655891292
24538,0.206058684081714,0.588531622119719,0.0601535299443235,0.145256163854244
24539,0.335108359601845,0.198824831878399,0.166715780892498,0.299351027627259
24540,0.43178655410449,0.126129429753738,0.254313669970224,0.187770346171548
24541,0.499425280852051,0.112242241675208,0.198723296849654,0.189609180623088
24542,0.140104617473345,0.505800589746219,0.0788673735002466,0.275227419280189
24543,0.047689858291039,0.145711569349711,0.723466209432488,0.0831323629267622
24544,0.142119047908201,0.500068597494534,0.216508847229051,0.141303507368214
24545,0.248632509240993,0.0995553001695171,0.514482625044623,0.137329565544867
24546,0.0758258333491224,0.590710286726879,0.134632141401113,0.198831738522885
24547,0.317824791596916,0.40534479785004,0.0483024993342254,0.228527911218819
24548,0.0595942998662379,0.299819768592044,0.386191131123122,0.254394800418596
24549,0.559671367392154,0.239145244917806,0.122889889309848,0.0782934983801916
24550,0.178402994090386,0.476526151817877,0.265518969271756,0.0795518848199819
24551,0.103313848899121,0.454758762621665,0.178821447421662,0.263105941057552
24552,0.0879789128289388,0.446530580660516,0.124006354183385,0.34148415232716
24553,0.460882895277695,0.168381897086175,0.167506349570955,0.203228858065175
24554,0.284736309718137,0.144227611187512,0.289051924482762,0.28198415461159
24555,0.148890281137441,0.662944292167414,0.102482978162059,0.0856824485330862
24556,0.548395960681366,0.229434700900612,0.0600390810497619,0.16213025736826
24557,0.134028615564534,0.312603269705225,0.310293232057888,0.243074882672353
24558,0.124344777335382,0.625450234846764,0.0620272588125688,0.188177729005285
24559,0.0798371577275011,0.682563895862073,0.16160872458213,0.0759902218282951
24560,0.082552381474915,0.401880356683436,0.188253568025332,0.327313693816317
24561,0.235952001274347,0.24154969689921,0.174790856617825,0.347707445208617
24562,0.408722290591649,0.307671047173538,0.189019296817913,0.0945873654169
24563,0.0518359455800963,0.58418755417643,0.151888694944485,0.212087805298988
24564,0.139968365430832,0.413406193256378,0.122693717479706,0.323931723833084
24565,0.0772766883741082,0.309241191779735,0.415781936872554,0.197700182973603
24566,0.148280746951958,0.693856560759277,0.0943052570511639,0.063557435237601
24567,0.173441949777472,0.419601322886259,0.318428495035645,0.0885282323006236
24568,0.368068415878164,0.272628507833823,0.0594921690376947,0.299810907250318
24569,0.169536413025382,0.116577439878713,0.221926482185174,0.491959664910731
24570,0.0491435943075671,0.486867880301936,0.0836360836435417,0.380352441746955
24571,0.0470185904387647,0.17813102569187,0.402743391641539,0.372106992227826
24572,0.211745010403879,0.120998733647158,0.244378374847609,0.422877881101354
24573,0.128699953529986,0.109579223782598,0.513169925169277,0.248550897518139
24574,0.051517000365369,0.232345125364321,0.498659025927669,0.21747884834264
24575,0.201306988328106,0.109429816367399,0.11430855350886,0.574954641795635
24576,0.0513152962501522,0.206784098570108,0.539950845614259,0.201949759565481
24577,0.0800058302281984,0.150422733640163,0.381140342776321,0.388431093355318
24578,0.210146791045272,0.119834739560924,0.243735782615417,0.426282686778387
24579,0.332193560872828,0.407209614080406,0.0833019111298452,0.177294913916921
24580,0.102817029526957,0.0829715660435823,0.433449450384449,0.380761954045012
24581,0.192527294876156,0.0535922760277699,0.55346077886768,0.200419650228395
24582,0.0592642777221275,0.145115289896008,0.627537803324925,0.16808262905694
24583,0.0430518719212874,0.116694843955023,0.534175568809633,0.306077715314056
24584,0.0567625125618185,0.0820947360914397,0.706253347150038,0.154889404196704
24585,0.0956918118458306,0.227053950446276,0.0478691554607073,0.629385082247186
24586,0.0690592730325677,0.105110113170442,0.392018753528036,0.433811860268955
24587,0.518126718429823,0.200511050216689,0.185129952652306,0.096232278701182
24588,0.315527622633094,0.292492543049046,0.274909768624749,0.117070065693111
24589,0.162668221732062,0.460923993784696,0.253325982192769,0.123081802290474
24590,0.423605438891013,0.250019757076951,0.212679161036915,0.113695642995122
24591,0.341557296675125,0.220749543761831,0.315665992466107,0.122027167096936
24592,0.317283570766449,0.332986563444138,0.157636642456055,0.192093223333359
24593,0.396166843347244,0.267904150430673,0.185061655116305,0.150867351105779
24594,0.260656412532085,0.289776916954265,0.180614662459274,0.268952008054376
24595,0.227564306762549,0.360022100508378,0.335868122695894,0.0765454700331797
24596,0.491350792477268,0.221772011790097,0.130659161051226,0.156218034681409
24597,0.363886673334638,0.40161587591124,0.158803428447144,0.075694022306978
24598,0.486025541187855,0.14744357153437,0.140387960695503,0.226142926582272
24599,0.353002160787582,0.301230102777481,0.203044682741165,0.142723053693771
24600,0.319599037164435,0.291660283381645,0.222974422916389,0.165766256537531
24601,0.147295330384235,0.129098508629158,0.632427532447205,0.0911786285394022
24602,0.178596703867639,0.553189035108767,0.16620749111319,0.102006769910404
24603,0.214642973861517,0.238174230565177,0.291967851402292,0.255214944171015
24604,0.272289280180473,0.337488268874411,0.308792357277756,0.0814300936673596
24605,0.383416784550989,0.193430921729017,0.190226531465656,0.232925762254338
24606,0.0537418522827589,0.398121853221756,0.44956775327409,0.0985685412213959
24607,0.522744202140459,0.192059212568069,0.169481583065461,0.11571500222601
24608,0.142711274333455,0.417471357268844,0.0615085852849476,0.378308783112753
24609,0.525376848498332,0.153110680682798,0.185017538293935,0.136494932524935
24610,0.0782243815461312,0.177658732734798,0.176227208013224,0.567889677705847
24611,0.154092852893259,0.198791360819082,0.166942869631734,0.480172916655925
24612,0.0994624689381579,0.633497576907349,0.0790488025829553,0.187991151571538
24613,0.0473898571179073,0.224743930811108,0.630419309210633,0.0974469028603516
24614,0.0736406759986433,0.0885090922231024,0.695169643204726,0.142680588573529
24615,0.400942964883472,0.21272084830138,0.0501835027771127,0.336152684038036
24616,0.154594023662627,0.0902978953807919,0.48791231178976,0.26719576916682
24617,0.243898818042085,0.202860869573834,0.466875421511956,0.0863648908721243
24618,0.277149977364763,0.0739256968641706,0.516600135837496,0.13232418993357
24619,0.0897995571702521,0.50616642115264,0.308285637570276,0.095748384106832
24620,0.233031672758484,0.202727928554421,0.0845922019636481,0.479648196723447
24621,0.129846511336468,0.156730843235093,0.349119926257135,0.364302719171305
24622,0.056079690875701,0.301731385708301,0.315494933010878,0.32669399040512
24623,0.208350325934209,0.0823378470017497,0.32318168156188,0.386130145502162
24624,0.214234733157315,0.139113496568397,0.499504163876052,0.147147606398237
24625,0.423939179303981,0.0483505108199785,0.204836463712016,0.322873846164025
24626,0.412358805997625,0.133408491812963,0.0904712636199319,0.36376143856948
24627,0.165727014370948,0.170507351442952,0.0631298254987649,0.600635808687335
24628,0.639938960074469,0.0618381099676804,0.0524212688568424,0.245801661101008
24629,0.060378825453704,0.495086507707009,0.0693261274096934,0.375208539429593
24630,0.143158828584806,0.11174845366733,0.260370681448679,0.484722036299185
24631,0.246378138661385,0.119605280458927,0.0998146012425423,0.534201979637146
24632,0.157108088049534,0.169098412069631,0.195965966462075,0.477827533418761
24633,0.212121063222482,0.0443020220373654,0.434930461586397,0.308646453153755
24634,0.129810577957099,0.04372300046831,0.530658091971856,0.295808329602734
24635,0.283341890946222,0.105204815533865,0.150633830218773,0.46081946330114
24636,0.265378971942553,0.387705788474314,0.0910744111584719,0.255840828424661
24637,0.18255854197021,0.0805700296333441,0.562725858769591,0.174145569626855
24638,0.0757443965274022,0.554988075886144,0.0600431960068048,0.309224331579649
24639,0.327153782418145,0.172750686243136,0.118316986065091,0.381778545273629
24640,0.638059506387405,0.0871884239791099,0.132693754623737,0.142058315009748
24641,0.0628309780781117,0.723741720970597,0.0439256510723479,0.169501649878944
24642,0.154605966330931,0.0660805165898684,0.368099055407217,0.411214461671983
24643,0.04129223399116,0.0517972030816795,0.418007905364508,0.488902657562653
24644,0.0838056467262366,0.481644817517184,0.175499207876658,0.259050327879921
24645,0.137615368795509,0.625682239425795,0.041752361072245,0.194950030706451
24646,0.228488653898239,0.284227699041367,0.220886826515198,0.266396820545197
24647,0.386912724668248,0.315976731867118,0.211500356834374,0.0856101866302597
24648,0.141855977423428,0.0713185630681361,0.449801170443059,0.337024289065376
24649,0.150771760160993,0.196754640485884,0.505664564415906,0.146809034937216
24650,0.101720633396222,0.735052125194344,0.0722273157289769,0.0909999256804569
24651,0.634461464861264,0.0932387862102642,0.0599451328066928,0.212354616121779
24652,0.323128931452432,0.106859405930503,0.481617141925906,0.0883945206911596
24653,0.50936203436014,0.195917126597209,0.141602826988655,0.153118012053996
24654,0.125806218049208,0.470475068858642,0.0800542420173098,0.323664471074841
24655,0.0991508476119804,0.204370461567136,0.426092491525877,0.270386199295007
24656,0.275511892702519,0.39004177145691,0.245083542504039,0.0893627933365315
24657,0.245707549282683,0.242754332937171,0.121317487319783,0.390220630460363
24658,0.0906970202922821,0.47744020819664,0.278442323207855,0.153420448303223
24659,0.0438044404841794,0.156570851219554,0.468836156767472,0.330788551528795
24660,0.173095673322678,0.449864387512207,0.192464143037796,0.184575796127319
24661,0.247927486896515,0.473488539457321,0.0973515063524246,0.181232467293739
24662,0.0588524166280854,0.159662011259459,0.644837033838724,0.136648538273732
24663,0.103863214615065,0.272666984662406,0.541461753663531,0.0820080470589985
24664,0.134903579950333,0.171968430280685,0.398040235042572,0.29508775472641
24665,0.274803779280073,0.0938454391406346,0.416904496642813,0.214446284936479
24666,0.12741982841924,0.509065624258923,0.0795008906759255,0.284013656645912
24667,0.0788584306410861,0.533389826617756,0.176217726477151,0.211534016264007
24668,0.125926285982132,0.0940011963248253,0.703878521919251,0.0761939957737923
24669,0.152098255635772,0.219768378433114,0.331490789823097,0.296642576108017
24670,0.610115684192043,0.0776954636836252,0.176612921930368,0.135575930193963
24671,0.0888027507365775,0.424261615584106,0.416153088813763,0.070782544865554
24672,0.0942937245329367,0.499182391881287,0.325616789073377,0.0809070945123991
24673,0.119546631269852,0.0858396379029697,0.721298705358784,0.0733150254683945
24674,0.12672724301842,0.661014283486243,0.0763150705514502,0.135943402943887
24675,0.138001693218921,0.111583819812777,0.648628702035119,0.101785784933183
24676,0.187166543209303,0.58094329074728,0.149765790624662,0.0821243754187552
24677,0.0709352871100253,0.204980449415598,0.334196510420714,0.389887753053663
24678,0.197303500811704,0.316034848749118,0.150673521300055,0.335988129139123
24679,0.252089627149392,0.440431190741992,0.111684579005378,0.195794603103238
24680,0.0871766478585939,0.43663578522541,0.188234562558248,0.287953004357748
24681,0.366269247216102,0.256406944531513,0.0815968997000262,0.295726908552359
24682,0.408362087545081,0.444628891016328,0.0641188095203131,0.082890211918278
24683,0.0751514812942705,0.228404017004401,0.505935791924117,0.190508709777211
24684,0.0724562337432521,0.13011381127025,0.567686442790079,0.229743512196418
24685,0.633831377075379,0.129707633482608,0.117976791277701,0.118484198164313
24686,0.41079418627041,0.120411422240394,0.0904730531432315,0.378321338345965
24687,0.260807834243541,0.278835377727885,0.173358852465187,0.286997935563387
24688,0.154906198382378,0.350578129291534,0.172144278883934,0.322371393442154
24689,0.192594431616573,0.244642680710454,0.464214665285697,0.0985482223872758
24690,0.648203070102609,0.111653714540201,0.166123657180938,0.0740195581762526
24691,0.418287807430509,0.339192295980568,0.0988533184103173,0.143666578178606
24692,0.624658112411634,0.199640096721352,0.0793241342851828,0.0963776565818314
24693,0.209232104374892,0.180513616234876,0.478163866887323,0.132090412502909
24694,0.188531225577927,0.341292033830048,0.300026723743282,0.170150016848743
24695,0.168541376845282,0.695743223897911,0.0692181980376899,0.0664972012191177
24696,0.200395631796057,0.310765986304968,0.17071452991239,0.318123851986585
24697,0.152538697345892,0.17680556545241,0.292898646208684,0.377757090993014
24698,0.231850268184023,0.529066447385151,0.167285518104475,0.0717977663263512
24699,0.206181645393372,0.0960519164800644,0.625814020633698,0.0719524174928665
24700,0.127057561558892,0.400014680623352,0.159791075000566,0.31313668281719
24701,0.117902924465323,0.122142751765041,0.657185897443014,0.102768426326623
24702,0.183784961700439,0.590588510036469,0.158468440175056,0.0671580880880356
24703,0.2214300482934,0.434053509730709,0.258401768845438,0.0861146731304531
24704,0.102446854114532,0.482437133789063,0.334913104772568,0.0802029073238373
24705,0.440775728833314,0.300372992461517,0.180192264619354,0.0786590140858146
24706,0.209179067338137,0.394976455122934,0.29765196747625,0.0981925100626794
24707,0.244719646713723,0.195304801920199,0.291875192280865,0.268100359085213
24708,0.554996887035784,0.129972572253176,0.224768943161929,0.0902615975491107
24709,0.145585479521535,0.259835545120173,0.508283801500258,0.0862951738580342
24710,0.37608631604717,0.344703696414001,0.202993939750032,0.0762160477887977
24711,0.351992195129278,0.253105644182945,0.297187779801902,0.0977143808858749
24712,0.309441117126933,0.445274021884248,0.169215171268469,0.0760696897203498
24713,0.151210884713802,0.520365222681605,0.232745938517274,0.0956779540873184
24714,0.339305599352551,0.326752712525347,0.216971644253384,0.116970043868719
24715,0.175451794998294,0.410062151847418,0.17263547561659,0.241850577537698
24716,0.377610656452258,0.352582427506018,0.17259810993521,0.0972088061065138
24717,0.264859040645546,0.433057083448131,0.228751382650756,0.0733324932555671
24718,0.222508329488461,0.523110397504425,0.165652009332955,0.0887292636741588
24719,0.211013898253441,0.257116854190826,0.30134379863739,0.230525448918343
24720,0.21595291268615,0.473602912140023,0.185091444183504,0.125352730990323
24721,0.312028731226493,0.400978052601545,0.178551403007635,0.108441813164326
24722,0.16838171576316,0.602541547937943,0.162443394588131,0.0666333417107659
24723,0.474255695171824,0.245333470265075,0.186541398958606,0.0938694356044959
24724,0.291316754176842,0.321907765907968,0.275656914911946,0.111118565003244
24725,0.536826260936652,0.235088694618474,0.109711611415619,0.118373433029256
24726,0.31724825501442,0.331749200820923,0.245987445116043,0.105015099048615
24727,0.141361756006453,0.145651248907279,0.352833265768986,0.360153729317282
24728,0.387273236635075,0.304699342872923,0.202061541455296,0.105965879036705
24729,0.22757288135371,0.244296603074771,0.365964520991906,0.162165994579613
24730,0.218211308121681,0.257457464933395,0.315237700939178,0.209093526005745
24731,0.151722660558065,0.566617395483411,0.183819834362278,0.0978401095962459
24732,0.26826578578551,0.257417859564855,0.351861956356927,0.122454398292708
24733,0.101518107928066,0.264863844739439,0.215179976594746,0.418438070737748
24734,0.160651187281275,0.341458489255354,0.14973891825262,0.348151405210751
24735,0.124669039636744,0.192129767292897,0.373779757002901,0.309421436067457
24736,0.152656123042107,0.569674849510193,0.169445782899857,0.108223244547844
24737,0.450714485325978,0.242288463047491,0.175153518463566,0.131843533162965
24738,0.0993431970379233,0.533555992447674,0.151264997590557,0.215835812923846
24739,0.381026073583442,0.0627151229498954,0.211058400983304,0.345200402483359
24740,0.150811314582825,0.460516422986984,0.131886184215546,0.256786078214645
24741,0.082667397936207,0.231980166792278,0.587222593641955,0.09812984162956
24742,0.28172019333929,0.363782706586888,0.062540822197056,0.291956277876767
24743,0.172993781760242,0.367520546429165,0.0820313853328136,0.377454286477779
24744,0.447111149748168,0.0616142926341724,0.235401670727208,0.255872886890451
24745,0.152556359767914,0.121387660503387,0.376464515924454,0.349591463804245
24746,0.194082957594351,0.365042710825164,0.0619389703580891,0.378935361222396
24747,0.0518096889626351,0.389171407030098,0.317122775423423,0.241896128583844
24748,0.0454590799794449,0.0744587994241104,0.566702895983649,0.313379224612796
24749,0.114605670330182,0.412317771270175,0.256644737272474,0.216431821127168
24750,0.296907974641382,0.175221644724383,0.318586959775699,0.209283420858536
24751,0.517375338434234,0.090539974930734,0.0711913763465425,0.320893310288489
24752,0.0827542984280415,0.518927749105336,0.0742429414820452,0.324075010984577
24753,0.197930631809712,0.0583030835728748,0.583933168084176,0.159833116533237
24754,0.282162892125716,0.282925056684387,0.140883305331321,0.294028745858576
24755,0.0707418173551559,0.355514585971832,0.368073225021362,0.205670371651649
24756,0.135820058944522,0.361279661040311,0.205182683390637,0.297717596624529
24757,0.246987521648407,0.119697347283363,0.213952884078026,0.419362246990204
24758,0.13504671497079,0.0580632774580417,0.505578676010052,0.301311331561116
24759,0.150853685327784,0.273208570772793,0.254520457440039,0.321417286459384
24760,0.326701546807564,0.394265467013933,0.13207894366862,0.146954042509883
24761,0.303835192437029,0.116056803347373,0.370799969756602,0.209308034458996
24762,0.152373994816125,0.416707026460557,0.0996701985695899,0.331248780153728
24763,0.10113945829435,0.679098978916533,0.104428427765409,0.115333135023709
24764,0.622072783451457,0.100442963070417,0.0909446281447083,0.186539625333418
24765,0.211189251971405,0.310061062722488,0.346446538769505,0.132303146536601
24766,0.0675211330318535,0.443119201385373,0.234039621308741,0.255320044274032
24767,0.164429217576981,0.173982709646225,0.185200154781342,0.476387917995453
24768,0.180615167654465,0.412131155260274,0.146642902293378,0.260610774791883
24769,0.215208669346765,0.178794104876983,0.523335289731666,0.0826619360445873
24770,0.193369667380236,0.246990943394804,0.0879849548343207,0.47165443439064
24771,0.14766955815761,0.112848881269958,0.47685609688926,0.262625463683172
24772,0.199180825060749,0.428755399370526,0.11479487184588,0.257268903722846
24773,0.12976936705926,0.386512896720032,0.413300683797136,0.0704170524235729
24774,0.336310754308425,0.23478194280809,0.165561755465321,0.263345547418164
24775,0.164589396290086,0.542368611036562,0.0839602605983712,0.209081732074981
24776,0.608657020588428,0.0977741807035858,0.196726402542782,0.0968423961652039
24777,0.260017398894092,0.346503948368191,0.196170481982387,0.197308170755329
24778,0.403475183403873,0.230870689341606,0.0747726593064961,0.290881467948025
24779,0.0453512548403581,0.398600570883591,0.169578400075838,0.386469774200213
24780,0.568415288391823,0.126446695077767,0.188950569845368,0.116187446685042
24781,0.0546917362662971,0.1077998590596,0.724496670713611,0.113011733960491
24782,0.575272257810293,0.0580444033589631,0.0627799699993434,0.303903368831401
24783,0.0426308648994307,0.150212685757497,0.493282363018919,0.313874086324153
24784,0.363692419093385,0.070136611531056,0.112812544673214,0.453358424702345
24785,0.055945756916677,0.280035085377202,0.175818264976137,0.488200892729984
24786,0.0782726097364335,0.137420398929411,0.481321387271264,0.302985604062891
24787,0.21138573637839,0.272799355065794,0.163098089237426,0.352716819318391
24788,0.080435948980926,0.167910625574309,0.455557181106722,0.296096244338043
24789,0.354472282189669,0.303612502691243,0.0635754694310983,0.278339745687989
24790,0.0779481793367186,0.112613658043132,0.420257370758472,0.389180791861678
24791,0.173376515507698,0.0862258821725845,0.434281706809998,0.30611589550972
24792,0.223724762565089,0.111668502278585,0.259355569049219,0.405251166107107
24793,0.109297896384401,0.0461772839615632,0.531746220553209,0.312778599100827
24794,0.0833269419770399,0.690391053402557,0.0633157556754983,0.162966248944905
24795,0.200730365503872,0.150753749150727,0.0791950959087149,0.569320789436686
24796,0.53913728776165,0.230283298185965,0.146246130876358,0.0843332831760263
24797,0.113786746998428,0.607223735588259,0.153205912861096,0.125783604552218
24798,0.0351176903050622,0.0578685453057709,0.565354657888889,0.341659106500278
24799,0.251997100085171,0.0829032243764209,0.241050767247711,0.424048908290697
24800,0.0479945501387322,0.112061194658051,0.600582180170036,0.23936207503318
24801,0.579177745866444,0.182639065126167,0.15318706859927,0.0849961204081196
24802,0.199040183453554,0.263369135160174,0.170297513297274,0.367293168088997
24803,0.0757806541572658,0.101755636224649,0.653198614415495,0.16926509520259
24804,0.589362872899239,0.110353800140779,0.113980556591911,0.186302770368072
24805,0.186358534679943,0.263012420967777,0.0714010330170855,0.479228011335195
24806,0.188284760535874,0.410095791029761,0.0617122359489684,0.339907212485396
24807,0.438542568109295,0.41236695032765,0.0582054099707989,0.0908850715922554
24808,0.399498739827396,0.109140033479185,0.193520535383833,0.297840691309587
24809,0.651955495058827,0.0630895281298388,0.0698541487731658,0.215100828038168
24810,0.143513894536222,0.27949009595022,0.186283552033464,0.390712457480093
24811,0.172187817511144,0.0619208728980888,0.64398174518374,0.121909564407027
24812,0.0768562400575262,0.0822673210332742,0.72053765713768,0.12033878177152
24813,0.22821058247905,0.0558671837454022,0.383593200208272,0.332329033567276
24814,0.196834523905095,0.409246245233258,0.040966951272643,0.352952279589004
24815,0.554930277987276,0.1161652820731,0.14744474213488,0.181459697804745
24816,0.212957405036591,0.104198824770705,0.330615771212271,0.352227998980433
24817,0.125854743631858,0.154737395722607,0.10266281511392,0.616745045531615
24818,0.267527385597614,0.391539594089815,0.216019418181002,0.124913602131569
24819,0.135136206005103,0.400646668691834,0.168371846329327,0.295845278973737
24820,0.255425963631659,0.102650263945017,0.0600268626217077,0.581896909801616
24821,0.462292797301602,0.136316122655811,0.0610572853841973,0.34033379465839
24822,0.0772739184512067,0.555108713616981,0.0516463283081428,0.315971039623669
24823,0.131241008639336,0.312564462423325,0.230323478579521,0.325871050357819
24824,0.0967959119914744,0.0870601933318434,0.20203579074251,0.614108103934172
24825,0.461357712745667,0.185620099306107,0.0662308931350708,0.286791294813156
24826,0.0759964849354408,0.0921456325585112,0.655289084227871,0.176568798278177
24827,0.234140389939412,0.568845531673936,0.0476938280349161,0.149320250351736
24828,0.1248239614017,0.684076091172579,0.0531738714329562,0.137926075992765
24829,0.140639017801314,0.133568864060376,0.0912784608817559,0.634513657256554
24830,0.160153672099113,0.50447690486908,0.17385458946228,0.161514833569527
24831,0.0673598359131789,0.413201189237851,0.18175696107383,0.33768201377514
24832,0.127639204263687,0.164231956005096,0.196509689092636,0.51161915063858
24833,0.326730971436664,0.233408648273478,0.28209802928713,0.157762351002728
24834,0.101528733968735,0.077380508184433,0.173756062984467,0.647334694862366
24835,0.173384078147296,0.289341313660502,0.168468169948526,0.368806438243677
24836,0.099876574427809,0.154699637333306,0.17731994258374,0.568103845655144
24837,0.670716685447779,0.0543480538560585,0.0586154818150834,0.216319778881079
24838,0.0889111878155046,0.211486529412908,0.0759393612412775,0.62366292153031
24839,0.556731883859127,0.13753977520421,0.111392729814296,0.194335611122367
24840,0.372964709997177,0.259131252765656,0.231574058532715,0.136329978704453
24841,0.0551541267538904,0.675915129586106,0.146726192683647,0.122204550976357
24842,0.104117895009769,0.211367909864364,0.0913630893386101,0.593151105787257
24843,0.178545294861903,0.0767449805383013,0.393469002891563,0.351240721708233
24844,0.653542836116041,0.0794274234601087,0.159028460354461,0.108001280069389
24845,0.660801467818016,0.0556455662263723,0.0518048627234814,0.23174810323213
24846,0.170451937836022,0.618597324053963,0.0399485003952049,0.17100223771481
24847,0.0993516057826339,0.0825985583275771,0.536985627755737,0.281064208134052
24848,0.0712932188616213,0.143459273227166,0.130113078205093,0.65513442970612
24849,0.389440908634696,0.113108199578084,0.115191270231875,0.382259621555344
24850,0.0920953184469076,0.507120882747429,0.0524749544181883,0.348308844387476
24851,0.222595135362555,0.108360519073296,0.164929192552063,0.504115153012086
24852,0.585405455855903,0.0765960571930694,0.0493329305350871,0.28866555641594
24853,0.451686611101923,0.0764171813316873,0.17333572387706,0.29856048368933
24854,0.291134610489441,0.081698882789223,0.261683092774588,0.365483413946749
24855,0.136927787569993,0.134019378841501,0.374693643292595,0.354359190295911
24856,0.102144866420739,0.432560232039092,0.0760115155874825,0.389283385952686
24857,0.165215740644463,0.165169547046138,0.511497720733353,0.158116991576046
24858,0.0803215813684699,0.477633751595523,0.179922568498888,0.262122098537119
24859,0.15725015103817,0.261628538370132,0.0660828202962875,0.51503849029541
24860,0.175282315725701,0.0925004712678527,0.630289618896616,0.10192759410983
24861,0.425799302612209,0.124364159036794,0.0804318753110105,0.369404663039987
24862,0.0891152315652726,0.496715392941867,0.0817800530658658,0.332389322426995
24863,0.226448544355055,0.0942258497411702,0.17516583856813,0.504159767335645
24864,0.0969533093500636,0.0821276599010254,0.466146584852438,0.354772445896473
24865,0.145017206668854,0.0557651519775391,0.482278078794479,0.316939562559128
24866,0.702435565576553,0.113295070680561,0.0846142861133175,0.0996550776295684
24867,0.541636526584625,0.096544086933136,0.129156738519669,0.23266264796257
24868,0.532599882262942,0.0677832608754415,0.0930258733935914,0.306590983468025
24869,0.241008926049008,0.0815141511189066,0.176995071425961,0.500481851406125
24870,0.64546562683878,0.0730670408845032,0.0979685134731646,0.183498818803552
24871,0.157012036331446,0.0673857132861656,0.375999375283695,0.399602875098693
24872,0.247781492835835,0.240588017088532,0.258397273469053,0.253233216606581
24873,0.564304372828617,0.250896224785456,0.121789966590329,0.0630094357955991
24874,0.122026354983645,0.47621012088813,0.297320934365101,0.104442589763124
24875,0.31362027397186,0.346809750002768,0.210479068912254,0.129090907113119
24876,0.130715787410736,0.486975610256195,0.309764206409454,0.0725443959236145
24877,0.253711335250397,0.246648766200281,0.415731328256985,0.0839085702923366
24878,0.182893445578022,0.190691074451538,0.499128743980192,0.127286735990248
24879,0.486971214025355,0.181012382537496,0.186607962447642,0.145408440989507
24880,0.321312156905888,0.264552978690319,0.30903360017364,0.105101264230152
24881,0.514701381763857,0.148581360238235,0.192955365567069,0.143761892430839
24882,0.559189315444311,0.214248491717514,0.156657277370563,0.0699049154676131
24883,0.174271952190877,0.360624454305519,0.382155022423975,0.0829485710796288
24884,0.326969136984076,0.299216559552653,0.297296485385404,0.0765178180778677
24885,0.302902808698928,0.393546152307208,0.162688548484786,0.140862490509078
24886,0.117582684051216,0.188460865100959,0.619027284638313,0.0749291662095114
24887,0.272280036388785,0.532997188966732,0.133062690000748,0.0616600846437362
24888,0.265351186147004,0.443583832814687,0.198201291196096,0.0928636898422126
24889,0.144786235434125,0.442604859711121,0.338809005793728,0.0737998990610265
24890,0.150786136114184,0.191104238960273,0.326646546323495,0.331463078602048
24891,0.323003622315851,0.175230772608748,0.0709594120901779,0.430806192985223
24892,0.287624103767757,0.0797937101033498,0.196434953649415,0.436147232479478
24893,0.277032724707343,0.233176254237406,0.164151067610053,0.325639953445198
24894,0.155286006120712,0.441603739929366,0.177077912259605,0.226032341690317
24895,0.0506982399228764,0.0666434176263595,0.544921285043522,0.337737057407242
24896,0.0725389613234378,0.293148326465388,0.217194912862475,0.4171177993487
24897,0.173544254000241,0.0779557136158113,0.648729548259164,0.0997704841247838
24898,0.300247660271893,0.152167226309561,0.262884400400984,0.284700713017562
24899,0.0423304678861198,0.247152420830051,0.604061693501465,0.106455417782365
24900,0.0731006551816962,0.180411440425941,0.348479355149279,0.398008549243084
24901,0.296189103963809,0.0857579869889913,0.325877432910762,0.292175476136438
24902,0.432392771982716,0.11015348792991,0.178104545361075,0.2793491947263
24903,0.311213830447609,0.121753934674082,0.153383199971414,0.413649034906895
24904,0.141376761475552,0.357947016388967,0.043474330850328,0.457201891285153
24905,0.0837956772255172,0.117765375790316,0.685286545775787,0.11315240120838
24906,0.198506825356093,0.0603676500322079,0.379976973607193,0.361148551004507
24907,0.255258728534557,0.136603170996029,0.0531635076373868,0.554974592832027
24908,0.0460925532097908,0.427592529818694,0.417125954586046,0.10918896238547
24909,0.13186753189169,0.451172722911022,0.169175391470653,0.247784353726636
24910,0.172025946199507,0.315250332426275,0.333580399549299,0.179143321824918
24911,0.150126070902691,0.680641238992223,0.0891754037825421,0.0800572863225437
24912,0.084765326167703,0.268313664124295,0.256047684428944,0.390873325279057
24913,0.124703386794081,0.616906532897152,0.151310461034037,0.10707961927473
24914,0.324356973171234,0.285671889781952,0.256316512823105,0.133654624223709
24915,0.0825891929479064,0.35939132631732,0.319310213337686,0.238709267397087
24916,0.517300959547602,0.185518680620799,0.18035666510197,0.116823694729628
24917,0.0789313045781073,0.0873820655118188,0.482454032751677,0.351232597158396
24918,0.250169221314329,0.106410400664961,0.196689817260054,0.446730560760655
24919,0.143057514520213,0.37495423480732,0.292051681639304,0.189936569033163
24920,0.0853702506823111,0.486020181223901,0.363861772148771,0.064747795945017
24921,0.606079192776638,0.180961230894391,0.142671935250637,0.0702876410783342
24922,0.575499300476158,0.180210189373867,0.15831920622527,0.0859713039247044
24923,0.165559963625371,0.183841736494316,0.57192439266983,0.0786739072104835
24924,0.187175368880492,0.324655542512403,0.326391557645546,0.161777530961559
24925,0.209763504928481,0.543772598496549,0.171489394139103,0.0749745024358668
24926,0.324384803706634,0.186620485981994,0.389759713563923,0.0992349967474491
24927,0.230406269431114,0.338014543056488,0.160698160529137,0.270881026983261
24928,0.149700413653242,0.451430426495361,0.264536670907239,0.134332488944158
24929,0.332324517232348,0.39954312144008,0.173152468098419,0.0949798932291528
24930,0.300966035610662,0.393360331407202,0.187196261703829,0.118477371278307
24931,0.227613459271794,0.23674536809677,0.219817424706404,0.315823747925032
24932,0.131000919178115,0.255165155900044,0.411048137977002,0.20278578694484
24933,0.272540787418128,0.457366253631841,0.153044227283878,0.117048731666153
24934,0.341392706078074,0.269307800212735,0.159468342646013,0.229831151063179
24935,0.198167876885592,0.330171945170849,0.349369617919397,0.122290560024161
24936,0.359649054117894,0.279077851494897,0.264075452147228,0.0971976422399809
24937,0.138443149396047,0.487361843969918,0.302129105589567,0.0720659010444679
24938,0.54069507524889,0.172535882685601,0.211400823380059,0.0753682186854498
24939,0.230586839984455,0.324859676324877,0.365815934793532,0.0787375488971356
24940,0.275061321633815,0.476167372293802,0.166492216281245,0.082279089791138
24941,0.239181671130384,0.325367246946204,0.233728218581203,0.201722863342209
24942,0.324927963128566,0.166354347013407,0.430853287075161,0.0778644027828664
24943,0.275346909096046,0.115766869720323,0.362042462260164,0.246843758923467
24944,0.357772951688959,0.384777253639359,0.177467557452136,0.0799822372195458
24945,0.163827096591765,0.177915189986516,0.371597536111025,0.286660177310695
24946,0.128476917743683,0.299843668937683,0.254886776208878,0.316792637109756
24947,0.379866150171562,0.272662369365525,0.240421755310731,0.107049725152182
24948,0.388426530706092,0.362402398514676,0.168520251854651,0.0806508189245814
24949,0.233048232145967,0.47600034233928,0.217274026701406,0.0736773988133475
24950,0.164895197931498,0.330377084403376,0.385356738617895,0.119370979047231
24951,0.164908066391945,0.448741674423218,0.181644439697266,0.204705819487572
24952,0.410328805446625,0.281842052936554,0.197639286518097,0.110189855098724
24953,0.297169694220117,0.181313624421168,0.359224061942818,0.162292619415898
24954,0.146093051251976,0.603828948622079,0.171334097643671,0.0787439024822741
24955,0.461194068193436,0.280596643686295,0.159218773245811,0.0989905148744583
24956,0.159664486636653,0.391010653704722,0.334097037735493,0.115227821923131
24957,0.190701422233858,0.515117756797109,0.174849686401342,0.119331134567691
24958,0.127612748522439,0.644026129050778,0.168162680469026,0.0601984419577578
24959,0.134940558600103,0.363571091134648,0.357971056194407,0.143517294070842
24960,0.273899632368998,0.2759886558657,0.250308174626164,0.199803537139138
24961,0.290191471576691,0.342316001653671,0.278604447841644,0.0888880789279938
24962,0.100084031375141,0.45164434131185,0.313745714286247,0.134525913026763
24963,0.268265970595657,0.34258572288113,0.227817184562003,0.16133112196121
24964,0.145306521118886,0.29120285997378,0.427383910385493,0.136106708521841
24965,0.178565595564967,0.591103745798105,0.163732591950877,0.0665980666860506
24966,0.192137043353832,0.519529450248269,0.214001486882534,0.0743320195153649
24967,0.379797441670413,0.0957904489730098,0.415634345309391,0.108777764047186
24968,0.156820754503585,0.446306513359949,0.212321483721689,0.184551248414777
24969,0.248043970197603,0.335669399558266,0.0596849138277952,0.356601716416336
24970,0.387925075944889,0.202737668279007,0.192602792051559,0.216734463724545
24971,0.286158208342764,0.412340170328918,0.0794644665638278,0.222037154764491
24972,0.0980400405094043,0.320203733451804,0.167939967212825,0.413816258825967
24973,0.144538909735303,0.666182520487094,0.129151881222248,0.060126688555355
24974,0.198206225091033,0.284407756197221,0.225048580019218,0.292337438692527
24975,0.16094214494785,0.480216034641145,0.206564163868241,0.152277656542764
24976,0.227359601384386,0.143153464166577,0.521185775145359,0.108301159303679
24977,0.334953049722132,0.231254757567957,0.162212108837836,0.271580083872075
24978,0.208096942546873,0.396014284968802,0.179513221368588,0.216375551115738
24979,0.373325616121292,0.316379517316818,0.211514130234718,0.0987807363271713
24980,0.148305365342222,0.361189953159687,0.38863339356383,0.101871287934261
24981,0.207907206055737,0.151932184455758,0.36241976506769,0.277740844420816
24982,0.217228995726764,0.478641660294434,0.18895078069265,0.115178563286152
24983,0.636335749516957,0.199338933805792,0.0947001157611643,0.0696252009160877
24984,0.0761570884345877,0.389099642228322,0.254734495831076,0.280008773506015
24985,0.133506076537163,0.403225547123336,0.342840050799251,0.120428325540249
24986,0.38260959438653,0.171321059128014,0.190325492908791,0.255743853576665
24987,0.0880345816031656,0.510227941433844,0.332741156193964,0.0689963207690263
24988,0.202743640623797,0.290611633378614,0.172603567618238,0.334041158379351
24989,0.288905505670689,0.36214072051854,0.269663427318088,0.0792903464926831
24990,0.143144812960666,0.548473524708893,0.20075919775458,0.107622464575861
24991,0.226357379047475,0.098208513044138,0.493578362970738,0.181855744937649
24992,0.14378187167482,0.224658192877905,0.560842577821334,0.0707173576259416
24993,0.580912036272525,0.1551030828028,0.185551548434748,0.0784333324899276
24994,0.543755833385556,0.193728478206161,0.169705675316644,0.0928100130916388
24995,0.536199084875001,0.203887429775485,0.178678331096793,0.0812351542527206
24996,0.212673556615806,0.267472650595417,0.174537387869695,0.345316404919082
24997,0.295944848535801,0.408691984674096,0.16583367186289,0.129529494927212
24998,0.185602334356273,0.167338786015827,0.398705297727804,0.248353581900096
24999,0.191924592611927,0.47682161560123,0.131395030957312,0.199858760829531
25000,0.221872586337814,0.151030304298256,0.331936513363369,0.295160596000561
25001,0.244958767479612,0.487184125452642,0.146393513172623,0.121463593895122
25002,0.136792957782745,0.12650004029274,0.58519446849823,0.151512533426285
25003,0.193539333439777,0.17322814206439,0.372324401552612,0.260908122943221
25004,0.0742075630981694,0.133189416917607,0.692373431076214,0.10022958890801
25005,0.229575753211975,0.42039880156517,0.250634282827377,0.0993911623954773
25006,0.484623737404104,0.228481996483833,0.17922146885427,0.107672797257793
25007,0.353032521463204,0.419252237247253,0.110700388758621,0.117014852530922
25008,0.148835555827883,0.119434074457244,0.619039659343955,0.112690710370918
25009,0.423769552578161,0.0942887109945138,0.278480482629559,0.203461253797766
25010,0.296441782398456,0.0754566686057795,0.449863893916313,0.178237655079452
25011,0.147408744223742,0.669367993972003,0.116159279501411,0.0670639823028439
25012,0.0732689419890274,0.395180490648892,0.206375105631537,0.325175461730544
25013,0.36136427790943,0.0887657038030453,0.263141961866185,0.28672805642134
25014,0.139314620648961,0.211694715829978,0.58379160922921,0.0651990542918514
25015,0.391000640124102,0.266798832023109,0.19438823146785,0.147812296384939
25016,0.158158521111056,0.326926907094511,0.15572754574634,0.359187026048093
25017,0.157397399622279,0.20548027141451,0.567428631561141,0.069693697402069
25018,0.562473428900691,0.188891504456658,0.171133283625542,0.077501783017109
25019,0.194828316569328,0.566086709499359,0.144731372594833,0.0943536013364792
25020,0.21916475892067,0.216267421841621,0.195003136992455,0.369564682245255
25021,0.199031120582024,0.113179678625777,0.405151229866539,0.28263797092566
25022,0.131924137473106,0.239723905920982,0.355561941862106,0.272790014743805
25023,0.167764286167494,0.305808803266025,0.45299632987391,0.073430580692572
25024,0.599734050043403,0.121403727787622,0.18635929565551,0.0925029265134654
25025,0.323582748281442,0.206392428469432,0.166825999821007,0.303198823428119
25026,0.395492744311474,0.312986800461614,0.181874444540574,0.109646010686338
25027,0.112335625658501,0.375883173223829,0.28102008345783,0.230761117659841
25028,0.576707520458567,0.157424727178189,0.190670363952578,0.0751973884106655
25029,0.126194150195972,0.168232233585657,0.629532043855876,0.0760415723624943
25030,0.160119889973701,0.0711095700330319,0.544741030449115,0.224029509544153
25031,0.159215196967125,0.0970441401004791,0.500470042228699,0.243270620703697
25032,0.123361210302142,0.0911852737781094,0.664151802602823,0.121301713316926
25033,0.355500145755702,0.178865663161919,0.338639333606988,0.126994857475391
25034,0.14715145089771,0.435583578479779,0.161896715703704,0.255368254918806
25035,0.244132362480987,0.176626140575822,0.290098807510769,0.289142689432422
25036,0.15179001247257,0.241990871488776,0.197264930524377,0.408954185514277
25037,0.212797331047217,0.484800607871973,0.142696640330753,0.159705420750056
25038,0.297342879951427,0.322770371560918,0.173504539139772,0.206382209347883
25039,0.153231509630464,0.373021317734361,0.301606105196203,0.172141067438972
25040,0.292324802508211,0.41345082481352,0.210313656618784,0.0839107160594846
25041,0.204197040325315,0.589807587558257,0.0948633728880695,0.111131999228358
25042,0.20693668106387,0.224666797379649,0.358494628712695,0.209901892843786
25043,0.134187598055232,0.364831994915962,0.144372422825468,0.356607984203338
25044,0.37716056772588,0.115401830810254,0.377350855548654,0.130086745915212
25045,0.0787920526480044,0.193834783550255,0.57870443755135,0.148668726250391
25046,0.0872997327279349,0.70122526770038,0.0502882627716612,0.161186736800024
25047,0.322239081726129,0.190435621712469,0.283391518390684,0.203933778170718
25048,0.078864414045114,0.432389397876981,0.214791426723812,0.273954761354093
25049,0.0635274648666382,0.3822141289711,0.490505248308182,0.0637531578540802
25050,0.358241105701907,0.404963099882557,0.0993947371930668,0.13740105722247
25051,0.152754773281657,0.418947530357466,0.298480102374557,0.12981759398632
25052,0.142487421631813,0.507459223270416,0.111138358712196,0.238914996385574
25053,0.10684840221929,0.188966897294419,0.2874817209321,0.416702979554192
25054,0.060395183779389,0.539801110703477,0.177756753233136,0.222046952283998
25055,0.0931108796646249,0.642671153485675,0.07955542028944,0.18466254656026
25056,0.211946988639846,0.126770487134329,0.212729448649114,0.448553075576711
25057,0.201112511770614,0.593459316990663,0.123715819771824,0.0817123514668994
25058,0.509137537806949,0.218677621563847,0.153084494706925,0.11910034592228
25059,0.343296582351676,0.069729684744333,0.191193950307459,0.395779782596532
25060,0.172808468341827,0.348931312561035,0.244210600852966,0.234049618244171
25061,0.0797201451721755,0.389854392636097,0.228608081595419,0.301817380596309
25062,0.228117449372132,0.506075378462111,0.0775017062015704,0.188305465964187
25063,0.0653030593783575,0.337984095155719,0.291956284402498,0.304756561063426
25064,0.272960285580169,0.41303201068312,0.0583809859447549,0.255626717791957
25065,0.208143572327266,0.526232409635952,0.102411200797307,0.163212817239475
25066,0.298606909035301,0.0789306553959248,0.207422350512945,0.41504008505583
25067,0.176978062607838,0.0746513662937723,0.299733781075468,0.448636790022922
25068,0.076475544624395,0.164520022801757,0.383013242736261,0.375991189837587
25069,0.0847601728922103,0.321649576400972,0.443666928355889,0.149923322350929
25070,0.152502422109318,0.131829310412088,0.163775434010489,0.551892833468104
25071,0.196421591964203,0.540994044087872,0.107978812545696,0.154605551402229
25072,0.136412429878393,0.684476390879074,0.0917647799498911,0.0873463992926419
25073,0.111298718387624,0.519773725567562,0.0498392436641398,0.319088312380674
25074,0.132287129759789,0.59372866153717,0.155353263020515,0.118630945682526
25075,0.204373401664102,0.0741370364509247,0.401025706590754,0.320463855294219
25076,0.0755116240862152,0.135387728535096,0.338788109317865,0.450312538060824
25077,0.0589868075664801,0.199426779910969,0.523027823637445,0.218558588885106
25078,0.507690370082855,0.081136554479599,0.243657276034355,0.167515799403191
25079,0.167685636682804,0.0747681969655855,0.440994345299605,0.316551821052006
25080,0.640045602322984,0.0971862851734842,0.0867097105595383,0.176058401943994
25081,0.414746684275469,0.147540499196663,0.179323902109978,0.25838891441789
25082,0.131276475359149,0.407433217874664,0.292058800042552,0.169231506723635
25083,0.142694126287278,0.340444375859369,0.202605613988471,0.314255883864883
25084,0.384311568269478,0.193349128763352,0.348167370205145,0.0741719327620248
25085,0.238992707721835,0.534930233172553,0.159069315784196,0.0670077433214169
25086,0.536601960659027,0.200164064764977,0.177782118320465,0.0854518562555313
25087,0.145273177733472,0.374712464401778,0.399978455901306,0.0800359019634433
25088,0.383759367949981,0.238605253738008,0.302994599849147,0.0746407784628636
25089,0.139705866575241,0.124162383377552,0.646627366542816,0.0895043835043907
25090,0.445471962338923,0.288289649261071,0.189360910178464,0.0768774782215422
25091,0.31688899274005,0.160099225641776,0.344251011971399,0.178760769646775
25092,0.282031242281664,0.209317329664787,0.0675395886233388,0.441111839430211
25093,0.475076005605578,0.119067158726836,0.21962899805221,0.186227837615376
25094,0.13983247653274,0.200370989726074,0.589507498237956,0.0702890355032297
25095,0.119979128241539,0.432230293750763,0.38568326830864,0.0621073096990585
25096,0.0895917172076169,0.193213264795841,0.285439037857077,0.431755980139465
25097,0.14843837916851,0.266165763139725,0.506001532077789,0.0793943256139755
25098,0.328152100090745,0.180935060409756,0.210835969771027,0.280076869728472
25099,0.0865762632064898,0.389726829222644,0.426285160371219,0.097411747199647
25100,0.139573604908389,0.201540352415594,0.584539238993371,0.0743468036826462
25101,0.388099179115177,0.203593559429289,0.322355466993322,0.0859517944622117
25102,0.304710477590561,0.224055603146553,0.157398626208305,0.313835293054581
25103,0.326113099960788,0.41837921115191,0.168312219257471,0.0871954696298321
25104,0.138748778859162,0.251095233476943,0.542474265825195,0.0676817218386999
25105,0.150180279089657,0.310603318284427,0.459207501566354,0.0800089010595612
25106,0.353044813171697,0.302104716034304,0.24069458604894,0.10415588474506
25107,0.150080867853126,0.431553106089543,0.17796351710125,0.240402508956082
25108,0.160321103935258,0.469538248621497,0.301441584548974,0.0686990628942708
25109,0.235153137770457,0.477373120960906,0.198010252549557,0.0894634887190804
25110,0.25411055957612,0.173547108557993,0.253961398961461,0.318380932904426
25111,0.217130175743406,0.188978454142167,0.282232203550106,0.311659166564321
25112,0.146318702799688,0.216316012916595,0.525438602824222,0.111926681459496
25113,0.404217726055052,0.333400910100354,0.180481049127594,0.0819003147169994
25114,0.289186933314411,0.232244587905544,0.367871027227373,0.110697451552673
25115,0.1612556338778,0.329224717960682,0.393273636448146,0.116246011713371
25116,0.318930422051704,0.315367703368779,0.267872099099638,0.0978297754798796
25117,0.535469170395515,0.226066379054886,0.171489162955514,0.0669752875940853
25118,0.390967896782579,0.204436759551538,0.316857777904173,0.08773756576171
25119,0.0835354067475531,0.335429295991181,0.433179040246265,0.147856257015001
25120,0.272608693352212,0.22661669214641,0.0783547449357101,0.422419869565668
25121,0.435659478500807,0.164773501540415,0.210446154604279,0.189120865354499
25122,0.408577493280489,0.278392746662715,0.202534894777419,0.110494865279377
25123,0.409192097460988,0.122294615873534,0.388276469358101,0.0802368173073774
25124,0.108936645902221,0.160149620176476,0.608018343210357,0.122895390710945
25125,0.671761204723102,0.139892069400965,0.109557239568871,0.0787894863070624
25126,0.0741249344982187,0.452784462356104,0.33353842298801,0.139552180157667
25127,0.332126850901144,0.193496000863671,0.180440303974743,0.293936844260442
25128,0.253997683525085,0.167111769318581,0.160328969359398,0.418561577796936
25129,0.250065185131585,0.29295648017396,0.387707632413734,0.0692707022807211
25130,0.193091189655399,0.176766222022957,0.179416125399355,0.450726462922289
25131,0.246521158169797,0.382758167514517,0.0531186681008438,0.317602006214842
25132,0.444694383284282,0.23477411969823,0.155267869093057,0.165263627924431
25133,0.630545702473671,0.105232970888683,0.185488005739331,0.078733320898315
25134,0.250722492097561,0.311822318021454,0.120791961533011,0.316663228347974
25135,0.0723801760588547,0.583468841385793,0.0964975633510002,0.247653419204352
25136,0.244177349085291,0.303078851012026,0.343168397451389,0.109575402451295
25137,0.109903646857982,0.487338148246137,0.149484065927803,0.253274138968078
25138,0.119667971745075,0.338179543397745,0.1604093092497,0.38174317560748
25139,0.172818658160885,0.28273951585979,0.162951690510635,0.38149013546869
25140,0.124118982820816,0.0758760044285953,0.400624391431925,0.399380621318664
25141,0.254767328500748,0.368412703275681,0.169326812028885,0.207493156194687
25142,0.182668177912621,0.301486102480545,0.0809095570377293,0.434936162569104
25143,0.16770923628156,0.226009683250804,0.113738634363494,0.492542446104142
25144,0.199092662307401,0.23608734417222,0.111827302331546,0.452992691188833
25145,0.334418860566476,0.170335038227327,0.121559015500851,0.373687085705347
25146,0.279025011978484,0.509852695989921,0.0650370329982706,0.146085259033324
25147,0.200634706029813,0.141920568673619,0.391405051818565,0.266039673478002
25148,0.290583883085607,0.310526584245661,0.0637897113530295,0.335099821315703
25149,0.152194276452065,0.590485095977783,0.174805626273155,0.0825150012969971
25150,0.127656385302544,0.130867511034012,0.49430850148201,0.247167602181435
25151,0.0676707427080997,0.457550304291781,0.177845559188931,0.296933393811188
25152,0.448807103603814,0.0762585894667138,0.127493749279762,0.347440557649711
25153,0.332407953831613,0.490751925786972,0.101086177685009,0.075753942696407
25154,0.230074296745999,0.176177956589071,0.394260811549163,0.199486935115767
25155,0.0828278542618399,0.601105652790727,0.0484564992955513,0.267609993651882
25156,0.145211566841947,0.672295053967686,0.100794787728631,0.0816985914617357
25157,0.12624192237854,0.610607147216797,0.125032588839531,0.138118341565132
25158,0.494946345536302,0.332486400976372,0.0924783376597863,0.08008891582754
25159,0.13540218770504,0.404493749141693,0.163950398564339,0.296153664588928
25160,0.232478194460923,0.280683449486391,0.312276294461599,0.174562061591087
25161,0.335347992573411,0.102973805957909,0.159032783558745,0.402645417909936
25162,0.307937748138774,0.225787518487311,0.0741654281194934,0.392109305254422
25163,0.147897722540762,0.14757913570969,0.586523780025896,0.117999361723652
25164,0.513048827648163,0.312432736158371,0.101080693304539,0.0734377428889275
25165,0.194641438206413,0.115691675011938,0.18423929535986,0.505427591421789
25166,0.15596048069118,0.167402247565918,0.382486779019631,0.294150492723271
25167,0.320998770035758,0.432746098665375,0.129078571836597,0.11717655946227
25168,0.204220879901589,0.403978444709972,0.0619586978472527,0.329841977541185
25169,0.241433969086633,0.218635804256953,0.109107333827491,0.430822892828923
25170,0.418173713033608,0.409037065775307,0.0877674173643415,0.0850218038267435
25171,0.521553472326799,0.160932799009466,0.167859082456204,0.149654646207531
25172,0.184621686201641,0.431426184432918,0.182357857157056,0.201594272208385
25173,0.434920675082813,0.0616093734146561,0.200624945769086,0.302845005733445
25174,0.497861359379966,0.10538126723715,0.218047220063727,0.178710153319157
25175,0.656593074551328,0.108830778169173,0.0643273582409716,0.170248789038527
25176,0.111576509161909,0.255837509626057,0.535804649286145,0.0967813319258888
25177,0.217023503526695,0.249310921887891,0.235910576046846,0.297754998538569
25178,0.294260774467301,0.20364870434476,0.418794429582274,0.0832960916056647
25179,0.6347804523681,0.138987389080508,0.157552879507403,0.0686792790439886
25180,0.374957374298035,0.0882049257709475,0.36857014070667,0.168267559224347
25181,0.0897191661679993,0.10093601492238,0.732985832304185,0.076358986605436
25182,0.274534515305325,0.218040891944143,0.161559830261474,0.345864762489058
25183,0.375776019872904,0.271985618233788,0.231798065961912,0.120440295931397
25184,0.144918258639626,0.205999308645746,0.458114133533414,0.190968299181214
25185,0.266199213245476,0.197053307163118,0.288864029446126,0.24788345014528
25186,0.158341634832508,0.660685315594494,0.0890819673780047,0.0918910821949932
25187,0.252076085625945,0.238841783421609,0.165668425475531,0.343413705476914
25188,0.129603416693236,0.122475975174278,0.554791693052588,0.193128915079899
25189,0.417811190020371,0.204941126409702,0.207922297243935,0.169325386325992
25190,0.366004339620374,0.425919910686018,0.0931703203952986,0.114905429298309
25191,0.113172949203647,0.614450936127089,0.159582943913213,0.112793170756051
25192,0.166271771005637,0.319342156668241,0.250763528026237,0.263622544299884
25193,0.38447471478077,0.386210729952716,0.123148373231579,0.106166182034934
25194,0.209342276632386,0.406929891991769,0.275083142142751,0.108644689233093
25195,0.13504529401795,0.224095083001109,0.373283099331948,0.267576523648993
25196,0.110388358450196,0.326794348803289,0.200715984388084,0.362101308358431
25197,0.0801466399420303,0.638275380147432,0.124016634195919,0.157561345714619
25198,0.193724718783428,0.436457985096306,0.0791023510828264,0.29071494503744
25199,0.322523369901927,0.119296019641877,0.446512272053015,0.11166833840318
25200,0.140136167407036,0.452836841344833,0.104367539286613,0.302659451961517
25201,0.222762588005701,0.140402363842761,0.300183121862756,0.336651926288782
25202,0.22659338673065,0.166972232357081,0.399524325139458,0.20691005577281
25203,0.337673206994736,0.417065429178911,0.147798146373089,0.0974632174532647
25204,0.090854152360155,0.108667037571467,0.575280125623344,0.225198684445033
25205,0.14473400794366,0.247714277390923,0.24644845356869,0.361103261096727
25206,0.181189864873886,0.451743125915527,0.192814096808434,0.174252912402153
25207,0.139479294419289,0.183155283331871,0.25470107793808,0.422664344310761
25208,0.282342719330964,0.293234335188523,0.265127468177938,0.159295477302575
25209,0.158232182264328,0.0626847147941589,0.522452771663666,0.256630331277847
25210,0.181139945983887,0.227075159549713,0.464993685483933,0.126791208982468
25211,0.087611160519636,0.357973543122608,0.415808167935847,0.138607128421909
25212,0.35290815900403,0.267024155452488,0.192589667549883,0.187478017993599
25213,0.16666309287156,0.153793124052985,0.5321071664675,0.147436616607955
25214,0.146018171073089,0.205441531863304,0.365362725577517,0.28317757148609
25215,0.410843157606674,0.242413487398423,0.202835035281851,0.143908319713051
25216,0.326923415351357,0.381599140989819,0.147301667304263,0.144175776354561
25217,0.494814124306089,0.330260969904447,0.108245514525401,0.0666793912640622
25218,0.297302175413736,0.373117760825241,0.07765591600329,0.251924147757733
25219,0.209014711321277,0.545565399263227,0.0778110967761932,0.167608792639303
25220,0.201312535962089,0.151049490241722,0.430519806429153,0.217118167367036
25221,0.146618875065727,0.658823142332183,0.109440015397072,0.0851179672050173
25222,0.172367938892248,0.366002188399353,0.383343950534465,0.0782859221739351
25223,0.16674318164245,0.337684646054299,0.168753094877909,0.326819077425342
25224,0.0905067778416483,0.705195432195033,0.120271825196384,0.0840259647669343
25225,0.399782988427453,0.11683263716722,0.261838795705429,0.221545578699899
25226,0.627190915965628,0.135971000908509,0.164033733190614,0.0728043499352492
25227,0.0914462499957811,0.695036346502331,0.136983483009163,0.0765339204927242
25228,0.126309875437912,0.151091922852156,0.509598806786502,0.212999394923431
25229,0.0775332003831863,0.17419008910656,0.554409205913544,0.19386750459671
25230,0.199712319674251,0.165914146856113,0.562982972242065,0.0713905612275708
25231,0.0762089250339063,0.471086908778096,0.223713273770065,0.228990892417932
25232,0.197010096952169,0.458016746371735,0.129964170903501,0.215008985772595
25233,0.187339896793509,0.415376297441379,0.299466983201123,0.0978168225639891
25234,0.215947265145805,0.313985272377071,0.397322940706742,0.0727445217703814
25235,0.430630342313288,0.209066145459791,0.266169230124698,0.0941342821022228
25236,0.319527676119576,0.335611005556255,0.254523835941439,0.0903374823827302
25237,0.23814969722592,0.51075129559447,0.16779294234977,0.0833060648298398
25238,0.305905667648422,0.299438265715254,0.281469402600308,0.113186664036016
25239,0.306447952985764,0.43503737449646,0.170767411589623,0.087747260928154
25240,0.193466738353168,0.233919617986708,0.485722744038497,0.0868908996216283
25241,0.497362464666367,0.265043199062347,0.166113331913948,0.071481004357338
25242,0.190102186946538,0.287820185902414,0.367929065705403,0.154148561445645
25243,0.173853669476219,0.445334623277216,0.30702824086759,0.0737834663789749
25244,0.257759783532616,0.453785605039978,0.1922991751477,0.0961554362797057
25245,0.218708405734974,0.241670932248425,0.47605495792873,0.06356570408787
25246,0.264780070412456,0.359567756063227,0.29315465251871,0.0824975210056078
25247,0.218826635041634,0.271409271125426,0.388620194877534,0.121143898955406
25248,0.165725263442476,0.304424707657467,0.318318997596487,0.21153103130357
25249,0.210746990224324,0.520485047403612,0.203332753504312,0.0654352088677526
25250,0.285158491547968,0.319563783397461,0.309804744492577,0.0854729805619936
25251,0.170242071151733,0.221942096948624,0.454292088747025,0.153523743152618
25252,0.651667873511676,0.127566527498766,0.130088027415036,0.0906775715745219
25253,0.256064880368193,0.376145703666849,0.17422801967436,0.193561396290598
25254,0.375917915730751,0.206866862701627,0.0600884153703796,0.357126806197243
25255,0.53374610740703,0.218523704453596,0.0873927596988452,0.160337428440528
25256,0.137346089397915,0.693000140387565,0.108612008797422,0.0610417614170975
25257,0.193058434542511,0.282075030679999,0.394158280243976,0.130708254533514
25258,0.423775266538176,0.147075825315304,0.136358210309228,0.292790697837292
25259,0.209815870006028,0.482764680323794,0.192121695158146,0.115297754512032
25260,0.087818989630468,0.483371805027987,0.206247870763716,0.222561334577829
25261,0.462949571785305,0.234146325835367,0.227902127975352,0.0750019744039759
25262,0.249139267938424,0.354815995019913,0.101241351682564,0.294803385359099
25263,0.418451130390167,0.203079327940941,0.236503690481186,0.141965851187706
25264,0.17032856985437,0.164680061270594,0.375495696432953,0.289495672442083
25265,0.553441707443012,0.261038275517808,0.111559414204653,0.0739606028345272
25266,0.182316948078207,0.523611736080313,0.216298182672967,0.0777731331685141
25267,0.124106565423799,0.248840946617793,0.48498631156879,0.142066176389618
25268,0.145529157189777,0.400933867637285,0.386613316141765,0.0669236590311731
25269,0.185025349259377,0.26059228181839,0.170897498726845,0.383484870195389
25270,0.431009133056214,0.167955003736392,0.198684626758901,0.202351236448492
25271,0.0405523967804655,0.231370049320572,0.634291179116344,0.0937863747826186
25272,0.155654966831207,0.259074091911316,0.269128233194351,0.316142708063126
25273,0.226552640204759,0.183657965794595,0.221020897283216,0.368768496717431
25274,0.257689323161702,0.176123065112187,0.21885087760015,0.347336734125961
25275,0.508589904435355,0.285318751435028,0.123764376202063,0.0823269679275539
25276,0.34662831604395,0.397326299488387,0.153014544092444,0.103030840375219
25277,0.127608014231801,0.0766127992181063,0.535504750378359,0.260274436171734
25278,0.357177282017808,0.381834411891782,0.0913026468261682,0.169685659264242
25279,0.4968247545085,0.109672639567205,0.0466456658400186,0.346856940084277
25280,0.139531126895448,0.160244755159829,0.626544861192027,0.0736792567526962
25281,0.283563558512383,0.0819662747080069,0.55316109289469,0.0813090738849204
25282,0.518691893527717,0.107627204748785,0.141345961828932,0.232334939894565
25283,0.203014530353789,0.0932849307836939,0.380652084225866,0.32304845463665
25284,0.193054984665178,0.530245232651117,0.152142685231357,0.124557097452348
25285,0.45276932277588,0.167915900585529,0.172786941313354,0.206527835325236
25286,0.532834104704349,0.141994340092028,0.143710104469804,0.181461450733819
25287,0.113816286853839,0.655132746132733,0.152920329834509,0.0781306371789188
25288,0.12728503061939,0.100449611981594,0.306647591889331,0.465617765509685
25289,0.0739891093073653,0.40033311248322,0.220631751725551,0.305046026483864
25290,0.204829233596967,0.411327307741206,0.157040810165357,0.22680264849647
25291,0.39374731797733,0.170849571500731,0.140937666865061,0.294465443656878
25292,0.158633701144175,0.112782319461509,0.246417965579836,0.48216601381448
25293,0.151053445801935,0.260324482028551,0.226119968684315,0.362502103485198
25294,0.14737561784314,0.430536342577229,0.0725092611464638,0.349578778433167
25295,0.179756694127173,0.098812405711967,0.29355756760646,0.4278733325544
25296,0.145780110888924,0.698403749674419,0.0901109468150531,0.0657051926216039
25297,0.0915602255660195,0.610226544280654,0.15318199307403,0.145031237079297
25298,0.679407482440825,0.108942151881323,0.111931756972758,0.099718608705093
25299,0.473091541116926,0.109698294681209,0.32188789974975,0.0953222644521156
25300,0.199737890066669,0.555122490561586,0.0605541090625963,0.184585510309149
25301,0.47315841048174,0.0901533852586173,0.177657880380357,0.259030323879286
25302,0.489945921971991,0.105347969422847,0.164810882246575,0.239895226358587
25303,0.140870736098817,0.538861457548003,0.219000698767608,0.101267107585572
25304,0.0593663839854237,0.118387925290792,0.588071240218086,0.234174450505699
25305,0.638724241190178,0.134194902623924,0.135198808807073,0.0918820473788256
25306,0.213474328514762,0.420206775809673,0.0807172861534964,0.285601609522068
25307,0.168517018302768,0.292844346378912,0.173097605314922,0.365541030003398
25308,0.16568536183556,0.664957846140781,0.0929558386264681,0.0764009533971903
25309,0.0977718055912314,0.19356165249462,0.333872367922295,0.374794173991854
25310,0.468440423945496,0.290290689996422,0.0824297908491595,0.158839095208923
25311,0.374557888128726,0.276000474035747,0.267663453037492,0.0817781847980348
25312,0.173969678254291,0.131241107080529,0.613354595898631,0.0814346187665484
25313,0.364656908899982,0.213704606278035,0.25861771738748,0.163020767434503
25314,0.455894834636075,0.183748173471513,0.105665655518556,0.254691336373856
25315,0.465131647365267,0.220317605440581,0.234235916051804,0.0803148311423485
25316,0.287895930762407,0.199675971255122,0.177100636531441,0.33532746145103
25317,0.26336843560244,0.24095388474923,0.336918870714869,0.158758808933461
25318,0.548083190233135,0.187684194651873,0.178085388079922,0.0861472270350697
25319,0.30831596714729,0.497200049418212,0.122144857378972,0.0723391260555256
25320,0.142617051083358,0.141191009914607,0.492652579923051,0.223539359078984
25321,0.102520202976774,0.230978143340699,0.552518336978766,0.113983316703761
25322,0.436672846823655,0.127879673486367,0.35926382127715,0.0761836584128294
25323,0.424935560303827,0.114713812706747,0.365053756607156,0.09529687038227
25324,0.287027503743358,0.382470065616517,0.154076663343956,0.176425767296169
25325,0.238160030122401,0.450692862691252,0.0540994069493909,0.257047700236956
25326,0.173215811646456,0.128958407907439,0.347689370742124,0.350136409703982
25327,0.14173032132193,0.385154211742368,0.183727827910664,0.289387639025038
25328,0.154248763708481,0.0852901356845258,0.5896846852663,0.170776415340694
25329,0.260816145204776,0.104586805198186,0.181211448555673,0.453385601041365
25330,0.134154222360002,0.195620703958231,0.454068931694691,0.216156141987077
25331,0.213472856480831,0.379168239391087,0.0573307495018039,0.350028154626279
25332,0.228444639272163,0.242922533198037,0.139292301823084,0.389340525706716
25333,0.126246646046639,0.36988827586174,0.100383743643761,0.403481334447861
25334,0.303358923768957,0.423236058027895,0.06129240472959,0.212112613473557
25335,0.135759830474854,0.266018360853195,0.308967769145966,0.289254039525986
25336,0.131805639511179,0.293909034314482,0.42641423861938,0.147871087554959
25337,0.159374886774462,0.0751615213170081,0.437752200746827,0.327711391161703
25338,0.150157754127912,0.181009312898198,0.472708388349664,0.196124544624226
25339,0.365579984361381,0.108051007061057,0.344796828669381,0.181572179908182
25340,0.142955556511879,0.572433412075043,0.168543264269829,0.11606776714325
25341,0.10408890247345,0.624585151672363,0.13326321542263,0.138062730431557
25342,0.126632391462979,0.279363630120727,0.473134752563128,0.120869225853166
25343,0.207914112449332,0.307538775298456,0.404524829949999,0.0800222823022136
25344,0.192851197826099,0.186833512979246,0.425723099325253,0.194592189869401
25345,0.193447294733633,0.318717067222552,0.31929493426226,0.168540703781556
25346,0.302482057270331,0.0752742933007221,0.326499420162312,0.295744229266635
25347,0.516720994808644,0.24741929032149,0.138010006010234,0.0978497088596312
25348,0.345714544441023,0.217591959500193,0.164415898388861,0.272277597669923
25349,0.141975496470198,0.217360950033693,0.547141329858939,0.0935222236371703
25350,0.420593691485932,0.180099462869747,0.215048587770718,0.184258257873602
25351,0.268692459632569,0.17921587557769,0.365741873297961,0.18634979149178
25352,0.253552686581881,0.200191223629917,0.153196073466364,0.393060016321839
25353,0.168050356271134,0.132182887145112,0.332183375903221,0.367583380680533
25354,0.500785116112121,0.163712204722406,0.252267064543568,0.0832356146219046
25355,0.137690022587776,0.391305983066559,0.140149459242821,0.330854535102844
25356,0.164952573702446,0.173369062343701,0.269200738233317,0.392477625720536
25357,0.186949226065714,0.367450481168188,0.348087971629023,0.0975123211370754
25358,0.368346146842608,0.258026406647349,0.226825042177739,0.146802404332304
25359,0.421460459115963,0.133563119178186,0.353455730232352,0.0915206914734995
25360,0.150376066565514,0.222778722643852,0.403919070959091,0.222926139831543
25361,0.312864934099688,0.155251386094859,0.41363993903458,0.118243740770873
25362,0.133600849914576,0.158549507217095,0.555339531759606,0.152510111108724
25363,0.154167322007309,0.312397326344291,0.185885203095001,0.347550148553399
25364,0.161475623802077,0.219783716804274,0.416581141454543,0.202159517939105
25365,0.381240617669839,0.0818037117065105,0.174258267112323,0.362697403511328
25366,0.147903961719514,0.338601196727139,0.251467134781672,0.262027706771676
25367,0.136595353484154,0.451164603233337,0.262803345918655,0.149436697363853
25368,0.278642960746377,0.525942043243111,0.126076404037368,0.0693385919731436
25369,0.314858193474141,0.184906420336568,0.328715110887362,0.171520275301929
25370,0.179314667602936,0.292774638748925,0.383379775781042,0.144530917867097
25371,0.144046421526479,0.580311161866452,0.161752204246753,0.113890212360316
25372,0.42034192933868,0.127897408726124,0.372702381624973,0.0790582803102222
25373,0.144302325610851,0.465257740993168,0.278931979521095,0.111507953874885
25374,0.123615706318851,0.262880448443896,0.537503310106744,0.0760005351305088
25375,0.178709091087498,0.538537208278009,0.193621085536637,0.0891326150978551
25376,0.221877867961431,0.199261346426368,0.348813817597053,0.230046968015148
25377,0.185969451487975,0.474851117287543,0.215935387732524,0.123244043491958
25378,0.356751338694304,0.194215917328712,0.351056949096484,0.0979757948805002
25379,0.226498684790034,0.526643554618822,0.167785384961017,0.0790723756301263
25380,0.191857437971441,0.509356308519327,0.203085164656822,0.095701088852411
25381,0.180071970226525,0.269275673308244,0.215242168761556,0.335410187703675
25382,0.49378114938736,0.171254843473434,0.198172748088837,0.136791259050369
25383,0.10752030037404,0.61447562618481,0.189741199902928,0.0882628735382221
25384,0.179937102493812,0.222015092760999,0.450849136003068,0.14719866874212
25385,0.108753623198772,0.118861185295301,0.593818971422597,0.178566220083329
25386,0.31390643119812,0.230667680501938,0.152751207351685,0.302674680948257
25387,0.28304109820846,0.121524099156979,0.225727028421373,0.369707774213188
25388,0.223441774619182,0.291292333052479,0.402647516072225,0.0826183762561148
25389,0.232810464012467,0.434956186488924,0.194083955972136,0.138149393526474
25390,0.16813956451624,0.259914580880323,0.492968536808618,0.0789773177948194
25391,0.184745592106199,0.27087765528444,0.270737465162017,0.273639287447344
25392,0.196853175759316,0.12127897888422,0.566748082637787,0.115119762718678
25393,0.116448760032654,0.517542004585266,0.23556911945343,0.13044011592865
25394,0.156432521409681,0.262223030212838,0.522610356610076,0.0587340917674062
25395,0.144945355429431,0.262692067961277,0.35469273261268,0.237669843996612
25396,0.161164588980284,0.535363161654614,0.190238499205045,0.113233750160057
25397,0.144955172054804,0.197708590345766,0.558129425658811,0.0992068119406193
25398,0.251696161875243,0.166532109185096,0.333976199210399,0.247795529729261
25399,0.20214205092615,0.264553793208414,0.219952574966925,0.313351580898511
25400,0.130209982395172,0.392486959695816,0.325455993413925,0.151847064495087
25401,0.201352074742317,0.206597939133644,0.26765313744545,0.324396848678589
25402,0.408618628978729,0.210626184940338,0.229610487818718,0.151144698262215
25403,0.153586560701523,0.374320350546858,0.375129424043263,0.096963664708356
25404,0.276049222408992,0.171724570218853,0.3292054484903,0.223020758881856
25405,0.385252996729799,0.310948532482555,0.209238730715168,0.0945597400724791
25406,0.180916100740433,0.293661147356033,0.273532509803772,0.251890242099762
25407,0.178342107944387,0.113843898039547,0.412074962528235,0.295739031487831
25408,0.264068734529707,0.332373872356439,0.183906950827254,0.219650442286601
25409,0.246480211825358,0.128607757174506,0.535544601944411,0.0893674290557248
25410,0.0585887879133225,0.307191342115402,0.506832301616669,0.127387568354607
25411,0.14670916557502,0.228775302862017,0.232101093177546,0.392414438385417
25412,0.409026608207323,0.266038993971012,0.226030224041277,0.0989041737803882
25413,0.55936049998283,0.219065828479336,0.153714253353221,0.0678594181846126
25414,0.14365666890656,0.211982858002441,0.56923328981946,0.0751271832715395
25415,0.137941079407052,0.179566996985182,0.488358147268864,0.194133776338902
25416,0.252551585435867,0.275609344244003,0.270522266626358,0.201316803693771
25417,0.151694738965913,0.306921470577805,0.471734820111681,0.0696489703446013
25418,0.143104988554977,0.549488497141492,0.184696291045017,0.122710223258515
25419,0.156538425709766,0.270957080491207,0.503036972112678,0.0694675216863489
25420,0.172842028332383,0.330039178282606,0.327150915967687,0.169967877417324
25421,0.266718276343294,0.37076474341049,0.290033974946558,0.0724830052996578
25422,0.29015724986323,0.226222880893264,0.147138755108751,0.336481114134755
25423,0.470395817470426,0.10597800034219,0.238525859669622,0.185100322517762
25424,0.131027780832516,0.16264350191614,0.482814608980096,0.223514108271248
25425,0.152952259516428,0.0998943559786065,0.591901205178395,0.155252179326571
25426,0.172335548905018,0.540034230500205,0.0907481380496313,0.196882082545146
25427,0.175359221925724,0.244987565949374,0.280826453578866,0.298826758546036
25428,0.106781359509328,0.0569284909617718,0.53643963722737,0.29985051230153
25429,0.298681502024554,0.0789887767879483,0.295849625704432,0.326480095483066
25430,0.569527281139656,0.122545304653316,0.208980371258714,0.098947042948314
25431,0.0946266530342893,0.575060384722364,0.186355954002021,0.143957008241326
25432,0.302889869977987,0.154525600916493,0.179232008193493,0.363352520912028
25433,0.0582492767460105,0.0847527224386277,0.563723427334683,0.293274573480679
25434,0.425699370333571,0.133949216188514,0.220892378065217,0.219459035412698
25435,0.434636318167503,0.253417726555203,0.16015983879328,0.151786116484014
25436,0.149787397308554,0.503267828399448,0.0540482927415393,0.292896481550459
25437,0.413601207327807,0.266598842543398,0.171600873124573,0.148199077004222
25438,0.249157696962357,0.252871185541153,0.393348067998886,0.104623049497604
25439,0.139324321304826,0.0869794108943685,0.445750859038898,0.327945408761908
25440,0.0825611713146989,0.0775522056586712,0.640568783274758,0.199317839751872
25441,0.381587153398799,0.18818451744593,0.171895685373182,0.258332643782089
25442,0.0643041698785342,0.0565705458245535,0.574267180765147,0.304858103531765
25443,0.378478088493901,0.253996139481577,0.0811165067803079,0.286409265244214
25444,0.10238973643795,0.17742460701727,0.234470155321506,0.485715501223274
25445,0.182554585001549,0.473860524984292,0.144514305226292,0.199070584787867
25446,0.372342689081608,0.166369788361946,0.0875348260610629,0.373752696495383
25447,0.144049497605108,0.290377174174445,0.107118623064736,0.458454705155711
25448,0.340742496097516,0.288754461044412,0.0635313759481059,0.306971666909965
25449,0.0785172662028467,0.447007838241814,0.107225672209454,0.367249223345885
25450,0.599115517695942,0.13668387249189,0.163309715538161,0.100890894274007
25451,0.241579462219203,0.527302122385705,0.123355912118141,0.107762503276951
25452,0.57693559146276,0.161381826405905,0.0529205018763263,0.20876208025501
25453,0.094554860646495,0.120203768620063,0.192853369989397,0.592388000744045
25454,0.252686333031341,0.118549829060577,0.411434847627648,0.217328990280434
25455,0.344176133150574,0.156429450022297,0.133491974070907,0.365902442756222
25456,0.162341850434867,0.157842236129079,0.195618259841476,0.484197653594578
25457,0.0938123830123813,0.171696423205015,0.537576015758693,0.196915178023911
25458,0.507055707381006,0.132176132979633,0.157206001240104,0.203562158399256
25459,0.682369778787639,0.0794658970753237,0.11260588634917,0.125558437787867
25460,0.0848190573575952,0.280856613529572,0.536004968524053,0.0983193605887795
25461,0.0467736436955227,0.0928006199836916,0.293865987475693,0.566559748845093
25462,0.0863257148071697,0.319130967907252,0.0448654416283702,0.549677875657208
25463,0.342476974203496,0.0657424201292521,0.135724712482831,0.45605589318442
25464,0.0537550229858981,0.42992958746798,0.187015788160382,0.329299601385739
25465,0.680360416163194,0.11252867095087,0.0548755733705886,0.152235339515348
25466,0.0601035628487088,0.153939786440503,0.641514134435246,0.144442516275542
25467,0.180041653215264,0.17527991272092,0.053856103809832,0.590822330253984
25468,0.0871455792443282,0.350272049001692,0.20331175019408,0.359270621559899
25469,0.128795654541222,0.560383204820627,0.0396097826928629,0.271211357945288
25470,0.139517017922535,0.178743101116578,0.538998043283908,0.142741837676979
25471,0.0513905453908985,0.321625369726666,0.0548519956003131,0.572132089282122
25472,0.135285545447038,0.159057607026625,0.114002290785381,0.591654556740956
25473,0.331041271522026,0.113004191026029,0.230889316933016,0.325065220518928
25474,0.145051859204747,0.450705802776362,0.0452023646502454,0.359039973368646
25475,0.0860595852136612,0.521425485610962,0.106164678931236,0.286350250244141
25476,0.220287416508187,0.334255671766692,0.0379347920033111,0.40752211972181
25477,0.134990539104028,0.11761259682141,0.260061464903907,0.487335399170655
25478,0.0792696863276826,0.284872507394711,0.0518238293346731,0.584033976942934
25479,0.0478711397921879,0.0705686969788502,0.683009458389309,0.198550704839652
25480,0.188927360291505,0.0950997957922594,0.2979685553175,0.418004288598735
25481,0.138054341077805,0.634800732135773,0.0849306136369705,0.142214313149452
25482,0.328066356362396,0.229057063811803,0.337554223929813,0.105322355895989
25483,0.231201479631629,0.450519670906968,0.236519912559094,0.0817589369023084
25484,0.254144012928009,0.10784538090229,0.214419320225716,0.423591285943985
25485,0.550295527649704,0.151371403400813,0.185521273422828,0.112811795526655
25486,0.184017551183439,0.218070891230242,0.347212279629524,0.250699277956795
25487,0.248444642894795,0.145258439402902,0.190937903658481,0.415359014043823
25488,0.270002015531123,0.200602939742891,0.166738708816132,0.362656335909854
25489,0.247169822454453,0.31536391377449,0.17209193110466,0.265374332666397
25490,0.133021635815179,0.150922862426596,0.62599783203009,0.090057669728135
25491,0.148037075996399,0.334453165531158,0.166327655315399,0.351182103157043
25492,0.429238369407392,0.20839240681248,0.247361907794433,0.115007315985695
25493,0.0842071113617288,0.113354289730702,0.326050673813383,0.476387925094186
25494,0.382350343991806,0.270442745970406,0.156292746773578,0.19091416326421
25495,0.394257724285126,0.147291824221611,0.264124155044556,0.194326296448708
25496,0.0845252908233423,0.207614993708656,0.627333195775753,0.0805265196922487
25497,0.084887323233863,0.130940805943584,0.689602056455551,0.0945698143670018
25498,0.603950940219721,0.106503557656093,0.114406768769278,0.175138733354909
25499,0.118086846442325,0.175215798247096,0.551871427176467,0.154825928134112
25500,0.613922389719379,0.0886332725599435,0.189019611968713,0.108424725751964
25501,0.154234279818364,0.432285470732614,0.215089476558252,0.19839077289077
25502,0.347043506494682,0.117162567738535,0.443973948568688,0.0918199771980946
25503,0.0801777043991597,0.101330573896485,0.538832322920332,0.279659398784023
25504,0.26436988110177,0.558088493900489,0.104924219211732,0.0726174057860093
25505,0.160365546930863,0.364270020596086,0.259349785466499,0.216014647006552
25506,0.188862103057833,0.188285741035428,0.428900456859178,0.193951699047561
25507,0.203112408518791,0.238555818796158,0.167134866118431,0.39119690656662
25508,0.0749006563804995,0.636084194212525,0.217351271082824,0.0716638783241519
25509,0.388788974118068,0.176882627261916,0.299326781918508,0.135001616701508
25510,0.284763148881103,0.249082662192504,0.257863811914211,0.208290377012182
25511,0.59580337113435,0.126352159286258,0.112786052930563,0.165058416648829
25512,0.372492215652193,0.199184070545791,0.30619262964593,0.122131084156087
25513,0.158318892121315,0.257055044174194,0.222047701478004,0.362578362226486
25514,0.165843203663826,0.335275948047638,0.375064790248871,0.123816058039665
25515,0.113305914651382,0.37915088314001,0.14843253238378,0.359110669824829
25516,0.165607473463098,0.513057370225242,0.100021582097619,0.22131357421404
25517,0.30520394899255,0.245588842713667,0.219855252204169,0.229351956089615
25518,0.350854600208184,0.26144739595879,0.20825281428914,0.179445189543885
25519,0.208243123879912,0.52269736965383,0.192191668145669,0.0768678383205891
25520,0.168441342837234,0.362580453791923,0.376428937560751,0.0925492658100913
25521,0.293898871722851,0.334064354477395,0.125491809085256,0.246544964714498
25522,0.186513132459828,0.395785641858624,0.208936011391758,0.20876521428979
25523,0.610370136411111,0.119198012381866,0.180162587010764,0.0902692641962594
25524,0.208326825871773,0.264375132219872,0.366307245178845,0.160990796729511
25525,0.419917285442352,0.197891786694527,0.120375528931618,0.261815398931503
25526,0.222258912192724,0.508292142363579,0.17091702052144,0.0985319249222571
25527,0.297788858413696,0.283182442188263,0.258712023496628,0.160316675901413
25528,0.428227126598358,0.151360049843788,0.316615641117096,0.103797182440758
25529,0.459982375651204,0.182460818792749,0.244434362152987,0.11312244340306
25530,0.192359042281523,0.496587179652047,0.18436747514654,0.12668630291989
25531,0.0810064860728464,0.210481559761693,0.638362498356588,0.0701494558088725
25532,0.143999884128575,0.512736182185405,0.250498613324068,0.0927653203619525
25533,0.323487517807726,0.179025782801019,0.42066445633274,0.0768222430585158
25534,0.136170939625583,0.471039715938566,0.289720775855487,0.103068568580363
25535,0.264311975188076,0.500746201740493,0.123877975133314,0.111063847938117
25536,0.0850249746067451,0.374176052405119,0.41210874608078,0.128690226907356
25537,0.148368552327156,0.261684000492096,0.36254695057869,0.227400496602058
25538,0.53458659646094,0.159161266107233,0.192479531635056,0.113772605796771
25539,0.41259204419124,0.308574103372378,0.18740878580342,0.0914250666329622
25540,0.123270215440843,0.144692303906266,0.641519556068175,0.0905179245847154
25541,0.409594794893381,0.326571963878603,0.185684095643071,0.0781491455849451
25542,0.158215627074242,0.317055374383926,0.183603718876839,0.341125279664993
25543,0.260678265402887,0.198466706253092,0.423742956276878,0.117112072067143
25544,0.313631399009974,0.48571503609415,0.0798046919805345,0.120848872915342
25545,0.418182545629404,0.213293310801785,0.250451859080019,0.118072284488793
25546,0.239807264803404,0.553794924570582,0.11269848877712,0.0936993218488941
25547,0.136303868823412,0.248175526078592,0.529550182903926,0.0859704221940691
25548,0.206496730446816,0.261410713195801,0.297045916318893,0.23504664003849
25549,0.145990292847446,0.111127537157311,0.533678873369727,0.209203296625516
25550,0.240879566020991,0.184326742033557,0.157191445994887,0.417602245950565
25551,0.243490055203438,0.134112372994423,0.227861046791077,0.394536525011063
25552,0.215902376411891,0.386088317425375,0.268529001899496,0.129480304263239
25553,0.153219212687588,0.553505914017734,0.190398460340454,0.102876412954224
25554,0.114385223174315,0.634046366303468,0.159812790754247,0.0917556197679695
25555,0.486967962720694,0.1155981750936,0.110358949364761,0.287074912820946
25556,0.260363590435546,0.537014508411937,0.136283910406407,0.0663379907461103
25557,0.382764589272874,0.348256836779619,0.179517185077583,0.089461388869923
25558,0.470897963832228,0.161999605387432,0.14831425912593,0.218788171654411
25559,0.555062162390452,0.204871903250994,0.168295916133465,0.0717700182250883
25560,0.316731448222228,0.436274939234928,0.102620436212116,0.144373176330728
25561,0.232690885663033,0.422061651945114,0.141779974102974,0.203467488288879
25562,0.194474271186846,0.271108972827689,0.376142514818496,0.158274241166968
25563,0.407985961556225,0.243026155874523,0.262398276662801,0.0865896059064508
25564,0.094060431944595,0.161525017079898,0.67023708932985,0.0741774616456576
25565,0.352280010215044,0.099229839467113,0.258138440306829,0.290351710011014
25566,0.119842050673931,0.454256080772637,0.231605720049058,0.194296148504374
25567,0.0800147652626038,0.423411816358566,0.340861856937408,0.155711561441422
25568,0.378151159827446,0.378281515189454,0.163124506566659,0.080442818416441
25569,0.225628385865054,0.316572033243506,0.382803163316775,0.0749964175746646
25570,0.353915680828223,0.18627026122003,0.302924534591301,0.156889523360445
25571,0.303590132456577,0.225429515187272,0.196159684486375,0.274820667869777
25572,0.498338036263912,0.155320567558399,0.197196093243419,0.14914530293427
25573,0.13783303519337,0.663479596233946,0.135866126531338,0.0628212420413453
25574,0.133321891228784,0.0883388113849308,0.572123983050734,0.206215314335551
25575,0.410703293047272,0.212678071027596,0.262098236640451,0.114520399284682
25576,0.377164376802845,0.176825947605404,0.320909932811114,0.125099742780637
25577,0.296082769275945,0.111949981927126,0.214416581607112,0.377550667189817
25578,0.474699820003649,0.261017216944102,0.121156974495194,0.143125988557055
25579,0.587302987182908,0.190110908375017,0.148647994910538,0.0739381095315375
25580,0.251869570547472,0.399080115515595,0.175590925317597,0.173459388619336
25581,0.473283652017144,0.180471078905993,0.119426541920204,0.226818727156659
25582,0.102245868775932,0.212897676421667,0.183110984908208,0.501745469894193
25583,0.457595474386148,0.106285826955524,0.365377163371103,0.0707415352872243
25584,0.20013088286118,0.303134952532276,0.16904296232824,0.327691202278304
25585,0.176159180276431,0.277218031411557,0.176216505040981,0.370406283271032
25586,0.130110497396048,0.204892672416096,0.597447432672701,0.0675493975151555
25587,0.599910144507216,0.185428561161671,0.147259459996666,0.0674018343344467
25588,0.251248381994713,0.199885258081995,0.203830817227637,0.345035542695655
25589,0.508518438468932,0.248765414626695,0.149320403139278,0.0933957437650955
25590,0.19940060377121,0.256300389766693,0.164132505655289,0.380166500806808
25591,0.150833800435066,0.348444402217865,0.216707155108452,0.284014642238617
25592,0.340377787958914,0.468366517673925,0.0719212687588116,0.11933442560835
25593,0.162312774640972,0.431233522063244,0.297678855823883,0.108774847471901
25594,0.198937451807781,0.303197243904985,0.224340683947226,0.273524620340008
25595,0.358044751540827,0.376438864538942,0.152814481097783,0.112701902822448
25596,0.0857232157675151,0.0643789335573971,0.658250167777766,0.191647682897322
25597,0.363022005006999,0.165115940051018,0.0916633321592708,0.380198722782712
25598,0.223453104496002,0.316312879323959,0.169235527515411,0.290998488664627
25599,0.167150691151619,0.15701961517334,0.455777704715729,0.220051988959312
25600,0.150585840624993,0.121959675194035,0.614531737132915,0.112922747048058
25601,0.585117148195569,0.0757805315603197,0.247922817291554,0.091179502952557
25602,0.279944615962597,0.078885521938554,0.234954123126531,0.406215738972318
25603,0.597146987915039,0.224794507026672,0.110719978809357,0.0673385262489319
25604,0.135849685489011,0.644804720914399,0.154786230286853,0.0645593633097363
25605,0.133023869007115,0.0968944848509286,0.296242585890216,0.473839060251741
25606,0.14512631405239,0.610535506982621,0.151852221428247,0.0924859575367418
25607,0.293619621782764,0.427874310766372,0.0952406564637774,0.183265410987086
25608,0.117336432278226,0.278301096222574,0.293880200994317,0.310482270504883
25609,0.655263801075929,0.12719241163708,0.0954346387217831,0.122109148565207
25610,0.328642358522345,0.170947650940786,0.166453460858659,0.33395652967821
25611,0.134607581278569,0.393950098843126,0.363275343726943,0.108166976151362
25612,0.15589451557555,0.316777999449104,0.44509940676243,0.0822280782129157
25613,0.477453936395334,0.211609910169022,0.222505951914803,0.0884302015208408
25614,0.347874711390576,0.229546166346853,0.171708171716576,0.250870950545995
25615,0.345373223584092,0.38017366469424,0.175360148410802,0.0990929633108665
25616,0.146328138505342,0.387901818572012,0.287264142740729,0.178505900181918
25617,0.52296240696199,0.168880571987646,0.230108998123079,0.0780480229272849
25618,0.129689917934611,0.188098670453568,0.615220551306162,0.0669908603056584
25619,0.169355444489921,0.11069544654956,0.501266635897757,0.218682473062762
25620,0.171962680994908,0.133065225676674,0.500370509928025,0.194601583400392
25621,0.132759085271914,0.109248821850813,0.6625377235951,0.0954543692821727
25622,0.343469845374307,0.202534474338052,0.351770715722043,0.102224964565599
25623,0.156707058647065,0.456398294675401,0.175226429843115,0.211668216834419
25624,0.249117899725531,0.180732942488807,0.294115560019811,0.276033597765851
25625,0.192430353503062,0.258677232622628,0.214445253560904,0.334447160313405
25626,0.216334914430905,0.45700407965463,0.17984186799041,0.146819137924054
25627,0.289556847979567,0.344832136713022,0.170850597134951,0.19476041817246
25628,0.165723582080709,0.391320121029619,0.304943153409456,0.138013143480216
25629,0.282154004356042,0.444882260444845,0.194479338619088,0.0784843965800254
25630,0.209789451810875,0.570692053873955,0.107129028333291,0.112389465981879
25631,0.235031597762358,0.224292495122776,0.368332553853615,0.172343353261252
25632,0.164662183557914,0.422467950153857,0.33869809164627,0.0741717746419592
25633,0.135166565713776,0.192753850873847,0.275471350213241,0.396608233199137
25634,0.470898002386093,0.156680002808571,0.173250615596771,0.199171379208565
25635,0.634309792306639,0.167988142668759,0.104214038856851,0.0934880261677513
25636,0.377619396973234,0.215357041816623,0.189991748034708,0.217031813175434
25637,0.273716781641793,0.178262087378831,0.308873479200504,0.239147651778872
25638,0.198107168078423,0.30922257900238,0.128008291125298,0.3646619617939
25639,0.175514790050906,0.429344839294923,0.165720241751078,0.229420128903093
25640,0.250457827008632,0.222667280177284,0.212596553751775,0.314278339062308
25641,0.185215833562848,0.351749812837687,0.334470604873756,0.128563748725709
25642,0.0673010766222592,0.519673860683716,0.170752890225371,0.242272172468655
25643,0.14763648588007,0.670512964270816,0.0973547757066075,0.0844957741425071
25644,0.614298857215835,0.0936534444371818,0.163570844994081,0.128476853352902
25645,0.0991319626699096,0.712767232764255,0.110957091883464,0.0771437126823707
25646,0.273997211292448,0.140389767131438,0.502464283202642,0.0831487383734717
25647,0.146589658256903,0.22200732925567,0.388852375247436,0.242550637239991
25648,0.187767975488008,0.119433107993263,0.376265005161427,0.316533911357302
25649,0.218472047012508,0.499005850411908,0.181878461078715,0.10064364149687
25650,0.104133247085407,0.100830970754085,0.546486350684544,0.248549431475963
25651,0.392847576577535,0.343761541182433,0.179322202041496,0.0840686801985356
25652,0.447868575575905,0.131534960906171,0.0743037371120512,0.346292726405873
25653,0.144370968807609,0.379774052507459,0.324938555808706,0.150916422876226
25654,0.0806597757241163,0.505328826526868,0.230467137240363,0.183544260508653
25655,0.0812341216482398,0.0831778664107144,0.690143719840282,0.145444292100764
25656,0.393768319348283,0.260744428502271,0.0975905008075498,0.247896751341896
25657,0.228996838435389,0.479577711801725,0.167221240724083,0.124204209038803
25658,0.299737560733411,0.517655284264999,0.0853109261578874,0.0972962288437026
25659,0.633019116288917,0.11288025386511,0.176420947648982,0.0776796821969913
25660,0.144266471266747,0.686723291873932,0.103020064532757,0.0659901723265648
25661,0.154527998918056,0.0718667688310192,0.34957407487515,0.424031157375775
25662,0.345340246776637,0.420149111447497,0.0644837012218878,0.170026940553979
25663,0.166773408651352,0.102027416229248,0.210446506738663,0.520752668380737
25664,0.0510446409113771,0.552918273867162,0.26396192005149,0.132075165169971
25665,0.0619543108399861,0.295624387457476,0.308632148038423,0.333789153664115
25666,0.170474514365196,0.15461191534996,0.22750286757946,0.447410702705383
25667,0.695405213740235,0.0781726727706489,0.135976889611324,0.0904452238777925
25668,0.217144744225925,0.23185068541654,0.0716371914121299,0.479367378945406
25669,0.0658498346622996,0.464051406027036,0.16826646406054,0.301832295250124
25670,0.519514695391497,0.256061412574691,0.143567953812121,0.0808559382216912
25671,0.184707263567827,0.469543085409907,0.266068748650886,0.0796809023713797
25672,0.112283486415316,0.44079486873765,0.210199184335799,0.236722460511235
25673,0.103864233023037,0.424916486818351,0.146432244192113,0.324787035966499
25674,0.446530345568832,0.197992965429497,0.183036579417928,0.172440109583744
25675,0.281284136233515,0.145331523358741,0.2985134556225,0.274870884785245
25676,0.174562336314934,0.608295385601337,0.115888298421266,0.101253979662463
25677,0.525663304500357,0.235654021002635,0.0772051868467364,0.161477487650272
25678,0.141706594450477,0.326976374075873,0.321802303710477,0.209514727763173
25679,0.128323466541793,0.61266172388689,0.0688839932447969,0.19013081632652
25680,0.0902716422765335,0.656237766379764,0.178466226641844,0.075024364701859
25681,0.0898112139836789,0.384631547217306,0.203754620282014,0.321802618517001
25682,0.222422652768414,0.241403885441903,0.18757084943143,0.348602612358254
25683,0.395495671168099,0.322596987408489,0.182858878884945,0.099048462538467
25684,0.0538133770527424,0.595432376303687,0.154707797982597,0.196046448660974
25685,0.153224013144851,0.40822090543304,0.148258960914267,0.290296120507842
25686,0.084120171788936,0.329966256915517,0.404037159801637,0.18187641149391
25687,0.141024054147482,0.673812692417299,0.108316705437874,0.0768465479973446
25688,0.171720152250533,0.440637035388858,0.303164073919179,0.0844787384414297
25689,0.570334093878689,0.176347573886739,0.178630819279874,0.0746875129546974
25690,0.154059288590263,0.549790970239178,0.216587659469431,0.0795620817011285
25691,0.156932070851326,0.233209729194641,0.53955066204071,0.0703075379133225
25692,0.323606635278364,0.223186012757033,0.162192237940546,0.291015114024056
25693,0.163277002621844,0.368060087681712,0.38309044216708,0.0855724675293634
25694,0.358610521513537,0.160504032984496,0.287667968501686,0.193217477000281
25695,0.343541664762112,0.376233085104566,0.177493921573979,0.102731328559344
25696,0.155350385938954,0.477585461157669,0.289750871883699,0.0773132810196781
25697,0.0970864079675556,0.254560412873033,0.566260342048558,0.0820928371108535
25698,0.142286771135624,0.326674029528766,0.307606027680366,0.223433171655245
25699,0.253850799226052,0.198574522073918,0.397749709982412,0.149824968717618
25700,0.257513145264728,0.226556786394,0.424019024670833,0.0919110436704399
25701,0.227522388100624,0.542535781860352,0.162122368812561,0.0678194612264633
25702,0.131177977704838,0.287836404799196,0.504367414894457,0.0766182026015088
25703,0.277290344238281,0.321852892637253,0.180721074342728,0.220135688781738
25704,0.496221650251063,0.266553948318733,0.164507648516731,0.0727167529134733
25705,0.114410658603668,0.286024653478906,0.527308511868674,0.0722561760487517
25706,0.498842466648464,0.233773807426382,0.193059916949423,0.0743238089757306
25707,0.312659880141619,0.399199473881737,0.197144129957434,0.0909965160192097
25708,0.298076897859573,0.0870852470397949,0.54090166091919,0.0739361941814423
25709,0.246237164279159,0.337694592871396,0.343538291980437,0.0725299508690078
25710,0.159266434279074,0.280200702556999,0.451565881888533,0.108966981275394
25711,0.355209350585938,0.185058057308197,0.319472342729569,0.140260249376297
25712,0.403840500001892,0.225132175531024,0.207072981981248,0.163954342485835
25713,0.349176471668131,0.270469669557656,0.307896708069693,0.0724571507045202
25714,0.343950212001801,0.210629343986511,0.281046628952026,0.164373815059662
25715,0.31515039187485,0.328820896477286,0.27745408853345,0.0785746231144154
25716,0.272987161174225,0.25954357176339,0.368948107495131,0.0985211595672542
25717,0.15409023028881,0.474484994247109,0.18429607702184,0.187128698442242
25718,0.387539744377136,0.191067740321159,0.160763785243034,0.26062873005867
25719,0.469353484710808,0.253119090688195,0.192160270816098,0.0853671537848992
25720,0.188595143130494,0.279080774201739,0.389463329472194,0.142860753195573
25721,0.29988037422745,0.250753154950099,0.382925972978548,0.0664404978439027
25722,0.16813388717374,0.328343128090249,0.209308016438902,0.294214968297109
25723,0.188304571894522,0.289065269462278,0.423991319358414,0.0986388392847863
25724,0.355443482927136,0.181977557867431,0.189737084355013,0.27284187485042
25725,0.256980422988242,0.306121473105572,0.3637961799472,0.0731019239589859
25726,0.307549531645335,0.347507471628376,0.203455057688727,0.141487939037562
25727,0.127058161391941,0.261237677019273,0.537000767335284,0.0747033942535014
25728,0.253994409054434,0.272548381575173,0.245919976322651,0.227537233047742
25729,0.302436995651543,0.204321575422381,0.411892855876258,0.0813485730498179
25730,0.60944096417901,0.154076616344553,0.168211201780701,0.0682712176957364
25731,0.379236774708485,0.0985401316824614,0.373464630848078,0.148758462760976
25732,0.109269483249344,0.116787796962443,0.699323107312275,0.0746196124759374
25733,0.302382712101679,0.232591751703497,0.165369498213671,0.299656037981153
25734,0.377963938816576,0.275424576001419,0.244314437605018,0.102297047576987
25735,0.1538689308445,0.227804485377736,0.481901116399484,0.136425467378281
25736,0.294696347652539,0.209723552626809,0.296276615726503,0.199303483994149
25737,0.176829761893666,0.663136745361117,0.0949819123365697,0.0650515804086469
25738,0.241073787744416,0.242597341978708,0.196104455226394,0.320224415050482
25739,0.135735675692558,0.147522315382957,0.551374316215515,0.165367692708969
25740,0.39365081219446,0.226154049061803,0.227845315880538,0.152349822863199
25741,0.414570045905413,0.408839059139462,0.0888951000241965,0.0876957949309288
25742,0.139323173915422,0.592113132833592,0.175268604045595,0.093295089205391
25743,0.168658750782292,0.341113035993472,0.262496505118854,0.227731708105381
25744,0.394564327638117,0.37311809977056,0.144482596632223,0.0878349759591
25745,0.209774949855359,0.451205120944824,0.259236894272658,0.0797830349271585
25746,0.61779540316913,0.148421375837763,0.161591334927147,0.0721918860659608
25747,0.539401956489711,0.243546355419552,0.135030435547686,0.0820212525430508
25748,0.0787650048732758,0.622960686683655,0.141359150409698,0.156915158033371
25749,0.488580122249726,0.209836027319313,0.168820803428316,0.132763047002645
25750,0.218717999059036,0.194325573953779,0.507634442015199,0.0793219849719858
25751,0.171675245265677,0.282086091165906,0.459412840569785,0.0868258229986324
25752,0.274694263935089,0.194277584552765,0.261823922395706,0.26920422911644
25753,0.33857384576331,0.147989512592476,0.42009795025064,0.0933386913935743
25754,0.650376911086016,0.0934317179513595,0.17092847696745,0.0852628939951741
25755,0.233876576286776,0.103928471444439,0.297472930643103,0.364722021625683
25756,0.297966929509989,0.531049613140893,0.104490489546139,0.0664929678029788
25757,0.26328319311142,0.177563518285751,0.194922178983688,0.364231109619141
25758,0.198623070059258,0.0847605057698714,0.368479506752469,0.348136917418402
25759,0.29042019574582,0.506592914265605,0.108273584894133,0.0947133050944416
25760,0.564781606197357,0.175772279500961,0.185810223221779,0.0736358910799027
25761,0.144212873938872,0.346091752441105,0.151055114732014,0.35864025888801
25762,0.187326711605091,0.479219071876719,0.182281580831385,0.151172635686805
25763,0.362384129691597,0.241474025205552,0.251633785616345,0.144508059486507
25764,0.419344760958751,0.109497832011545,0.208526749464219,0.262630657565485
25765,0.338415573192107,0.169280787386918,0.304413178694641,0.187890460726334
25766,0.0862277392944933,0.631908311663009,0.185711060144999,0.0961528888974984
25767,0.468622787851774,0.246977172701871,0.0905839082772705,0.193816131169085
25768,0.276819267178156,0.179235612727273,0.155180548285858,0.388764571808713
25769,0.424450094965106,0.288985418616856,0.182357709548337,0.104206776869701
25770,0.176777658212518,0.153755737040106,0.331490243502107,0.337976361245269
25771,0.0830606060764103,0.539207450461277,0.294799442666777,0.0829325007955357
25772,0.117547333240509,0.335059463977814,0.209087342023849,0.338305860757828
25773,0.433144612865723,0.135185609192192,0.116914081688446,0.314755696253639
25774,0.190434545278549,0.269847601652145,0.455503582954407,0.0842142701148987
25775,0.317581827676567,0.137736527059428,0.476160221157071,0.0685214241069343
25776,0.284359538159679,0.101491367038532,0.191909919859992,0.422239174941797
25777,0.123843258195069,0.164200298377885,0.626050619455455,0.0859058239715915
25778,0.283177886652617,0.498042292863761,0.107194872307701,0.111584948175921
25779,0.285478468455695,0.382887596146947,0.11583937531949,0.215794560077868
25780,0.122397286856215,0.282317157353205,0.354461307012121,0.240824248778459
25781,0.460304733661527,0.219008473910328,0.0736883202665424,0.246998472161602
25782,0.119084652245932,0.460897519632885,0.0414242469786919,0.378593581142492
25783,0.359141209176707,0.213480206520545,0.254649832567583,0.172728751735166
25784,0.205130425019109,0.239191662681227,0.294509257458012,0.261168654841652
25785,0.131489189438361,0.212851572228247,0.292634402105725,0.363024836227668
25786,0.291709831604069,0.343392034071921,0.169757003493398,0.195141130830612
25787,0.133173493546642,0.48806270229723,0.311942691923042,0.0668211122330858
25788,0.437239282768379,0.21389661410605,0.206928533212415,0.141935569913155
25789,0.490592033231733,0.125478647620759,0.21882485039086,0.165104468756648
25790,0.293152992325321,0.323755447920493,0.110485749102917,0.27260581065127
25791,0.152064130843164,0.546635453005399,0.219549821462853,0.0817505946885839
25792,0.260167695884934,0.177083467754229,0.376172732596777,0.18657610376406
25793,0.13026079729588,0.451781875666706,0.160624879011883,0.257332448025531
25794,0.349821230758502,0.241290702896756,0.162589097773379,0.246298968571363
25795,0.156973090239471,0.457908798949969,0.290936314517193,0.0941817962933675
25796,0.30355333377262,0.180861363385279,0.41828929131361,0.0972960115284916
25797,0.205572515726089,0.40731081366539,0.153411373496056,0.233705297112465
25798,0.144315589794981,0.316837230826534,0.211426845533456,0.327420333845029
25799,0.251548629323332,0.1684402451712,0.489137671402291,0.0908734541031772
25800,0.29150468545414,0.226130220683369,0.151581453555546,0.330783640306944
25801,0.151247854493622,0.236724011995673,0.287561348451336,0.324466785059369
25802,0.25499611712998,0.217564877605962,0.153140378696615,0.374298626567444
25803,0.44971610455859,0.201334214250273,0.114234242267437,0.2347154389237
25804,0.163806522971197,0.252485297546229,0.457975582540763,0.125732596941811
25805,0.27985460608656,0.502538938169887,0.151104783680468,0.0665016720630852
25806,0.386965283460139,0.299017942674859,0.230265697023251,0.083751076841751
25807,0.150296125195089,0.579608393749782,0.168765444355431,0.101330036699698
25808,0.333288366596574,0.304032440423482,0.15728786353338,0.205391329446564
25809,0.127186019038737,0.16911714282981,0.437313837925012,0.266383000206441
25810,0.25183569259186,0.167878471260735,0.395589930016253,0.184695906131153
25811,0.189416438341141,0.589529931545258,0.154425382614136,0.0666282474994659
25812,0.206209374917974,0.176265163896492,0.524790044689253,0.0927354164962812
25813,0.583918873845926,0.193634839308521,0.150613934923812,0.0718323519217398
25814,0.145194683825811,0.381119620237339,0.211958802102768,0.261726893834081
25815,0.205974370241165,0.527272522449493,0.188907712697983,0.0778453946113586
25816,0.0829100354421871,0.365043447723856,0.312053221760198,0.239993295073759
25817,0.194019885316639,0.122598492522526,0.31325739855511,0.370124223605724
25818,0.160534341947268,0.483965679525306,0.208593121427093,0.146906857100334
25819,0.434037089347839,0.264455407857895,0.203942894935608,0.0975646078586578
25820,0.153596882629302,0.19619054186912,0.312770614408571,0.337441961093007
25821,0.2640066723227,0.11661852809326,0.50059091671861,0.11878388286543
25822,0.164890463206456,0.249454788879907,0.494297310879907,0.0913574370337296
25823,0.249790877103806,0.253731489181519,0.213948905467987,0.282528728246689
25824,0.434671464820739,0.196522952590309,0.249106602736612,0.119698979852341
25825,0.0638301009510473,0.36962333872353,0.481281257886905,0.085265302438517
25826,0.269307166337967,0.379693746566772,0.188494324684143,0.162504762411118
25827,0.193229931492059,0.219503733806368,0.224550041922182,0.36271629277939
25828,0.298391114860442,0.470681208024964,0.114222970389685,0.116704706724908
25829,0.218053334133824,0.465178596421279,0.107507255208017,0.20926081423688
25830,0.156674166222637,0.396258395798755,0.371372025351883,0.0756954126267258
25831,0.168372119415637,0.172930444093631,0.304532995684952,0.35416444080578
25832,0.116391080752347,0.36800377190099,0.33927463221272,0.176330515133943
25833,0.162392749172503,0.31967499614004,0.447368886713915,0.070563367973541
25834,0.40169529311231,0.173772982935325,0.32291944371524,0.101612280237126
25835,0.177067020829537,0.106620578068078,0.499422635852981,0.216889765249404
25836,0.096182613131663,0.1757675234114,0.532793096709354,0.195256766747582
25837,0.204797947621254,0.267575663368806,0.321870818221755,0.205755570788185
25838,0.238983420080572,0.491705294265874,0.114639832097879,0.154671453555675
25839,0.555873437050777,0.250042609869164,0.116280142477747,0.077803810602313
25840,0.133934085590172,0.376705273118067,0.383702173221937,0.105658468069824
25841,0.169604425453876,0.182084489936561,0.417478506715387,0.230832577894176
25842,0.271481988791511,0.461282816072681,0.194373337966402,0.0728618571694057
25843,0.302084599466392,0.468247092787133,0.161078395859575,0.0685899118868994
25844,0.602444134743666,0.1054348686872,0.19899445023367,0.0931265463354642
25845,0.147994352161968,0.428052091180502,0.348931784198705,0.0750217724588249
25846,0.3206493508719,0.195826944771008,0.260839488195785,0.222684216161307
25847,0.442368927774498,0.137665699248441,0.177279977297781,0.24268539567928
25848,0.160771678067098,0.523728653081398,0.148574884278331,0.166924784573174
25849,0.319239953733681,0.243651859273072,0.344169656758596,0.0929385302346507
25850,0.19862565102241,0.284724529315166,0.422008865743743,0.0946409539186812
25851,0.520522932688783,0.25437270647389,0.154491046276277,0.0706133145610498
25852,0.246505487866454,0.336013689517363,0.25873773133437,0.158743091281812
25853,0.154899143208602,0.39946062567261,0.354395016086324,0.0912452150324636
25854,0.351121997104913,0.245192501622327,0.1529785864499,0.25070691482286
25855,0.508340600940143,0.143607483384069,0.224118830443314,0.123933085232475
25856,0.541643432652303,0.232762482274138,0.126400826477992,0.0991932585955671
25857,0.121305401354404,0.165978778138282,0.305729068198705,0.406986752308609
25858,0.161946897564736,0.369568269537934,0.260235078937861,0.20824975395947
25859,0.309911166279184,0.159726756211024,0.268507872052608,0.261854205457184
25860,0.347557257043042,0.165581246184744,0.154452224208481,0.332409272563734
25861,0.20700871481727,0.203121925820665,0.473225225361618,0.116644134000447
25862,0.241865357202262,0.112150723758729,0.518224608560456,0.127759310478553
25863,0.15355128510325,0.080091158145514,0.694089068123686,0.07226848862755
25864,0.483181059360504,0.132980182766914,0.154488995671272,0.229349762201309
25865,0.148945428113505,0.395625600446916,0.377263585918806,0.0781653855207734
25866,0.185698433326941,0.254237143291256,0.436261859265999,0.123802564115803
25867,0.148592329707399,0.41646461560419,0.228121544187734,0.206821510500677
25868,0.170540682798295,0.388415110629122,0.151001848980702,0.290042357591881
25869,0.0720610044020714,0.347045998187244,0.324106255892106,0.256786741518579
25870,0.208854726220808,0.114566925602166,0.222160718505404,0.454417629671622
25871,0.0737023588076585,0.22485290802796,0.624372610812971,0.0770721223514098
25872,0.129393982799217,0.238396351897635,0.537470054718928,0.0947396105842205
25873,0.089231436940325,0.12691752328908,0.360972962655731,0.422878077114864
25874,0.492140841031788,0.102887902301256,0.286135841677493,0.118835414989463
25875,0.216481424254126,0.272528250793805,0.392027005850263,0.118963319101806
25876,0.555430114269257,0.0675080418586731,0.1788180321455,0.19824381172657
25877,0.559832640883813,0.0933129354314943,0.193789172079998,0.153065251604695
25878,0.294615898946165,0.13392596146354,0.259726736839514,0.311731402750781
25879,0.145312168658726,0.428874205252191,0.163219265793893,0.26259436029519
25880,0.155510662827561,0.65727430092339,0.123470037255659,0.0637449989933893
25881,0.349662629144917,0.399549213055155,0.174315585387382,0.0764725724125462
25882,0.371534238750192,0.287443056612451,0.23599346241389,0.105029242223466
25883,0.589354221443491,0.168039576471147,0.160170496703465,0.0824357053818979
25884,0.221502219669422,0.364711298135908,0.311636851207755,0.102149630986916
25885,0.194562911987305,0.192071974277496,0.274090111255646,0.339275002479553
25886,0.106087812081634,0.611137692713273,0.206639932145476,0.0761345630596173
25887,0.335987006664083,0.196615982005238,0.250781301420648,0.216615709910031
25888,0.439869533187023,0.217474570089225,0.216747333850831,0.125908562872921
25889,0.246046591491201,0.276954923226758,0.344580357441013,0.132418127841028
25890,0.55126388523769,0.188656425138009,0.156080742361568,0.103998947262733
25891,0.167083629701896,0.180891685899657,0.573336103061732,0.078688581336715
25892,0.187845021486282,0.286823570728302,0.303943663835526,0.22138774394989
25893,0.285500166673212,0.42671739737155,0.170587165872848,0.11719527008239
25894,0.469812138969068,0.343176643347044,0.109498966023295,0.0775122516605929
25895,0.33633431291082,0.15426271923985,0.268955107495858,0.240447860353472
25896,0.154943798629755,0.290935554830299,0.464356734286449,0.0897639122534964
25897,0.159575704326683,0.472633312775939,0.281689888574702,0.0861010943226761
25898,0.302540969198233,0.440771923988012,0.192302040468977,0.0643850663447777
25899,0.150360085799094,0.458795199150062,0.177239350501924,0.21360536454892
25900,0.168423619239126,0.296201546980544,0.422060368944282,0.113314464836047
25901,0.273230173386043,0.30702970346897,0.345577756928735,0.0741623662162532
25902,0.143084552666145,0.324739329708979,0.442856748934312,0.0893193686905644
25903,0.187355367933546,0.3564384851125,0.388172325580028,0.0680338213739259
25904,0.103386383629828,0.334624869176182,0.482228416287468,0.0797603309065227
25905,0.150339088604111,0.393428849880197,0.37309555887113,0.0831365026445613
25906,0.257582595289402,0.519498388487906,0.151468405445352,0.0714506107773404
25907,0.225818667200486,0.514306195293459,0.188112082900287,0.071763054605768
25908,0.241416275501251,0.157659351825714,0.338098526000977,0.262825846672058
25909,0.434186879742928,0.314511369793929,0.181093786293639,0.0702079641695044
25910,0.0706050401226062,0.337762298716324,0.506415430504199,0.0852172306568714
25911,0.354970048516096,0.193014403969479,0.294413456154271,0.157602091360154
25912,0.33315240343951,0.412587540966644,0.169958884419236,0.0843011711746105
25913,0.14636878233049,0.314056595741016,0.446283446363108,0.0932911755653866
25914,0.213002722643458,0.223677035910929,0.483240540196626,0.0800797012489878
25915,0.371004841379713,0.201331253320025,0.346111975324631,0.0815519299756304
25916,0.191071259842385,0.462817318183442,0.191110658513168,0.155000763461005
25917,0.254300113703309,0.529454640605232,0.110144442168706,0.106100803522754
25918,0.196462106757431,0.325846130760817,0.325168962401614,0.152522800080138
25919,0.307938525317267,0.0690087696614495,0.296681561967181,0.326371143054102
25920,0.296139874939319,0.453597857165273,0.145980347573171,0.104281920322237
25921,0.089591039872303,0.118250532176338,0.698868919925855,0.0932895080255045
25922,0.061148768786741,0.0617917315261424,0.477919240044372,0.399140259642744
25923,0.267258632156612,0.154810242884893,0.144730188933155,0.433200936025339
25924,0.706689228017789,0.0968974143728999,0.114596424779349,0.0818169328299622
25925,0.151712241049293,0.123473459831975,0.622083494396262,0.10273080472247
25926,0.355702410808278,0.461996092259767,0.0969668730189464,0.0853346239130087
25927,0.167811088315148,0.436937441092913,0.18649470149702,0.208756769094919
25928,0.159695812447896,0.466086978186733,0.281793817673301,0.0924233916920702
25929,0.0632268637418747,0.401535451412201,0.136801913380623,0.398435771465302
25930,0.222381220924714,0.335169794672503,0.363462152804897,0.0789868315978857
25931,0.0752450754884264,0.0859778604356785,0.762516444642219,0.0762606194336759
25932,0.107240920092505,0.447250088181351,0.177882694209338,0.267626297516806
25933,0.150759386282554,0.183995100617336,0.534650035718829,0.130595477381281
25934,0.0751279981835484,0.0757346021175668,0.628582968456663,0.220554431242222
25935,0.203515934996544,0.277935479252569,0.163240584183344,0.355308001567543
25936,0.275783407280591,0.130245366830586,0.493137635597394,0.100833590291429
25937,0.696355563184951,0.0909381041489902,0.123927138681837,0.0887791939842221
25938,0.0752319693565369,0.63356351852417,0.130358561873436,0.160845950245857
25939,0.161384918031771,0.117318252444941,0.471944907071669,0.249351922451619
25940,0.109850320598099,0.272742082448971,0.167300188269459,0.450107408683471
25941,0.134711898284441,0.372298576098765,0.410958235802756,0.0820312898140377
25942,0.137109940391404,0.363278760138108,0.388558640649864,0.111052658820624
25943,0.0779632031917572,0.367536604404449,0.273092657327652,0.281407535076141
25944,0.262560095450877,0.188109767614159,0.145485428787985,0.403844708146979
25945,0.224624443421132,0.159516694538544,0.263003770455774,0.35285509158455
25946,0.478423812459835,0.208349665626153,0.183928779486025,0.129297742427986
25947,0.374398602199617,0.299373136488804,0.21358475624391,0.112643505067669
25948,0.060038898811179,0.139950351491016,0.264017167657806,0.53599358204
25949,0.115337887634902,0.363966530024507,0.405910021154732,0.11478556118586
25950,0.636096160528178,0.100263927869084,0.173400128680464,0.0902397829222744
25951,0.139373987913132,0.238861158490181,0.40399506688118,0.217769786715508
25952,0.0635820985529848,0.126918015027389,0.645012304670834,0.164487581748793
25953,0.330311765363462,0.161028052537797,0.153843815510159,0.354816366588582
25954,0.662583266482375,0.0819797856648155,0.0888824583752245,0.166554489477585
25955,0.107812992425166,0.501176293930588,0.211681215378037,0.179329498266209
25956,0.183008101835726,0.350021297484319,0.394648695071806,0.0723219056081488
25957,0.525934183266797,0.269438219194333,0.133934101489221,0.0706934960496498
25958,0.276277874056665,0.314610277334009,0.150663929442524,0.258447919166802
25959,0.10923644411997,0.258168656013817,0.499098189215443,0.13349671065077
25960,0.343155858344169,0.429576751369411,0.15988084554761,0.0673865447388102
25961,0.326639172981388,0.194444967847727,0.406136658742006,0.0727792004288793
25962,0.575344145298004,0.242478832602501,0.108365245163441,0.0738117769360542
25963,0.135339360376019,0.429694639751475,0.355909515741184,0.0790564841313218
25964,0.393793726059888,0.353637034391805,0.169089389307955,0.083479850240352
25965,0.256841802816649,0.202553982975617,0.450501759711614,0.0901024544961202
25966,0.21246833624389,0.199200402218094,0.50837932880865,0.0799519327293649
25967,0.322040021419525,0.203565984964371,0.156998068094254,0.317395925521851
25968,0.265754028113769,0.412630996766813,0.199596817770434,0.122018157348984
25969,0.12074218395137,0.452985214180694,0.361917091977488,0.0643555098904487
25970,0.265823433859391,0.432066378588499,0.2137790908084,0.0883310967437106
25971,0.399645000696182,0.299674957990646,0.219887092709541,0.0807929486036301
25972,0.258959222184454,0.421738695126532,0.193075037312133,0.12622704537688
25973,0.153038583164885,0.350848388255099,0.419953175338565,0.0761598532414513
25974,0.413736474923386,0.0781350010077656,0.17226516223744,0.335863361831408
25975,0.0743064171065024,0.410340794381607,0.260625944849986,0.254726843661905
25976,0.0869936253057355,0.336201153631483,0.182493295166791,0.394311925895991
25977,0.479836053845824,0.107421891501872,0.342905198676962,0.0698368559753426
25978,0.210349998186529,0.552333192596829,0.165449460311218,0.0718673489054248
25979,0.683191170048845,0.0750796634692004,0.151598719483633,0.0901304469983213
25980,0.1064824637853,0.43455661380783,0.376949710684283,0.082011211722588
25981,0.514445420246978,0.136095880448104,0.27323820983441,0.076220489470508
25982,0.136100830675674,0.0782729771475938,0.686883698208387,0.0987424939683451
25983,0.550792050751866,0.16453315685391,0.20387949505179,0.0807952973424337
25984,0.337046951055527,0.108129113912582,0.289690464735031,0.26513347029686
25985,0.22109280526638,0.184618294239044,0.0683910995721817,0.525897800922394
25986,0.482485499363501,0.0716251800088199,0.184161035834543,0.261728284793136
25987,0.0874866593633098,0.10844922487589,0.724966444821166,0.0790976709396341
25988,0.0907254070043564,0.430999159812927,0.412129998207092,0.0661454349756241
25989,0.0787791356899166,0.151917243304951,0.186506115402799,0.582797505602334
25990,0.0799831026787491,0.143961761711888,0.659647663225164,0.116407472384199
25991,0.288818538188934,0.155172601342201,0.186378851532936,0.369630008935928
25992,0.0595566332340241,0.286151230335236,0.544795095920563,0.109497040510178
25993,0.192005115628319,0.349326019724101,0.097872318295722,0.360796546351858
25994,0.179590393146658,0.110423559928467,0.183909956751241,0.526076090173634
25995,0.180041979553818,0.370376132153042,0.144919821317185,0.304662066975955
25996,0.28117648814531,0.201440967673099,0.42549006735869,0.0918924768229006
25997,0.413942736802779,0.166501363113563,0.170543973760127,0.249011926323531
25998,0.334211106088592,0.246950116053967,0.168954101667492,0.249884676189949
25999,0.177991695195808,0.287974612952414,0.444714913753499,0.0893187780982802
26000,0.152880050858257,0.49076814245724,0.198819047265393,0.157532759419109
26001,0.220456474409805,0.523377581734133,0.16756624974113,0.0885996941149326
26002,0.487085149077024,0.18412936675163,0.22045976756633,0.108325716605016
26003,0.306880121035578,0.149970533698358,0.177355754038032,0.365793591228032
26004,0.0868561374715022,0.524867017748468,0.174815825179809,0.213461019600221
26005,0.107793480157852,0.228853940963745,0.39282238483429,0.270530194044113
26006,0.19588615000248,0.322868943214417,0.19413186609745,0.287113040685654
26007,0.304090208651652,0.469350437879945,0.155424508946192,0.071134844522212
26008,0.134625389168967,0.067134640610705,0.646547133873797,0.151692836346531
26009,0.15387046681055,0.623588456740717,0.153472620698943,0.0690684557497901
26010,0.300273138300964,0.233336239059939,0.170606846845558,0.295783775793539
26011,0.659130538222586,0.129123707455535,0.130707492333185,0.0810382619886943
26012,0.201369029263123,0.238534834406751,0.296096648334017,0.263999487996109
26013,0.130158141255379,0.20500211417675,0.30325648188591,0.361583262681961
26014,0.29581039262383,0.35064386276472,0.175833994870365,0.177711749741085
26015,0.144835553960138,0.444927818220148,0.331919652794022,0.0783169750256924
26016,0.424100090150539,0.230282048744651,0.220127771204461,0.125490089900349
26017,0.478364660691162,0.130398634982068,0.2199454373105,0.17129126701627
26018,0.280752075348142,0.336189732083219,0.119859894507821,0.263198298060818
26019,0.159629619736915,0.487459991781265,0.257630394373739,0.0952799941080812
26020,0.248900443315506,0.18864868581295,0.374355494976044,0.1880953758955
26021,0.148569470729263,0.450968983711661,0.179404918586915,0.221056626972161
26022,0.344708323478699,0.241940096020699,0.170584604144096,0.242766976356506
26023,0.159144577992788,0.454967491999753,0.283634032552927,0.102253897454532
26024,0.311312205597286,0.188840408373782,0.402658292710594,0.0971890933183378
26025,0.219552758627426,0.391063994036078,0.171726706202726,0.217656541133769
26026,0.136803041791825,0.319015731840857,0.216559716565617,0.3276215098017
26027,0.266709691287049,0.157541531865482,0.478946458077724,0.0968023187697452
26028,0.26253876481263,0.253115508751802,0.147892492233105,0.336453234202463
26029,0.151247248053551,0.233270511031151,0.29016438126564,0.325317859649658
26030,0.244180749841664,0.220800648069411,0.159836701743455,0.37518190034547
26031,0.231763147361185,0.432283776036388,0.247616134654995,0.0883369419474321
26032,0.474381730723926,0.24350120891627,0.19514585449857,0.0869712058612345
26033,0.341815521066918,0.411716270097605,0.146145488436655,0.100322720398822
26034,0.168077617883682,0.164772897958756,0.573447465896606,0.0937020182609558
26035,0.422076901300023,0.100476791699004,0.307827763829505,0.169618543171468
26036,0.31597794279374,0.10048303382408,0.464503931421933,0.119035091960247
26037,0.167126372456551,0.656659483909607,0.117410652339458,0.058803491294384
26038,0.08123001698345,0.409793657356312,0.223290390470338,0.285685935189901
26039,0.376560950628505,0.12568011692643,0.265069927795679,0.232689004649386
26040,0.149479798627208,0.227761137527764,0.556686491543014,0.0660725723020136
26041,0.397556513547897,0.265817821025848,0.202584743499756,0.134040921926498
26042,0.18212540990488,0.341860602553505,0.169295837560172,0.306718149981444
26043,0.169033498831343,0.263404520328377,0.49915814771621,0.0684038331240701
26044,0.518165767192841,0.252304255962372,0.159752413630486,0.0697775632143021
26045,0.203461595008582,0.546487053725386,0.165706908915449,0.0843444423505829
26046,0.231425545556114,0.241569928573666,0.226170814817274,0.300833711052946
26047,0.241194323230128,0.112889923877125,0.421705906289464,0.224209846603284
26048,0.14569014932572,0.257403924619918,0.370535619823002,0.226370306231361
26049,0.179302650381664,0.322102819712502,0.427478886060102,0.0711156438457317
26050,0.23377595145178,0.195378267902784,0.474805162107791,0.096040618537646
26051,0.203445458566194,0.392815667069659,0.193558105538403,0.210180768825744
26052,0.149973179400767,0.213271671138058,0.263710371741343,0.373044777719832
26053,0.184264616550987,0.475835416285958,0.266356112557323,0.0735438546057333
26054,0.210011175573205,0.371197651958396,0.185913762030416,0.232877410437984
26055,0.39943962098838,0.265040151326652,0.195948311807266,0.139571915877702
26056,0.341955626875823,0.210026559084258,0.264502074353366,0.183515739686553
26057,0.293152549658792,0.292216428882373,0.328071186783051,0.086559834675784
26058,0.153113976120949,0.427574932575226,0.170737847685814,0.248573243618011
26059,0.479185454857566,0.256601747027014,0.172439036183968,0.0917737619314527
26060,0.449891633538777,0.267628494912811,0.172003778398093,0.110476093150319
26061,0.3906046719059,0.285352436562237,0.22363397312437,0.100408918407493
26062,0.262257236439411,0.225048040223954,0.359462513351626,0.153232209985008
26063,0.492524583059745,0.113636662506238,0.260567510264348,0.133271244169669
26064,0.199907666448906,0.22466050574211,0.424975942448857,0.150455885360127
26065,0.527222812175751,0.187128901481628,0.177947878837585,0.107700407505035
26066,0.26508720309062,0.418480480818777,0.164990971385895,0.151441344704708
26067,0.403508219149025,0.318007143721038,0.197423027436607,0.0810616096933306
26068,0.165969258769201,0.522860486912001,0.187739647468166,0.123430606850632
26069,0.1149817547576,0.12168396173653,0.593114550463002,0.170219733042868
26070,0.323434749944054,0.22530687526783,0.150439177466606,0.30081919732151
26071,0.255975954056503,0.117497097924438,0.225482203797036,0.401044744222023
26072,0.212407756036636,0.324372445410079,0.378199821385739,0.0850199771675464
26073,0.244107343432088,0.457731739946254,0.187034660964171,0.111126255657486
26074,0.179006661943942,0.296542608070166,0.447423686517246,0.0770270434686457
26075,0.189778723855856,0.275996429145177,0.296549840117239,0.237675006881729
26076,0.20099434705811,0.121937493725214,0.539652598045452,0.137415561171224
26077,0.118081702902304,0.551721985997841,0.22606959770568,0.104126713394175
26078,0.146236839089347,0.258536521472581,0.533111878232835,0.0621147612052375
26079,0.153617739677429,0.272028982639313,0.349840581417084,0.224512696266174
26080,0.154903855437699,0.576926933744693,0.173955481336516,0.0942137294810922
26081,0.138299048977338,0.208720730310088,0.529939595832971,0.123040624879603
26082,0.26591507789113,0.164880745033059,0.315046771543329,0.254157405532483
26083,0.210388445544587,0.281953266800843,0.225315385302443,0.282342902352127
26084,0.12859448982171,0.411516970567658,0.334416424250847,0.125472115359785
26085,0.203944492398865,0.221553001128927,0.246754500966586,0.327748005505622
26086,0.410537641769455,0.22035290805908,0.248709607927072,0.120399842244394
26087,0.154099481613926,0.37457550130152,0.357694452370621,0.113630564713934
26088,0.128647895584224,0.248156134011688,0.202907133145737,0.420288837258351
26089,0.238121351669678,0.12455913705531,0.187856488382202,0.44946302289281
26090,0.286702853165759,0.0615329889727354,0.430757227082279,0.221006930779227
26091,0.0750153332957824,0.0896491983323812,0.660736600204504,0.174598868167333
26092,0.160291187777316,0.297342285012639,0.0418664796064207,0.500500047603624
26093,0.420195875986681,0.247809036643024,0.0576517170010071,0.274343370369288
26094,0.268249660730362,0.0595660209655762,0.152578324079514,0.519605994224548
26095,0.0568966584472852,0.22116678122183,0.211097142431055,0.51083941789983
26096,0.587190261674072,0.10644007315576,0.123181080472751,0.183188584697417
26097,0.051007728073602,0.523647596619137,0.0686045052743609,0.3567401700329
26098,0.700296588219957,0.108111768356579,0.0727742632646663,0.118817380158798
26099,0.110642738640308,0.358957469463348,0.0855966135859489,0.444803178310394
26100,0.572507279291966,0.101381349604766,0.155195807075376,0.170915564027892
26101,0.52779203063482,0.299824115263401,0.0453238891960246,0.127059964905754
26102,0.145260438323021,0.121930569410324,0.17521820962429,0.557590782642365
26103,0.0537508533848354,0.583876662881561,0.18333120439204,0.179041279341564
26104,0.0748672140712743,0.173507085945721,0.178896448720114,0.57272925126289
26105,0.356297552585602,0.108939401805401,0.0713035240769386,0.463459521532059
26106,0.0469336850225965,0.579534358302515,0.120927528898353,0.252604427776535
26107,0.327042159981712,0.393764731334413,0.17351643611851,0.105676672565366
26108,0.267943672301064,0.195561090244022,0.344864358160962,0.191630879293952
26109,0.256502062082291,0.274328231811523,0.292820185422897,0.176349520683289
26110,0.504869859484216,0.193093307573598,0.222010440304486,0.0800263926377001
26111,0.155442540355154,0.115546971262077,0.63135041533296,0.0976600730498086
26112,0.116257305061608,0.561326575904934,0.186261240830896,0.136154878202562
26113,0.42916061412516,0.297190381460952,0.171615295333354,0.102033709080534
26114,0.355176402448729,0.372302099030543,0.194618515469824,0.0779029830509045
26115,0.226019235149169,0.165622459095884,0.536536578361218,0.0718217273937294
26116,0.137615136528805,0.269763036730448,0.48306282893896,0.109558997801788
26117,0.385280072689056,0.212786495685577,0.19684037566185,0.205093055963516
26118,0.286011380790986,0.205014857350894,0.151316410224652,0.357657351633468
26119,0.161872316044695,0.647182777088496,0.125771301815762,0.0651736050510467
26120,0.205852532648408,0.478717408122901,0.191355073065538,0.124074986163154
26121,0.464665123909781,0.100380177778892,0.243008021577834,0.191946676733493
26122,0.125128122048499,0.211415398290983,0.329389010807708,0.33406746885281
26123,0.177288931946621,0.211878982009307,0.412388884836601,0.198443201207471
26124,0.223438858985901,0.172838106751442,0.394442975521088,0.20928005874157
26125,0.403984698682909,0.164788277184876,0.334290983783387,0.0969360403488281
26126,0.637208843387169,0.0622578191240605,0.150196841906933,0.150336495581838
26127,0.532275525673693,0.238795441922308,0.137070797082004,0.091858235321996
26128,0.203364834189415,0.177258282899857,0.157444909214973,0.461931973695755
26129,0.178261800272302,0.366522160421892,0.372395691481265,0.0828203478245411
26130,0.448577162538598,0.224147780188786,0.167829896082276,0.159445161190341
26131,0.347776136969563,0.0819090213944982,0.237219626369634,0.333095215266305
26132,0.218825045736318,0.0895567266129175,0.454376733447335,0.23724149420343
26133,0.135918021202087,0.487501263618469,0.231058835983276,0.145521879196167
26134,0.213800645285864,0.56914104727331,0.145555351542096,0.0715029558987306
26135,0.134065483035609,0.279535897956368,0.324028412223709,0.262370206784314
26136,0.374698186297742,0.259225007009134,0.172004414021903,0.194072392671222
26137,0.171772279073549,0.516834282137496,0.173779838105135,0.13761360068382
26138,0.178293321541548,0.254034346059732,0.122520933803639,0.445151398595081
26139,0.200129067901643,0.544271187313532,0.0886259701438537,0.166973774640971
26140,0.202355532330606,0.0822910734840403,0.497149761787431,0.218203632397923
26141,0.204292186966771,0.184226060383735,0.163481245533191,0.448000507116303
26142,0.087073877453804,0.561550259590149,0.184437453746796,0.166938409209251
26143,0.153472031549453,0.363769281990252,0.364439566003097,0.118319120457199
26144,0.0633102357387543,0.142909377813339,0.537220895290375,0.256559491157532
26145,0.441885643573319,0.12782834279793,0.240057360529045,0.190228653099706
26146,0.139956358223178,0.140714186594952,0.609181834962558,0.110147620219312
26147,0.286709691782151,0.384962403998339,0.215477299459617,0.112850604759893
26148,0.469213029856072,0.217413986507683,0.223794798126584,0.0895781855096602
26149,0.071871654270167,0.637952933280959,0.177100228922072,0.113075183526802
26150,0.210118863137347,0.223294693578701,0.184890839232368,0.381695604051584
26151,0.317755738429896,0.277735450200303,0.165116225633509,0.239392585736292
26152,0.0996348448233737,0.479733359823623,0.191352673197066,0.229279122155937
26153,0.1190177250128,0.142209645907365,0.537702667615503,0.201069961464331
26154,0.150545484597034,0.157931916025218,0.337881401384536,0.353641197993213
26155,0.0688651774501362,0.601949311720233,0.22253262167675,0.106652889152881
26156,0.257904030618192,0.257086701902351,0.22606078463974,0.258948482839718
26157,0.179309817840305,0.28122136415871,0.446651823023734,0.0928169949772506
26158,0.532981149360818,0.224446114533452,0.163993147552116,0.0785795885536136
26159,0.201263332329293,0.205523261263273,0.484466746912398,0.108746659495036
26160,0.202921226620674,0.244539871811867,0.334339678287506,0.218199223279953
26161,0.142181762657385,0.352452888230105,0.239013631387936,0.266351717724574
26162,0.259478473823999,0.128041115521466,0.520941424646793,0.0915389860077429
26163,0.520112999083295,0.142314957712814,0.182662936786755,0.154909106417136
26164,0.133588636905378,0.322298663768967,0.438114835392131,0.105997863933524
26165,0.350131858881359,0.289301774224586,0.221963130773213,0.138603236120843
26166,0.205125193183306,0.200607518838178,0.525565433675823,0.0687018543026927
26167,0.219797869631743,0.323423669185176,0.227336456149677,0.229442005033403
26168,0.135202538925353,0.374582103462917,0.411397477729675,0.0788178798820552
26169,0.556942526675333,0.107542418744731,0.256648244385781,0.0788668101941557
26170,0.153012155346482,0.488973137073419,0.289676276671318,0.0683384309087811
26171,0.156164403076041,0.225621172022189,0.553202374184061,0.0650120507177099
26172,0.220168703193405,0.394322532584592,0.269262544236703,0.1162462199853
26173,0.132642642651816,0.410831424674626,0.390090855882249,0.0664350767913094
26174,0.161259685792318,0.38125918451724,0.34684071978452,0.110640409905923
26175,0.154543381455316,0.68092851308893,0.0698601960422055,0.0946679094135483
26176,0.228285847800127,0.214627770461307,0.473053811374534,0.0840325703640324
26177,0.065642373730015,0.135549772845202,0.620736200235373,0.17807165318941
26178,0.0667677750197632,0.390252265261503,0.222930075399057,0.320049884319677
26179,0.544077733752216,0.249544998647831,0.120773079962541,0.0856041876374115
26180,0.282743462405904,0.41583166765665,0.18104626777906,0.120378602158386
26181,0.24730595193225,0.215038767905199,0.307624498236909,0.230030781925642
26182,0.0894328687128748,0.573219141856549,0.221573465376104,0.115774524054472
26183,0.154972805418277,0.311724392237333,0.464271035311587,0.0690317670328038
26184,0.07958951711043,0.234285522018157,0.42916674061368,0.256958220257733
26185,0.404136741099704,0.401995056837871,0.129837615343368,0.0640305867190572
26186,0.144769957094265,0.234337934640718,0.500626165443143,0.120265942821873
26187,0.51396018649608,0.245916100188465,0.163122506164927,0.0770012071505279
26188,0.149239791195992,0.291128035021901,0.459721886221738,0.0999102875603693
26189,0.344496085740801,0.183513752363007,0.22431855391032,0.247671607985872
26190,0.418163627386093,0.298757582902908,0.195598274469376,0.0874805152416229
26191,0.387393701452205,0.337560554219468,0.184213468902902,0.0908322754254259
26192,0.138178753961148,0.150037545339112,0.64272363430389,0.0690600663958505
26193,0.196073433639808,0.236769549154328,0.360469083799991,0.206687933405874
26194,0.249416494755078,0.539238917695606,0.13795947720201,0.0733851103473058
26195,0.146276433654917,0.436421466959163,0.329263488330349,0.0880386110555712
26196,0.176942638193914,0.10021635518284,0.481972146107709,0.240868860515537
26197,0.170695180574203,0.330416341709604,0.172431642638694,0.326456835077499
26198,0.21685625047239,0.63326994913485,0.0947787960490153,0.0550950043437443
26199,0.347479209936226,0.187366806896037,0.154775119786342,0.310378863381395
26200,0.151157026027352,0.296510109201375,0.361792902999905,0.190539961771368
26201,0.576633683195208,0.20296917553292,0.124594895175175,0.0958022460966968
26202,0.498187970437558,0.196164004647583,0.229998222366042,0.0756498025488182
26203,0.420371885321849,0.317738849981955,0.184568729076906,0.0773205356192908
26204,0.326378459835373,0.234251808609787,0.193239745598439,0.246129985956401
26205,0.143340046902298,0.322583963793994,0.26509197756374,0.268984011739969
26206,0.282276017171562,0.170393325555026,0.145768395622152,0.401562261651259
26207,0.281828599490437,0.265842247046132,0.242632780553425,0.209696372910006
26208,0.460445616099578,0.20153504760217,0.249304415652934,0.0887149206453183
26209,0.334392612194905,0.480070061684699,0.0765838932481988,0.108953432872198
26210,0.587090167980336,0.178649790049354,0.161987371951906,0.0722726700184046
26211,0.264380403291595,0.415337068299564,0.158121411744398,0.162161116664443
26212,0.189274147152901,0.398638337850571,0.205892875790596,0.206194639205933
26213,0.417692317899603,0.298746187286594,0.185610943078587,0.0979505517352167
26214,0.172046625165395,0.244282772977547,0.502463918087486,0.0812066837695731
26215,0.203822293763688,0.509190246188931,0.156285117379274,0.130702342668106
26216,0.172916034671186,0.190017664730022,0.442084150252219,0.194982150346573
26217,0.246853798440325,0.17234172954212,0.27855275741534,0.302251714602215
26218,0.13825117463622,0.598744767866873,0.199866479631259,0.0631375778656476
26219,0.351624320495854,0.158880864348437,0.332848618413467,0.156646196742242
26220,0.150640838564597,0.318694815694027,0.454245189387566,0.0764191563538094
26221,0.137819509571209,0.191818633919399,0.575944585324985,0.0944172711844065
26222,0.591543358816404,0.153244252406232,0.18106291648558,0.0741494722917833
26223,0.166344145914563,0.450647828021516,0.245175853084079,0.137832172979842
26224,0.309730247718234,0.167329870134747,0.446058700409888,0.0768811817371317
26225,0.0833819291247571,0.139338971222482,0.553478602718402,0.223800496934358
26226,0.287630977389447,0.543003801576822,0.10499741960315,0.0643678014305815
26227,0.202633342029154,0.42508218772342,0.2577581588436,0.114526311403827
26228,0.202574783678716,0.19733596730244,0.446570237572651,0.153519011446193
26229,0.206262186169624,0.289785116910934,0.171172335743904,0.332780361175537
26230,0.107588984072208,0.642024636268616,0.186046630144119,0.0643397495150566
26231,0.418816497501362,0.165732469430585,0.319221489446875,0.0962295436211777
26232,0.324882681297024,0.263929333330254,0.252207066830887,0.158980918541835
26233,0.627279694175126,0.135007201619393,0.153905867383585,0.0838072368218956
26234,0.404494234685155,0.192995478578148,0.321512801568288,0.0809974851684094
26235,0.177223786711693,0.289412796497345,0.230138942599297,0.303224474191666
26236,0.18130399962157,0.412756398795411,0.315542083812583,0.0903975177704363
26237,0.13840234073397,0.408978366718019,0.158872199671385,0.293747092876627
26238,0.182725974070803,0.532673935120034,0.124383050040042,0.160217040769121
26239,0.323879842815993,0.254199747058745,0.229041788414743,0.192878621710518
26240,0.301420679646114,0.171277190110767,0.419344919343444,0.107957210899675
26241,0.165170412544077,0.304109030125088,0.459007789365773,0.0717127679650612
26242,0.120277611327661,0.503664754494939,0.309972508697473,0.0660851254799273
26243,0.243662791279426,0.518871788076101,0.152910159177409,0.0845552614670639
26244,0.135450333356857,0.255023658275604,0.388944059610367,0.220581948757172
26245,0.173432955937596,0.186991238981746,0.562258465222762,0.077317339857896
26246,0.318504404965952,0.362657232681559,0.246286669607709,0.0725516927447801
26247,0.463580834253909,0.20219806589924,0.248997041918227,0.0852240579286239
26248,0.142145215405932,0.59886842519888,0.181042401633841,0.0779439577613476
26249,0.325003197044039,0.356529910667839,0.1839530711188,0.134513821169322
26250,0.454419423913522,0.195483546059946,0.254969412349848,0.0951276176766839
26251,0.134045651586904,0.180640645949869,0.319734170424976,0.365579532038251
26252,0.134996557161366,0.587387475935185,0.112474764325853,0.165141202577597
26253,0.162480277382131,0.345168794018495,0.237225081961973,0.2551258466374
26254,0.201089774096529,0.135056319871314,0.577084852242876,0.0867690537892816
26255,0.146491512656212,0.324856638908386,0.198648825287819,0.330003023147583
26256,0.288850548035283,0.260713251387427,0.371743503002401,0.0786926975748889
26257,0.210085532369779,0.131635833729381,0.477874621089537,0.180404012811304
26258,0.118631979545474,0.22093347875873,0.585340312341745,0.0750942293540503
26259,0.458249039325849,0.0893419994315803,0.297962193160686,0.154446768081885
26260,0.43531687750468,0.208303743353375,0.165960470856414,0.190418908285531
26261,0.168515687242618,0.232566676514348,0.152846177007144,0.44607145923589
26262,0.690114111756419,0.0995453864132786,0.0979717045115696,0.112368797318733
26263,0.0825386053512887,0.534366850065938,0.124548220072301,0.258546324510472
26264,0.224273398518562,0.207819595932961,0.287613570690155,0.280293434858322
26265,0.262479055115027,0.225158279009538,0.167564503808416,0.344798162067019
26266,0.225118148701163,0.186544331707721,0.269653145516711,0.318684374074405
26267,0.282101241632542,0.0699632386120913,0.501278217872395,0.146657301882973
26268,0.224292932269775,0.068779386067544,0.552297826466726,0.154629855195956
26269,0.384248965039788,0.141398646914878,0.161783585654711,0.312568802390623
26270,0.263531378998417,0.449874268475942,0.164580980998844,0.122013371526796
26271,0.270778751465203,0.150026607886552,0.49643532551308,0.0827593151351656
26272,0.15139047213736,0.537754388913774,0.150468120006807,0.160387018942059
26273,0.32506969086722,0.228480216436383,0.155524951882289,0.290925140814109
26274,0.627881311918844,0.12863427879789,0.166329956290497,0.0771544529927691
26275,0.148980828359437,0.693739186134028,0.0842171547445231,0.0730628307620113
26276,0.226889532403804,0.134488193176863,0.341203654688542,0.297418619730791
26277,0.0969372271578678,0.0808854872252192,0.542904571977394,0.279272713639519
26278,0.171301906445679,0.393532287881741,0.306601414281172,0.128564391391408
26279,0.217566573096318,0.258327476432101,0.431897150519575,0.0922087999520063
26280,0.394899064378454,0.193345156411154,0.280779655564134,0.130976123646257
26281,0.324844300746918,0.314737886190414,0.237876296043396,0.122541517019272
26282,0.241255886592146,0.469728781870865,0.174306993910879,0.11470833762611
26283,0.2867294507216,0.256411906236233,0.304968292937155,0.151890350105012
26284,0.312965088047868,0.400670161828321,0.162745039997733,0.123619710126079
26285,0.190787521141953,0.201697719071839,0.494724892158435,0.112789867627772
26286,0.49505481891089,0.264079678174272,0.168957643108473,0.0719078598063651
26287,0.171179612612117,0.267865427370829,0.324754992865175,0.236199967151879
26288,0.166200579451029,0.429102841236463,0.322362902182064,0.0823336771304434
26289,0.251917272806168,0.428789019584656,0.184552758932114,0.134740948677063
26290,0.217972973792537,0.156350142792619,0.554390812861509,0.0712860705533357
26291,0.255889333960096,0.35354886512604,0.289292433538807,0.101269367375057
26292,0.187107521103435,0.251407895258187,0.368739729653891,0.192744853984488
26293,0.148123289700649,0.288474253163509,0.301640531371816,0.261761925764026
26294,0.178512260317802,0.558106005191803,0.200793772935867,0.0625879615545273
26295,0.274824470281601,0.295292317867279,0.293759673833847,0.136123538017273
26296,0.146326720714569,0.209528163075447,0.40280145406723,0.241343662142754
26297,0.190939730810833,0.161726139706695,0.3848216063609,0.262512523121572
26298,0.0766309568536955,0.185348554064717,0.665991182133621,0.0720293069479666
26299,0.121547920475062,0.505769573409985,0.283051622646375,0.089630883468578
26300,0.183890856032482,0.167126633206309,0.473713287396135,0.175269223365073
26301,0.165245654661144,0.422106898160382,0.177214327115034,0.235433120063441
26302,0.122959362312546,0.669523368321707,0.139346467544831,0.068170801820916
26303,0.349049711986635,0.327870095850973,0.170635295351814,0.152444896810578
26304,0.145574113990419,0.10487970084669,0.473038764414861,0.27650742074803
26305,0.580324534925256,0.223672808883137,0.113382109354303,0.0826205468373041
26306,0.294598813435453,0.0856727646936064,0.183427167185736,0.436301254685204
26307,0.0933357931177005,0.495184395426396,0.338699671169368,0.0727801402865361
26308,0.416040971277618,0.0633519789817937,0.148094931688349,0.37251211805224
26309,0.0756133841122171,0.417266681147118,0.171657317442547,0.335462617298118
26310,0.143892071123067,0.288968516393089,0.477791241308655,0.0893481711751895
26311,0.399927756191915,0.325183682325847,0.179591592112372,0.0952969693698666
26312,0.171481558252813,0.557744065011141,0.194707639712556,0.07606673702349
26313,0.175137777618302,0.408437376711525,0.279871894128806,0.136552951541367
26314,0.0858508552793222,0.459933151455228,0.195386554403904,0.258829438861547
26315,0.401196908986476,0.216056204320675,0.165205125963841,0.217541760729008
26316,0.142842107584602,0.13867662183503,0.235407530391665,0.483073740188702
26317,0.218237000975564,0.267535213642347,0.256112579347381,0.258115206034708
26318,0.177718972495764,0.184885894801792,0.201712524941937,0.435682607760507
26319,0.582853134104214,0.0686077097907088,0.172194643525819,0.176344512579258
26320,0.15214991116077,0.26796924269291,0.145659233759068,0.434221612387251
26321,0.447633398784943,0.183620550348589,0.271395762585261,0.0973502882812065
26322,0.368950060703977,0.256414854755666,0.287243717448926,0.0873913670914315
26323,0.137137963346109,0.640060360431221,0.153312667062039,0.0694890091606303
26324,0.160836858140873,0.258629735430632,0.152617929091782,0.427915477336713
26325,0.193366624662033,0.0831414951703886,0.450548423433735,0.272943456733843
26326,0.592600391970566,0.154861044402546,0.182641993851021,0.0698965697758667
26327,0.624991022981369,0.102699142049966,0.0909436080956313,0.181366226873034
26328,0.273075002145395,0.524628913791675,0.108226883043637,0.094069201019293
26329,0.184157824044163,0.138949845401938,0.493749603442836,0.183142727111063
26330,0.105801834079596,0.1959893674256,0.253329988519401,0.444878809975403
26331,0.352798640727997,0.145100340247154,0.206026002764702,0.296075016260147
26332,0.132586268595066,0.483977280795913,0.0896954672083934,0.293740983400628
26333,0.219537463493087,0.124978167936531,0.271221872102888,0.384262496467494
26334,0.471754021521718,0.160044091344537,0.134538101174505,0.233663785959241
26335,0.135158875502994,0.341800316789732,0.297104255984533,0.22593655172274
26336,0.174912223967546,0.315590789449489,0.210057952700318,0.299439033882647
26337,0.39442028713777,0.0844226162637185,0.450490405027038,0.0706666915714735
26338,0.116846026731223,0.379355108430313,0.15234019089252,0.351458673945944
26339,0.152277397398314,0.45267910439788,0.177339958806931,0.217703539396875
26340,0.303265587839532,0.146459066281062,0.205986505479224,0.344288840400181
26341,0.0670679787675149,0.104402993488223,0.754538215561562,0.0739908121827003
26342,0.369510975707241,0.276245532361824,0.264615533764545,0.089627958166391
26343,0.287772376545803,0.362164454081489,0.270133664081482,0.0799295052912271
26344,0.267353409513382,0.386174908589388,0.239949057103342,0.106522624793888
26345,0.284438467422988,0.247931292234316,0.389751532444765,0.0778787078979323
26346,0.101282581686974,0.116792961955071,0.238700419664383,0.543224036693573
26347,0.204308216370081,0.664315059728512,0.0685505807820837,0.0628261431193235
26348,0.11703576631019,0.220859537552456,0.574603306324706,0.087501389812647
26349,0.119787281456779,0.168170181391087,0.618508866153525,0.093533670998608
26350,0.321736484766006,0.192464083433151,0.236467733979225,0.249331697821617
26351,0.0752852553480472,0.447962906599321,0.399990794062683,0.0767610439899486
26352,0.179695841972592,0.223461430915275,0.187586215323415,0.409256511788718
26353,0.144173888203891,0.44000899136053,0.188901704715167,0.226915415720412
26354,0.292557209730148,0.3338702917099,0.179178476333618,0.194394022226334
26355,0.220246760263846,0.138792433666732,0.17646118560202,0.464499620467402
26356,0.296475938067557,0.133641909550371,0.495435431735652,0.0744467206464195
26357,0.102793028143204,0.221790487577234,0.330946706288754,0.344469777990808
26358,0.180381299526893,0.264110009066015,0.468482250833344,0.0870264405737489
26359,0.161221593618393,0.230037480592728,0.188387930393219,0.42035299539566
26360,0.3384148478508,0.261224269866943,0.297521531581879,0.102839350700378
26361,0.151940529106275,0.200384756934189,0.517345086257013,0.130329627702523
26362,0.194531545042992,0.229183733463287,0.226386979222298,0.349897742271423
26363,0.103034050807864,0.401147133129047,0.208456862098826,0.287361953964263
26364,0.589642928772205,0.183211665230729,0.14323940552981,0.0839060004672557
26365,0.053685861571024,0.390579633590213,0.216973807346564,0.338760697492199
26366,0.350117025150977,0.235456897054189,0.304390547391843,0.110035530402992
26367,0.31099786195912,0.11944166125947,0.176686369751157,0.392874107030254
26368,0.140900761938846,0.150483296442652,0.618961696468008,0.0896542451504934
26369,0.152660044322313,0.456884510172673,0.188593464919827,0.201861980585187
26370,0.602874241876388,0.19719817478948,0.126402189076028,0.0735253942581041
26371,0.127808684357613,0.13234407608163,0.290203647753433,0.449643591807324
26372,0.315773345137537,0.510966252780697,0.106736423970828,0.0665239781109388
26373,0.107764301854,0.631357583548897,0.096542408137,0.164335706460103
26374,0.129738318839781,0.104817146915581,0.193761114636685,0.571683419607954
26375,0.0771586505213682,0.128310021870359,0.667066082349433,0.12746524525884
26376,0.480459951155484,0.161164966804311,0.139469144650263,0.218905937389941
26377,0.210135608911514,0.223328396677971,0.157420262694359,0.409115731716156
26378,0.140293900379357,0.128780607246775,0.389622312474916,0.341303179898953
26379,0.071028545498848,0.15983510017395,0.647541403770447,0.121594950556755
26380,0.125393603008795,0.217430002016723,0.366356741379402,0.29081965359508
26381,0.649246850564888,0.0993612467861919,0.17242568268929,0.0789662199596298
26382,0.245513849094097,0.24803220486545,0.225050710885206,0.281403235155248
26383,0.156662751932822,0.662617047507079,0.0872775342249136,0.0934426663351854
26384,0.231642362635557,0.0942429874815115,0.367466141076855,0.306648508806076
26385,0.0789071315608387,0.27320793067509,0.107048965192966,0.540835972571105
26386,0.053452163536458,0.0932281978932902,0.564299579230699,0.289020059339553
26387,0.146142944693565,0.179706141352654,0.194054305553436,0.480096608400345
26388,0.179322021891505,0.154606076398582,0.383577352517506,0.282494549192407
26389,0.14943086655644,0.452806101655778,0.237281121692624,0.160481910095158
26390,0.237410284203597,0.426476133658771,0.194043880523559,0.142069701614073
26391,0.338500678539276,0.181505158543587,0.402129977941513,0.0778641849756241
26392,0.154483497142792,0.463968247175217,0.311400473117828,0.0701477825641632
26393,0.125855956252097,0.201712912372139,0.276833512688682,0.395597618687082
26394,0.458179950714111,0.183352053165436,0.187340378761292,0.171127617359161
26395,0.615982385813271,0.191338772620048,0.108272856160328,0.0844059854063533
26396,0.385683708529693,0.239967241285279,0.204081368689619,0.170267681495409
26397,0.281400080302356,0.177387279609035,0.307357694098984,0.233854945989624
26398,0.196478965826019,0.329860751775812,0.146033691555764,0.327626590842405
26399,0.175866964099809,0.432101077319698,0.172446462101437,0.219585496479057
26400,0.252061732174806,0.232245288260141,0.229445807023221,0.286247172541832
26401,0.190971781111623,0.358127601998916,0.331963814764406,0.118936802125055
26402,0.0741973588302928,0.514939781167062,0.183343513434056,0.227519346568589
26403,0.1495111733675,0.662123560905457,0.0980141460895538,0.0903511196374893
26404,0.587151361714707,0.102504263129181,0.187692214273487,0.122652160882626
26405,0.123245986256928,0.687259106907586,0.122070895638873,0.0674240111966128
26406,0.284519035945869,0.135882566277587,0.49060184916102,0.0889965486155246
26407,0.147104940434021,0.226837153442375,0.38388683127851,0.242171074845094
26408,0.191492268696658,0.136776458121048,0.369736481614814,0.301994791567481
26409,0.246189929658475,0.469916061463473,0.186060139952298,0.0978338689257542
26410,0.123371446577991,0.114425475250536,0.537271296801956,0.224931781369517
26411,0.20608714222908,0.514606773853302,0.202290326356888,0.07701575756073
26412,0.277270062132474,0.454699906426674,0.168068264837965,0.0999617666028877
26413,0.176580774435114,0.111018763646763,0.602068313987081,0.110332147931042
26414,0.150773271918297,0.235125735402107,0.301244050264359,0.312856942415237
26415,0.338489224359714,0.392865199063265,0.187257045887201,0.0813885306898197
26416,0.144779882146127,0.299995523691444,0.478088320607643,0.0771362735547856
26417,0.219605099862738,0.453207933109881,0.191079896821381,0.136107070206
26418,0.210851139153574,0.281407901090619,0.132072244050272,0.375668715705535
26419,0.146366268396378,0.302992403507233,0.273104101419449,0.277537226676941
26420,0.431256423983436,0.127899492029868,0.184233403910693,0.256610680076002
26421,0.548594602176467,0.210615608254308,0.16942404463029,0.071365744938936
26422,0.306096425470816,0.170987392336506,0.335062940863879,0.187853241328799
26423,0.160275640491778,0.417111403004995,0.303552334063535,0.119060622439692
26424,0.5438057103186,0.16592003157854,0.179715556208558,0.110558701894303
26425,0.193671196699142,0.173137292265892,0.534600734710693,0.0985907763242722
26426,0.152335045451894,0.229156267208513,0.425972574562243,0.192536112777351
26427,0.210939466953278,0.440423667430878,0.257241606712341,0.0913952589035034
26428,0.30198787012642,0.337330177605011,0.160929806274018,0.199752145994551
26429,0.0801511332392693,0.611927092075348,0.231645524501801,0.0762762501835823
26430,0.263699791917211,0.298304280689231,0.332261671654532,0.105734255739026
26431,0.338760875529408,0.434221654444895,0.159511129823328,0.0675063402023693
26432,0.124709525143426,0.484146270782845,0.171141774737401,0.220002429336328
26433,0.260562393971717,0.341685657824362,0.270572070338906,0.127179877865015
26434,0.194586336612701,0.40399780869484,0.160824492573738,0.240591362118721
26435,0.149809181690216,0.391426026821136,0.152072310447693,0.306692481040955
26436,0.509677879368098,0.184183833238723,0.232518207542327,0.0736200798508513
26437,0.118227044900366,0.182175625462285,0.601541830633771,0.098055499003578
26438,0.167037766418507,0.428764631701306,0.315550648073465,0.0886469538067217
26439,0.196188710487958,0.176212332256598,0.552653690898929,0.0749452663565154
26440,0.178071142569714,0.540070776194861,0.202662201245593,0.0791958799898317
26441,0.19419410058089,0.541505356934121,0.179722271104242,0.0845782713807475
26442,0.493759743962292,0.166611221930217,0.154531610689586,0.185097423417905
26443,0.51176029825032,0.256262512924243,0.162896515152577,0.0690806736728599
26444,0.624774856964409,0.16778677264412,0.145521890302549,0.0619164800889218
26445,0.396696743393714,0.310313997340843,0.183320595448311,0.109668663817133
26446,0.404066577705241,0.39037702941809,0.100535254945429,0.10502113793124
26447,0.248940067357868,0.333349528412145,0.332236143441768,0.0854742607882191
26448,0.366462780775978,0.34056262450526,0.204297505479213,0.0886770892395485
26449,0.506786059739874,0.119590143552202,0.0487082909503942,0.324915505757529
26450,0.374362366761039,0.112154286319805,0.0368317539562069,0.476651592962949
26451,0.315028135702433,0.363543456249587,0.177968936830296,0.143459471217684
26452,0.0469293941874272,0.438654404396492,0.139943275524687,0.374472925891394
26453,0.0482141723390639,0.185779010133643,0.559180035867767,0.206826781659527
26454,0.250910150774449,0.050030813923476,0.267510520377618,0.431548514924457
26455,0.0826167246894294,0.365293505529266,0.0468647036467843,0.50522506613452
26456,0.140065239966888,0.129715802218255,0.202907088442252,0.527311869372604
26457,0.0896698087453842,0.174738153815269,0.397264838218689,0.338327199220657
26458,0.104232706129551,0.426799207925797,0.077826015651226,0.391142070293427
26459,0.0381232279399278,0.0573113713958217,0.527417484875154,0.377147915789097
26460,0.0814596852497047,0.221238133818975,0.0587942854449792,0.638507895486341
26461,0.125692121725805,0.242419406319821,0.394756400272632,0.237132071681742
26462,0.398587623206995,0.27473951000138,0.0367743157619458,0.28989855102968
26463,0.0460397583976478,0.0804438337518337,0.58703748185048,0.286478926000039
26464,0.0417804212041356,0.229866349319605,0.279405187048211,0.448948042428048
26465,0.0376708769711512,0.282622547010416,0.164793670791364,0.514912905227068
26466,0.11017591922951,0.46058844147359,0.0405598419737863,0.388675797323114
26467,0.591055870056152,0.0635329410433769,0.0463340952992439,0.299077093601227
26468,0.215579003095627,0.442937165498734,0.267070800065994,0.0744130313396454
26469,0.421161532402039,0.293276757001877,0.182038381695747,0.103523328900337
26470,0.156588134816466,0.410058879702406,0.30710708637376,0.126245899107368
26471,0.422423936747256,0.275484666761811,0.226340669509883,0.0757507269810506
26472,0.113592761993678,0.210640064975617,0.608320630776859,0.0674465422538466
26473,0.50066614151001,0.173811405897141,0.203826203942299,0.121696248650551
26474,0.129280044665336,0.313537654924857,0.468567725505175,0.0886145749046313
26475,0.311962425708771,0.236502751708031,0.320379316806793,0.131155505776405
26476,0.206825706464435,0.325174425917483,0.245505858145742,0.22249400947234
26477,0.159377572545743,0.259940203131136,0.496394179815141,0.0842880445079797
26478,0.245167384032144,0.323691122449388,0.325601987713531,0.105539505804937
26479,0.227500905357261,0.354006215005835,0.323298320622817,0.0951945590140868
26480,0.365961600364399,0.318206002765715,0.225511767699964,0.0903206291699222
26481,0.208163920166551,0.268353466218017,0.41325191279131,0.110230700824122
26482,0.30089148430688,0.209962200970021,0.397111052317753,0.0920352624053469
26483,0.316685093814167,0.351793449651046,0.212110940480407,0.11941051605438
26484,0.14538300037384,0.207797959446907,0.563633680343628,0.0831853598356247
26485,0.163866927142946,0.605750817231858,0.162577991562426,0.0678042640627701
26486,0.253457106752905,0.269314714351735,0.218188381737124,0.259039797158235
26487,0.0646064454543011,0.252688119288091,0.610695325236593,0.0720101100210141
26488,0.180863524053588,0.255818031554877,0.336904217693084,0.226414226698451
26489,0.289816447788967,0.196752002738476,0.243175558542477,0.27025599093008
26490,0.275145377589086,0.173630071079283,0.292263741906528,0.258960809425104
26491,0.409313782702618,0.350055532527881,0.167470225413508,0.0731604593559928
26492,0.277034171731298,0.454492791130924,0.181163927351353,0.0873091097864243
26493,0.167572977655723,0.165736096586825,0.479573525183998,0.187117400573453
26494,0.361658819814991,0.394946313205581,0.144674024303316,0.0987208426761125
26495,0.517453730106354,0.165696665644646,0.0752476453781128,0.241601958870888
26496,0.160245376232943,0.18577510395311,0.583739945050179,0.0702395747637685
26497,0.285408990737394,0.112205813279488,0.530264949935751,0.0721202460473666
26498,0.483843900985543,0.16742653396309,0.197014740242895,0.151714824808471
26499,0.25477534532547,0.178690820932388,0.366839677095413,0.199694156646729
26500,0.199064552783966,0.518615543842316,0.183822706341743,0.0984971970319748
26501,0.462311682838898,0.222005887151115,0.184986989795386,0.130695440214601
26502,0.486663888841805,0.193268884567966,0.19789195503053,0.122175271559699
26503,0.146461519892399,0.597915841592457,0.183023307838067,0.0725993306770771
26504,0.139777292006531,0.173351784746402,0.361330907384482,0.325540015862585
26505,0.132784347749223,0.40125437375145,0.236781709290096,0.229179569209231
26506,0.0762577664294506,0.285220686871122,0.241207141298162,0.397314405401266
26507,0.581405129197469,0.11999504059531,0.0677709237234707,0.23082890648375
26508,0.316248652962978,0.288738725418309,0.0420652103270202,0.352947411291693
26509,0.103393330784912,0.67523330198514,0.0488118713765894,0.172561495853359
26510,0.17813792559299,0.228246968563691,0.180800763058651,0.412814342784668
26511,0.060561055259736,0.272840627218504,0.563929336188118,0.102668981333643
26512,0.0945114276894288,0.120334313216316,0.182574362923014,0.602579896171241
26513,0.0855592725509297,0.358316039417923,0.441442675015966,0.114682013015181
26514,0.0807782077441421,0.403182220316728,0.134381273342016,0.381658298597114
26515,0.25919974236488,0.205210405665791,0.3995743155416,0.136015536427729
26516,0.157862884434121,0.112950099811701,0.179916990102574,0.549270025651604
26517,0.163838846030252,0.324705387283781,0.162632462939136,0.34882330374683
26518,0.132032011897564,0.0645687827679806,0.400325670850488,0.403073534483967
26519,0.416272334113019,0.167578393020099,0.0841021209114406,0.332047151955441
26520,0.665803596396664,0.0764235986078471,0.0523288908825318,0.205443914112957
26521,0.147815353909824,0.427064068694052,0.067376706960522,0.357743870435602
26522,0.730771712242383,0.0788124343885582,0.0623145059237498,0.128101347445309
26523,0.0588078954638227,0.434538579501787,0.323522751383822,0.183130773650568
26524,0.360649737422539,0.11592888918466,0.0851277342820744,0.438293639110726
26525,0.220506823674048,0.190926974741428,0.273958512364582,0.314607689219942
26526,0.148128477511876,0.542682639618477,0.241955708832209,0.067233174037439
26527,0.171443477272987,0.192481964826584,0.440554827451706,0.195519730448723
26528,0.128772087620025,0.491369515143008,0.314771641181209,0.0650867560557578
26529,0.261124320659766,0.194807699167958,0.46785755359702,0.0762104265752562
26530,0.503311928336979,0.239770380856317,0.177155389061903,0.0797623017448015
26531,0.121302715750602,0.341301328899622,0.424460650830374,0.112935304519402
26532,0.210194036364555,0.568389534950256,0.156090244650841,0.0653261840343475
26533,0.165147453546524,0.563959181308746,0.19608798623085,0.0748053789138794
26534,0.545554097402438,0.209214030137554,0.179354189490123,0.0658776829698854
26535,0.152356865292145,0.343894337771749,0.437227583486253,0.0665212134498539
26536,0.299492606505531,0.111179474329337,0.191544002042532,0.3977839171226
26537,0.254598183797205,0.362037349747579,0.305426226094243,0.0779382403609729
26538,0.130445090000814,0.136233952576653,0.621824131418225,0.111496826004308
26539,0.140639592428195,0.419924241898186,0.361297886410293,0.0781382792633259
26540,0.280854088702236,0.378964441074332,0.248658325463161,0.0915231447602724
26541,0.388352620948773,0.201101461020069,0.100719135978248,0.309826782052911
26542,0.323249186228973,0.287463422306427,0.199883800746742,0.189403590717858
26543,0.33592336869354,0.369671339248548,0.0851370828578311,0.209268209200081
26544,0.162871315735994,0.498976454047244,0.173507765547135,0.164644464669627
26545,0.264406088954301,0.18322098528178,0.148250209514055,0.404122716249864
26546,0.246688149968143,0.329549779607362,0.279408029335498,0.144354041088997
26547,0.563239582825297,0.131700115378203,0.0903592272156362,0.214701074580864
26548,0.566336091113567,0.150260581446733,0.208167849420251,0.07523547801945
26549,0.134302753231736,0.166056174771253,0.604938043764339,0.094703028232672
26550,0.143312338217624,0.180723075137803,0.605503215018732,0.0704613716258415
26551,0.121587071466061,0.38426400376153,0.407300544002668,0.086848380769741
26552,0.387931740104135,0.17933827905861,0.252927187873828,0.179802792963427
26553,0.203488293342118,0.533888109533312,0.156152772250068,0.106470824874503
26554,0.359620720148087,0.371076345443726,0.19091172516346,0.0783912092447281
26555,0.177316856722283,0.0937396422961407,0.534205369141618,0.194738131839959
26556,0.269644341777434,0.174851859365348,0.263323925038459,0.292179873818759
26557,0.381132486322019,0.162762374898511,0.107775204686636,0.348329934092834
26558,0.259485594645572,0.220277481666878,0.437716381617892,0.0825205420696574
26559,0.330720891633007,0.371788758880235,0.0816216891520712,0.215868660334687
26560,0.125621471572562,0.1669931461511,0.542099372807126,0.165286009469211
26561,0.154355485867127,0.439487649187078,0.174628456670894,0.231528408274901
26562,0.147231960131643,0.390654140153774,0.359221599055624,0.102892300658959
