No,Ch1,Ch2,Ch3,Ch4
21566,0.233276396566326,0.172529431079425,0.387576132923644,0.206618039430606
21567,0.0672950357493208,0.461332607271405,0.314888121862878,0.156484235116396
21568,0.342876985783984,0.367516167921832,0.158803599591852,0.130803246702332
21569,0.451951527013698,0.160411306513018,0.259980411423555,0.127656755049729
21570,0.250320503360266,0.265524881472803,0.396571322022457,0.0875832931444749
21571,0.114113854058094,0.59648146302451,0.194141714330885,0.0952629685865109
21572,0.268047727271723,0.0806278054650108,0.472950472636517,0.178373994626749
21573,0.200683476130017,0.229334339922926,0.233279750472223,0.336702433474834
21574,0.20077914519487,0.261083366293989,0.398564983637804,0.139572504873337
21575,0.0832375053861461,0.145610936274648,0.61721412092591,0.153937437413295
21576,0.245789717780191,0.194985184437916,0.341886245056899,0.217338852724994
21577,0.196521437504749,0.152102958534292,0.54048612860596,0.110889475354999
21578,0.346068885596346,0.278989628480661,0.204012658417985,0.170928827505008
21579,0.126681130156726,0.264653085078046,0.235113082038365,0.373552702726863
21580,0.112512179101237,0.430565902837557,0.276584147085034,0.180337770976172
21581,0.346581901249404,0.136298926037362,0.30142465849709,0.215694514216145
21582,0.164083988790497,0.220510241613149,0.379401745469738,0.236004024126615
21583,0.175385868749805,0.239426310512374,0.333046083725295,0.252141737012527
21584,0.281144632286337,0.289673941485563,0.111238527488685,0.317942898739416
21585,0.404641812210774,0.201646670174073,0.113949910440902,0.279761607174251
21586,0.229239212825799,0.3475406039372,0.218408557552093,0.204811625684908
21587,0.0344801459412117,0.55600645606822,0.164943567766095,0.244569830224474
21588,0.0480009023237009,0.0515995406795389,0.577923194009745,0.322476362987015
21589,0.149755072427884,0.058169796963305,0.570679555573074,0.221395575035737
21590,0.0318340536374255,0.111671229419313,0.571080461331227,0.285414255612035
21591,0.0370011158589074,0.230601034882217,0.436704295334499,0.295693553924377
21592,0.0704096776484648,0.223339503617429,0.0671882095277067,0.6390626092064
21593,0.618036420738199,0.153241102357701,0.0977420239905546,0.130980452913546
21594,0.160668943461488,0.166209288573798,0.197454139248063,0.475667628716651
21595,0.32186561932111,0.132406010513883,0.0714246670981948,0.474303703066812
21596,0.133175385095379,0.573327060031066,0.112803331809077,0.180694223064479
21597,0.33685102241249,0.21342775593102,0.0662169587924522,0.383504262864037
21598,0.0992408150007149,0.332402758414895,0.353714192744712,0.214642233839678
21599,0.247868555924911,0.377750083539095,0.266747140549075,0.10763421998692
21600,0.0741546255431935,0.14571107662375,0.0820408820755981,0.698093415757458
21601,0.0515755741690707,0.163508579616502,0.220917889217777,0.563997956996651
21602,0.0301148852440145,0.375090916550953,0.424168179953579,0.170626018251454
21603,0.528216306935169,0.0312656806035369,0.124759996552943,0.315758015908351
21604,0.0423078327413432,0.283794366632641,0.315849454382522,0.358048346243493
21605,0.24285323166047,0.0459777481644935,0.47936708894064,0.231801931234397
21606,0.218833775436957,0.03717005316775,0.358909277923528,0.385086893471766
21607,0.437082276191448,0.0739458422149985,0.078099100787047,0.410872780806507
21608,0.26655920553907,0.417697449130498,0.0305912826539863,0.285152062676446
21609,0.0648432778682531,0.0573457390109695,0.422218692830149,0.455592290290629
21610,0.327088430696612,0.302785251449444,0.0325479632006171,0.337578354653327
21611,0.0744783805033302,0.0456140225237526,0.535292886034242,0.344614710938675
21612,0.51449575513719,0.149552294242732,0.218939926301273,0.117012024318805
21613,0.0468819254078644,0.215694321686104,0.281871441739684,0.455552311166348
21614,0.100763251047593,0.40978265482743,0.280900045443936,0.208554048681042
21615,0.251888795928607,0.348340464130352,0.0422397703023735,0.357530969638668
21616,0.254877595013585,0.0216865520380838,0.576691291032875,0.146744561915456
21617,0.256470493660687,0.32696932154028,0.222185205279376,0.194374979519658
21618,0.189227224595987,0.0957395594400511,0.252101457659973,0.462931758303989
21619,0.153844003469031,0.168014811760359,0.0860545088197734,0.592086675950837
21620,0.0787881971003044,0.691457184838472,0.0625252799896881,0.167229338071535
21621,0.235150247980395,0.310928944808682,0.180380182191065,0.273540625019858
21622,0.118788475880723,0.194845826695001,0.183614666562091,0.502751030862185
21623,0.400788435172984,0.282236546297275,0.194097155315556,0.122877863214185
21624,0.464666066001679,0.209025737233071,0.159756426079062,0.166551770686188
21625,0.126312111086911,0.171177620057111,0.534878071133373,0.167632197722605
21626,0.445645574540795,0.169545194419408,0.240315848022692,0.144493383017105
21627,0.236985270260254,0.203238155872655,0.382014990758249,0.177761583108842
21628,0.152963381320457,0.418384992245394,0.33617870132422,0.0924729251099295
21629,0.39741658951467,0.227569705778727,0.196578093134229,0.178435611572374
21630,0.279934069762379,0.268952860639841,0.224291941346097,0.226821128251684
21631,0.176652760740667,0.154895351857605,0.60159360934409,0.0668582780576383
21632,0.178947171159689,0.197961585049911,0.459696833089963,0.163394410700437
21633,0.240453541221594,0.312716241887478,0.247651093227866,0.199179123663063
21634,0.188900224088835,0.600809758593035,0.139558619288413,0.070731398029717
21635,0.130800288073517,0.54130817264183,0.249460038276155,0.0784315010084979
21636,0.481483795271186,0.173316986115747,0.192054530323198,0.153144688289868
21637,0.373828578854882,0.389240343764854,0.12833901897763,0.108592058402634
21638,0.236302810924418,0.313160394815851,0.324741851823378,0.125794942436353
21639,0.275616434897256,0.470260325758288,0.14957326581866,0.104549973525796
21640,0.449478326798702,0.322441711756098,0.145816841999867,0.082263119445332
21641,0.332870376344598,0.188621972036926,0.362009011650065,0.116498639968411
21642,0.389020649442202,0.283746996071665,0.155894044470901,0.171338310015232
21643,0.105833172039136,0.275074041902143,0.419362135277324,0.199730650781398
21644,0.321802593832441,0.234131185315765,0.199496486025434,0.24456973482636
21645,0.111756181530617,0.550237187909478,0.173577979124615,0.164428651435289
21646,0.228867438497302,0.187530329868655,0.455267188358456,0.128335043275588
21647,0.195497578675812,0.224158255065448,0.424412862028076,0.155931304230664
21648,0.341344073220049,0.142592736669255,0.354771276244404,0.161291913866293
21649,0.443083315031697,0.131591638519128,0.326816435888221,0.0985086105609538
21650,0.270941758588814,0.344686169975629,0.230763186060579,0.153608885374978
21651,0.361627958824492,0.142721451197438,0.208169678782377,0.287480911195694
21652,0.121783077021937,0.190734883409778,0.257497681297374,0.42998435827091
21653,0.544607171565754,0.168512108678694,0.144833083504404,0.142047636251149
21654,0.565330932727781,0.15440504134271,0.184598282212871,0.0956657437166371
21655,0.319774203594067,0.10386340360419,0.468798104468833,0.10756428833291
21656,0.426341106994312,0.15563413065601,0.257870499887196,0.160154262462481
21657,0.562148871937881,0.0984259228671818,0.155249413565897,0.18417579162904
21658,0.3228938778963,0.153916505386854,0.352333414860019,0.170856201856826
21659,0.552718346000681,0.147630800870298,0.113770577676021,0.185880275453001
21660,0.180170663487386,0.159111226265725,0.332451573153079,0.32826653709381
21661,0.131595429512095,0.300032640119449,0.225412201034936,0.34295972933352
21662,0.0596362204576353,0.58492312383513,0.0987880548169631,0.256652600890272
21663,0.151323192456436,0.151446657448674,0.528709211799968,0.168520938294922
21664,0.0683365866360984,0.396920820907063,0.209479661419784,0.325262931037055
21665,0.358069634192579,0.221970057453748,0.177280036563248,0.242680271790425
21666,0.0928829955374148,0.337249851868633,0.336361285191744,0.233505867402208
21667,0.0469210595500264,0.450338959425718,0.300943489445029,0.201796491579227
21668,0.301080223584012,0.227617389179727,0.245416645583307,0.225885741652954
21669,0.345447753110263,0.218926206751307,0.10468599132673,0.3309400488117
21670,0.157903701364179,0.45183520171304,0.108525231059618,0.281735865863162
21671,0.109382036762286,0.425934134512319,0.360854201657613,0.103829627067782
21672,0.0612006107420718,0.217346094315408,0.501371149146973,0.220082145795547
21673,0.392594381285981,0.172246331696101,0.0592915227353005,0.375867764282617
21674,0.383193324980627,0.131930785063634,0.292376065114063,0.192499824841676
21675,0.389070926229957,0.172398680922918,0.126190213473643,0.312340179373483
21676,0.0800882891200244,0.585841961497813,0.153504805396306,0.180564943985857
21677,0.463367650925841,0.0656602207848384,0.317018467731589,0.153953660557731
21678,0.136553233597392,0.495706272564942,0.267145395270165,0.100595098567501
21679,0.188652096125523,0.491924071213601,0.0947740701602528,0.224649762500624
21680,0.287667568257516,0.104014519156598,0.435573958666299,0.172743953919587
21681,0.244202378016962,0.0594604613228006,0.160532294930082,0.535804865730156
21682,0.341173700271126,0.24218242348058,0.0662662282813633,0.35037764796693
21683,0.260901316758054,0.0375121374152243,0.351759735459284,0.349826810367438
21684,0.375915861346201,0.0519799071853012,0.206208680411735,0.365895551056763
21685,0.12775833739503,0.258604899797228,0.0951233246958476,0.518513438111894
21686,0.088089743327057,0.435742557810624,0.153958309160728,0.322209389701591
21687,0.161530666628801,0.108559028163675,0.352392518949904,0.377517786257619
21688,0.185662476576352,0.147838656308597,0.083593255775371,0.582905611339681
21689,0.140320482132516,0.604929655875592,0.0626132518657159,0.192136610126176
21690,0.64866116891158,0.167514684749129,0.0318134650893992,0.152010681249892
21691,0.115088273442161,0.471005810140762,0.0903558082381316,0.323550108178945
21692,0.0363232694307682,0.329803164407981,0.485042686188537,0.148830879972714
21693,0.0704423876054943,0.626230088352662,0.0594211806367321,0.243906343405111
21694,0.124383004060472,0.317450335526361,0.136447234178416,0.421719426234751
21695,0.371056191721565,0.324672415713473,0.135267975806403,0.169003416758559
21696,0.510408202886826,0.149704110234657,0.0387175521187267,0.30117013475979
21697,0.498028625192088,0.153100428571291,0.148925846281632,0.19994509995499
21698,0.149577917235161,0.049765437428325,0.685963425742357,0.114693219594157
21699,0.210359339121554,0.585558279951774,0.0262815046957579,0.177800876230914
21700,0.273918816677063,0.262069658222078,0.183805253464492,0.280206271636367
21701,0.499421896865343,0.140999543152718,0.0964323804205078,0.263146179561431
21702,0.0526845987620381,0.58580223107555,0.0879029956114405,0.273610174550972
21703,0.0942967081410871,0.344625616059811,0.072871072844385,0.488206602954717
21704,0.083357299650213,0.200358850329445,0.453532432907553,0.262751417112789
21705,0.168837873262096,0.0405819856703299,0.354259146649914,0.43632099441766
21706,0.0967110788299633,0.451688903622033,0.0714633832604127,0.380136634287591
21707,0.0926700148771228,0.501882675786611,0.166376755212291,0.239070554123975
21708,0.044275876327809,0.478185718850482,0.127438886016715,0.350099518804994
21709,0.299658824902918,0.166318107552051,0.0466096775726289,0.487413389972401
21710,0.343513900235195,0.0749094997038444,0.0689480577395095,0.512628542321452
21711,0.0392390063890809,0.519412116695088,0.181956419521466,0.259392457394365
21712,0.0700908878106475,0.328318398790548,0.0580644654141258,0.543526247984679
21713,0.63161444995359,0.0857365935176524,0.105144949922012,0.177504006606746
21714,0.0490655445393737,0.645057846702478,0.050493746213119,0.25538286254503
21715,0.54192920940632,0.116644280124142,0.159185173002415,0.182241337467123
21716,0.112660727717255,0.131925093412864,0.19195424421837,0.563459934651512
21717,0.314395532882468,0.032658982311956,0.385528151251572,0.267417333554004
21718,0.357033425762468,0.422213251296965,0.028815408286505,0.191937914654061
21719,0.202757934954741,0.133038237586304,0.151066720818682,0.513137106640273
21720,0.402400392612724,0.227848986012899,0.0495541407888206,0.320196480585556
21721,0.129683393786028,0.192670481229275,0.41212299334494,0.265523131639757
21722,0.605250135305213,0.172000703019595,0.0355102420200743,0.187238919655118
21723,0.0537687773081949,0.307944108678379,0.188118564514109,0.450168549499317
21724,0.334620038934645,0.193026165093693,0.21444930518037,0.257904490791293
21725,0.08212666407752,0.178049100705017,0.223164707501687,0.516659527715776
21726,0.0391519072533866,0.344187156266755,0.386976655480956,0.229684280998902
21727,0.235812405080785,0.0526962113171697,0.552305447161209,0.159185936440836
21728,0.0965830499619114,0.107951326707409,0.351673445527924,0.443792177802756
21729,0.255181330632012,0.233301901117448,0.126453691866742,0.385063076383798
21730,0.44448672334379,0.0591840366874901,0.0902189349089451,0.406110305059775
21731,0.200196598388135,0.16669160684995,0.444230810318687,0.188880984443227
21732,0.319549659053148,0.197419084011296,0.0918553173301825,0.391175939605373
21733,0.444934599937546,0.324677466939689,0.0908953418742771,0.139492591248488
21734,0.0367716052916029,0.567889709588691,0.219903688339015,0.175434996780692
21735,0.216484003514394,0.318649363599353,0.0575498462874027,0.40731678659885
21736,0.689361777893109,0.100204918516706,0.0843662796901754,0.126067023900009
21737,0.329615874322593,0.170699494189434,0.399579515881344,0.100105115606629
21738,0.37806766937391,0.250381481742239,0.272303902599728,0.0992469462841241
21739,0.202532255770999,0.323026963454171,0.358305089799261,0.11613569097557
21740,0.10028289983264,0.540887939422483,0.254036264347714,0.104792896397164
21741,0.269916039161819,0.349514585580279,0.188362796046883,0.192206579211019
21742,0.256867818889854,0.169834708063097,0.363096499391553,0.210200973655496
21743,0.365025790131374,0.362810404489978,0.079426614332605,0.192737191046043
21744,0.289334966942972,0.200443568523753,0.400491157241266,0.109730307292009
21745,0.249425750367183,0.170504948645476,0.380713671373105,0.199355629614236
21746,0.331417208564614,0.36190252455854,0.156187268595513,0.150492998281332
21747,0.543695987469918,0.197746315454557,0.146314866654713,0.112242830420813
21748,0.315699212407935,0.424628468145633,0.134213777222518,0.125458542223913
21749,0.132945877676674,0.393579319880535,0.313233844311251,0.16024095813154
21750,0.141521120223704,0.16851884786763,0.46285406806499,0.227105963843676
21751,0.569373827155902,0.0731405510321317,0.276765665697955,0.0807199561140111
21752,0.446205363303728,0.129703406369961,0.232528536882828,0.191562693443483
21753,0.326767124563435,0.217983338687013,0.255857215573629,0.199392321175923
21754,0.156280263787554,0.512953714734736,0.140391184233325,0.190374837244386
21755,0.217893520244275,0.29507229288755,0.308455165694654,0.178579021173521
21756,0.0909480159311194,0.400918283703086,0.123055918860692,0.385077781505103
21757,0.136069866348101,0.566056215458798,0.0237568496670578,0.274117068526043
21758,0.232472595654279,0.231068611176672,0.19659908122873,0.339859711940319
21759,0.389504509399603,0.31937125433567,0.154408802677274,0.136715433587453
21760,0.14356997326493,0.0516521510962996,0.37318516362163,0.43159271201714
21761,0.11307978999589,0.168514714808996,0.462356417954838,0.256049077240276
21762,0.0374243042281578,0.792557242184823,0.0201993080141944,0.149819145572824
21763,0.544132340840469,0.0631488714473022,0.0284185963602119,0.364300191352017
21764,0.261455171802402,0.0331121468253093,0.505744195216451,0.199688486155837
21765,0.478960897824046,0.163614782362239,0.0969301357234186,0.260494184090297
21766,0.0655276052582877,0.412894366440035,0.0436252428917907,0.477952785409886
21767,0.0731052054211679,0.171003831140729,0.386685613253332,0.369205350184771
21768,0.213631371704653,0.266867029467998,0.340279894324671,0.179221704502678
21769,0.20765321914985,0.178462460618279,0.0895523998569179,0.524331920374952
21770,0.0943613312147954,0.404005631938011,0.233682780871064,0.26795025597613
21771,0.0323664208021377,0.0971570048967501,0.399261798189516,0.471214776111596
21772,0.146146709750953,0.351054282034614,0.219831046250367,0.282967961964066
21773,0.116054914624941,0.431624745689982,0.050546094445759,0.401774245239319
21774,0.0300522996641088,0.120778037885454,0.603074230627826,0.246095431822611
21775,0.221443520942486,0.251145874753784,0.232412957410969,0.294997646892761
21776,0.351847490126307,0.280121321699035,0.128136443099486,0.239894745075172
21777,0.0709869322948308,0.0430481934963516,0.640839170991656,0.245125703217161
21778,0.344660972119532,0.129133565043632,0.114540659096461,0.411664803740376
21779,0.273749211927183,0.24482683751751,0.133380469392263,0.348043481163044
21780,0.192273840199314,0.134992401688239,0.424511210361503,0.248222547750943
21781,0.110133055856817,0.0889319159443826,0.584357081032454,0.216577947166347
21782,0.48239783018521,0.0321925434168259,0.331648872329814,0.153760754068151
21783,0.279541984571307,0.0930511980038424,0.214449046557053,0.412957770867798
21784,0.567520238851318,0.222843186608474,0.0598875787389002,0.149748995801308
21785,0.142678910697998,0.543121754197354,0.227564516028131,0.0866348190765174
21786,0.0954585138859055,0.0928503472156101,0.247912958479832,0.563778180418652
21787,0.080488307151579,0.62942341022398,0.083818822685011,0.20626945993943
21788,0.310736674672557,0.337397158275078,0.0637006880010388,0.288165479051326
21789,0.0981913277092947,0.2746973828149,0.2612955906994,0.365815698776405
21790,0.562739323715087,0.12156046038182,0.0891900188865131,0.22651019701658
21791,0.324381614413564,0.16630569832307,0.155974669109874,0.353338018153492
21792,0.0908709026472542,0.326358994640627,0.362846458362568,0.219923644349552
21793,0.13733256929396,0.266565626090649,0.443590418884755,0.152511385730637
21794,0.0328779531652536,0.520773295773094,0.242787174728391,0.203561576333262
21795,0.232645450938271,0.0289397972146482,0.530202563217703,0.208212188629378
21796,0.234650331776457,0.227494319557616,0.156147207006669,0.381708141659258
21797,0.287981214603163,0.375811570936433,0.109612948905639,0.226594265554764
21798,0.468722713641872,0.0457966257890346,0.262822454542833,0.222658206026261
21799,0.0708099022583943,0.0580093901579847,0.17960349850221,0.691577209081411
21800,0.0815177661206083,0.0798513495372476,0.303489189661779,0.535141694680366
21801,0.151394211958262,0.121947969327285,0.197920603990111,0.528737214724341
21802,0.0468026034780469,0.178892936895222,0.348781853009091,0.42552260661764
21803,0.089843716820317,0.107349002228161,0.579036431535166,0.223770849416356
21804,0.199031595022492,0.466690833450517,0.119251328744473,0.215026242782518
21805,0.508484256521995,0.061081161569258,0.0921444526562693,0.338290129252478
21806,0.104484059412089,0.334797958778509,0.187268837289294,0.373449144520108
21807,0.185384559100176,0.371474708824946,0.141731263673762,0.301409468401116
21808,0.273743851837755,0.083399881040892,0.146472971695565,0.496383295425788
21809,0.55882059855809,0.0454170320635513,0.0649408312113648,0.330821538166994
21810,0.71884854623048,0.0393739371410947,0.129831619051954,0.111945897576471
21811,0.31675304623945,0.380063883177371,0.205395562193403,0.0977875083897753
21812,0.150212862460251,0.0507430315496123,0.459854138064954,0.339189967925183
21813,0.285030765773789,0.397150292347251,0.134783733573145,0.183035208305815
21814,0.218072071794543,0.32085510638544,0.294224332099379,0.166848489720638
21815,0.342253607794914,0.092045420476281,0.30596817457349,0.259732797155315
21816,0.306437795844945,0.376705908803105,0.170788310425187,0.146067984926763
21817,0.123999486048962,0.14690076786729,0.582289635294265,0.146810110789483
21818,0.122029703641473,0.123387449268995,0.444260891344127,0.310321955745405
21819,0.300953021698858,0.229484557691501,0.168881592665736,0.300680827943905
21820,0.62359291675129,0.128753457271843,0.131485368586503,0.116168257390364
21821,0.182593998338362,0.155433007919033,0.509026040784825,0.152946952957781
21822,0.368100324629239,0.429118647845978,0.0929796423627904,0.109801385161993
21823,0.178605691475164,0.408043449889194,0.226856349938628,0.186494508697014
21824,0.197423157032945,0.400666652967302,0.284083601882495,0.117826588117258
21825,0.0971029739261047,0.467916309661139,0.160582145779803,0.274398570632953
21826,0.225111834513358,0.312588236184817,0.350124979004949,0.112174950296876
21827,0.0919376173035329,0.117038572505974,0.678661151970515,0.112362658219979
21828,0.135246699740138,0.432667787821871,0.198821169044808,0.233264343393182
21829,0.165048747746129,0.232225488971681,0.421868606909573,0.180857156372616
21830,0.130599478667272,0.0979780439454917,0.54185835142522,0.229564125962017
21831,0.263767203715878,0.301087422449538,0.20478136655537,0.230364007279214
21832,0.247160110159728,0.385442002212865,0.0615684727385751,0.305829414888832
21833,0.523761263184777,0.083013127277163,0.214045972387637,0.179179637150422
21834,0.618375352677827,0.151350294684324,0.0913582423617211,0.138916110276129
21835,0.126358440794991,0.359274003036269,0.127311309377754,0.387056246790987
21836,0.0740020172969537,0.129680806798527,0.552568487639144,0.243748688265375
21837,0.110068103035977,0.0628033964621082,0.490815377085632,0.336313123416283
21838,0.237827795346054,0.0807890353731543,0.501834998593638,0.179548170687154
21839,0.131190504748,0.450594912696252,0.203459147880709,0.214755434675038
21840,0.620918297002206,0.051055423647512,0.164125502395485,0.163900776954796
21841,0.494337741442241,0.153572583892027,0.108978053174639,0.243111621491093
21842,0.0526252555398268,0.280424303487971,0.466574535662326,0.200375905309877
21843,0.523244380681383,0.103611775088687,0.0921399695746021,0.281003874655328
21844,0.047316839252077,0.531605617070195,0.153716637306247,0.267360906371481
21845,0.291118619913167,0.134661709107776,0.296989159092803,0.277230511886253
21846,0.0966092480191703,0.446098379175076,0.173204041559942,0.284088331245811
21847,0.320306229668975,0.0997724275539804,0.383207506830693,0.196713835946352
21848,0.118978702566776,0.156167679639567,0.0937303999199751,0.631123217873682
21849,0.603510886182454,0.211735525083506,0.0454617584573338,0.139291830276706
21850,0.491236730243057,0.108358159862501,0.0825280274552863,0.317877082439155
21851,0.163862243691169,0.556826353676383,0.101878487926971,0.177432914705477
21852,0.397354785905677,0.134809467155876,0.272576755758525,0.195258991179921
21853,0.120011764100903,0.200250713985387,0.433018437398774,0.246719084514936
21854,0.346718828112061,0.151355725621837,0.187655451422199,0.314269994843903
21855,0.150135435123326,0.469398699360246,0.168440108689567,0.212025756826861
21856,0.401719425177303,0.155130998914871,0.329334412176407,0.113815163731419
21857,0.136669337754225,0.609233874176717,0.0711680150723096,0.182928772996748
21858,0.51620678954015,0.111585462551933,0.0872038220283258,0.285003925879591
21859,0.478603984589426,0.125798483694434,0.134264933102798,0.261332598613342
21860,0.508829985157772,0.274822108215554,0.0866764556802092,0.129671450946465
21861,0.305530221557241,0.158034967699114,0.410491472601513,0.125943338142133
21862,0.0551087898672395,0.407221783240594,0.373180039067234,0.164489387824933
21863,0.0939108634326743,0.321064174725278,0.255849564817247,0.329175397024801
21864,0.28517355426481,0.530292789913994,0.0522611353831826,0.132272520438014
21865,0.144597423536447,0.294005818784329,0.439031689588726,0.122365068090499
21866,0.220617906146482,0.202815712554356,0.408581549311258,0.167984831987904
21867,0.131255428198202,0.188771333263626,0.303221389847303,0.376751848690869
21868,0.198562220398566,0.123361374455767,0.496863824243902,0.181212580901764
21869,0.380510094253741,0.119531752769718,0.187215238578665,0.312742914397877
21870,0.297483871158294,0.216852897247802,0.27522460218022,0.210438629413684
21871,0.591798387984811,0.171362516677773,0.0756933468979502,0.161145748439466
21872,0.0817005599359031,0.388357401875168,0.403377702940934,0.126564335247995
21873,0.326549605792602,0.342494745296745,0.241134270789105,0.0898213781215478
21874,0.15337946463533,0.580185705349278,0.134576430095176,0.131858399920216
21875,0.335493558274885,0.411975365838351,0.0731637653122257,0.179367310574538
21876,0.476925640099903,0.157029634421006,0.230905376370574,0.135139349108517
21877,0.136730682363595,0.38164460968243,0.234125187060016,0.24749952089396
21878,0.360804652503297,0.444689149150249,0.100587888565867,0.0939183097805867
21879,0.391924397199193,0.305919516408525,0.11250924916755,0.189646837224732
21880,0.298236485552029,0.190151266433957,0.400204308093312,0.111407939920701
21881,0.193811083144171,0.309023617631601,0.283205197311154,0.213960101913074
21882,0.241197491643699,0.24806089593135,0.275309616640963,0.235431995783989
21883,0.127368663073453,0.318931233385434,0.306374421024742,0.247325682516372
21884,0.220729562878447,0.521175139164732,0.0618409084121276,0.196254389544694
21885,0.161005154905411,0.426173923441022,0.119912080762698,0.29290884089087
21886,0.26683840660578,0.304899427082216,0.186400934159631,0.241861232152372
21887,0.312942384800017,0.128876061308854,0.352708320266221,0.205473233624908
21888,0.0839224423193849,0.403007749142239,0.350055709201086,0.16301409933729
21889,0.145646773628217,0.296891122077063,0.288825709543073,0.268636394751647
21890,0.209100234928918,0.236768683950502,0.224912912048403,0.329218169072177
21891,0.434226958455732,0.0502965212045324,0.386194360859212,0.129282159480524
21892,0.108599217094732,0.348846773785301,0.113084877427794,0.429469131692173
21893,0.122022087391553,0.421272567554016,0.130062586432687,0.326642758621744
21894,0.207707928214637,0.103268632852184,0.225945242194373,0.463078196738806
21895,0.0436752361286564,0.0705293187903904,0.745785599809116,0.140009845271837
21896,0.352154312241088,0.203779902318799,0.285572284945559,0.158493500494554
21897,0.282095072028533,0.278707129145279,0.279609745478175,0.159588053348013
21898,0.217167429259601,0.289781747657345,0.279300915515901,0.213749907567153
21899,0.283797054223589,0.160565756254601,0.440657407946184,0.114979781575626
21900,0.0999088126306361,0.0944260285652028,0.151780981595977,0.653884177208185
21901,0.217213389514303,0.585684511889506,0.049759213305359,0.147342885290832
21902,0.0833724066644981,0.177664252424306,0.561578329506151,0.177385011405044
21903,0.0843542831673642,0.128960515025241,0.561935681136206,0.224749520671189
21904,0.278879575222596,0.105202712197838,0.258618280997666,0.357299431581901
21905,0.0483366360540127,0.412914898511319,0.308137917426611,0.230610548008058
21906,0.15027943830405,0.24185951864786,0.146583950859495,0.461277092188594
21907,0.0947306192902856,0.388427445368525,0.180071478025609,0.336770457315581
21908,0.318812925052438,0.175189777582067,0.283707801274897,0.222289496090598
21909,0.292867876298164,0.131794941811317,0.322832879157575,0.252504302732944
21910,0.43813187248549,0.148752060086819,0.153872631761546,0.259243435666145
21911,0.189744610783734,0.518557370122384,0.12295426708737,0.168743752006511
21912,0.187028946439956,0.502853401382088,0.0627943065278921,0.247323345650065
21913,0.142122052916617,0.498654830139225,0.133701593617446,0.225521523326712
21914,0.179516591464649,0.139210205388503,0.227227842041554,0.454045361105294
21915,0.326139815182241,0.0878034106572076,0.297079110324507,0.288977663836045
21916,0.0930780271010114,0.122579067255655,0.282698047488538,0.501644858154795
21917,0.190529448990828,0.161361261288503,0.24290594273889,0.405203346981779
21918,0.106002150521256,0.094641624671234,0.651774181349228,0.147582043458282
21919,0.216479197624086,0.0769650963238953,0.530957264357796,0.175598441694223
21920,0.300359989664835,0.157051306732998,0.175421622725105,0.367167080877063
21921,0.172906200751168,0.524927988497133,0.137705334194946,0.164460476556753
21922,0.429357585026374,0.237617101951283,0.0703664954613504,0.262658817560992
21923,0.233475181948985,0.128230636772479,0.24796573332094,0.390328447957596
21924,0.24889241306907,0.127468121052315,0.2755317719462,0.348107693932415
21925,0.453834306321287,0.130904461067221,0.217709333091552,0.197551899519939
21926,0.434585282978293,0.122341625860114,0.126190767660438,0.316882323501155
21927,0.111212035025353,0.150826475692587,0.501811751336288,0.236149737945771
21928,0.122496753659025,0.533608789838331,0.0492690513628654,0.294625405139779
21929,0.0943105938323115,0.0978224480322308,0.127349256171661,0.680517701963797
21930,0.0299554832530917,0.36298803062131,0.238317332910206,0.368739153215392
21931,0.165485096907796,0.416184082510248,0.0722709419031285,0.346059878678828
21932,0.0841404321484602,0.0487638438806199,0.509316625182037,0.357779098788883
21933,0.0761455971410924,0.496903621711434,0.0563894236914499,0.370561357456023
21934,0.103491264716738,0.375723353640837,0.184823845476643,0.335961536165783
21935,0.164957808307508,0.215771143581373,0.120451541691822,0.498819506419298
21936,0.194144935871395,0.329254541664573,0.137625974674244,0.338974547789788
21937,0.0652411517385323,0.137198074637346,0.479785881803868,0.317774891820253
21938,0.0331169130654042,0.454537006438817,0.146319368167642,0.366026712328137
21939,0.0644577643247707,0.364052486001878,0.090511755064513,0.480977994608838
21940,0.437449345668705,0.226511857901813,0.0943484769515054,0.241690319477977
21941,0.129755185473909,0.0589295255580386,0.251230997860948,0.560084291107105
21942,0.146471314557241,0.615477381267444,0.113197455830143,0.124853848345171
21943,0.0638745356175781,0.35592053012795,0.0687373343246371,0.511467599929834
21944,0.0646654592437493,0.313929231612311,0.324593842895763,0.296811466248176
21945,0.109437487953698,0.287673618181364,0.0710582740082439,0.531830619856694
21946,0.505336619965095,0.156320874982325,0.0894275687303078,0.248914936322273
21947,0.472924353183641,0.173640875916899,0.117703106175142,0.235731664724318
21948,0.106542467160716,0.416255182335191,0.25123755747789,0.225964793026203
21949,0.130309590169829,0.330778412585427,0.130333560004813,0.408578437239931
21950,0.141516000212487,0.451619864125313,0.0948585207895426,0.312005614872657
21951,0.121657693578519,0.222154364110079,0.340390522769847,0.315797419541555
21952,0.360663274021311,0.0746236989002538,0.0870975640318887,0.477615463046547
21953,0.456023892334664,0.239575392074695,0.0660672270321868,0.238333488558454
21954,0.178183596732085,0.0969112057564037,0.145647722479074,0.579257475032437
21955,0.399412502115854,0.097918471733359,0.227032234293002,0.275636791857784
21956,0.0506232023236845,0.126857331877448,0.196451750024224,0.626067715774643
21957,0.432589695732099,0.124260006356687,0.190260027972996,0.252890269938218
21958,0.0343691979957936,0.638957410634756,0.129095792594205,0.197577598775246
21959,0.0958162236467336,0.109175249160575,0.107977164296995,0.687031362895697
21960,0.164007661784679,0.524012923356525,0.0528407674779213,0.259138647380875
21961,0.215080399003321,0.169153353388142,0.314641691513352,0.301124556095186
21962,0.651057226009025,0.12909746806891,0.0778897199170041,0.141955586005061
21963,0.0861064576284503,0.363133211316568,0.374164052076814,0.176596278978168
21964,0.170892096302574,0.041065903155069,0.633129147439832,0.154912853102525
21965,0.102913967690469,0.0882818759336456,0.399513523028458,0.409290633347428
21966,0.106050271277346,0.0561155955740277,0.395198280029347,0.442635853119279
21967,0.519580513447072,0.0307576821382455,0.212146620326617,0.237515184088066
21968,0.215005213931172,0.512730942991357,0.0571492017894525,0.215114641288018
21969,0.0448353827101609,0.179526386168519,0.249353337343054,0.526284893778266
21970,0.165933474303616,0.215051626452281,0.136973947720178,0.482040951523924
21971,0.2926956372377,0.280058404627601,0.311214341141727,0.116031616992972
21972,0.379465733183378,0.16922035169072,0.182932073205562,0.268381841920339
21973,0.420904581780559,0.173420314744044,0.0492527964691587,0.356422307006239
21974,0.452801649355495,0.193822117516015,0.0725169819919097,0.28085925113658
21975,0.0592190343854145,0.118428128429987,0.344859975496042,0.477492861688557
21976,0.347983658484799,0.312181228351574,0.235270913740084,0.104564199423543
21977,0.179521814714114,0.342621173846546,0.233326056653856,0.244530954785484
21978,0.261054365242677,0.063973609396879,0.278364097232685,0.396607928127759
21979,0.34775155006929,0.210367183596363,0.0722015678391121,0.369679698495235
21980,0.07837112243263,0.569886682966932,0.108387105938411,0.243355088662027
21981,0.139214302317657,0.410297820971441,0.229065499424289,0.221422377286613
21982,0.187584150041281,0.246071127349024,0.237095380716459,0.329249341893237
21983,0.0665816024272283,0.083285266386324,0.320324063903354,0.529809067283094
21984,0.123758096485009,0.274334437604728,0.213613257336871,0.388294208573392
21985,0.054503258599288,0.558188072615798,0.0964139611131305,0.290894707671783
21986,0.139145801360255,0.139291583885824,0.532444991072689,0.189117623681232
21987,0.0645953863442059,0.367536861159756,0.193412839133511,0.374454913362527
21988,0.332798679595491,0.207373996649171,0.169489924104707,0.290337399650631
21989,0.0893598481690116,0.298647085108812,0.328472114527699,0.283520952194478
21990,0.0479501147662252,0.418273612921909,0.290167702951077,0.243608569360788
21991,0.285325789552902,0.211931483464163,0.236246261351008,0.266496465631927
21992,0.321197807683518,0.205849838247185,0.100490753231869,0.372461600837428
21993,0.149838668868713,0.414545929872797,0.108291975565962,0.327323425692528
21994,0.107243522170083,0.40919055488616,0.366134110697982,0.117431812245774
21995,0.0665801300014458,0.199032813268865,0.483748015162448,0.250639041567241
21996,0.367447787922947,0.151411685641203,0.0549804134855839,0.426160112950266
21997,0.377270831265004,0.116783855738288,0.279455659051457,0.226489653945251
21998,0.371107536195243,0.156011806069879,0.120063119231127,0.352817538503751
21999,0.0787179570878908,0.558147666390174,0.15958993525151,0.203544441270425
22000,0.446665665414069,0.0575907154198904,0.314136121119105,0.181607498046936
22001,0.137458680156287,0.481565575666786,0.261150476247521,0.119825267929405
22002,0.176965332437339,0.46438844215639,0.0937404033860891,0.264905822020182
22003,0.0642557121343109,0.169334972907053,0.533159629364375,0.233249685594261
22004,0.554572937393387,0.0855996736130421,0.0706801691117264,0.289147219881845
22005,0.28197943142646,0.0773595236872439,0.206060757227219,0.434600287659077
22006,0.0578690400065533,0.1982075125158,0.172838849564609,0.571084597913037
22007,0.222664350761383,0.414470033844131,0.149566832661652,0.213298782732833
22008,0.0489366733497062,0.130593665001295,0.500103071464557,0.320366590184441
22009,0.376537221075654,0.107200557179264,0.138433826916651,0.377828394828431
22010,0.125065979773005,0.499210330959349,0.0449022850982092,0.330821404169437
22011,0.0718891935419194,0.357352033647379,0.202333891637146,0.368424881173556
22012,0.262635452208865,0.122949383277949,0.144804889902237,0.469610274610949
22013,0.338239581415003,0.0870001094407059,0.335424051544679,0.239336257599612
22014,0.124636007634175,0.0848956660833532,0.591280325108791,0.199188001173681
22015,0.0823388801813037,0.0751323192017234,0.336790722940392,0.505738077676581
22016,0.0498772524256385,0.43467587377317,0.0503565037260527,0.465090370075138
22017,0.0493387867276376,0.728702244363258,0.036016775584163,0.185942193324941
22018,0.255348680710628,0.147539606879551,0.324672746774503,0.272438965635319
22019,0.211811192778979,0.0993633429099071,0.260227617286266,0.428597847024848
22020,0.169893324587122,0.113182306031195,0.316336964743959,0.400587404637724
22021,0.0510818029909553,0.296268206659768,0.303690597607729,0.348959392741547
22022,0.509455864823089,0.0446898471852632,0.133704895322902,0.312149392668746
22023,0.391030702983726,0.0443218516215611,0.273055300414659,0.291592144980054
22024,0.209062510672187,0.046165113533242,0.104416472639353,0.640355903155217
22025,0.437288999354478,0.163261463423409,0.0505188838632956,0.348930653358818
22026,0.642824252504536,0.0796128887471703,0.0305811192902328,0.246981739458062
22027,0.2619624592438,0.218559536670623,0.0673913389989304,0.452086665086647
22028,0.342787441345465,0.0850535859043353,0.0341900208194157,0.537968951930784
22029,0.0449869720048479,0.0559546061753655,0.048940777409332,0.850117644410455
22030,0.468080387381815,0.0328803766119031,0.333136715739787,0.165902520266495
22031,0.168984717254798,0.153386630306337,0.0730360702522327,0.604592582186633
22032,0.0633186170507309,0.187856927320465,0.0550502951474567,0.693774160481347
22033,0.0413258949235208,0.07906143189264,0.698535017161304,0.181077656022535
22034,0.696366457434053,0.0692979073136888,0.0450720445976258,0.189263590654633
22035,0.138819206454506,0.115897691038656,0.0905299752374864,0.654753127269352
22036,0.499829105091195,0.22636783421384,0.0737785156861158,0.200024545008849
22037,0.116657048674697,0.126468513798929,0.0412881974299926,0.715586240096381
22038,0.106055439682558,0.254304806291459,0.057628657542606,0.582011096483377
22039,0.385829611000932,0.376983186339179,0.0220837437332355,0.215103458926654
22040,0.178577720558148,0.372333197345789,0.160421368586698,0.288667713509365
22041,0.155909092154917,0.0637446426343776,0.529109236954797,0.251237028255908
22042,0.249244199812087,0.183511444800698,0.262866237858999,0.304378117528217
22043,0.156893069999571,0.513008928643632,0.0951657772946012,0.234932224062196
22044,0.0752312402130471,0.125565545967533,0.292951631276545,0.506251582542875
22045,0.103114018006431,0.342505163697759,0.108953710776904,0.445427107518906
22046,0.158539653176758,0.238438464394988,0.24035585047283,0.362666031955424
22047,0.1883780092333,0.387120885313351,0.0630721751787488,0.3614289302746
22048,0.135794929237714,0.649651517266848,0.0481699483004129,0.166383605195025
22049,0.14601614752739,0.543813858355794,0.062755869713629,0.247414124403187
22050,0.258984270329818,0.281356615032163,0.354942046135116,0.104717068502904
22051,0.0541585819698573,0.0837916994710364,0.604108020117933,0.257941698441174
22052,0.206060517349862,0.399648990516866,0.189210282390147,0.205080209743126
22053,0.0406085747025198,0.664307866987047,0.149474047492198,0.145609510818235
22054,0.0982478298700029,0.0773285618196621,0.609714953890658,0.214708654419677
22055,0.203400315181431,0.131608994247952,0.48890671034001,0.176083980230607
22056,0.249243750929853,0.0681094633967249,0.487622753303324,0.195024032370099
22057,0.282578807500741,0.186474043363767,0.191289298644143,0.339657850491349
22058,0.351292732384436,0.444236167004258,0.0905783797620809,0.113892720849225
22059,0.187254339857573,0.463183281113039,0.0981576484730791,0.251404730556309
22060,0.160885871882822,0.190307984203406,0.0747382681277268,0.574067875786045
22061,0.0799030665386075,0.145152426724346,0.415947895074925,0.358996611662122
22062,0.115258830962054,0.278877362005429,0.413910516439271,0.191953290593246
22063,0.0171071233797816,0.604177691792943,0.214650867802749,0.164064317024527
22064,0.460967498815269,0.205277815895342,0.106848605461082,0.226906079828307
22065,0.108262919350193,0.143243970283685,0.423362696628985,0.325130413737137
22066,0.419144663264521,0.133110150186689,0.139697047751624,0.308048138797167
22067,0.369254170405694,0.207436349353684,0.0346768780369929,0.38863260220363
22068,0.141839192851278,0.730899812598525,0.0160719475401245,0.111189047010073
22069,0.038012966630206,0.561619520764696,0.0732724051317693,0.327095107473329
22070,0.374683800696114,0.05041005675763,0.110634006451712,0.464272136094544
22071,0.356172461069076,0.13822046172524,0.097987943370544,0.40761913383514
22072,0.0262562490955669,0.528382847540939,0.30858913910858,0.136771764254915
22073,0.159871578459097,0.126031818558082,0.25195285534635,0.462143747636471
22074,0.0353404423895205,0.657200174669366,0.105470135233347,0.201989247707766
22075,0.0819736422629995,0.287811364881501,0.179244836543303,0.450970156312197
22076,0.646221361376682,0.122672388416186,0.058485136748257,0.172621113458875
22077,0.160682176022754,0.0866409748556677,0.0704276952510824,0.682249153870496
22078,0.374736205501792,0.138862105757475,0.10163276549401,0.384768923246723
22079,0.420049914507639,0.0274151249567471,0.0606437166359061,0.491891243899708
22080,0.10802122801497,0.0561264145516629,0.553101497689022,0.282750859744345
22081,0.107372423703752,0.48554835575264,0.107733822342236,0.299345398201372
22082,0.547252282785012,0.140123471078163,0.0976362978801442,0.21498794825668
22083,0.022264185532947,0.616392709154316,0.115482382594367,0.245860722718371
22084,0.143390068101709,0.0941970038044279,0.0438969704337617,0.718515957660101
22085,0.29733296878161,0.115287023002215,0.160902130611028,0.426477877605147
22086,0.0516907918197918,0.400559673447162,0.0409866172206059,0.50676291751244
22087,0.0451732364112447,0.046896252674985,0.432334300163468,0.475596210750302
22088,0.0940348119838101,0.114525011607686,0.144458878751296,0.646981297657208
22089,0.0197434761288343,0.560410635404714,0.169253675564723,0.250592212901729
22090,0.122121980091651,0.193531101698824,0.223809322432801,0.460537595776724
22091,0.0556884232097014,0.117483323844033,0.616448662310814,0.210379590635451
22092,0.577613757667484,0.19136464985073,0.0323743732052476,0.198647219276538
22093,0.0699088037122744,0.0990466724681117,0.489343292480817,0.341701231338797
22094,0.106459881101757,0.0808800638069249,0.313040639585387,0.499619415505931
22095,0.0749916551441436,0.238876868153096,0.166762228118077,0.519369248584684
22096,0.169729117601744,0.0320545961991673,0.574777346265404,0.223438939933685
22097,0.513760839349081,0.0237403992275497,0.0625650828224106,0.399933678600959
22098,0.238590789044886,0.0409452222013058,0.518021761864433,0.202442226889375
22099,0.0411834381179974,0.226030373887063,0.141360217815201,0.591425970179739
22100,0.0515448441670748,0.145759126009999,0.601192815807535,0.201503214015391
22101,0.480351107539041,0.205730150871252,0.0744272243815585,0.239491517208148
22102,0.0684810000328146,0.278112125979731,0.0999715873344738,0.553435286652981
22103,0.310720538570918,0.2282421334437,0.198685114346054,0.262352213639328
22104,0.366832711644142,0.264782048166703,0.0497651766389096,0.318620063550246
22105,0.0351114896570908,0.256772702783559,0.237480492249905,0.470635315309445
22106,0.671035631948483,0.108820718294431,0.0251606311136305,0.194983018643456
22107,0.104893731739474,0.0671144313270385,0.554204103023135,0.273787733910352
22108,0.274092291372309,0.0926648328307289,0.251745038756514,0.381497837040448
22109,0.280043791746553,0.424846959936255,0.0807137282647919,0.2143955200524
22110,0.0598321759034952,0.0600235646256083,0.120750754536096,0.7593935049348
22111,0.368839957895461,0.114610827332197,0.122892718340734,0.393656496431609
22112,0.036698787332113,0.228523794163132,0.437781636612234,0.296995781892521
22113,0.0580303617761433,0.422597714189745,0.176741539178879,0.342630384855232
22114,0.162450606553379,0.0864766837981724,0.143140419963325,0.607932289685124
22115,0.123755119133538,0.111278323907238,0.0690033590810034,0.695963197878221
22116,0.0543145762847666,0.223904572155731,0.438900817555998,0.282880034003504
22117,0.2576337139175,0.102233200403812,0.478581240222059,0.161551845456629
22118,0.680583284633712,0.0589696116544548,0.0565897877728622,0.203857315938971
22119,0.0686414831272028,0.567675099077962,0.0782356702190234,0.285447747575811
22120,0.13259114946706,0.0704568375860363,0.483018115817504,0.3139338971294
22121,0.0727457678397413,0.259260427846528,0.149384094672936,0.518609709640795
22122,0.131481908971021,0.293798568326157,0.449226923170246,0.125492599532576
22123,0.108852075190332,0.387975205084152,0.262889933928714,0.240282785796802
22124,0.0560660877041083,0.362612917929307,0.282438132768351,0.298882861598233
22125,0.273151860801895,0.14022971917967,0.142661969226422,0.443956450792014
22126,0.247478446779589,0.137990601073253,0.273785351531899,0.340745600615259
22127,0.479473597219753,0.149616018097611,0.130907567831424,0.240002816851212
22128,0.355948693807997,0.238629570210336,0.222809299880911,0.182612436100757
22129,0.0650405605956473,0.129426681070647,0.164172793842373,0.641359964491333
22130,0.05749278760256,0.288404302292458,0.435505192819385,0.218597717285597
22131,0.627960005104341,0.0686142202351798,0.128403415612226,0.175022359048253
22132,0.0888872761043677,0.245010199834925,0.418693666144481,0.247408857916226
22133,0.0444388543495156,0.0841370805203976,0.598687493873146,0.27273657125694
22134,0.35535093688698,0.151554645936876,0.179393210377086,0.313701206799057
22135,0.63002679299512,0.0365136606381928,0.0415531165092661,0.291906429857422
22136,0.277890211929446,0.133801387234893,0.0663861589815644,0.521922241854097
22137,0.264786192535228,0.0796235888421223,0.17974358912799,0.47584662949466
22138,0.278299684743078,0.199965654061317,0.141434082139507,0.380300579056098
22139,0.133841429649214,0.409762338397484,0.140094806776596,0.316301425176706
22140,0.0334348074452224,0.0412056962437122,0.438175392679579,0.487184103631486
22141,0.0366151473465979,0.243869214872198,0.180604099829212,0.538911537951992
22142,0.175971062844492,0.0479004985903964,0.60336360316109,0.172764835404023
22143,0.264434582550362,0.123587672070899,0.29866314424662,0.313314601132119
22144,0.0245004223736412,0.228322315677013,0.552233172199771,0.194944089749574
22145,0.108125559446327,0.153655570503018,0.276842998890523,0.461375871160132
22146,0.249881519071233,0.0425384314602194,0.333189058030446,0.374390991438102
22147,0.396887794445386,0.0598724065425669,0.163528553608185,0.379711245403862
22148,0.284320278682863,0.092402781903987,0.12598110059279,0.497295838820361
22149,0.0629772620968812,0.298448670985909,0.0272392892437262,0.611334777673484
22150,0.0730168922454171,0.0699789964363101,0.655521267249754,0.201482844068519
22151,0.190419074251139,0.0385132624412388,0.333544845193683,0.437522818113939
22152,0.146932558566752,0.0822820984643534,0.0441217476551985,0.726663595313696
22153,0.0335637777384386,0.322136803615161,0.419949020087871,0.224350398558529
22154,0.0959345090518387,0.446467766943306,0.132697039205038,0.324900684799817
22155,0.107937065268937,0.20794650187108,0.377785295372565,0.306331137487418
22156,0.0556792728694687,0.455526878168395,0.0572551373625305,0.431538711599606
22157,0.0933739893917629,0.297556427780333,0.355463483493707,0.253606099334196
22158,0.0695519602150066,0.333433813588046,0.113341329205093,0.483672896991854
22159,0.101185146964489,0.218856076270594,0.459921401634365,0.220037375130552
22160,0.135788269262788,0.250210527370734,0.0835888244944334,0.530412378872045
22161,0.0499637981260784,0.283806319752805,0.131003513192173,0.535226368928943
22162,0.0940448551358062,0.276059299665403,0.248029856863197,0.381865988335594
22163,0.415892882846868,0.0710512577552817,0.0570585008177797,0.455997358580071
22164,0.0435234018606169,0.0402460804027949,0.508733562184161,0.407496955552427
22165,0.0624404669460132,0.439952307447799,0.125256054294923,0.372351171311266
22166,0.440361239296341,0.395169613556922,0.0512326989288097,0.113236448217928
22167,0.322971252070121,0.228203400796438,0.223113945423355,0.225711401710086
22168,0.170951597342381,0.152372833267113,0.307252246622589,0.369423322767917
22169,0.30354435191554,0.0485399837759974,0.1902914957858,0.457624168522662
22170,0.0757230505469182,0.204261880435327,0.523986528359279,0.196028540658476
22171,0.107101420451964,0.279528179646035,0.324013873840146,0.289356526061854
22172,0.0568126152208736,0.108023243195278,0.0732689102860465,0.761895231297802
22173,0.128712766275277,0.527147003794395,0.0592231960200708,0.284917033910257
22174,0.581501839559935,0.117135196222436,0.0574542883484601,0.243908675869169
22175,0.0824959197143244,0.459094487714766,0.150247441740421,0.308162150830489
22176,0.266276902936993,0.0942326754240204,0.314425935647136,0.325064485991851
22177,0.131128509020883,0.100800507337941,0.163777540921151,0.604293442720025
22178,0.254906430100009,0.367241937407957,0.123237718613271,0.254613913878763
22179,0.0552798452872385,0.377923511166074,0.0561140446089037,0.510682598937784
22180,0.273095428001324,0.0805570278378764,0.487897444493038,0.158450099667761
22181,0.10257605577632,0.489617342358922,0.0759820165346979,0.33182458533006
22182,0.338508994600674,0.0845744105307447,0.308426203611487,0.268490391257095
22183,0.217067865499132,0.429813054090968,0.0816576833223178,0.271461397087582
22184,0.342585750486499,0.0763389176034581,0.110877639429152,0.470197692480891
22185,0.175804567954826,0.327689911730365,0.0550684193412803,0.441437100973529
22186,0.0622809001165082,0.488035748150109,0.0885936027572832,0.361089748976099
22187,0.0899993116104966,0.21749176184756,0.0739543989351778,0.618554527606765
22188,0.24608201310477,0.176017182491288,0.334732822654396,0.243167981749546
22189,0.229814680981298,0.0404477176073269,0.490455239357085,0.239282362054289
22190,0.0624078916090522,0.494019463716616,0.149699914674791,0.293872729999541
22191,0.311402507578787,0.123672204226861,0.428554916585823,0.136370371608529
22192,0.140774204978596,0.161606272304181,0.23862532280091,0.458994199916313
22193,0.0965850183740607,0.15188024567017,0.0884904425320282,0.663044293423741
22194,0.292530970839045,0.276671915430889,0.0315512944220769,0.399245819307989
22195,0.267975346602975,0.495610369391929,0.149754333643722,0.0866599503613738
22196,0.300506563056929,0.033743242834694,0.0818859396304137,0.583864254477963
22197,0.104609576129976,0.441933345809223,0.0492972140311953,0.404159864029606
22198,0.0609506815167926,0.0389320456025141,0.0738757302247114,0.826241542655982
22199,0.602695981020841,0.0599032893820817,0.0600902357034108,0.277310493893667
22200,0.453845125416723,0.0778669660615278,0.108887447667165,0.359400460854584
22201,0.247864840153489,0.384266910562757,0.163764677006296,0.204103572277459
22202,0.509864033801094,0.245855473609872,0.0403416967228307,0.203938795866203
22203,0.428470334800126,0.332486441273481,0.0543911550809742,0.184652068845419
22204,0.118981129832983,0.274170744102716,0.0358497595351071,0.570998366529194
22205,0.30276747571706,0.285740968302628,0.156712337301657,0.254779218678656
22206,0.0703062059665078,0.165711903076789,0.45696405857414,0.307017832382564
22207,0.0899478625090012,0.0564398081148296,0.339934422211412,0.513677907164757
22208,0.240206838701959,0.487252981654008,0.0514904301019731,0.22104974954206
22209,0.126166912946721,0.096542038549855,0.0507902868677083,0.726500761635716
22210,0.128670048212755,0.18788477880813,0.185578230899884,0.49786694207923
22211,0.111742460927536,0.321863362592299,0.0479648375946857,0.518429338885479
22212,0.0325288261037392,0.313227818546401,0.349787536650117,0.304455818699742
22213,0.0835135811345239,0.241280893273564,0.172630775269713,0.502574750322199
22214,0.0453414501468375,0.182548780288758,0.387538943211778,0.384570826352627
22215,0.0554254726693739,0.079012221243756,0.651066374411647,0.214495931675223
22216,0.449700056646972,0.108151829370145,0.0780485548078312,0.364099559175053
22217,0.0945417138676697,0.0863168450432071,0.56958551440322,0.249555926685903
22218,0.09507158300627,0.322494352559037,0.041691007145353,0.54074305728934
22219,0.376289325049727,0.0484788471327738,0.114583519972199,0.4606483078453
22220,0.716270554565609,0.0318010576738662,0.0624124111985592,0.189515976561966
22221,0.0450172784285996,0.16187913244357,0.082862665297208,0.710240923830623
22222,0.671122642419307,0.0803337563641684,0.0388743631338464,0.209669238082678
22223,0.207689387250002,0.354139019103048,0.0556027591844561,0.382568834462494
22224,0.222610010543645,0.0859361236347395,0.156377360898315,0.535076504923301
22225,0.56766301622231,0.19333229747026,0.103444230733213,0.135560455574218
22226,0.0775209699375341,0.0465789135567294,0.660435581051883,0.215464535453853
22227,0.505059370557269,0.160903176346987,0.17161599893225,0.162421454163495
22228,0.0284246090624056,0.621066535104802,0.0979330304475029,0.25257582538529
22229,0.25102226967138,0.362509573572706,0.0788041313127959,0.307664025443118
22230,0.1189982127556,0.0687769640225305,0.635361430309556,0.176863392912313
22231,0.557790177455425,0.134115119474501,0.129460333029871,0.178634370040203
22232,0.355049253459713,0.224396962186366,0.0609978066434266,0.359555977710494
22233,0.116601261445749,0.0899072746446382,0.279499315171606,0.513992148738007
22234,0.204801990866098,0.430198468284852,0.0630373552355894,0.301962185613461
22235,0.203233728992343,0.0813377907729277,0.135842540381641,0.579585939853089
22236,0.622074340213155,0.112133616942065,0.0660561205769542,0.199735922267827
22237,0.325252631848178,0.0686888856258212,0.293329391856731,0.31272909066927
22238,0.0438656012096758,0.202613051480213,0.429243550129781,0.324277797180331
22239,0.13004327512349,0.480146378099705,0.18523607638749,0.204574270389316
22240,0.149745625358399,0.210999588367056,0.261248517686884,0.37800626858766
22241,0.332776636017856,0.13306814686241,0.12109972515758,0.413055491962155
22242,0.474337624315088,0.15787951197695,0.0533366440803715,0.314446219627591
22243,0.0366922060767698,0.660099839557391,0.0406399227093168,0.262568031656522
22244,0.240845266092999,0.420740163899326,0.137733724899085,0.20068084510859
22245,0.479808125107452,0.097338778476651,0.0723127359538293,0.350540360462068
22246,0.175856633784274,0.454891156721215,0.0964750485924129,0.272777160902098
22247,0.0933516835465638,0.0850028280098971,0.561924922037486,0.259720566406053
22248,0.546509318910482,0.0925875927368504,0.255205541622794,0.105697546729874
22249,0.0619061308441771,0.130495146224171,0.252956386321279,0.554642336610374
22250,0.411564676216296,0.06489529800832,0.196760368846119,0.326779656929265
22251,0.144032617974395,0.149038199267055,0.418308667373944,0.288620515384606
22252,0.140516230742887,0.0819947904169376,0.475099494488477,0.302389484351699
22253,0.181493599116292,0.429703651024841,0.0759375396722362,0.312865210186631
22254,0.137100631217298,0.17999770867416,0.294220915639901,0.388680744468642
22255,0.109553329481671,0.0578949708715308,0.462456423287533,0.370095276359265
22256,0.289411565014401,0.0688965444647293,0.253295326060665,0.388396564460205
22257,0.495640676360967,0.081263292134139,0.207333041411481,0.215762990093413
22258,0.0930278138009558,0.475841132554302,0.204929649283346,0.226201404361397
22259,0.273718494051219,0.113857286468226,0.193855621217691,0.418568598262864
22260,0.060965410970374,0.0845759630363187,0.444333413955752,0.410125212037555
22261,0.320535356475799,0.098199421673678,0.257939058764109,0.323326163086414
22262,0.398034918473071,0.249475927072731,0.13778865749319,0.214700496961008
22263,0.149609011343322,0.427763720393692,0.0533226305258514,0.369304637737135
22264,0.379603488666645,0.246028463284875,0.120063720730461,0.254304327318018
22265,0.242258191058338,0.162526196051415,0.377645144926589,0.217570467963658
22266,0.141348267488508,0.0918233301348733,0.367004564716233,0.399823837660385
22267,0.0794945562543265,0.0623122665765749,0.522095447671284,0.336097729497815
22268,0.349308541111959,0.191695591697652,0.147594796313642,0.311401070876747
22269,0.260666080803342,0.569722892260784,0.044297545304162,0.125313481631712
22270,0.122376398754317,0.243740366897626,0.35623805111721,0.277645183230847
22271,0.182274411769352,0.304124361589921,0.362130527844246,0.15147069879648
22272,0.236220833427765,0.43826095102107,0.117174176407567,0.208344039143599
22273,0.241183436829078,0.250325690772859,0.240338715635357,0.268152156762706
22274,0.202999495556351,0.506171534338062,0.082586356256706,0.208242613848881
22275,0.135254951177207,0.486785563263725,0.181820633142459,0.196138852416609
22276,0.0749595139781043,0.148799207378311,0.494510043860434,0.281731234783151
22277,0.300537116424886,0.15418764388095,0.436564294844011,0.108710944850153
22278,0.111358054374457,0.355209724878776,0.303004797757086,0.230427422989681
22279,0.352121614996781,0.233348712646319,0.154847303415894,0.259682368941007
22280,0.253558730918778,0.114440669142866,0.333654515531212,0.298346084407144
22281,0.654309998474504,0.0765280135624908,0.124866086662106,0.144295901300899
22282,0.0827897321132517,0.329282124288883,0.493484235711181,0.094443907886684
22283,0.16645728003897,0.36152806766551,0.178229999166621,0.293784653128899
22284,0.364048412697255,0.128352753509667,0.368922673603323,0.138676160189755
22285,0.111524308299252,0.364567472653177,0.236134990309061,0.28777322873851
22286,0.154033164536442,0.0757712574344259,0.547275068035333,0.222920509993799
22287,0.365939142139673,0.265726323110319,0.10697086070579,0.261363674044218
22288,0.382384970995037,0.194817495519694,0.146530534880986,0.276266998604282
22289,0.154062731607695,0.355631360713002,0.276238805536768,0.214067102142534
22290,0.486973839384381,0.0647219068884928,0.320275561249151,0.128028692477976
22291,0.670651904128656,0.0587471335373063,0.0939508458761292,0.176650116457909
22292,0.266137761322872,0.188014583580237,0.298753361941674,0.247094293155217
22293,0.232478665475555,0.372346692802307,0.126416083210993,0.268758558511145
22294,0.294125335951346,0.148692203336607,0.116081267969281,0.441101192742766
22295,0.1106070002178,0.282058667316693,0.448190972590904,0.159143359874602
22296,0.291610690579343,0.0769447077225826,0.176433323873321,0.455011277824754
22297,0.224946519304312,0.195020432922816,0.338928381796581,0.241104665976291
22298,0.11551122601098,0.167051593807116,0.482018528221502,0.235418651960402
22299,0.0538746757953376,0.641533798023132,0.0733050538407881,0.231286472340742
22300,0.591174221987248,0.19074543396335,0.0765740934004598,0.141506250648942
22301,0.0973630463866216,0.224161967356345,0.525358430662669,0.153116555594364
22302,0.178574578222286,0.460011118606968,0.151502141528984,0.209912161641763
22303,0.434942691686548,0.132157439110306,0.158805660918753,0.274094208284393
22304,0.265883440812275,0.355661386752302,0.0631993642731822,0.315255808162241
22305,0.213461134596619,0.281051381375237,0.318759061949481,0.186728422078663
22306,0.23823866695426,0.180995900582023,0.444468522781414,0.136296909682303
22307,0.0883359392308008,0.279775625798159,0.0634622710582586,0.568426163912782
22308,0.135514807486463,0.269605439209024,0.226084130734384,0.368795622570129
22309,0.404198425768931,0.0884527395759573,0.0465379117876359,0.460810922867476
22310,0.283465763554651,0.0581549576485093,0.199883069163578,0.458496209633262
22311,0.183248826070416,0.329736635185708,0.144798292034546,0.34221624670933
22312,0.588022749519456,0.0913554274978568,0.0623298494393243,0.258291973543363
22313,0.428855331826458,0.244822127825546,0.0767892694581786,0.249533270889817
22314,0.343877753149594,0.252395542942309,0.2165965231768,0.187130180731297
22315,0.172329165015002,0.291282450323541,0.192258622165734,0.344129762495724
22316,0.0524527632941941,0.393317935806388,0.147895373163649,0.406333927735769
22317,0.0929797235559651,0.437680757436008,0.139775284034369,0.329564234973658
22318,0.181402857079629,0.0438031758341896,0.513049877048631,0.261744090037551
22319,0.347705292969356,0.238718275741991,0.0690429968930433,0.344533434395609
22320,0.142442341267542,0.342786416804718,0.345735190951827,0.169036050975912
22321,0.215192139163399,0.177297478546507,0.177226129807433,0.430284252482661
22322,0.0673026076124014,0.125501234313749,0.513825490285492,0.293370667788358
22323,0.0437714508461755,0.32066498662391,0.1667508568504,0.468812705679515
22324,0.0681273249668024,0.403686927876097,0.326853781356514,0.201331965800587
22325,0.232569649586579,0.220516644918441,0.0744267402813814,0.472486965213599
22326,0.453210034547572,0.0929141127315231,0.143278065329038,0.310597787391866
22327,0.305106427548669,0.142758026987357,0.446218194658713,0.105917350805261
22328,0.329932775801061,0.161530741037407,0.239874089353342,0.26866239380819
22329,0.291200845716114,0.181669951472109,0.211861714394213,0.315267488417564
22330,0.176391287204579,0.140626886247401,0.331324622744432,0.351657203803589
22331,0.313554703661164,0.199146599089784,0.075178438614853,0.412120258634199
22332,0.209777999637976,0.142837944400369,0.260209131649996,0.387174924311659
22333,0.542015688505763,0.0373005591216294,0.300556232637955,0.120127519734653
22334,0.219831133020204,0.142072461236291,0.376970788994192,0.261125616749313
22335,0.306060710379806,0.369937485829588,0.0707397269888591,0.253262076801746
22336,0.494388040227311,0.124363230414597,0.165927947621137,0.215320781736955
22337,0.119510446332838,0.296935694999203,0.379759655935815,0.203794202732144
22338,0.112499373154914,0.198418815151665,0.192564184040768,0.496517627652653
22339,0.1513850321749,0.0833675719090867,0.577206033898849,0.188041362017165
22340,0.0625514887947195,0.467007437495711,0.0983267430588714,0.372114330650698
22341,0.231874197109717,0.117715815357219,0.252629544352528,0.397780443180536
22342,0.267374642024228,0.109143057726965,0.414882138397552,0.208600161851255
22343,0.16775754793473,0.626996178152998,0.0725448185100864,0.132701455402186
22344,0.163272131708951,0.31807193392191,0.408662164836475,0.109993769532665
22345,0.703935602028088,0.0540585897621497,0.0916944464651459,0.150311361744617
22346,0.482184652171994,0.123246260484118,0.0705231134512604,0.324045973892628
22347,0.139104807217056,0.31867223821612,0.401101847821414,0.141121106745409
22348,0.0597405473581174,0.281836953788573,0.545195876025736,0.113226622827574
22349,0.22904532557013,0.290350425600584,0.384174703941625,0.0964295448876609
22350,0.231593724747679,0.302777956199055,0.352031519442733,0.113596799610533
22351,0.222142571934713,0.241136306002248,0.433299469732029,0.103421652331011
22352,0.545158320409418,0.0806901144427251,0.230846428447484,0.143305136700373
22353,0.189769553095971,0.134416001554548,0.413672644794135,0.262141800555346
22354,0.267173871280108,0.328933588207528,0.217877189433188,0.186015351079176
22355,0.182466189224016,0.306350638046169,0.323426107695689,0.187757065034126
22356,0.166440486377622,0.0941139138625484,0.441127416766442,0.298318182993388
22357,0.120893698740717,0.48876186990131,0.153943544984178,0.236400886373795
22358,0.631491584100005,0.0908472600324027,0.152281841089233,0.125379314778359
22359,0.181409536611359,0.317463840404872,0.410998626056155,0.0901279969276146
22360,0.215833666792183,0.504323069978333,0.0522729613975599,0.227570301831925
22361,0.3033390645252,0.294698583759618,0.127432836986284,0.274529514728899
22362,0.151672503067839,0.280562437841602,0.372646007056067,0.195119052034492
22363,0.093360246050196,0.127643377988349,0.461346496062775,0.31764987989868
22364,0.268043237539319,0.280120418143274,0.14433177772432,0.307504566593087
22365,0.269053049212968,0.23752074871649,0.257205512437637,0.236220689632906
22366,0.181400843437215,0.475049667747709,0.241191218995999,0.102358269819078
22367,0.460043718397555,0.11040091901032,0.226583149677167,0.202972212914958
22368,0.24160321387406,0.389279627893768,0.12502969263978,0.244087465592392
22369,0.162662970374871,0.561256232008271,0.147571559525617,0.128509238091241
22370,0.122938182851245,0.377491460926699,0.225968148869728,0.273602207352328
22371,0.450692105746993,0.100242155261417,0.215962613722625,0.233103125268966
22372,0.37783797752142,0.394888538608911,0.0808672235815966,0.146406260288073
22373,0.249774977642908,0.107080629652034,0.284245216836688,0.358899175868371
22374,0.293399014284658,0.500726762447349,0.0899337283720858,0.115940494895907
22375,0.135930443154484,0.481548791419297,0.131187221554433,0.251333543871787
22376,0.271485794853024,0.153650682907306,0.225712966661282,0.349150555578388
22377,0.384496741036498,0.295800384372789,0.13880567182947,0.180897202761243
22378,0.154078733816795,0.139172576524703,0.584472291534658,0.122276398123845
22379,0.429219808755925,0.287168155119382,0.0641454711259211,0.219466564998772
22380,0.128408602431681,0.253174908472384,0.23622203208786,0.382194457008076
22381,0.135613957994346,0.363642112593452,0.226361250204748,0.274382679207454
22382,0.0841229770634397,0.506244039661679,0.172573164512604,0.237059818762277
22383,0.227386356562934,0.120271437960403,0.320635257577657,0.331706947899005
22384,0.161217024734044,0.583491661877142,0.0791807904933469,0.176110522895467
22385,0.335129708624996,0.196274647134009,0.309502842567558,0.159092801673438
22386,0.250957253377485,0.366046133740261,0.25228624041725,0.130710372465005
22387,0.259073310698492,0.125632164581469,0.245358972844076,0.369935551875964
22388,0.453131451621929,0.179788682896359,0.185205285240936,0.181874580240776
22389,0.223974621624994,0.228695046536571,0.361401195259751,0.185929136578685
22390,0.270018127573432,0.16044182691174,0.203310326918742,0.366229718596086
22391,0.30260426052649,0.172598042325797,0.188908301784907,0.335889395362806
22392,0.255129623767352,0.324952550697911,0.201178949468648,0.218738876066088
22393,0.139362383281304,0.154492270547001,0.562142561419917,0.144002784751778
22394,0.160190462860874,0.330632256869076,0.177031791962459,0.332145488307591
22395,0.393240549207701,0.23350924122282,0.232474893554729,0.14077531601475
22396,0.119422576617949,0.137248233228812,0.292387069000007,0.450942121153232
22397,0.39685893361137,0.257741497007914,0.126294166940155,0.21910540244056
22398,0.368717178112106,0.141334373596802,0.286121133730574,0.203827314560518
22399,0.108280339235529,0.209843159805189,0.558746713674641,0.123129787284641
22400,0.094064713990057,0.0972194074008057,0.644956716332458,0.16375916227668
22401,0.596204117935572,0.0897324619987158,0.102895979229077,0.211167440836635
22402,0.177241070190492,0.342816681507112,0.300590444032433,0.179351804269963
22403,0.222472442674316,0.286924945769098,0.254415736602006,0.23618687495458
22404,0.457620439815868,0.0600120804886335,0.393309953466574,0.0890575262289245
22405,0.124023903476705,0.425492593675922,0.134537698120851,0.315945804726522
22406,0.149690769797468,0.478987377900408,0.15591744649399,0.215404405808133
22407,0.265555414885974,0.142047125338086,0.258602081313883,0.333795378462057
22408,0.0585695452040923,0.101972201694039,0.739562675483367,0.0998955776185024
22409,0.360483534467548,0.229443186499454,0.305889540354737,0.104183738678261
22410,0.302122789138087,0.306414552550905,0.279370412967917,0.112092245343092
22411,0.22988605614087,0.333343361559356,0.294602061845196,0.142168520454579
22412,0.305338551284397,0.180050550449882,0.429351778233136,0.0852591200325845
22413,0.121685250445269,0.138563361953477,0.210299165154679,0.529452222446575
22414,0.238463972126822,0.609498951776712,0.046001795956149,0.106035280140317
22415,0.105386354779191,0.206260047751574,0.565261220884033,0.123092376585203
22416,0.0960883932599393,0.155397188209447,0.58344099325353,0.165073425277084
22417,0.314806171262784,0.144706551801132,0.279524829340326,0.260962447595758
22418,0.0542861072988518,0.469567092934297,0.317528030107224,0.158618769659627
22419,0.178166139452823,0.300276386757615,0.178908622839817,0.342648850949745
22420,0.113489516852988,0.457822532845542,0.197703614140252,0.230984336161218
22421,0.235400297953607,0.0633610700700623,0.525906297469148,0.175332334507182
22422,0.0698663135336958,0.275526785808164,0.218186010365997,0.436420890292143
22423,0.0719798483957079,0.185836530418857,0.575271522059087,0.166912099126348
22424,0.477261615172851,0.230048520212492,0.0968026169062316,0.195887247708425
22425,0.129067593403448,0.30934299293321,0.133753565804147,0.427835847859195
22426,0.32251552736073,0.240837145646095,0.218527882134241,0.218119444858934
22427,0.380308330841225,0.27500901451574,0.0698928630350368,0.274789791607998
22428,0.0589117956045928,0.287516750831121,0.308854569012505,0.344716884551782
22429,0.654939780231121,0.141040218458966,0.0364712989651775,0.167548702344735
22430,0.143245995206039,0.0910951786694299,0.550639425922149,0.215019400202383
22431,0.296712978818621,0.114617879167837,0.270636634883356,0.318032507130186
22432,0.270742963839754,0.428457213172803,0.111580107871019,0.189219715116425
22433,0.116892711779687,0.108001596525107,0.186969483714155,0.588136207981051
22434,0.367584198379289,0.149993499307562,0.153433455497351,0.328988846815798
22435,0.0604516677924176,0.259314807458986,0.438756074214805,0.241477450533791
22436,0.0760258157410021,0.413383892253076,0.220226784278962,0.29036350772696
22437,0.216844877900894,0.149898822409372,0.184603024155094,0.448653275534639
22438,0.170377731616465,0.203061864705468,0.0898469270630775,0.53671347661499
22439,0.0739598829230872,0.253370365905992,0.434423774350343,0.238245976820578
22440,0.173236472816065,0.469773603556064,0.175777682156289,0.181212241471582
22441,0.360966223895976,0.152484516824151,0.358641318595317,0.127907940684557
22442,0.123010318898022,0.300081180140406,0.477949886621372,0.0989586143402002
22443,0.106403309804408,0.699144003534571,0.0792878832396228,0.115164803421398
22444,0.326937183348502,0.238977120150409,0.292955729141969,0.14112996735912
22445,0.121730399633998,0.421969838577412,0.286094201994596,0.170205559793994
22446,0.102521224195743,0.366344550332659,0.473562376529041,0.0575718489425573
22447,0.329024187388126,0.382341502203854,0.165859801597271,0.122774508810749
22448,0.169419465511681,0.369760627163358,0.318147347786499,0.142672559538462
22449,0.209218551502338,0.467621464202897,0.168598636353167,0.154561347941598
22450,0.19534873758801,0.292456147139103,0.347431443179068,0.164763672093818
22451,0.0985369861595094,0.546162641194227,0.242770305186733,0.11253006745953
22452,0.148575443225005,0.572571215481317,0.163366486090644,0.115486855203035
22453,0.26038462522413,0.216524344148755,0.317240999109508,0.205850031517607
22454,0.24921435207766,0.46848535144152,0.168794512959283,0.113505783521537
22455,0.438624685019148,0.247692058626277,0.187674936749331,0.126008319605244
22456,0.389672264926985,0.139617403197688,0.278540408493368,0.192169923381959
22457,0.232103985993133,0.333925075827754,0.296132250082616,0.137838688096496
22458,0.135012107143618,0.417477576273043,0.319699252378417,0.127811064204923
22459,0.195179768407676,0.299390528163524,0.42362268376427,0.0818070196645308
22460,0.169064567993929,0.171218104127495,0.524404045514942,0.135313282363634
22461,0.359035127439387,0.251207691858275,0.206883605541979,0.18287357516036
22462,0.414647709901316,0.209299853019619,0.207888866753434,0.16816357032563
22463,0.154217862396478,0.445416953200987,0.140523343309864,0.259841841092672
22464,0.247099207911148,0.348893812013012,0.199713906006896,0.204293074068944
22465,0.358627349820901,0.392065579377207,0.152072455506241,0.0972346152956509
22466,0.282465740652306,0.28680042537987,0.142432492533663,0.288301341434161
22467,0.174032872457147,0.489516391858511,0.188456788364293,0.147993947320049
22468,0.248748123516779,0.348355729605855,0.21515496815223,0.187741178725137
22469,0.420558004564536,0.161558450094815,0.262656904359586,0.155226640981063
22470,0.202681200070953,0.545135956734875,0.100757787018932,0.151425056175241
22471,0.464089438232333,0.250167888859619,0.149287136099488,0.13645553680856
22472,0.112813546522315,0.381684475944479,0.337093852728964,0.168408124804242
22473,0.562447640596107,0.126964908663779,0.190545083291413,0.120042367448701
22474,0.509603537582713,0.0727343769660745,0.318199641740074,0.0994624437111381
22475,0.29321807360906,0.518440350305506,0.0882534979135625,0.100088078171872
22476,0.217899785197346,0.22967604383507,0.352234482907555,0.200189688060029
22477,0.150852229730909,0.238821031362972,0.442317746801644,0.168008992104474
22478,0.092918612872057,0.0507604723498338,0.575266957158295,0.281053957619815
22479,0.20335161574765,0.0538994345187284,0.106496157214284,0.636252792519337
22480,0.0453483420094091,0.166187103727256,0.411457189595078,0.377007364668257
22481,0.154353452425358,0.311831321510301,0.065647458095352,0.468167767968988
22482,0.214069789525069,0.177331533770919,0.083703249034749,0.524895427669264
22483,0.14241485336494,0.231517565421074,0.0996710120170576,0.526396569196929
22484,0.28967853233639,0.335288608463809,0.0342585126369479,0.340774346562853
22485,0.0460529936974332,0.249450663000015,0.194698088912173,0.509798254390379
22486,0.0458065875873757,0.217904658496038,0.440085112940354,0.296203640976233
22487,0.0667209828696086,0.0399763556980661,0.401514214328882,0.491788447103443
22488,0.116677513535036,0.0947209986991366,0.452579683262723,0.336021804503104
22489,0.336066097928031,0.0401719869140706,0.3202519848522,0.303509930305698
22490,0.100308065043749,0.542400593599544,0.0910757096639511,0.266215631692755
22491,0.0424722410532393,0.544961082170522,0.0932047784558874,0.319361898320351
22492,0.0450577947842531,0.247949102650008,0.453540251474671,0.253452851091068
22493,0.174198074432695,0.337400546687602,0.34181548952248,0.146585889357223
22494,0.21853649876847,0.119016812955863,0.407250905283965,0.255195782991701
22495,0.0773402371410241,0.246972183646175,0.352434873740842,0.323252705471959
22496,0.32221105600449,0.046798655531343,0.247774194679097,0.38321609378507
22497,0.169150543906292,0.365178033932843,0.319479647686055,0.14619177447481
22498,0.0880623237445595,0.187525096067772,0.269824932248686,0.454587647938982
22499,0.441426835090167,0.142183020429353,0.128815920731149,0.28757422374933
22500,0.575220867706539,0.119276741269462,0.058520968989521,0.246981422034478
22501,0.359162397585108,0.159230639131895,0.177663907741859,0.303943055541138
22502,0.279558329861494,0.187802693865181,0.236353375979777,0.296285600293549
22503,0.237573613222557,0.216416396631602,0.0891117165181528,0.456898273627688
22504,0.190252332072088,0.413114235142928,0.108181029131778,0.288452403653207
22505,0.268635886449872,0.135592824406647,0.212623642774663,0.383147646368818
22506,0.208932618455092,0.292017306907404,0.300905996124301,0.198144078513204
22507,0.0482751815046334,0.460320847343474,0.127890617859141,0.363513353292752
22508,0.157943332747228,0.602325816389993,0.0669253776193479,0.172805473243431
22509,0.57074787567055,0.0661070770921654,0.100130398464054,0.26301464877323
22510,0.0559787260642684,0.723467550321523,0.0571186915851515,0.163435032029057
22511,0.275421748030593,0.0903156939824802,0.477062389394646,0.157200168592281
22512,0.182683163210883,0.168132182171791,0.349066316399138,0.300118338218188
22513,0.225899980086501,0.106654940462757,0.327021562682276,0.340423516768466
22514,0.180429172438658,0.479162295375112,0.106242118062527,0.234166414123703
22515,0.0787713865510964,0.0813808593707776,0.478297659512074,0.361550094566052
22516,0.0778437574151261,0.500554673016169,0.17385752951449,0.247744040054214
22517,0.260799161592463,0.11701255330486,0.385631842648533,0.236556442454144
22518,0.159675717451707,0.236801996350678,0.304433589312087,0.299088696885528
22519,0.195849318551766,0.379111217976785,0.0710500704415455,0.353989393029904
22520,0.36522836413952,0.307979085630452,0.176029781704457,0.150762768525571
22521,0.0775897978364897,0.357341991430337,0.387329490882841,0.177738719850333
22522,0.0427445818794433,0.092887148185913,0.586789899342823,0.27757837059182
22523,0.0422432532910548,0.641753579982631,0.189637106632835,0.126366060093479
22524,0.0945732240270471,0.0860412343977666,0.331486410575692,0.487899130999495
22525,0.263631032188437,0.0853044035029577,0.576193664175916,0.0748709001326896
22526,0.420806939184896,0.377951403520063,0.0537939606008196,0.147447696694222
22527,0.127422729599191,0.381604478116386,0.211152729695572,0.279820062588851
22528,0.137136563683972,0.0808784947636713,0.561924069759399,0.220060871792958
22529,0.209050016016941,0.363394904804331,0.209972443048745,0.217582636129983
22530,0.249111500359396,0.0806624818012449,0.171327203859151,0.498898813980209
22531,0.105968864562652,0.0721357558462425,0.646971067813373,0.174924311777732
22532,0.346760606323007,0.2518369778423,0.0852394269534093,0.316162988881284
22533,0.104841379602745,0.459196342158726,0.0933533519175151,0.342608926321015
22534,0.219091485575291,0.358114909083938,0.141062796233356,0.281730809107415
22535,0.156017376252009,0.249157852101531,0.409274407971073,0.185550363675387
22536,0.127374111827562,0.496265812242901,0.119412855603148,0.256947220326389
22537,0.128767168801496,0.318685962813926,0.387591098631862,0.164955769752716
22538,0.111745586254455,0.42271853201441,0.183890631802003,0.281645249929131
22539,0.148411003047199,0.250569658914997,0.464497360297779,0.136521977740025
22540,0.224929689418114,0.302222281813936,0.150174384289006,0.322673644478944
22541,0.114280065912385,0.320383040618571,0.231834965797935,0.333501927671109
22542,0.155717949752048,0.323343903309031,0.294155318195761,0.22678282874316
22543,0.490557428702526,0.116248891859414,0.107354048168282,0.285839631269777
22544,0.0967801125128127,0.0629535029612658,0.580297247466361,0.259969137059561
22545,0.132125066908615,0.476249917431413,0.170491590789296,0.221133424870677
22546,0.436050112304623,0.399278187700275,0.0843056317125969,0.0803660682825051
22547,0.344077595499219,0.249214128361518,0.26105577470565,0.145652501433613
22548,0.213522421546567,0.231920616137818,0.351103723070755,0.203453239244859
22549,0.390744682583967,0.0791912739478843,0.254542110156478,0.275521933311671
22550,0.109213272520973,0.258802846464069,0.508575024768491,0.123408856246467
22551,0.151267176415972,0.308782996282246,0.369242407420555,0.170707419881226
22552,0.121338496499831,0.197795457015437,0.162427691318274,0.518438355166458
22553,0.20069553120532,0.517831667020228,0.10948307900304,0.171989722771413
22554,0.403325145290654,0.149052487536303,0.232368464480775,0.215253902692268
22555,0.161597303951182,0.456639006882726,0.224800948668967,0.156962740497125
22556,0.381570795883196,0.348056237186846,0.175392775085618,0.0949801918443401
22557,0.127160365716055,0.46790149921231,0.203246393141776,0.201691741929858
22558,0.212205063776958,0.133146610399539,0.551432239998595,0.103216085824908
22559,0.210687665587565,0.280078078000436,0.220947985475886,0.288286270936112
22560,0.24411543627088,0.272593544696122,0.297467049123162,0.185823969909835
22561,0.149179956335164,0.306601304197588,0.440061307727429,0.104157431739819
22562,0.195023427822118,0.480160255670841,0.255454842635126,0.0693614738719151
22563,0.426856482250401,0.165544069346809,0.304940259099176,0.102659189303613
22564,0.457868390924015,0.1104271665793,0.267736310375033,0.163968132121652
22565,0.147997644298362,0.230796838925193,0.365850933003205,0.25535458377324
22566,0.166659532848946,0.434191284660697,0.281460390596735,0.117688791893622
22567,0.335081596907758,0.135393235723382,0.30339891217601,0.226126255192851
22568,0.287875617713772,0.215510150499089,0.224261248009216,0.272352983777923
22569,0.296179844721952,0.181196444813502,0.435674554050137,0.0869491564144095
22570,0.346778049059085,0.240041168658174,0.197252458416564,0.215928323866177
22571,0.260029961037556,0.4109792082333,0.142950987685788,0.186039843043356
22572,0.248216485763514,0.260515581616816,0.264120654882599,0.22714727773707
22573,0.290949932513779,0.241292868099844,0.263538259471098,0.204218939915279
22574,0.287028751678663,0.102336314903862,0.280826036028117,0.329808897389358
22575,0.118397242992768,0.353154988550563,0.314409757662078,0.214038010794591
22576,0.308071448263158,0.30960045187993,0.165608889830649,0.216719210026264
22577,0.390080799422756,0.281449064231494,0.223866512368362,0.104603623977388
22578,0.102420052193512,0.357534290936032,0.419646141623307,0.120399515247149
22579,0.157682519375814,0.282971838228004,0.246373681280495,0.312971961115687
22580,0.463083958474036,0.213776492068372,0.195578035485735,0.127561513971857
22581,0.12854187890085,0.232205000943484,0.364755081095394,0.274498039060272
22582,0.433179810878587,0.182992557320223,0.277847634036556,0.105979997764634
22583,0.278279737078596,0.248312531426711,0.351252749369415,0.122154982125279
22584,0.134004174141953,0.364024577288173,0.340950577362554,0.161020671207321
22585,0.219377098334849,0.421310513356429,0.224008563427861,0.135303824880861
22586,0.127691552988715,0.558927062147468,0.148794149935251,0.164587234928566
22587,0.384840338755353,0.136663565296581,0.127760134070788,0.350735961877278
22588,0.303786753486206,0.153182416163022,0.333698855570623,0.209331974780148
22589,0.330294273811194,0.407410586785421,0.185969776977287,0.0763253624260975
22590,0.165188456577022,0.148903039683246,0.390838922638535,0.295069581101198
22591,0.320555022285536,0.090051413985751,0.457372796085748,0.132020767642965
22592,0.249654532190346,0.408196400200811,0.185891190856839,0.156257876752005
22593,0.305308034533101,0.318176897520816,0.110714636056895,0.265800431889187
22594,0.155069551213995,0.0808777648922105,0.460500264004093,0.303552419889702
22595,0.136573943752687,0.179323403308306,0.264688978015914,0.419413674923094
22596,0.302935611039927,0.399298582196729,0.14844710866694,0.149318698096404
22597,0.108812250865681,0.193818749096317,0.49627929702212,0.201089703015882
22598,0.133630374266158,0.425605746440711,0.100049260308675,0.340714618984457
22599,0.202397466746025,0.174032479328528,0.120415557317124,0.503154496608322
22600,0.14663579586879,0.260806671354545,0.193646923559772,0.398910609216893
22601,0.390165581995252,0.0855926122805652,0.154880171783144,0.369361633941039
22602,0.605156912983935,0.131863720957117,0.0857058859595775,0.17727348009937
22603,0.290382317689284,0.0828754821859854,0.239969691204827,0.386772508919904
22604,0.0922443712011126,0.345200756774485,0.28727356327743,0.275281308746972
22605,0.515803287823515,0.0965182427143672,0.0878944186903423,0.299784050771775
22606,0.204613823540546,0.103813701568668,0.449314614765327,0.242257860125459
22607,0.144369475318474,0.127060367547033,0.37094716276557,0.357622994368922
22608,0.163727999306358,0.470161996136189,0.182434315965298,0.183675688592155
22609,0.321261531835006,0.295885398454629,0.0925030223822136,0.290350047328151
22610,0.0443050024487196,0.601918101239763,0.188822481810538,0.16495441450098
22611,0.14361911882386,0.255073005604847,0.382234674146394,0.219073201424899
22612,0.115370416554827,0.132475304053795,0.410443072467046,0.341711206924333
22613,0.485311351224795,0.232419457901169,0.118295147743222,0.163974043130814
22614,0.393467694353065,0.245934129416347,0.145526456083084,0.215071720147503
22615,0.12484189739084,0.453886991419036,0.3079654920677,0.113305619122425
22616,0.564264949388398,0.0700818845639477,0.290217590361333,0.0754355756863216
22617,0.168684921482676,0.147333728717439,0.542905844661688,0.141075505138197
22618,0.45564078069576,0.108648519857385,0.218317236914838,0.217393462532017
22619,0.120216979043367,0.444911388712403,0.148595198271183,0.286276433973046
22620,0.0953405709286332,0.663348467966895,0.0874568273990588,0.153854133705413
22621,0.115812017958184,0.0850678381495307,0.609489237452152,0.189630906440134
22622,0.254863257356256,0.136491658021951,0.2353817564178,0.373263328203993
22623,0.140709005253877,0.569261610515656,0.116022587833101,0.174006796397367
22624,0.240871736577618,0.394289307155829,0.134538730153863,0.23030022611269
22625,0.280137727852657,0.246703795043553,0.170706179719047,0.302452297384743
22626,0.321270287429122,0.164285749683526,0.253324411522738,0.261119551364614
22627,0.267086670455911,0.11525594650711,0.379298908935852,0.238358474101128
22628,0.10581214732292,0.321131177272392,0.442714030797045,0.130342644607643
22629,0.175457714925746,0.331176708742822,0.244214428948197,0.249151147383236
22630,0.331079551494934,0.429131135181041,0.1257534690031,0.114035844320924
22631,0.380154236319697,0.367818844974344,0.0539246654735001,0.198102253232459
22632,0.19326500721304,0.360538962643322,0.152701004397228,0.293495025746411
22633,0.15027330689585,0.145033723109211,0.290205915567363,0.414487054427576
22634,0.0455793043349412,0.388633920506362,0.275600885775203,0.290185889383493
22635,0.0777596135033526,0.557292465266465,0.067539948369968,0.297407972860215
22636,0.0538486149855628,0.545556307110684,0.197424637308311,0.203170440595443
22637,0.516504460583556,0.0934526629458787,0.0746009816651199,0.315441894805446
22638,0.147909995623595,0.286130989824167,0.165521072522949,0.400437942029289
22639,0.0829350638729054,0.300743003298591,0.126546777718322,0.489775155110183
22640,0.0966285919531609,0.169535710480315,0.483625359473509,0.250210338093015
22641,0.0790891383810813,0.595255099246325,0.146322825380928,0.179332936991666
22642,0.121590986254051,0.334120641188818,0.144478067145383,0.399810305411749
22643,0.203422810926044,0.138248639119523,0.387167855498596,0.271160694455838
22644,0.0619064915122226,0.195184031085243,0.578665539857724,0.16424393754481
22645,0.243922111297326,0.0940727684365811,0.191151674493472,0.470853445772622
22646,0.262982471951183,0.292761703512165,0.166715498724596,0.277540325812057
22647,0.551000807427778,0.280690199150742,0.0433926774381946,0.124916315983285
22648,0.584598782224127,0.210293325916402,0.0477711490557695,0.157336742803701
22649,0.129325851493854,0.27760814648976,0.260183573014367,0.33288242900202
22650,0.209075492726866,0.338637990897898,0.131230587857839,0.321055928517396
22651,0.158457938108907,0.131844427409913,0.401998116320453,0.307699518160727
22652,0.117271310647965,0.186374184592351,0.256530610054017,0.439823894705667
22653,0.0843629716688262,0.228237207039963,0.520955326851941,0.16644449443927
22654,0.120349488482264,0.208068835060682,0.208608743365693,0.462972933091361
22655,0.186608698224288,0.424353448026196,0.117721330762861,0.271316522986655
22656,0.205193310077315,0.181082050564287,0.434484159902611,0.179240479455787
22657,0.334059970836089,0.231273597820766,0.158804679036434,0.27586175230671
22658,0.194553281743995,0.1125118056428,0.197984508286701,0.494950404326505
22659,0.193597331384169,0.161510869092774,0.433073914783649,0.211817884739409
22660,0.465057619540949,0.22290305011165,0.070391487184523,0.241647843162878
22661,0.371276616455572,0.151399606721001,0.269944499054079,0.207379277769348
22662,0.1584616947822,0.196369777055357,0.48694969902493,0.158218829137513
22663,0.255198318730604,0.484060078492311,0.118655032392622,0.142086570384462
22664,0.159071063624984,0.410112032835895,0.101425369447752,0.329391534091369
22665,0.284657449137022,0.287529924985321,0.275329336875434,0.152483289002223
22666,0.361929883789484,0.257870018887059,0.101506818360484,0.278693278962974
22667,0.0904504274022693,0.210556192784687,0.515173929358516,0.183819450454528
22668,0.134835935473863,0.221167218546493,0.0749045147801432,0.569092331199501
22669,0.0777676874306098,0.0654901704663766,0.10817492709511,0.748567215007904
22670,0.141342167633709,0.299393973073222,0.130836957504214,0.428426901788855
22671,0.223623290134341,0.107646144193253,0.456141959389885,0.21258860628252
22672,0.381990648610231,0.0924479604290531,0.142706486564046,0.38285490439667
22673,0.329028480348,0.200069072299157,0.137890224987062,0.333012222365781
22674,0.179766691806972,0.189663373508113,0.458613922603111,0.171956012081803
22675,0.080035894793419,0.402365291385975,0.218691021970378,0.298907791850228
22676,0.185045723392349,0.464340334263153,0.116291546640239,0.23432239570426
22677,0.435727073723383,0.126378707245583,0.229495671822148,0.208398547208886
22678,0.204455529518142,0.142550408121601,0.129245129817295,0.523748932542963
22679,0.0398557719599315,0.467621885315595,0.0986805088142581,0.393841833910215
22680,0.07041673382224,0.173457423836643,0.33355667694566,0.422569165395457
22681,0.113400194249083,0.311490551896506,0.128435691278982,0.44667356257543
22682,0.320354605994965,0.469171933085541,0.0537376228097552,0.156735838109739
22683,0.0660869394164709,0.0346378742268076,0.637415138538618,0.261860047818104
22684,0.193487213997228,0.522505507198063,0.160606716677578,0.123400562127131
22685,0.246370297692491,0.144654892585188,0.201079471723437,0.407895337998884
22686,0.69973744481978,0.0529074721855002,0.0469090353662472,0.200446047628473
22687,0.112973466225911,0.466598572848669,0.139590887606139,0.280837073319282
22688,0.373737465038368,0.288238414008417,0.253017268332336,0.0850068526208793
22689,0.246191395373124,0.382490921450711,0.202974712257204,0.168342970918962
22690,0.0764963701371962,0.218205421847967,0.602007408939751,0.103290799075086
22691,0.117824525549389,0.46839353550705,0.310962721131022,0.102819217812539
22692,0.242348881041746,0.234068428117146,0.241144608683742,0.282438082157366
22693,0.302060776689456,0.309108558884469,0.180319119382698,0.208511545043378
22694,0.451831290027741,0.105294905353175,0.310296348770194,0.13257745584889
22695,0.240561238045393,0.162110032453862,0.442559556037251,0.154769173463494
22696,0.145651676555179,0.390654988821467,0.165384571775028,0.298308762848325
22697,0.110312960081208,0.389292720526153,0.210894828484527,0.289499490908111
22698,0.366253901849417,0.344789754897412,0.0863189850909735,0.202637358162198
22699,0.425544116342387,0.128170932814066,0.260379148177809,0.185905802665738
22700,0.25041716241114,0.186514886271726,0.207203572502211,0.355864378814923
22701,0.171725836918118,0.390599743504494,0.0809529389368482,0.35672148064054
22702,0.0802673108066849,0.175966698319627,0.511792479764428,0.231973511109261
22703,0.279011430966476,0.129054679806074,0.43505155185497,0.15688233737248
22704,0.15445099545753,0.378996865061916,0.21460721139421,0.251944928086343
22705,0.0926434053938076,0.283271856407885,0.348849687223094,0.275235050975213
22706,0.229299253229588,0.155127450157347,0.333848346144028,0.281724950469038
22707,0.0921263161434304,0.603192186466561,0.15914344540137,0.145538051988638
22708,0.177485588146239,0.150449697218034,0.459724586903787,0.21234012773194
22709,0.165502104180552,0.597553819742357,0.0744066544780333,0.162537421599058
22710,0.189324266235005,0.432219434949945,0.157679676668903,0.220776622146147
22711,0.562005305783288,0.129175825313396,0.142693494380358,0.166125374522958
22712,0.321296783624984,0.347322231620722,0.0911958987640158,0.240185085990278
22713,0.180251649177054,0.210473116131758,0.385400248757074,0.223874985934114
22714,0.128332373141225,0.194203750798806,0.542001332586976,0.135462543472993
22715,0.258454625034103,0.278632034313497,0.172495348592259,0.290417992060141
22716,0.182609811471545,0.311685860324917,0.24765653726218,0.258047790941358
22717,0.161195514340686,0.148888602885108,0.458745789073551,0.231170093700655
22718,0.425035227599413,0.141920954087218,0.159907696001741,0.273136122311629
22719,0.501286444909496,0.231938787839002,0.144545681263798,0.122229085987703
22720,0.0814179534911917,0.435233432959504,0.266344587569913,0.217004025979391
22721,0.418700347044435,0.345432613469,0.105768216663157,0.130098822823408
22722,0.205732147702836,0.250014319140147,0.257004876296641,0.287248656860376
22723,0.193022586272216,0.479826169851442,0.0735112851272424,0.2536399587491
22724,0.177912074680545,0.185569543422482,0.538829667901568,0.0976887139954046
22725,0.14617157107502,0.311858830884795,0.239644727002194,0.302324871037991
22726,0.0632815633077242,0.598921966326319,0.107271660466771,0.230524809899185
22727,0.144367459182348,0.155526954999684,0.533957273858519,0.16614831195945
22728,0.0731225843681634,0.419379833928538,0.227731272670994,0.279766309032305
22729,0.36573576775007,0.230511344892321,0.191488009896062,0.212264877461546
22730,0.0970660995807033,0.358178518606492,0.347972129466637,0.196783252346168
22731,0.0515013111157,0.470629857946415,0.309835434471492,0.168033396466393
22732,0.310803136907256,0.23943159775464,0.257679832423818,0.192085432914285
22733,0.360363921661553,0.241717113709385,0.119663435810229,0.278255528818833
22734,0.163930231083917,0.449309495877018,0.122430707673563,0.264329565365503
22735,0.107484096317641,0.434405782832769,0.358624248881914,0.0994858719676753
22736,0.0667880729786827,0.231300926147955,0.518815439934269,0.183095560939093
22737,0.410784349123767,0.171619780031003,0.0736188962483422,0.343976974596888
22738,0.405711248513716,0.136924174742683,0.302265551562688,0.155099025180912
22739,0.395862854779791,0.195055379278191,0.146575266442197,0.26250649949982
22740,0.0890165080049265,0.56410082122207,0.169709097981813,0.177173572791191
22741,0.456130210058088,0.0766970436195708,0.327819448507522,0.139353297814819
22742,0.138303671911306,0.501200675883378,0.269253022454055,0.0912426297512611
22743,0.18876079288247,0.501386557978171,0.107727144994042,0.202125504145316
22744,0.187716702955098,0.411993102797923,0.193311916818952,0.206978277428028
22745,0.290475452641324,0.236199597945438,0.181743894718522,0.291581054694717
22746,0.250450068901814,0.31467428098545,0.290020654058155,0.144854996054581
22747,0.525164958350097,0.149975909607978,0.120428928117647,0.204430203924278
22748,0.47487533017066,0.152223978365242,0.29237885511132,0.0805218363527781
22749,0.161075143842933,0.184669563529248,0.528943658615925,0.125311634011894
22750,0.182685419880675,0.169349254962247,0.570084436305043,0.077880888852035
22751,0.13469476272572,0.357015524007337,0.401501085085927,0.106788628181016
22752,0.372786122425032,0.162801128279665,0.251474414058119,0.212938335237185
22753,0.253855848939369,0.410038313963342,0.168189497817419,0.16791633927987
22754,0.344405916461553,0.332743294170824,0.250945974423265,0.0719048149443577
22755,0.22248748675548,0.119923235280114,0.476985590870286,0.18060368709412
22756,0.27820861860417,0.180546367199901,0.318998346834197,0.222246667361732
22757,0.374453365917372,0.222997439399746,0.165899830341629,0.236649364341253
22758,0.254805571154301,0.212652082447243,0.4135146836296,0.119027662768856
22759,0.359312054067346,0.348243913550594,0.111402840025906,0.181041192356154
22760,0.182856602436577,0.197339084828107,0.509993849141034,0.109810463594281
22761,0.180615680758739,0.400295322574325,0.189635248673448,0.229453747993488
22762,0.127261369857844,0.338224394770075,0.367631871496549,0.166882363875532
22763,0.135423682372825,0.395970113710079,0.231874252419885,0.236731951497211
22764,0.176528485840637,0.577208314698352,0.0588447330407816,0.18741846642023
22765,0.239995514910087,0.284884171402022,0.261060464671955,0.214059849015936
22766,0.384806255689377,0.312031051612718,0.194228574686153,0.108934118011752
22767,0.199051596077379,0.139939654245754,0.408401100252699,0.252607649424168
22768,0.197376371402835,0.184311230569198,0.426025675888114,0.192286722139853
22769,0.107962402045167,0.720698343103742,0.0591888748761387,0.112150379974952
22770,0.557336195255316,0.133039720582544,0.0797671254032302,0.22985695875891
22771,0.334642200984162,0.122198342133707,0.401409450770296,0.141750006111835
22772,0.440168760809393,0.230489426456529,0.159455776190591,0.169886036543487
22773,0.146727998439969,0.443961085557414,0.127298926211758,0.282011989790859
22774,0.140768992934237,0.233052792251396,0.389747614568326,0.236430600246041
22775,0.263240253989176,0.361222603331685,0.253684027500165,0.121853115178975
22776,0.279181057546864,0.292284546432472,0.14320990577305,0.285324490247614
22777,0.126410489917505,0.3880032744641,0.301571136608694,0.184015099009702
22778,0.0769750370245147,0.209604689918835,0.425536773823133,0.287883499233517
22779,0.23263064200793,0.410158786871654,0.178851445916434,0.178359125203983
22780,0.301236994906436,0.351431108170305,0.1043528867763,0.242979010146959
22781,0.0949589434958424,0.201678100929158,0.53864909246365,0.164713863111349
22782,0.0898457019001799,0.0967728537822489,0.459569490838247,0.353811953479324
22783,0.207791410301354,0.136034899916051,0.459377074803256,0.19679661497934
22784,0.0988366793186142,0.512231790820102,0.0976316430256934,0.29129988683559
22785,0.152500776814382,0.378560949660123,0.275538874522303,0.193399399003192
22786,0.295246562694955,0.0901069824311226,0.334098316380922,0.280548138493
22787,0.353600241241305,0.204634327717707,0.182705714020567,0.259059717020421
22788,0.424488498277913,0.060071231457031,0.243070936017464,0.272369334247592
22789,0.428599521715467,0.163492296500689,0.136876545335706,0.271031636448138
22790,0.0827764270664602,0.217090434176466,0.507276344695083,0.192856794061991
22791,0.173595002946597,0.274471441516627,0.154508325038689,0.397425230498087
22792,0.132582873094809,0.0962318666979037,0.600765493793063,0.170419766414224
22793,0.607937811934142,0.129035127685456,0.0717554482300618,0.19127161215034
22794,0.142639732107509,0.247457638992818,0.411495834730321,0.198406794169352
22795,0.229432345833062,0.356868712126679,0.112856281830927,0.300842660209333
22796,0.486393323256586,0.0888800573787619,0.182117527725965,0.242609091638687
22797,0.0759022501132158,0.0926721100600129,0.719247257797353,0.112178382029418
22798,0.109979727077707,0.172770365614979,0.312972254676252,0.404277652631062
22799,0.491282680400826,0.0964259465795866,0.0962583070863696,0.316033065933218
22800,0.273587901290785,0.149253387620351,0.252826399996376,0.324332311092488
22801,0.0924443900512134,0.263630986782818,0.246982065889276,0.396942557276693
22802,0.0841080272986682,0.391081582031122,0.18629758737853,0.33851280329168
22803,0.362935980384495,0.404005345254306,0.0534699268801303,0.179588747481069
22804,0.30109009484992,0.105696824885089,0.296091658830257,0.297121421434735
22805,0.168549742467705,0.252711849895786,0.233565136947509,0.345173270689
22806,0.121699172220266,0.494417505309001,0.0991927495257625,0.284690572944971
22807,0.393338305651707,0.0426034739932665,0.381777269240069,0.182280951114957
22808,0.066959331080503,0.384930147118024,0.20962769244894,0.338482829352533
22809,0.109245326165946,0.178862778050776,0.49621859094156,0.215673304841718
22810,0.106726161005152,0.477826255712696,0.173218629563598,0.242228953718554
22811,0.22261739236451,0.163687923566869,0.263187197194095,0.350507486874527
22812,0.168124852970102,0.389655570190718,0.157347196740527,0.284872380098653
22813,0.36720580479796,0.119710647664236,0.273420769775897,0.239662777761907
22814,0.203308975233706,0.487802467129578,0.0901973532739605,0.218691204362755
22815,0.143531599638766,0.431494780746677,0.138344120871183,0.286629498743375
22816,0.177178435015794,0.231048429670617,0.160116293551181,0.431656841762408
22817,0.426438417992043,0.144576116403795,0.117981825087234,0.311003640516928
22818,0.0713745346531532,0.508088971468911,0.21168073728784,0.208855756590095
22819,0.152556190353248,0.120093336194787,0.368389773800708,0.358960699651257
22820,0.0797932784865899,0.260398140453982,0.468391858108822,0.191416722950606
22821,0.0627733358424972,0.122348113393218,0.376656761281884,0.438221789482401
22822,0.315494866521801,0.0549798891962097,0.382834116102226,0.246691128179764
22823,0.0570732684687124,0.421242592857366,0.0718306724290264,0.449853466244895
22824,0.0325121124795452,0.498045875166927,0.120787698820509,0.348654313533019
22825,0.158221300961844,0.0268778193901194,0.712149260068664,0.102751619579373
22826,0.11800126478914,0.103448393698931,0.329485948762418,0.449064392749511
22827,0.510264374510875,0.0347589082055642,0.162455611214442,0.292521106069119
22828,0.0641608756225055,0.310204962126671,0.486842195456311,0.138791966794513
22829,0.0580173776846524,0.444061099413479,0.296021051069558,0.201900471832311
22830,0.060344945734683,0.0283649730907537,0.722232477399157,0.189057603775406
22831,0.0777321715306284,0.616018926928268,0.0490496547105327,0.257199246830571
22832,0.10854639132543,0.0653969167526686,0.633406811455031,0.19264988046687
22833,0.17510815763832,0.507244353095244,0.0818073385221383,0.235840150744298
22834,0.042458863141373,0.0791014368255876,0.287399990647993,0.591039709385047
22835,0.211170569707314,0.183580675864204,0.134514707103972,0.47073404732451
22836,0.241214921440414,0.368233609085783,0.0670266394016004,0.323524830072203
22837,0.0503832451690758,0.383004601398496,0.122817464759841,0.443794688672587
22838,0.334215847299828,0.159289923686392,0.0579994363702524,0.448494792643528
22839,0.148369446370048,0.250278643989003,0.251323577781354,0.350028331859595
22840,0.5170284592802,0.0368785436699093,0.155708194981071,0.29038480206882
22841,0.164433623978071,0.105618484986139,0.11197500539838,0.61797288563741
22842,0.346745602735432,0.0557704584025565,0.183316852398894,0.414167086463118
22843,0.362563981685533,0.0850110790933596,0.262692067185714,0.289732872035394
22844,0.524199412179227,0.0689519262713448,0.241177429992363,0.165671231557066
22845,0.491833037112545,0.219813616357344,0.181342814915437,0.107010531614673
22846,0.0917620092619431,0.652294182821175,0.0319385632335604,0.224005244683322
22847,0.271210417098208,0.452510725284764,0.0988808518001413,0.177398005816886
22848,0.238786528057724,0.20216909420917,0.104134356675651,0.454910021057454
22849,0.364705980949466,0.0301377969052054,0.459953408047612,0.145202814097717
22850,0.426370220365765,0.0875421034711297,0.287229374710647,0.198858301452458
22851,0.163075291119527,0.460172448622021,0.0979928885099753,0.278759371748476
22852,0.514981808383582,0.0821828789834669,0.0568784118142096,0.345956900818742
22853,0.516663484605116,0.0926099943085659,0.251278720095878,0.13944780099044
22854,0.130534084066842,0.176763302423205,0.0818153687428404,0.610887244767113
22855,0.407130129870376,0.189008490652896,0.0577685231857284,0.346092856290999
22856,0.0365715770100411,0.053211538201356,0.478881807061296,0.431335077727306
22857,0.0439038300081437,0.0760721665281,0.308400644133643,0.571623359330113
22858,0.261359087355637,0.223702950612235,0.296660232458642,0.218277729573486
22859,0.129273528502935,0.683716647132398,0.0688894075442962,0.118120416820371
22860,0.185656845383458,0.263039338608135,0.188327509240225,0.362976306768182
22861,0.194234308118298,0.352520023521361,0.303060666167919,0.150185002192421
22862,0.182818534931847,0.193160383351195,0.21913063407973,0.404890447637228
22863,0.149493422389977,0.584489810043123,0.126512084622453,0.139504682944447
22864,0.0932734326719237,0.375074460940816,0.198032864474995,0.333619241912265
22865,0.266186472601038,0.279342942752921,0.180077278354991,0.27439330629105
22866,0.272748321505663,0.0606057353630812,0.519306496980419,0.147339446150836
22867,0.222288274100026,0.0944933793393083,0.48660731435519,0.196611032205476
22868,0.199659147771853,0.219332511224218,0.297046761432875,0.283961579571054
22869,0.353593139644186,0.170214625098493,0.209850990966418,0.266341244290903
22870,0.323563095248635,0.242050679796309,0.22096491888882,0.213421306066235
22871,0.201409920045428,0.464868066133325,0.122448414981544,0.211273598839704
22872,0.174427781249302,0.631715819466239,0.0677277505123217,0.126128648772138
22873,0.0939517370025154,0.248604258754358,0.386099571986885,0.271344432256242
22874,0.208676716066068,0.506476926473285,0.105424588650976,0.179421768809672
22875,0.0765777754551357,0.5625584802263,0.0958263541748992,0.265037390143665
22876,0.274427669537833,0.36689499528474,0.213044671940155,0.145632663237273
22877,0.319258990224311,0.111050297377867,0.133874513164522,0.4358161992333
22878,0.117443129008032,0.0543592689106242,0.404055079531125,0.424142522550219
22879,0.231569357677703,0.144555467663107,0.477402292409827,0.146472882249363
22880,0.17801575533256,0.166581399586657,0.54270304309528,0.112699801985503
22881,0.29412216426292,0.158094339169181,0.272991350796405,0.274792145771493
22882,0.0453122059552546,0.728497918968627,0.0307660984716942,0.195423776604425
22883,0.199986281678807,0.110693079530295,0.399693394845192,0.289627243945707
22884,0.0968143245512608,0.269816145717224,0.338208253851022,0.295161275880493
22885,0.426137430976949,0.156841053106363,0.0433050087424958,0.373716507174192
22886,0.270389625832368,0.0534200253017675,0.14929795957246,0.526892389293404
22887,0.149775717932153,0.526644874451725,0.0985519644455458,0.225027443170577
22888,0.47442749132599,0.300179512154159,0.0618636096370321,0.163529386882819
22889,0.0294392050410159,0.0520719541762445,0.703348222047303,0.215140618735437
22890,0.280009367053873,0.467101255695013,0.0910390915269173,0.161850285724196
22891,0.191233993735347,0.330994741367076,0.26853766986764,0.209233595029937
22892,0.236226343014254,0.0833829030921952,0.482028898783298,0.198361855110253
22893,0.396370531435445,0.215727882981303,0.20923268453246,0.178668901050792
22894,0.0995525954041785,0.0928772605527084,0.0622185229116848,0.745351621131428
22895,0.342894603829868,0.217041308347993,0.182033953700682,0.258030134121458
22896,0.406278206785612,0.468050554590893,0.0255205981574299,0.100150640466065
22897,0.0992316547200653,0.226221330236463,0.443148022724173,0.231398992319299
22898,0.0810271213930102,0.136535077655006,0.49199319383603,0.290444607115953
22899,0.540187714635853,0.122513295779427,0.0992792002155046,0.238019789369216
22900,0.392767483969703,0.113621568537975,0.0925189423337891,0.401092005158533
22901,0.255037135421889,0.267568810956493,0.179983644013895,0.297410409607723
22902,0.159476086822471,0.340639157981132,0.162688138354526,0.337196616841871
22903,0.215155155164577,0.220708440383144,0.41757789678291,0.146558507669369
22904,0.596342657020718,0.108306332234116,0.131881467091081,0.163469543654085
22905,0.393599684485497,0.30139430993759,0.0684413905845898,0.236564614992323
22906,0.600941269151408,0.203697512407414,0.0366676506504567,0.158693567790722
22907,0.2086419711469,0.179393824621785,0.422829268680964,0.189134935550351
22908,0.165310803377719,0.29783049998463,0.301828811016929,0.235029885620722
22909,0.221955046255638,0.606166356817164,0.049833223315805,0.122045373611393
22910,0.220851123325271,0.282367741323606,0.179098613989459,0.317682521361664
22911,0.165815657797476,0.180123840834994,0.26893330175816,0.385127199609371
22912,0.266853212820172,0.457615524231219,0.171637271082236,0.103893991866373
22913,0.216670828087635,0.0713794984214221,0.592684706376689,0.119264967114254
22914,0.117606143202998,0.385820477392969,0.152242449490206,0.344330929913828
22915,0.654863876679227,0.0516085287590942,0.0670390323562811,0.226488562205398
22916,0.116390457467577,0.381123231703162,0.0611886201370749,0.441297690692186
22917,0.242276198377404,0.15811423957821,0.0548013785052693,0.544808183539117
22918,0.47943932041743,0.128544862854866,0.0414545728164098,0.350561243911294
22919,0.0563941125435612,0.740533923872282,0.0422020641713855,0.160869899412771
22920,0.160869773803838,0.0888615387137404,0.441578409754266,0.308690277728156
22921,0.3500009492259,0.123852175489083,0.0664111211408965,0.45973575414412
22922,0.18745940446178,0.433949593037016,0.146393895565451,0.232197106935754
22923,0.0366118608576524,0.40861160292757,0.182086462590249,0.372690073624528
22924,0.522823242753077,0.155425164730909,0.157294972219405,0.164456620296609
22925,0.191063862118952,0.27552695316529,0.0460003120075276,0.487408872708231
22926,0.439221518163522,0.0863178402160315,0.17175272592114,0.302707915699307
22927,0.082766263165969,0.140460179857208,0.318257693227607,0.458515863749217
22928,0.660806291365877,0.10994351810832,0.0357274428268764,0.193522747698926
22929,0.0717164403048094,0.559397556567585,0.134026253124189,0.234859750003418
22930,0.116494434640866,0.122528417701407,0.470595648451915,0.290381499205812
22931,0.092439227294488,0.29979141254018,0.463064376162883,0.144704984002449
22932,0.1759487455297,0.178268370291598,0.0819253617536558,0.563857522425046
22933,0.40668631369326,0.126616695545876,0.120998497285742,0.345698493475122
22934,0.128726189062252,0.103800115455193,0.253356545148124,0.51411715033443
22935,0.087504381373635,0.542750199683287,0.154978038085844,0.214767380857234
22936,0.463317314181314,0.104576360840397,0.206692266241332,0.225414058736957
22937,0.421367581072502,0.181822662658159,0.146092665671561,0.250717090597778
22938,0.47795606696415,0.212545352833846,0.0971019445777902,0.212396635624214
22939,0.146798350465248,0.278231903559764,0.206853419880594,0.368116326094394
22940,0.169502506665232,0.0675011807508839,0.514372504842343,0.248623807741542
22941,0.255388893143889,0.100971408844057,0.452412961228959,0.191226736783094
22942,0.0392936857973325,0.271292523050568,0.557468537862962,0.131945253289137
22943,0.12370594363854,0.296995872576925,0.157110091341198,0.422188092443338
22944,0.122035080548129,0.398912512601782,0.0954557828873876,0.383596623962701
22945,0.195712029425452,0.280956255207499,0.139075712562713,0.384256002804336
22946,0.12186711618305,0.172426654302118,0.275034867166327,0.430671362348504
22947,0.258691126181126,0.498694435957049,0.0557935025981985,0.186820935263627
22948,0.235656400027759,0.146014737354918,0.154022646458177,0.464306216159147
22949,0.0988488904687376,0.318492915268983,0.321774226236513,0.260883968025766
22950,0.19441023496377,0.269366340014379,0.12502971510723,0.411193709914621
22951,0.160115888906658,0.423081167884885,0.167354846081484,0.249448097126973
22952,0.241105329183613,0.277798477986831,0.109348258301103,0.371747934528453
22953,0.455259285371699,0.178484133229739,0.188759790257881,0.177496791140681
22954,0.179550799702924,0.211581448002002,0.24230949085482,0.366558261440253
22955,0.231533565123832,0.506054203151243,0.126857554067886,0.135554677657038
22956,0.371971847052255,0.217988632577758,0.155433315897228,0.254606204472758
22957,0.257004720045501,0.203203463270964,0.342563134291028,0.197228682392506
22958,0.573323872814822,0.177424372823244,0.10076329866775,0.148488455694184
22959,0.116335552034572,0.189411167641975,0.464980996492495,0.229272283830959
22960,0.398299529612029,0.306136331965214,0.168153403837282,0.127410734585475
22961,0.164890811846211,0.271622313678765,0.347721919036162,0.215764955438863
22962,0.215369482463658,0.134053342764163,0.554084820443981,0.0964923543281975
22963,0.1533677929645,0.36731582882973,0.138732147502886,0.340584230702884
22964,0.15500575630348,0.152147398155363,0.497553694028292,0.195293151512865
22965,0.320020860771632,0.377567009528834,0.121993460530728,0.180418669168806
22966,0.172087399729956,0.149539837586699,0.537618231297546,0.140754531385799
22967,0.0727896612197631,0.473517020129474,0.369273818194139,0.0844195004566245
22968,0.232675007034463,0.201459192314986,0.41633515463919,0.149530646011362
22969,0.371915759250285,0.239840330786773,0.249197600778495,0.139046309184447
22970,0.427045926560625,0.194824278233252,0.196232360349973,0.18189743485615
22971,0.21844838687076,0.217993759446316,0.476677836363553,0.0868800173193716
22972,0.281231069097568,0.529267120640743,0.0769719692546011,0.112529841007087
22973,0.0785254688844886,0.396198005810266,0.0891582282067792,0.436118297098466
22974,0.0815432709361877,0.109001307281165,0.431849192265526,0.377606229517121
22975,0.283268035059625,0.148728229390965,0.390348899168816,0.177654836380594
22976,0.064751670815244,0.203374138879464,0.431517689480504,0.300356500824788
22977,0.0830529939018056,0.291819997012612,0.411957649879628,0.213169359205955
22978,0.0509051238718142,0.211983759071037,0.509977331672415,0.227133785384734
22979,0.0863700023418627,0.295307282634464,0.369792069036032,0.248530645987641
22980,0.327681864308797,0.4940010398165,0.0583620172574833,0.11995507861722
22981,0.218321229923877,0.51373901176552,0.136349274697044,0.131590483613559
22982,0.217682681250176,0.110636604660248,0.246151814496692,0.425528899592884
22983,0.455997263950056,0.349329114587075,0.0414161884537615,0.153257433009107
22984,0.0365938697074025,0.355545514453126,0.342824812937087,0.265035802902384
22985,0.37866533192827,0.0892164978755389,0.172343017337582,0.35977515285861
22986,0.332515428808683,0.316750544193918,0.104948610893712,0.245785416103687
22987,0.0882290093403995,0.149372394619465,0.41508666157753,0.347311934462606
22988,0.154853783497471,0.0866301369164633,0.568632174246855,0.189883905339211
22989,0.49748974605731,0.0979810806762281,0.180915331927859,0.223613841338603
22990,0.150959008469503,0.388374690547248,0.10636215059478,0.354304150388469
22991,0.575130953415884,0.120186167906573,0.0729467517368911,0.231736126940651
22992,0.237344877367974,0.41079828765704,0.166285216427362,0.185571618547624
22993,0.133233675883712,0.115911180983753,0.618296121109119,0.132559022023416
22994,0.650384459228614,0.180433533921432,0.0702942130434661,0.0988877938064886
22995,0.137115021662074,0.317406737731395,0.299374867688162,0.246103372918369
22996,0.509146490548831,0.194021300348935,0.166632027892876,0.130200181209358
22997,0.287523264231444,0.32337767665036,0.19116532230581,0.197933736812387
22998,0.239519117616604,0.212845917189106,0.179191959463484,0.368443005730807
22999,0.411244715163536,0.178873020663089,0.238777625784998,0.171104638388376
23000,0.185948290958162,0.204077473207037,0.536008075037858,0.0739661607969437
23001,0.245870445240567,0.409490903327526,0.167980995864308,0.176657655567599
23002,0.113441945831891,0.386830373760986,0.230748413773438,0.268979266633685
23003,0.632706282841075,0.121037373882658,0.142136871027649,0.104119472248619
23004,0.112225415611208,0.333319899081531,0.395138275811812,0.15931640949545
23005,0.285595997880625,0.524673604770312,0.0735554954816189,0.116174901867443
23006,0.134398771594919,0.126968684191044,0.627980090047559,0.110652454166477
23007,0.0469680002278519,0.406468044031832,0.460343101448988,0.0862208542913289
23008,0.105887867071081,0.480334531193724,0.260137855113078,0.153639746622117
23009,0.285659180457647,0.141893301605382,0.361998501585986,0.210449016350985
23010,0.426724727146075,0.278213230661728,0.134282454593904,0.160779587598293
23011,0.35426708299576,0.133675801093125,0.23740379782732,0.274653318083795
23012,0.289938360672322,0.125366268361488,0.378733969920445,0.205961401045745
23013,0.329486193348841,0.123461806250254,0.258003139037391,0.289048861363514
23014,0.131970574029686,0.308300746345434,0.352963275193636,0.206765404431245
23015,0.2078287219729,0.146575338573595,0.414683397767618,0.230912541685887
23016,0.388283217140236,0.197227900914228,0.288857080755446,0.125631801190091
23017,0.26199910151514,0.180865391362938,0.362143602837644,0.194991904284277
23018,0.438073511538416,0.204646228740491,0.211750799030578,0.145529460690515
23019,0.132353071899927,0.207237591911417,0.535081566167428,0.125327770021228
23020,0.309749341752543,0.137621163457391,0.176771871814673,0.375857622975394
23021,0.408067450692229,0.261943595692754,0.0783373267032341,0.251651626911783
23022,0.223577479809484,0.267134639199518,0.135968990444629,0.373318890546369
23023,0.433353801722233,0.192992801411455,0.170381328632054,0.203272068234259
23024,0.371101638436607,0.292779245321503,0.102489533897553,0.233629582344338
23025,0.155665107617755,0.395711527785038,0.23126159315212,0.217361771445087
23026,0.597460354060934,0.130495681259125,0.139062324870423,0.132981639809519
23027,0.236484295439071,0.279575035648541,0.201185977793589,0.2827546911188
23028,0.181531261452913,0.501076997912833,0.106014296511435,0.211377444122819
23029,0.0556468293063549,0.042996022628523,0.532007010297958,0.369350137767164
23030,0.37240443012144,0.241847881632097,0.0492971082486623,0.336450579997801
23031,0.0590094244596922,0.135702357646913,0.249075476393986,0.556212741499409
23032,0.168593793152021,0.468093592093024,0.150860932645471,0.212451682109483
23033,0.41222191682958,0.0945303757810081,0.0503808277712047,0.442866879618207
23034,0.106439172911428,0.249801163407086,0.0707584243866458,0.57300123929484
23035,0.360801318467649,0.23065847651627,0.0539534203493485,0.354586784666733
23036,0.0546535912305075,0.449070439823587,0.0576926838260006,0.438583285119905
23037,0.561570111204293,0.135017681627175,0.130319008581298,0.173093198587234
23038,0.28704185090447,0.495722357445033,0.0816601059026327,0.135575685747865
23039,0.590447179155883,0.113729435928425,0.0316939352012236,0.264129449714469
23040,0.0952883037743072,0.0835900833523774,0.112936792741863,0.708184820131452
23041,0.24997266462396,0.0820621616908889,0.419320345639265,0.248644828045886
23042,0.37996565780769,0.119422777746913,0.0692174372555139,0.431394127189884
23043,0.121265059442037,0.119340372059126,0.190620779162092,0.568773789336745
23044,0.14445689714574,0.182623274550432,0.466148417411993,0.206771410891836
23045,0.506021786870017,0.0740093652921022,0.137184190203734,0.282784657634147
23046,0.737300508922067,0.0373214783253359,0.0662167542455673,0.15916125850703
23047,0.0937065741354125,0.257537493727364,0.493665998606229,0.155089933530994
23048,0.541016224568712,0.145901712595628,0.162655022386682,0.150427040448979
23049,0.398653051580806,0.267154886989133,0.146042078834639,0.188149982595422
23050,0.267920503987909,0.471942752827556,0.120836524696046,0.139300218488489
23051,0.419670749610399,0.224761066762558,0.195355969834605,0.160212213792437
23052,0.145525468908543,0.620834660521557,0.137112310214628,0.0965275603552726
23053,0.48380987819566,0.0879940510551314,0.239716432847066,0.188479637902143
23054,0.408349488469554,0.0779371113225464,0.382623041009894,0.131090359198006
23055,0.596215805224825,0.222841749386617,0.0707650673758053,0.110177378012752
23056,0.242014371962097,0.196250734349265,0.241305590588945,0.320429303099692
23057,0.221387919134239,0.506550754303408,0.0674346020543558,0.204626724507998
23058,0.0672734311488751,0.434091906258472,0.370377241138968,0.128257421453685
23059,0.416561873673531,0.199661245234633,0.153734941379688,0.230041939712149
23060,0.476442283869145,0.149382606951906,0.0806081686087677,0.293566940570181
23061,0.402683465125083,0.12894640383063,0.366532553741754,0.101837577302532
23062,0.269584858876749,0.255239821869478,0.118148181047925,0.357027138205849
23063,0.118003709495629,0.096882592759077,0.638237249707635,0.146876448037659
23064,0.166857506155891,0.0860856704045442,0.550785790591726,0.196271032847839
23065,0.162974548104369,0.270201205561986,0.365136123707139,0.201688122626505
23066,0.117986810692454,0.599181889812737,0.0676023625016636,0.215228936993145
23067,0.215649613362725,0.156483006697068,0.279246979776902,0.348620400163305
23068,0.645036849445128,0.173683386074175,0.0352543219999465,0.14602544248075
23069,0.0876180027760952,0.408855396400552,0.24685926844307,0.256667332380283
23070,0.24607373671542,0.311211535550389,0.117049968734148,0.325664759000043
23071,0.0607874081474928,0.464055980465292,0.29638495852824,0.178771652858975
23072,0.245510182007393,0.134094649575256,0.418219154240144,0.202176014177207
23073,0.164194448051104,0.0799402989582608,0.449175771853571,0.306689481137064
23074,0.444158951059166,0.151915585366497,0.126853616034822,0.277071847539514
23075,0.330273487655948,0.219702402387471,0.21525734875564,0.23476676120094
23076,0.477255964154357,0.0868324792328365,0.118167752675854,0.317743803936953
23077,0.690402605318079,0.0774828965309921,0.0800052100569047,0.152109288094024
23078,0.112864099533257,0.225916576133284,0.459407970659215,0.201811353674244
23079,0.418722379127628,0.136379157616746,0.283451107082819,0.161447356172807
23080,0.301453755045755,0.32474872853788,0.157217823805105,0.216579692611261
23081,0.0801787992131796,0.116090798556722,0.59868148174696,0.205048920483139
23082,0.275692216952793,0.549455254987743,0.0590044685988562,0.115848059460608
23083,0.20406165436821,0.367540847342426,0.230100728571871,0.198296769717493
23084,0.0941108329928136,0.273664923516404,0.471298395354445,0.160925848136338
23085,0.142278501705382,0.123562505700248,0.201548694902029,0.532610297692341
23086,0.321492484662238,0.327802460363474,0.211673334250954,0.139031720723335
23087,0.20018236452267,0.320595989478673,0.343770752188024,0.135450893810633
23088,0.373447110028536,0.140530276163947,0.390519453451126,0.0955031603563909
23089,0.48879703967982,0.27267179409196,0.161650730684887,0.076880435543333
23090,0.128813620580803,0.208171065617871,0.449978109910299,0.213037203891027
23091,0.337315233544911,0.275959909213504,0.239729337251301,0.146995519990284
23092,0.316718786528908,0.170384193566458,0.339214891416233,0.173682128488401
23093,0.374018779964202,0.180912994882911,0.216001649798688,0.229066575354199
23094,0.543082689044201,0.225829022900766,0.140382115611245,0.0907061724437877
23095,0.334402524150865,0.251044588961606,0.164486048579971,0.250066838307558
23096,0.328171375432452,0.202115285567864,0.285842738211416,0.183870600788268
23097,0.582431225741758,0.0824923687152955,0.263168286847188,0.0719081186957585
23098,0.388308836737693,0.171083308491103,0.280724303587537,0.159883551183667
23099,0.440176919194715,0.206842576518827,0.210782900245,0.142197604041458
23100,0.193772882996055,0.168808620239546,0.559060760294645,0.0783577364697538
23101,0.189849781113283,0.494320512742003,0.146602070809057,0.169227635335657
23102,0.324352031962453,0.172685127985919,0.312612621470196,0.190350218581433
23103,0.252005593140743,0.325531351016229,0.326969450167192,0.0954936056758355
23104,0.204441536466359,0.314870932661631,0.281058539819006,0.199628991053005
23105,0.12572768068495,0.307826416325293,0.349987520330677,0.216458382659079
23106,0.311537164197518,0.241525148915327,0.230400325398667,0.216537361488488
23107,0.242505358433256,0.12653032547799,0.518853056903322,0.112111259185433
23108,0.233484075626014,0.270075693052907,0.20495296200082,0.291487269320259
23109,0.130506341617,0.362861580227582,0.374354223187425,0.132277854967992
23110,0.487938307392719,0.0932839859457195,0.254763320484461,0.164014386177101
23111,0.13782991707162,0.453043391496906,0.265534068364811,0.143592623066663
23112,0.184826295721021,0.170052967915399,0.556825796905683,0.0882949394578976
23113,0.224941868654927,0.3323555041555,0.250199091260868,0.192503535928705
23114,0.124849426060296,0.320239703826959,0.429301621772512,0.125609248340232
23115,0.168147933448356,0.292242675969477,0.331972862486859,0.207636528095307
23116,0.141821491899477,0.628445944575847,0.050518208352681,0.179214355171995
23117,0.255437025738295,0.147154719924352,0.451102624233494,0.146305630103859
23118,0.09089157890333,0.127111770095763,0.504753696153805,0.277242954847102
23119,0.0977517893989078,0.37550092999408,0.224180277170961,0.302567003436051
23120,0.466519770504665,0.222662872761748,0.107998070065149,0.202819286668439
23121,0.293893365285369,0.326692788219767,0.150269516014013,0.229144330480852
23122,0.267347224920574,0.20842866874462,0.255754091631391,0.268470014703415
23123,0.0761437241955693,0.487497486795926,0.206012116657996,0.230346672350509
23124,0.261287480627874,0.432579319603037,0.140027627948135,0.166105571820953
23125,0.298040103220283,0.395658828226845,0.153533424825616,0.152767643727256
23126,0.317000324470206,0.279625341084628,0.23270685502216,0.170667479423007
23127,0.297804586041338,0.157588146297122,0.434118129019617,0.110489138641923
23128,0.534740844159051,0.207886413282189,0.108816018324347,0.148556724234414
23129,0.383132426951935,0.314178486007475,0.151497160508735,0.151191926531856
23130,0.214768240693049,0.486708074897128,0.129553988129997,0.168969696279827
23131,0.275230947368096,0.188898746595386,0.42089013080229,0.114980175234228
23132,0.36749770631688,0.279627536403429,0.221710963474948,0.131163793804743
23133,0.192418386104637,0.196826077149231,0.503959189024382,0.10679634772175
23134,0.174552125474237,0.238215746814934,0.405422573753004,0.181809553957825
23135,0.18350346643357,0.387448467503848,0.314258148569749,0.114789917492833
23136,0.235027423783169,0.0991527412627681,0.496730850389949,0.169088984564113
23137,0.213844579638551,0.31017125833202,0.209388273741424,0.266595888288006
23138,0.146957529670674,0.209292174041716,0.517691771640309,0.126058524647301
23139,0.371254242021808,0.27263332040539,0.184922544389425,0.171189893183377
23140,0.2157832212244,0.499120718302586,0.124323854596758,0.160772205876256
23141,0.186304209961604,0.476286590418433,0.171715100251215,0.165694099368748
23142,0.302117602637124,0.110971707857762,0.439698634237342,0.147212055267773
23143,0.240753994159811,0.239734214551343,0.432011346140132,0.0875004451487147
23144,0.135532386512355,0.352291194944066,0.382274668912149,0.12990174963143
23145,0.202172392105244,0.403529395476421,0.225921553984272,0.168376658434063
23146,0.19280910577642,0.464596445434924,0.2630021810076,0.0795922677810552
23147,0.28431352228312,0.186930074187425,0.328605560177721,0.200150843351734
23148,0.216792096187088,0.490515209228707,0.144872275501721,0.147820419082483
23149,0.404940920001519,0.356880888109034,0.100726782562819,0.137451409326628
23150,0.229739496311509,0.394050230468692,0.190956563607773,0.185253709612026
23151,0.298880771242984,0.151048295791431,0.458400751132187,0.0916701818333978
23152,0.280664147480572,0.133765476523961,0.461017233210235,0.124553142785232
23153,0.3717136808966,0.23729142961871,0.215163870408034,0.175831019076657
23154,0.255598306570929,0.276634475706005,0.278829068933369,0.188938148789696
23155,0.496190559767057,0.240012163581162,0.14233604671535,0.121461229936431
23156,0.425428892358391,0.166064187961918,0.240252661308681,0.16825425837101
23157,0.130470499553462,0.587451900863487,0.162497426953244,0.119580172629807
23158,0.451379089322475,0.182527340771092,0.232841875465772,0.133251694440661
23159,0.290681288100276,0.238568638601439,0.326638230091567,0.144111843206718
23160,0.154005099669946,0.215416147598528,0.393432196150356,0.237146556581169
23161,0.3512909592578,0.265681279990309,0.277806387780187,0.105221372971704
23162,0.207325596153374,0.294854881492246,0.107139478346463,0.390680044007918
23163,0.138133574085042,0.69517115497519,0.0484768355746377,0.11821843536513
23164,0.230625464627807,0.452362220074597,0.168134819780853,0.148877495516744
23165,0.057598125040685,0.210755660669672,0.36140175605658,0.370244458233064
23166,0.546977241437396,0.14001013318416,0.0910529214886375,0.221959703889807
23167,0.318625505266765,0.172210996602966,0.222748725364093,0.286414772766176
23168,0.274435276451075,0.076224284731904,0.238599246719114,0.410741192097907
23169,0.235170172684728,0.310097808266007,0.346142480465026,0.108589538584239
23170,0.201241918154578,0.143990820313212,0.224249950319397,0.430517311212813
23171,0.280144553090039,0.178792181276323,0.262202065961996,0.278861199671641
23172,0.285960778946764,0.421926606745616,0.145887896425112,0.146224717882508
23173,0.0940822332680735,0.133093173995699,0.332471787125795,0.440352805610432
23174,0.72818710729595,0.105318095843233,0.0402132240985358,0.126281572762282
23175,0.360150419673847,0.130544753739393,0.229119773856587,0.280185052730173
23176,0.0649790872833916,0.56622352639889,0.125576873124142,0.243220513193577
23177,0.362339506467073,0.241384496991646,0.325009679462153,0.0712663170791288
23178,0.215863289672581,0.429142677805654,0.211328936448439,0.143665096073326
23179,0.179153910080911,0.52772563728011,0.102169982777738,0.190950469861241
23180,0.0633246798820875,0.222257854253166,0.539029147854708,0.175388318010038
23181,0.186814713188319,0.46959292581262,0.156493520641235,0.187098840357826
23182,0.40111539230565,0.358494498642267,0.104030293062223,0.13635981598986
23183,0.175924823533113,0.4134155560089,0.188139034506422,0.222520585951565
23184,0.261136535756088,0.265449164713065,0.285197193572489,0.188217105958358
23185,0.329791642886735,0.170735274046567,0.222022673579303,0.277450409487396
23186,0.33424097692133,0.265533436963161,0.123728620150022,0.276496965965488
23187,0.167821559583203,0.191688277955332,0.465514192523552,0.174975969937914
23188,0.463914319196313,0.337303134612888,0.0906257215104227,0.108156824680376
23189,0.265267974364087,0.180014937116281,0.217996948642043,0.336720139877589
23190,0.218397782590458,0.208300470586016,0.351270422686676,0.22203132413685
23191,0.327301222993558,0.372943743073999,0.125685965955431,0.174069067977012
23192,0.265580345501027,0.401740875236592,0.0972443608900501,0.23543441837233
23193,0.278223745377225,0.268193781734679,0.167621833573411,0.285960639314686
23194,0.376868459729926,0.382384445742324,0.0943451284705144,0.146401966057235
23195,0.442504361164442,0.20456218427618,0.208074005576293,0.144859448983085
23196,0.244556916058481,0.377113050818031,0.211138036041316,0.167191997082172
23197,0.415050706166053,0.110202858144253,0.237405367098608,0.237341068591086
23198,0.411640949374717,0.127928050271569,0.234511126027491,0.225919874326224
23199,0.576508397075683,0.175133937896408,0.0857321145189227,0.162625550508987
23200,0.316679809381961,0.169482553749298,0.414110947777217,0.0997266890915243
23201,0.375280794631824,0.248059291356279,0.274004198324532,0.102655715687365
23202,0.210989441583594,0.300452196481086,0.372506274415928,0.116052087519392
23203,0.102720643024919,0.539738793534606,0.248549051706575,0.1089915117339
23204,0.295743111256052,0.320998760854508,0.191657874872122,0.191600253017319
23205,0.259697318102116,0.164541342396301,0.362731473472876,0.213029866028707
23206,0.350187980796569,0.362574812497073,0.0849684732666948,0.202268733439663
23207,0.285756199876802,0.20049220935585,0.398460043447331,0.115291547320018
23208,0.254026408930125,0.166252341489671,0.373303089803863,0.206418159776341
23209,0.324941044166727,0.343673501283602,0.173756180233639,0.157629274316032
23210,0.525281916297348,0.190581383233192,0.160909021205416,0.123227679264044
23211,0.310874835234617,0.422787956161561,0.130768782924132,0.135568425679691
23212,0.149743174836038,0.372960411392507,0.30894789684621,0.168348516925244
23213,0.161412965087663,0.170309656191174,0.443534706385376,0.224742672335788
23214,0.55553892963774,0.0825246756875304,0.278598408909016,0.0833379857657137
23215,0.426427638858709,0.134507201796851,0.24151577198478,0.19754938735966
23216,0.31742001540373,0.219716339988195,0.256537538802587,0.206326105805488
23217,0.177121660083438,0.484970982284436,0.148116873052141,0.189790484579986
23218,0.222019191945643,0.28831715001926,0.307804702751151,0.181858955283947
23219,0.250301280699551,0.0936196351246271,0.0700613810162149,0.586017703159607
23220,0.563477579566906,0.180201260160424,0.0744504330399217,0.181870727232748
23221,0.758170545932489,0.0325760792568548,0.0348448966256846,0.174408478184972
23222,0.0996587472371329,0.088483443035001,0.499971730555165,0.311886079172702
23223,0.146738236806065,0.412076654956962,0.103137808044438,0.338047300192535
23224,0.0826585655499681,0.276082536981112,0.20892006402517,0.43233883344375
23225,0.281509564426949,0.50167587317035,0.0317881296761857,0.185026432726515
23226,0.100898387772949,0.145761249632196,0.31027674743693,0.443063615157925
23227,0.592466074799774,0.158830401384193,0.0592087172423745,0.189494806573658
23228,0.0925242363253109,0.0773730253267196,0.113363254902314,0.716739483445655
23229,0.173078200253646,0.156420156481235,0.358655524147288,0.311846119117831
23230,0.11415427847639,0.300758506505941,0.0710027249964323,0.514084490021237
23231,0.0629950793388404,0.28067587732154,0.115812490995003,0.540516552344617
23232,0.258313935725442,0.27870775392236,0.174897935356237,0.288080374995962
23233,0.108028382433855,0.100150605920364,0.328866459140582,0.462954552505198
23234,0.192750597429669,0.0508999293727361,0.116741914639022,0.639607558558573
23235,0.136255430617193,0.0371697881302691,0.435565733644463,0.391009047608075
23236,0.431771650373503,0.0315448432342405,0.343437394554643,0.193246111837614
23237,0.0462139668236075,0.173798081854464,0.421240247747897,0.358747703574031
23238,0.111203193595912,0.233246578371099,0.259318379671477,0.396231848361512
23239,0.236374022735576,0.439308501688151,0.0526698678210282,0.271647607755245
23240,0.169148829072768,0.532222849457295,0.0570395176377488,0.241588803832189
23241,0.390295000871026,0.126365000363209,0.198271174595646,0.28506882417012
23242,0.607658357468217,0.136088667767142,0.0516257840840504,0.204627190680591
23243,0.302689666622876,0.0613750044225729,0.31025934563623,0.325675983318322
23244,0.192850384024085,0.446595274875013,0.118649447845807,0.241904893255095
23245,0.542483693034276,0.0388860248019693,0.14932007975839,0.269310202405365
23246,0.342553620969671,0.248592988767985,0.104148575736787,0.304704814525557
23247,0.111443707302006,0.0832161967655039,0.290438205013157,0.514901890919333
23248,0.112820561970401,0.463509713880333,0.195206398915827,0.228463325233439
23249,0.28372837673876,0.23727278412702,0.21706325013808,0.26193558899614
23250,0.265842408020624,0.0833356214462835,0.468169223181258,0.182652747351835
23251,0.0878502387937588,0.585152944146648,0.081086919422647,0.245909897636946
23252,0.137566865047555,0.250644029120032,0.252898816451232,0.35889028938118
23253,0.0671502204307837,0.219431217569744,0.576386909718733,0.137031652280739
23254,0.4863985523237,0.0876367772512544,0.289387673557501,0.136576996867545
23255,0.366488779251153,0.23775259955172,0.048629763341704,0.347128857855423
23256,0.570296813088805,0.0438146672423061,0.152141468502151,0.233747051166738
23257,0.259153896779094,0.504085255726492,0.0333912496111223,0.203369597883292
23258,0.619010900072105,0.0657416622623078,0.104908641823684,0.210338795841904
23259,0.0822138474219429,0.16827306800069,0.360258523743283,0.389254560834084
23260,0.159571821631872,0.0625938377304403,0.559306076260694,0.218528264376994
23261,0.119509240159057,0.481167081042212,0.110311247667261,0.28901243113147
23262,0.560789085381439,0.084768867227526,0.123249000016821,0.231193047374214
23263,0.414384618818895,0.166139993176032,0.280435981892675,0.139039406112398
23264,0.0517699140539134,0.374678024680663,0.358133426980793,0.215418634284631
23265,0.587503487121352,0.15401024527931,0.0982119293801565,0.160274338219181
23266,0.249306398034107,0.145575421263544,0.212781498202196,0.392336682500153
23267,0.248849330993919,0.232199697045691,0.334045060086823,0.184905911873567
23268,0.217592997816829,0.182082820948687,0.103778484318795,0.496545696915689
23269,0.333671908179083,0.37089525615181,0.0481407206982915,0.247292114970816
23270,0.217956341223478,0.244939487497488,0.418014900288004,0.11908927099103
23271,0.361398661527863,0.110830506526981,0.110864251028032,0.416906580917123
23272,0.144476874846551,0.233267945960011,0.442759611671062,0.179495567522376
23273,0.166612023562792,0.471280072968548,0.113581118217083,0.248526785251578
23274,0.411134252293642,0.15644861202587,0.127941787286971,0.304475348393517
23275,0.137059772080874,0.255180387549927,0.2878327676825,0.319927072686699
23276,0.192254915366558,0.447507898483906,0.17394230818115,0.186294877968386
23277,0.399816240970305,0.347759526914174,0.0759963329062675,0.176427899209253
23278,0.143256070421444,0.166855204213231,0.331906606105453,0.357982119259872
23279,0.313978672417584,0.350877313934027,0.126665809835929,0.208478203812459
23280,0.297817890376871,0.203863052439268,0.253026427946406,0.245292629237454
23281,0.134618356736615,0.485623635302362,0.186529016225198,0.193228991735825
23282,0.250754127171312,0.412923423353589,0.160138501507919,0.176183947967179
23283,0.17032484182601,0.333099933240282,0.279837303008516,0.216737921925192
23284,0.157936548536977,0.35156407221446,0.240531008993262,0.249968370255301
23285,0.382587033005668,0.204118888819991,0.176279089685132,0.237014988489209
23286,0.223157489406434,0.109324567054399,0.442941128567663,0.224576814971504
23287,0.1463661356633,0.243398997434659,0.298304789217154,0.311930077684887
23288,0.594981714907054,0.117464702125502,0.149895714038708,0.137657868928736
23289,0.224586169656404,0.412291735178792,0.228129115873401,0.134992979291403
23290,0.234008548771457,0.357537204985067,0.145929517534161,0.262524728709316
23291,0.358173920601784,0.158257658111153,0.213654551670553,0.26991386961651
23292,0.174959779938343,0.171497141286483,0.471193908483296,0.182349170291878
23293,0.511259181150695,0.221200194024054,0.102975749744184,0.164564875081067
23294,0.2468151871448,0.250224949427817,0.188986469302284,0.313973394125098
23295,0.319367103224411,0.0203039992655065,0.501527685134487,0.158801212375596
23296,0.208660131007951,0.230288833533129,0.41908635896838,0.141964676490541
23297,0.102166928473591,0.0701563701464612,0.487201789468447,0.3404749119115
23298,0.342660672434702,0.0618889434137232,0.334726088760314,0.260724295391261
23299,0.3596499837814,0.194216994177577,0.10356129591427,0.342571726126753
23300,0.393921826560164,0.189016117918863,0.302690524414712,0.114371531106261
23301,0.376196781469663,0.103100625110635,0.143311452678879,0.377391140740823
23302,0.263410568367193,0.209288080069375,0.405703673525293,0.12159767803814
23303,0.198482664663057,0.176110916652678,0.370828486954897,0.254577931729368
23304,0.0746732522515167,0.422462752764145,0.101146242304825,0.401717752679513
23305,0.351206204998808,0.073451931652194,0.0970273776862428,0.478314485662755
23306,0.358017622592832,0.377227051652935,0.102095510871926,0.162659814882308
23307,0.162177380885102,0.284106449002993,0.214058321826153,0.339657848285752
23308,0.311375500096886,0.0592482280153626,0.478136285951008,0.151239985936743
23309,0.147264188103483,0.144582131667293,0.0890873881902535,0.619066292038971
23310,0.143253425959231,0.0813808361933311,0.544570865196708,0.230794872650731
23311,0.196942020289439,0.0855056337429963,0.260992046435991,0.456560299531574
23312,0.288178267105735,0.141365294764843,0.429525069362938,0.140931368766483
23313,0.128847137303041,0.277384609710956,0.274225132892685,0.319543120093318
23314,0.472300174187609,0.059777389160061,0.0899375532420234,0.377984883410307
23315,0.349839343933682,0.115904019463959,0.425768624105496,0.108488012496863
23316,0.27683384177712,0.111798033254177,0.27684950751603,0.334518617452672
23317,0.272003558619867,0.171231903304495,0.1770700648849,0.379694473190738
23318,0.0806726201757482,0.0752913616535625,0.393832930930173,0.450203087240516
23319,0.262734092753831,0.130704714062754,0.0418766530277316,0.564684540155684
23320,0.118617944821259,0.0725519591810078,0.248692201663286,0.560137894334448
23321,0.594894438264893,0.0199502712423412,0.262417457910808,0.122737832581958
23322,0.173534932548879,0.0683631157938987,0.405497378485573,0.352604573171649
23323,0.33646637544772,0.363845136370059,0.0389201821786224,0.260768306003598
23324,0.546447349973101,0.072327640312074,0.147689115153354,0.233535894561471
23325,0.0475946621141386,0.354552339276554,0.374573700795694,0.223279297813614
23326,0.0763628752333269,0.11311469675858,0.0963229482106457,0.714199479797447
23327,0.0863616869084902,0.0409010879143014,0.671728597626123,0.201008627551086
23328,0.0312768906552663,0.445155719544825,0.0501802674977584,0.47338712230215
23329,0.237567955424762,0.0569605384232342,0.197137551689692,0.508333954462312
23330,0.197555110050583,0.0649721181314387,0.507838784566057,0.229633987251922
23331,0.147048689041892,0.671598911558722,0.035862790986822,0.145489608412564
23332,0.167819581379032,0.269016541369386,0.445285881018434,0.117877996233148
23333,0.557953345527804,0.0748497047332791,0.13698337015825,0.230213579580666
23334,0.333911391896375,0.145859297546474,0.142347063800861,0.37788224675629
23335,0.413491567384971,0.220684683981592,0.157094260863566,0.20872948776987
23336,0.0736541594794246,0.231919447865848,0.328041166593226,0.366385226061501
23337,0.617455960259363,0.082014676545854,0.151707326971377,0.148822036223406
23338,0.149395094453881,0.117912249714293,0.580174007538367,0.152518648293458
23339,0.144660024238716,0.0729763902692367,0.474239601073994,0.308123984418053
23340,0.113396278067412,0.0665421202535635,0.445504263032785,0.374557338646239
23341,0.091287646489963,0.0479095301915151,0.690763321365834,0.170039501952688
23342,0.334621420881407,0.124687965829481,0.295163951373994,0.245526661915119
23343,0.173567055203411,0.43387025211682,0.113687915562013,0.278874777117757
23344,0.25397553448189,0.160186493810165,0.214704317714435,0.37113365399351
23345,0.141770585074054,0.179545342524422,0.217054606311134,0.46162946609039
23346,0.234867852021016,0.4024217820168,0.0841261517541403,0.278584214208044
23347,0.30137599971773,0.248486359376523,0.176972160581438,0.273165480324308
23348,0.111162306354745,0.273873348833396,0.297426375944135,0.317537968867724
23349,0.226211536325653,0.30658570395967,0.326870448899089,0.140332310815587
23350,0.222907910363791,0.488229904618012,0.0541980811446354,0.234664103873562
23351,0.145535205354493,0.212099667318344,0.314539581898265,0.327825545428898
23352,0.136423319810443,0.195691318891244,0.385356008390669,0.282529352907644
23353,0.107565437751793,0.329766767268161,0.226804242225846,0.3358635527542
23354,0.0925054000323961,0.539287318190063,0.12510452967228,0.243102752105261
23355,0.214152917871596,0.410008340415983,0.0876273151351551,0.288211426577266
23356,0.307867421961799,0.0943887270682085,0.416030884830216,0.181712966139776
23357,0.13231860623044,0.439228526864866,0.112028224488341,0.316424642416353
23358,0.225903663231322,0.115802705074408,0.325844733070074,0.332448898624195
23359,0.276426071334216,0.139198434662934,0.330456078772881,0.253919415229969
23360,0.370331141853323,0.367126851283535,0.121379822490062,0.141162184373081
23361,0.0804581064450158,0.124360723034971,0.508165867863026,0.287015302656987
23362,0.178524034248758,0.267425952260183,0.252718746527882,0.301331266963178
23363,0.183427077467468,0.37524478709934,0.234736206817242,0.206591928615951
23364,0.159753038615952,0.224280185813035,0.262083111914304,0.353883663656709
23365,0.312337829632757,0.242474024690916,0.263739026514672,0.181449119161656
23366,0.197220610189577,0.0641960219816636,0.474116925573959,0.2644664422548
23367,0.149558206086499,0.209451558063928,0.443944899255313,0.19704533659426
23368,0.0792299205896461,0.278726322849655,0.40592538249128,0.23611837406942
23369,0.358440501396759,0.223064369454174,0.194834002175731,0.223661126973336
23370,0.183866403739598,0.110635733928758,0.463277108035812,0.242220754295831
23371,0.684544588868622,0.0370995307938204,0.0701496286411425,0.208206251696415
23372,0.39784501238089,0.0769416525956751,0.0446126774549669,0.480600657568468
23373,0.119290622849375,0.287791534736539,0.38391692635923,0.209000916054856
23374,0.0386992557728856,0.255766276641841,0.547499311296096,0.158035156289177
23375,0.212622330179044,0.281280214127054,0.355955118510166,0.150142337183736
23376,0.239565635590649,0.267905683399398,0.34196312748074,0.150565553529213
23377,0.204985199961336,0.199486950671812,0.449106567385365,0.146421281981488
23378,0.553892007740086,0.0539053300187641,0.193330411756156,0.198872250484994
23379,0.145586233634099,0.0943044851682049,0.365247673476973,0.394861607720722
23380,0.220620534696914,0.324631247590219,0.164167599785374,0.290580617927492
23381,0.144916108418937,0.294292839651704,0.275680990808529,0.28511006112083
23382,0.107166061623682,0.0596560222445801,0.397635795698444,0.435542120433294
23383,0.0860798725753135,0.509037337502599,0.0962985141764724,0.308584275745615
23384,0.629416427538875,0.0666714631273294,0.133498852465551,0.170413256868245
23385,0.177927155135172,0.326519917690908,0.382144314030758,0.113408613143162
23386,0.172352657056604,0.468683677973306,0.0323359264302013,0.326627738539889
23387,0.265356683147111,0.217503742862567,0.0907085841061796,0.426430989884143
23388,0.123065265041919,0.245552053879139,0.333573890135308,0.297808790943635
23389,0.0651488899386078,0.0772384173560493,0.386307710502167,0.471304982203176
23390,0.242726720353678,0.376000461733086,0.244169306779925,0.137103511133311
23391,0.223977493774303,0.30298585746778,0.346918520332785,0.126118128425132
23392,0.287420556421627,0.244791981403449,0.373355748068086,0.0944317141068381
23393,0.0959435495722028,0.49957648707002,0.304218477759682,0.100261485598095
23394,0.31778354405075,0.366692137122872,0.225702590787562,0.0898217280388164
23395,0.187277676303543,0.27367182323068,0.406008728991789,0.133041771473988
23396,0.460687715095336,0.248570708325435,0.164079594466759,0.12666198211247
23397,0.398538372446875,0.301222215197561,0.148614176389322,0.151625235966242
23398,0.235262934918384,0.587285064250636,0.110046525851511,0.0674054749794682
23399,0.147482241548689,0.566445939332488,0.171950432896717,0.114121386222106
23400,0.440852229923705,0.143586791708578,0.258252299545173,0.157308678822544
23401,0.348263772457495,0.300430236923672,0.204329705283696,0.146976285335137
23402,0.160423099978002,0.435736638712069,0.319503092660725,0.0843371686492042
23403,0.297472894353077,0.223270164580338,0.339916066043437,0.139340875023147
23404,0.181354937295876,0.439289126098131,0.290303596340662,0.0890523402653306
23405,0.130544159442548,0.482958442390048,0.261194818582476,0.125302579584927
23406,0.465517512116041,0.278465174504921,0.165508653484128,0.0905086598949096
23407,0.291826972576194,0.261883779367035,0.231327296260555,0.214961951796216
23408,0.359614283123809,0.299192417384131,0.210306649427065,0.130886650064996
23409,0.316353842875198,0.287465888930257,0.249009308001462,0.147170960193083
23410,0.239162657705947,0.356114179409426,0.222462185536524,0.182260977348104
23411,0.220815599990218,0.322529252673397,0.299873876756551,0.156781270579834
23412,0.151501437644688,0.49913461244493,0.186040864157737,0.163323085752646
23413,0.258444039732455,0.27774035583594,0.301346901471205,0.1624687029604
23414,0.317517372767766,0.343609675499396,0.152790371686024,0.186082580046813
23415,0.293705732224289,0.383944849078118,0.194834336448521,0.127515082249073
23416,0.184444889717529,0.515124685202799,0.151977661898961,0.148452763180711
23417,0.390595775586901,0.171066879410273,0.285277851476768,0.153059493526057
23418,0.195463559179622,0.267679399916903,0.25694646655298,0.279910574350496
23419,0.200532400520352,0.383100012474007,0.195729773049851,0.22063781395579
23420,0.260382138065605,0.152240636771321,0.438094052210444,0.14928317295263
23421,0.363684178246302,0.27912059118458,0.130908820045133,0.226286410523986
23422,0.260250397821424,0.169118588380667,0.378262721535224,0.192368292262686
23423,0.446990334693673,0.116288500860403,0.330013298107564,0.10670786633836
23424,0.329828580988989,0.192552493377548,0.235709349014481,0.241909576618983
23425,0.358229276117515,0.299389566668014,0.157349582501311,0.185031574713159
23426,0.24067027373971,0.4179947017723,0.168342785822476,0.172992238665514
23427,0.432817757950244,0.0893594061336625,0.392001605503789,0.085821230412304
23428,0.362558551312235,0.19822846537376,0.268576454850872,0.170636528463133
23429,0.253384232826425,0.478754360212599,0.151098258719405,0.116763148241571
23430,0.309779503007537,0.247377124003882,0.321748019585557,0.121095353403024
23431,0.276484711673504,0.313447303807169,0.311601019736581,0.0984669647827466
23432,0.261250096740756,0.238784296495125,0.288167517392187,0.211798089371932
23433,0.427703676516754,0.24624818997381,0.199900167454729,0.126147966054706
23434,0.250282259970111,0.266750157218673,0.361007685465422,0.121959897345794
23435,0.289511064079035,0.202040467064124,0.320383529244505,0.188064939612335
23436,0.285388353969941,0.323706380926015,0.198325203151162,0.192580061952881
23437,0.26405534816246,0.325611254986991,0.264999986294453,0.145333410556097
23438,0.185399990173545,0.173594171765636,0.534869077745722,0.106136760315097
23439,0.279146609021999,0.31269316572277,0.223526831397614,0.184633393857616
23440,0.377540910994956,0.245832123065764,0.267891635046911,0.108735330892369
23441,0.179016633746578,0.208927889082352,0.370145534571163,0.241909942599907
23442,0.333596651965375,0.272177111674884,0.254834193937775,0.139392042421966
23443,0.390209285776581,0.215681169359117,0.254247152386174,0.139862392478128
23444,0.191374030708499,0.304500564365867,0.427824654989821,0.076300749935813
23445,0.153164634205984,0.212272366726568,0.52377368437815,0.110789314689297
23446,0.487660080852472,0.178798062964067,0.195596157933296,0.137945698250165
23447,0.264148829271179,0.0889457800529694,0.389870297288206,0.257035093387646
23448,0.158732969524193,0.250830506086212,0.110567261614164,0.479869262775432
23449,0.492326098905235,0.0450053232385846,0.149986228129382,0.312682349726798
23450,0.0649425240760809,0.122041463176958,0.383829720947859,0.429186291799102
23451,0.180296399092008,0.243056042723849,0.304557983112209,0.272089575071935
23452,0.062735643302955,0.53972766062325,0.0445908685460823,0.352945827527713
23453,0.460320742273574,0.115377421104323,0.176996154049213,0.24730568257289
23454,0.170188906937137,0.0965838680729631,0.0528878177679863,0.680339407221914
23455,0.295929871283729,0.0736422182132976,0.0902286897156795,0.540199220787294
23456,0.0919132494901043,0.543379490046619,0.0420920224399686,0.322615238023309
23457,0.114569358513608,0.0516062826808923,0.227665828084484,0.606158530721015
23458,0.0302041258184722,0.363008184424146,0.307093695032155,0.299693994725227
23459,0.289753125973417,0.38300211475678,0.0543157693157424,0.272928989954061
23460,0.201803426420142,0.573784673471729,0.0538597824540709,0.170552117654058
23461,0.0263202941357884,0.297600198587122,0.391846641633577,0.284232865643512
23462,0.535230941280274,0.20840117016475,0.0516616918693186,0.204706196685657
23463,0.0626469576973429,0.102857362324179,0.458147791622576,0.376347888355902
23464,0.0815868828632831,0.0402670046355666,0.538385500078187,0.339760612422963
23465,0.289863231557268,0.338900005090435,0.0867334955117641,0.284503267840533
23466,0.322704213246478,0.101575165464305,0.144119657403374,0.431600963885843
23467,0.0523223986153508,0.620211191117831,0.0798894057587035,0.247577004508114
23468,0.455062927831157,0.116243957653325,0.103691848477561,0.325001266037957
23469,0.109667573470525,0.0563863633197016,0.71824361224318,0.115702450966593
23470,0.424543169521159,0.255084651465028,0.194243785283446,0.126128393730367
23471,0.0717755819599313,0.304438229769358,0.460733006227967,0.163053182042744
23472,0.273928433974796,0.307431322995685,0.267138380315592,0.151501862713927
23473,0.20159651110523,0.12323267414651,0.450084345289303,0.225086469458956
23474,0.26981564949869,0.115942501302962,0.301675943256615,0.312565905941734
23475,0.12442741620591,0.510689647173379,0.0837979586258567,0.281084977994854
23476,0.190273697481325,0.55413728961063,0.0966274560987264,0.158961556809318
23477,0.368220247450805,0.100910983958315,0.325297680886772,0.205571087704107
23478,0.235410312319432,0.397474998384603,0.180748960341051,0.186365728954915
23479,0.0845086440037874,0.194094970970383,0.290508809848833,0.430887575176996
23480,0.0634861159666676,0.405287125074235,0.37614019913806,0.155086559821037
23481,0.318248106311797,0.467703220194001,0.100236057989151,0.113812615505051
23482,0.670371162359189,0.0629984721884131,0.113439960170723,0.153190405281676
23483,0.155113595972659,0.304421520888735,0.261010882270462,0.279454000868144
23484,0.0554466549524649,0.281282607406504,0.583184564407181,0.0800861732338498
23485,0.247974081926898,0.395376619586565,0.0426832998318965,0.313965998654641
23486,0.0396422891568226,0.34446883221721,0.191552731434501,0.424336147191467
23487,0.244224943653815,0.387225232342471,0.0431285344518885,0.325421289551826
23488,0.189852649830694,0.465159073102988,0.062209966794485,0.282778310271834
23489,0.251512704830324,0.0579351281356004,0.207383381990411,0.483168785043666
23490,0.106724083663723,0.0433539961728315,0.278697907266023,0.571224012897422
23491,0.0770272135540779,0.156787174753816,0.268251816057544,0.497933795634562
23492,0.053267417550255,0.32417470631372,0.332437131390863,0.290120744745163
23493,0.0941674885961226,0.104414442418563,0.111880733808133,0.689537335177181
23494,0.200454086382165,0.467883107508958,0.0517489490680782,0.279913857040799
23495,0.107774758575612,0.643903542837113,0.0608035102268389,0.187518188360436
23496,0.11837945839534,0.42611056282284,0.034349627543613,0.421160351238207
23497,0.140493618329353,0.534497664549478,0.0928956548359407,0.232113062285228
23498,0.204418693167034,0.0505273278452795,0.336988423001101,0.408065555986585
23499,0.0506085122088867,0.0853805894859019,0.247709094051709,0.616301804253503
23500,0.0458632441775104,0.174509920264957,0.465489748951034,0.314137086606499
23501,0.425676579923866,0.0505353832267925,0.245842977642027,0.277945059207315
23502,0.170422563509776,0.0589003498130136,0.375922397766127,0.394754688911084
23503,0.539776102816701,0.0696423209387466,0.0625493789858719,0.328032197258681
23504,0.330527654952502,0.273640079214936,0.186495537750828,0.209336728081735
23505,0.0521985797629885,0.307292799190732,0.416315361985258,0.224193259061022
23506,0.439466421433861,0.0468750128739093,0.375687701128604,0.137970864563626
23507,0.627508091330252,0.162887689399724,0.0936703874436458,0.115933831826378
23508,0.0912561160890487,0.120323581689892,0.312500312669869,0.47591998955119
23509,0.334014432428735,0.250391205725578,0.0955336261960533,0.320060735649633
23510,0.312708952397632,0.0668122646777937,0.23750310879469,0.382975674129885
23511,0.278895527307835,0.0873680585356554,0.0841521953368319,0.549584218819678
23512,0.621888104936224,0.207503860991707,0.0516651513377184,0.11894288273435
23513,0.12148388570206,0.18149652175824,0.0586152979266531,0.638404294613047
23514,0.294180307481827,0.0913987991604609,0.234696250289275,0.379724643068437
23515,0.64550524702002,0.0408870651844941,0.215594196742176,0.0980134910533099
23516,0.296071401630895,0.0909584020348239,0.32655439644145,0.286415799892831
23517,0.562176365360689,0.100848125041432,0.0745224132752679,0.262453096322611
23518,0.100056261113524,0.0481807350144923,0.732424091560127,0.119338912311856
23519,0.0802827764216218,0.462036822623017,0.0814603043329951,0.376220096622366
23520,0.386555779031417,0.0797648792183841,0.142655724282905,0.391023617467294
23521,0.188191650677623,0.421296231907473,0.243804505692912,0.146707611721991
23522,0.114508028379136,0.267437633770134,0.214387058649134,0.403667279201597
23523,0.126849679193024,0.586777756547003,0.162887927731183,0.123484636528789
23524,0.0560203720829749,0.665051227164979,0.0651558106022638,0.213772590149782
23525,0.232471423226859,0.202492493714748,0.147941461620291,0.417094621438101
23526,0.149882970936008,0.271017487837269,0.44468312721542,0.134416414011303
23527,0.150261824180693,0.268474839058811,0.327455307372425,0.25380802938807
23528,0.0686227089725187,0.607978130463427,0.1532803683176,0.170118792246455
23529,0.2378765563847,0.422097517446356,0.057549795767823,0.282476130401121
23530,0.116080926032486,0.0781514066982353,0.625693591672572,0.180074075596707
23531,0.480337585612519,0.0726123705751077,0.0781799223051535,0.36887012150722
23532,0.235870374814534,0.215841734286252,0.126414510355934,0.42187338054328
23533,0.303474400762604,0.171375737635122,0.191822799626742,0.333327061975532
23534,0.200604221450011,0.0978705011905954,0.299169177449478,0.402356099909916
23535,0.192424432929299,0.0998267538226566,0.169250966255774,0.53849784699227
23536,0.209342391906979,0.102196963360816,0.271842582315502,0.416618062416703
23537,0.234290746128688,0.262621916631254,0.0745531577981328,0.428534179441925
23538,0.465364549548495,0.142784254136892,0.0346885139038476,0.357162682410765
23539,0.102905198648958,0.142424594354885,0.178990646322557,0.575679560673599
23540,0.0924934998687571,0.0515283648423102,0.431810397166715,0.424167738122218
23541,0.160874255499017,0.319023118711678,0.0772004748149835,0.442902150974322
23542,0.0478692522962276,0.175187801487924,0.464570309394253,0.312372636821596
23543,0.29733412019254,0.238827408218889,0.107072531921685,0.356765939666886
23544,0.0420621600324287,0.132216720233731,0.679114063830457,0.146607055903384
23545,0.210233937645372,0.0624486212405346,0.0805400692091685,0.646777371904924
23546,0.0441636676758055,0.0734872949561141,0.66666903735464,0.21568000001344
23547,0.351172290670277,0.386573781210802,0.0256124572596584,0.236641470859263
23548,0.284964747715891,0.0817470343958422,0.0586983899580446,0.574589827930223
23549,0.257429642164558,0.0838575799563516,0.168775195263797,0.489937582615294
23550,0.0680145041121755,0.205920334629678,0.129598942396458,0.596466218861689
23551,0.439177947100169,0.110438390416053,0.245722806377942,0.204660856105835
23552,0.0400349106355398,0.445171943280655,0.450640972343417,0.0641521737403882
23553,0.0724224102881774,0.635734958367269,0.10157801186715,0.190264619477404
23554,0.561305318149207,0.183003796505304,0.0998391021886205,0.155851783156868
23555,0.0358156900745982,0.171599496004461,0.620453957517216,0.172130856403725
23556,0.386767909131355,0.128896529503118,0.12539947176976,0.358936089595767
23557,0.0625528689587187,0.0545688251537877,0.576457876278484,0.30642042960901
23558,0.23013883684037,0.144853470386577,0.39607937965472,0.228928313118333
23559,0.218317866712868,0.0697230238901454,0.395283992931346,0.31667511646564
23560,0.0927599714569487,0.0792199581069711,0.461871689966667,0.366148380469413
23561,0.392620916127004,0.313378436407612,0.186349135896133,0.107651511569251
23562,0.420148770715972,0.12429921691835,0.0835462473683247,0.372005764997354
23563,0.157075151917841,0.35017639658596,0.303621935570778,0.189126515925422
23564,0.0788134702417416,0.448660220010618,0.25505093501843,0.21747537472921
23565,0.101769085385431,0.0857310746981669,0.63523871738933,0.177261122527073
23566,0.406682166915002,0.254850161007176,0.0883974622346346,0.250070209843187
23567,0.21463357223859,0.444745762069918,0.119527485451996,0.221093180239497
23568,0.323031008557275,0.433347019624271,0.0571893306413245,0.18643264117713
23569,0.543284730448081,0.124665791669341,0.189311550962746,0.142737926919832
23570,0.168988346811794,0.60671134974275,0.0861148407150091,0.138185462730447
23571,0.196171454725846,0.0792843623729509,0.309058487240527,0.415485695660675
23572,0.339137706248449,0.383402480045022,0.0434264599445322,0.234033353761997
23573,0.155870478586509,0.103670324665571,0.198828171770421,0.541631024977499
23574,0.0537438696859384,0.506943800552218,0.246764076671466,0.192548253090378
23575,0.0652745609465371,0.299318360766732,0.279554959868109,0.355852118418622
23576,0.180837089567862,0.134568353756663,0.218486269731894,0.466108286943581
23577,0.669172845851949,0.0669692192769669,0.103321852063228,0.160536082807856
23578,0.226757835292242,0.1656417547408,0.0769038539376076,0.530696556029351
23579,0.0719225418184581,0.46027372559577,0.133019087012238,0.334784645573534
23580,0.180172766181874,0.568920385630204,0.0419783602072399,0.208928487980682
23581,0.202957805420178,0.292150017991118,0.28195262530369,0.222939551285014
23582,0.115667195783137,0.227514523462326,0.510888914753915,0.145929366000623
23583,0.640019309212079,0.0765507473091264,0.0851485757349526,0.198281367743842
23584,0.48676525863307,0.153922953997665,0.0955356471227147,0.263776140246551
23585,0.556686112787469,0.237821325480066,0.0754092466367423,0.130083315095723
23586,0.299177705234374,0.266146787490748,0.283873566089445,0.150801941185433
23587,0.172504861186845,0.118473396707944,0.387832225407929,0.321189516697282
23588,0.350293885547855,0.0791821498287425,0.292576930594939,0.277947034028464
23589,0.676505084001654,0.0656588251075253,0.0653256516673119,0.192510439223509
23590,0.2858316477545,0.135099683583329,0.259026069199323,0.320042599462848
23591,0.595108408003061,0.0646704380118634,0.127145398216394,0.213075755768682
23592,0.461485415098151,0.105341103579396,0.0834776760433479,0.349695805279105
23593,0.0727003940263049,0.472464702070216,0.158951775291781,0.295883128611698
23594,0.580255772966097,0.0446330697667696,0.261267983425999,0.113843173841134
23595,0.246420485799287,0.0969494228926469,0.516594898896724,0.140035192411343
23596,0.0953557137078972,0.323195736246072,0.285553483536095,0.295895066509936
23597,0.363114491817818,0.09142529593803,0.279938419501663,0.265521792742489
23598,0.678204032094496,0.0853426125457713,0.0482277375891116,0.188225617770621
23599,0.211922826555822,0.359156791624365,0.199648222046935,0.229272159772878
23600,0.219590863818678,0.403279649022661,0.198516543179141,0.178612943979519
23601,0.214794619027258,0.420407615412622,0.210245264663775,0.154552500896345
23602,0.199598341549472,0.504199840908525,0.127822231077076,0.168379586464927
23603,0.145943361459978,0.258922486938263,0.402792796881878,0.192341354719881
23604,0.287690008813256,0.503337417372783,0.109956083811571,0.0990164900023901
23605,0.444075958191403,0.122023512329631,0.184219786479179,0.249680742999787
23606,0.282193525088664,0.372855035868697,0.148469638595576,0.196481800447064
23607,0.22309111199933,0.279034570540565,0.249967456506566,0.247906860953539
23608,0.438218317563595,0.166008777397834,0.151638694544487,0.244134210494084
23609,0.293585949470834,0.239815802524498,0.265601562694163,0.200996685310506
23610,0.241875709622694,0.405919426415124,0.210927602779114,0.141277261183068
23611,0.170418145176976,0.158607344385724,0.524149998470366,0.146824511966934
23612,0.214058303696766,0.335708965066205,0.210624100873383,0.239608630363646
23613,0.330837715773661,0.188529218237756,0.378461524701654,0.102171541286928
23614,0.236584407117781,0.459768813237607,0.180309982600694,0.123336797043919
23615,0.301565938080897,0.269472015209995,0.167760556891569,0.261201489817538
23616,0.335809262678841,0.202986466748371,0.34462561138792,0.116578659184869
23617,0.212436203684488,0.418787922815549,0.183647547168558,0.185128326331406
23618,0.354143273524081,0.0270876743487624,0.331951294081125,0.286817758046031
23619,0.0606687111329916,0.296097999189207,0.232559486384992,0.41067380329281
23620,0.0880708711790316,0.215191953244961,0.0327086345408903,0.664028541035117
23621,0.340963276365499,0.110411402440692,0.0825326261301077,0.466092695063702
23622,0.255899101089955,0.335056148620565,0.0418646009221189,0.367180149367361
23623,0.039848163772872,0.115220348553633,0.0584067555580624,0.786524732115433
23624,0.042819553722467,0.774177833165919,0.0635772427396738,0.119425370371941
23625,0.162455542545037,0.143171928197929,0.2002541262876,0.494118402969434
23626,0.062630194371184,0.500128503698275,0.108163389988729,0.329077911941812
23627,0.178425222892215,0.0279789237202609,0.535995917146511,0.257599936241013
23628,0.286113452055829,0.109982873883984,0.0443823012683939,0.559521372791793
23629,0.218364790392952,0.188423069039349,0.149641443805852,0.443570696761848
23630,0.379017481214362,0.327049802950384,0.0894723895509485,0.204460326284306
23631,0.0377487260751641,0.192488517002353,0.462008044891346,0.307754712031136
23632,0.0538787058029471,0.0370018712687649,0.335258577164667,0.573860845763621
23633,0.150339825967232,0.474719638035355,0.107983650151667,0.266956885845746
23634,0.68437334037398,0.0860308391926858,0.0175943328817985,0.212001487551536
23635,0.0338449344317676,0.31053218484227,0.0906625110255981,0.564960369700364
23636,0.0587659412385227,0.406035765721773,0.242327297754382,0.292870995285322
23637,0.359405971172806,0.401750645111585,0.101120921436327,0.137722462279282
23638,0.495282603605956,0.207625092174439,0.17627752492997,0.120814779289634
23639,0.250711857423143,0.183784000685957,0.40382678422736,0.161677357663541
23640,0.317899109177775,0.116369628664035,0.422117656605353,0.143613605552837
23641,0.153521448960845,0.382679226025291,0.255542379233527,0.208256945780337
23642,0.298749818115368,0.144089138141271,0.364811406839142,0.19234963690422
23643,0.356763889822588,0.373333200384592,0.178734998455915,0.0911679113369042
23644,0.330675701022784,0.354570367184763,0.138135848678592,0.176618083113861
23645,0.167097527154154,0.378227276216772,0.239610031934916,0.215065164694159
23646,0.252914241835801,0.349272356770387,0.222639152663998,0.175174248729814
23647,0.185400288823244,0.538778917920376,0.143257226562107,0.132563566694273
23648,0.294960981472973,0.508717727969383,0.0713963995586305,0.124924890999014
23649,0.299953469397192,0.284141649895536,0.228445507649006,0.187459373058266
23650,0.330905475465002,0.26367863695381,0.167764512028252,0.237651375552936
23651,0.228443003213954,0.450437784588711,0.179837808569353,0.141281403627983
23652,0.127810980353567,0.285584009792802,0.50978449744521,0.0768205124084207
23653,0.18351404867727,0.142987353286861,0.530726328260805,0.142772269775064
23654,0.163170063224632,0.173818030788148,0.518095191306495,0.144916714680725
23655,0.266020627853417,0.387998721289295,0.18444310910899,0.161537541748298
23656,0.147733640240508,0.155264742814342,0.214060722830085,0.482940894115065
23657,0.462969050934616,0.264592864244977,0.097059079984222,0.175379004836185
23658,0.314533626548685,0.0993189445726632,0.25321685599482,0.332930572883831
23659,0.53306588934998,0.288980882370614,0.089804385758471,0.0881488425209355
23660,0.264725085431207,0.210764815317922,0.0900072462954251,0.434502852955446
23661,0.21215451720591,0.0888109477688674,0.152152017755741,0.546882517269482
23662,0.140119802643211,0.388906622945446,0.15075633572754,0.320217238683802
23663,0.252433112014931,0.181573528696133,0.250242601860075,0.315750757428862
23664,0.0910426211974275,0.331637041365364,0.147325537576007,0.429994799861202
23665,0.287755663553037,0.303245186616767,0.0627733202250954,0.346225829605101
23666,0.30318160694963,0.120876021922938,0.274681998104288,0.301260373023144
23667,0.344524813591396,0.0719945413735536,0.435096852899267,0.148383792135784
23668,0.507578900608715,0.0850411480920176,0.153294955344489,0.254084995954778
23669,0.259542989576528,0.28778988371999,0.123729115589258,0.328938011114224
23670,0.233825402494447,0.102474373580588,0.47005053753782,0.193649686387145
23671,0.0733090279815304,0.314618988570205,0.436214360276006,0.175857623172258
23672,0.229698439288538,0.17391239272619,0.318971456899385,0.277417711085887
23673,0.309105787918,0.467910172473245,0.0629166895579241,0.160067350050831
23674,0.0337392007595067,0.308863994457158,0.51732550802133,0.140071296762006
23675,0.0803419865189695,0.490954480808281,0.0609938217621182,0.367709710910631
23676,0.179114298399611,0.123989728658322,0.102111167121216,0.594784805820852
23677,0.208034002921429,0.269673495831517,0.268748308993769,0.253544192253284
23678,0.491265878389743,0.0768161685443182,0.0435213256777333,0.388396627388206
23679,0.483805352354514,0.0771817548486789,0.320052468627832,0.118960424168975
23680,0.0502491797922872,0.0995806378892636,0.617946495626275,0.232223686692175
23681,0.102960705218501,0.172336474403026,0.613570753395625,0.111132066982847
23682,0.0621236863301797,0.338995927646919,0.416425135055385,0.182455250967516
23683,0.40296000317635,0.0739926396653983,0.174409430512764,0.348637926645488
23684,0.101187569679486,0.517957800367284,0.107803584750809,0.273051045202421
23685,0.348524525336979,0.303960068066424,0.251639622583374,0.0958757840132231
23686,0.0793876321183417,0.0531955854824701,0.51902959984301,0.348387182556178
23687,0.126618774782547,0.0951484502026912,0.315973614096596,0.462259160918166
23688,0.27486132806414,0.101305721034411,0.0762583710775002,0.54757457982395
23689,0.167955460403767,0.200506445796722,0.451435174614372,0.18010291918514
23690,0.360292637992689,0.2337087072862,0.0420595823382915,0.36393907238282
23691,0.122430644055517,0.167789658929355,0.499333203596627,0.210446493418502
23692,0.0575352539658194,0.433719857683709,0.0996946192656094,0.409050269084862
23693,0.0728507417707018,0.327551645482218,0.369730836483606,0.229866776263474
23694,0.101598381827493,0.296920752593468,0.280112315528768,0.321368550050272
23695,0.0942998770389647,0.456362747145095,0.199040984808023,0.250296391007918
23696,0.426279027998566,0.405175181406432,0.0498371318840661,0.118708658710936
23697,0.34421839581456,0.113047597786187,0.321378587454255,0.221355418944997
23698,0.191792454417545,0.297270411957358,0.247114801769474,0.263822331855624
23699,0.135311144282586,0.565786174309538,0.10399663623843,0.194906045169447
23700,0.422354612377851,0.039947327822663,0.415638327950362,0.122059731849124
23701,0.0736084693471031,0.454926531818258,0.23126457143625,0.240200427398389
23702,0.119402002878093,0.183753771876111,0.548788181450329,0.148056043795468
23703,0.123254534953653,0.518944140492119,0.189266909211293,0.168534415342934
23704,0.244575303957871,0.173716879555574,0.300484741047703,0.281223075438852
23705,0.186320333325237,0.453888037062313,0.15941177814747,0.20037985146498
23706,0.428964716190805,0.117876377292416,0.282303717566867,0.170855188949912
23707,0.210705645813071,0.539338480520574,0.0842118527884631,0.165744020877892
23708,0.153841925540802,0.498825257179782,0.151882648860785,0.195450168418632
23709,0.200131804843246,0.265264133166077,0.17558244600625,0.359021615984427
23710,0.485727162253836,0.15096696695628,0.119518807999696,0.243787062790188
23711,0.0804405379866089,0.576002683009638,0.221892043635066,0.121664735368687
23712,0.168281201613819,0.124752349186689,0.415924479049627,0.291041970149865
23713,0.102861963328031,0.334054283198695,0.319412815377377,0.243670938095897
23714,0.247798650885311,0.116001031363128,0.468914929746241,0.167285388005319
23715,0.303681606511023,0.0986295822758009,0.355125956813415,0.242562854399761
23716,0.410571319971983,0.173852914661689,0.155468985214335,0.260106780151993
23717,0.286392956230289,0.458189597670644,0.0710183919111871,0.18439905418788
23718,0.171249408692867,0.131651192494072,0.391440670621541,0.30565872819152
23719,0.33404725711033,0.366680654859607,0.0721991711620324,0.22707291686803
23720,0.165056472025227,0.113314613850822,0.509871711362168,0.211757202761783
23721,0.48620931380205,0.190856096120527,0.230731952420836,0.0922026376565868
23722,0.118638636581839,0.286383896571801,0.324947501110699,0.270029965735661
23723,0.14122800643502,0.405842708389769,0.299942042002928,0.152987243172284
23724,0.266325480500177,0.404499735192843,0.0931767663211742,0.235998017985806
23725,0.276495644162749,0.0634904115056649,0.556894924461289,0.103119019870298
23726,0.268747524828233,0.343411685282027,0.24956354227115,0.138277247618589
23727,0.220536860113146,0.18451386354626,0.310498136710856,0.284451139629739
23728,0.199040082200376,0.286889552634416,0.18504423374021,0.329026131424999
23729,0.147697790060367,0.596529889985593,0.131241250419406,0.124531069534634
23730,0.26446132702578,0.320336334750182,0.225861081261745,0.189341256962293
23731,0.175079162662261,0.238230414526013,0.292212359872693,0.294478062939034
23732,0.430987435173708,0.258835567661153,0.0915139202564124,0.218663076908726
23733,0.522266068143667,0.102879515437739,0.0856603051349524,0.289194111283641
23734,0.0807784663159955,0.0930118569136858,0.484566894315192,0.341642782455127
23735,0.517751474611256,0.0734770875893641,0.143515502073364,0.265255935726017
23736,0.140914884481987,0.176660278364207,0.335630970973948,0.346793866179858
23737,0.1128723180969,0.535996452908251,0.189831175997665,0.161300052997184
23738,0.390974593743155,0.15309681438843,0.118056781224693,0.337871810643721
23739,0.210434434267377,0.16701707547901,0.143836288892706,0.478712201360908
23740,0.142224102275477,0.0575567523759989,0.695687669662594,0.104531475685929
23741,0.0895877376858118,0.156380000902742,0.44202925090517,0.312003010506277
23742,0.172765299029304,0.294588151809082,0.126339122243549,0.406307426918065
23743,0.100532752952112,0.708057959889155,0.074650654003596,0.116758633155137
23744,0.0600901533362045,0.62607605757801,0.180228489770824,0.133605299314961
23745,0.543243311996261,0.104723185321756,0.0970681682874722,0.254965334394511
23746,0.455641983997823,0.258630562682576,0.0687544101523333,0.216973043167267
23747,0.0990371766195993,0.273138603728331,0.405850131628529,0.221974088023541
23748,0.274505069653025,0.42528175531272,0.109182518919658,0.191030656114598
23749,0.540013946852024,0.256733148138101,0.0677975680286845,0.13545533698119
23750,0.228575182118845,0.187347270359526,0.387638300216621,0.196439247305008
23751,0.289838436452143,0.212502294103264,0.335758995372991,0.161900274071602
23752,0.255797370323805,0.299345073598608,0.172836209299795,0.272021346777791
23753,0.217339990650587,0.203857272001932,0.207972131117876,0.370830606229605
23754,0.319244947480924,0.232902913182517,0.215547377994997,0.232304761341562
23755,0.400944791279436,0.207682251181364,0.242740856495124,0.148632101044076
23756,0.159837990456621,0.308877969496066,0.205196205591758,0.326087834455555
23757,0.295329841391365,0.383970229665073,0.134568690462429,0.186131238481134
23758,0.403051673507826,0.20318848460259,0.100706041391729,0.293053800497854
23759,0.155634836186481,0.347085061487948,0.29899366556839,0.198286436757182
23760,0.305345887172527,0.0877985857214546,0.464940244267742,0.141915282838277
23761,0.264125392031321,0.178993735111452,0.323232732613862,0.233648140243365
23762,0.224392872103084,0.295393989981192,0.255652611837338,0.224560526078386
23763,0.443022288047939,0.235602344145429,0.132083184153871,0.189292183652761
23764,0.460514852843012,0.0993257875167702,0.203559668960641,0.236599690679577
23765,0.0990983009272849,0.112231889735841,0.463582270186985,0.32508753914989
23766,0.0871427728494467,0.0934071542194506,0.73694525004974,0.0825048228813625
23767,0.320080412865136,0.258890537776846,0.232204943833051,0.188824105524966
23768,0.156302889077307,0.116630038377414,0.29415688531533,0.432910187229949
23769,0.203492535913546,0.150938521570786,0.376393715064715,0.269175227450954
23770,0.225323387971027,0.0736203640948659,0.501841483522952,0.199214764411155
23771,0.0737524849938406,0.42644843756959,0.0695520043873497,0.43024707304922
23772,0.0746828372278573,0.16636542570439,0.109733780895665,0.649217956172088
23773,0.0648127832500461,0.251810394117747,0.46265422921281,0.220722593419397
23774,0.145630262972514,0.303175962757372,0.12370573842075,0.427488035849365
23775,0.458441701042239,0.152662407024256,0.0774816944165045,0.311414197517001
23776,0.259793186555705,0.0684488721988584,0.26493032338355,0.406827617861887
23777,0.255093804361334,0.308594954680223,0.280534397326695,0.155776843631748
23778,0.0960319238533028,0.384002094988827,0.0817650482681063,0.438200932889764
23779,0.470174381082443,0.265835961957999,0.128560970383141,0.135428686576417
23780,0.414639474506438,0.325136347482965,0.0578024931226564,0.20242168488794
23781,0.496719091971349,0.165707342491494,0.0622491630499604,0.275324402487197
23782,0.142396255126601,0.268100955081086,0.318997048344126,0.270505741448187
23783,0.348351372359359,0.0378429452269526,0.303760984542761,0.310044697870927
23784,0.104682064628295,0.0648501705866172,0.473122419534882,0.357345345250206
23785,0.555915501629651,0.198677985406817,0.0473953281660465,0.198011184797486
23786,0.293781789135963,0.258847590346492,0.116418768203292,0.330951852314254
23787,0.511869659798873,0.160844189797176,0.120528958614858,0.206757191789093
23788,0.159016290048174,0.480117228749476,0.128687323387291,0.232179157815059
23789,0.619586678601176,0.0697122318354786,0.0554100805382648,0.255291009025081
23790,0.0457130185880394,0.131961013776188,0.522011081656121,0.300314885979652
23791,0.215570010915379,0.0645676911233094,0.499668255596868,0.220194042364443
23792,0.198268453685982,0.556125909693554,0.0800361807493682,0.165569455871096
23793,0.228631740960717,0.117179372678627,0.24177266798395,0.412416218376705
23794,0.290833761471039,0.154666164224751,0.157013796843433,0.397486277460777
23795,0.309527630062791,0.258198667739645,0.0716692808643796,0.360604421333184
23796,0.189910782797195,0.223424099487745,0.166962808390074,0.419702309324986
23797,0.353091057916575,0.201430524746972,0.306129881022259,0.139348536314194
23798,0.294352032257524,0.0514240861128844,0.212508488263188,0.441715393366403
23799,0.529508038047979,0.0729595238215847,0.0759092753199416,0.321623162810495
23800,0.196953996176205,0.590959162363014,0.0553714396956596,0.156715401765122
23801,0.0528832501920147,0.112463105731976,0.64839575805124,0.18625788602477
23802,0.109986020458785,0.573162537828441,0.0973061765928395,0.219545265119935
23803,0.306496792712385,0.202265161992472,0.0904913762992384,0.400746668995905
23804,0.280830594032214,0.0890931012592024,0.293580931935431,0.336495372773153
23805,0.291434743225766,0.0624416593000729,0.439038192613741,0.207085404860421
23806,0.152516171491494,0.312933895064608,0.17586289953898,0.358687033904918
23807,0.417534613791447,0.12154905564898,0.106039025002511,0.354877305557063
23808,0.23945848228241,0.44701235110013,0.180513591992364,0.133015574625095
23809,0.349381457933089,0.333028154046599,0.175733926187216,0.141856461833096
23810,0.164043588848212,0.548880068483913,0.178986224232083,0.108090118435792
23811,0.459544690922354,0.245986026708844,0.198319754909646,0.0961495274591564
23812,0.288467821494741,0.288176889127312,0.314232325725307,0.10912296365264
23813,0.512559506199735,0.240592211002047,0.115985909735289,0.130862373062928
23814,0.344573941840214,0.278086812961535,0.26248496567897,0.114854279519282
23815,0.183276635959284,0.158164690964894,0.41783158312826,0.240727089947563
23816,0.385315735159655,0.31490952784083,0.162434320134701,0.137340416864815
23817,0.275131717921947,0.190002848842061,0.381109957883275,0.153755475352717
23818,0.224164880848689,0.187100566587767,0.381425309006012,0.207309243557532
23819,0.168286403666354,0.516336763095239,0.202029213270251,0.113347619968156
23820,0.292424421345127,0.18326472215762,0.38216183289792,0.142149023599332
23821,0.168813605091119,0.304280665840845,0.250290288798501,0.276615440269535
23822,0.233962038981183,0.374616896010294,0.179788704088126,0.211632360920398
23823,0.163762106026561,0.20460454568486,0.435789484757857,0.195843863530722
23824,0.202723562683154,0.527888947617428,0.153868123538377,0.11551936616104
23825,0.45355640587484,0.205549760621859,0.221192353487171,0.11970148001613
23826,0.123363014077921,0.555185897636124,0.160362367425696,0.16108872086026
23827,0.39082716043298,0.26608851014212,0.13158882446978,0.211495504955119
23828,0.0487815368740505,0.271433001043976,0.431873327433506,0.247912134648468
23829,0.318562875916776,0.21117621410189,0.159687930033049,0.310572979948285
23830,0.0897117580819223,0.583123302015913,0.13663438924017,0.190530550661995
23831,0.209290194748855,0.215092726242038,0.425362861471899,0.150254217537208
23832,0.181635108962769,0.195853754573936,0.440868524297261,0.181642612166034
23833,0.339487782083442,0.108323059928374,0.357796686870322,0.194392471117862
23834,0.462133929322711,0.113078614547995,0.312039940436557,0.112747515692738
23835,0.220481092155424,0.348925879615826,0.244789098371898,0.185803929856853
23836,0.389873234571685,0.0870291269314317,0.144883426216805,0.378214212280079
23837,0.064498733658544,0.115760683629276,0.226156957324423,0.593583625387757
23838,0.579712005665536,0.165510585834864,0.0868518649525367,0.167925543547063
23839,0.645380414696452,0.108567013591364,0.120421690562011,0.125630881150173
23840,0.326700917664375,0.0618134010468314,0.487155609348665,0.124330071940128
23841,0.449375287703014,0.124029511644323,0.221282778965031,0.205312421687632
23842,0.5785065642467,0.0846560967590932,0.109092164051873,0.227745174942334
23843,0.351501913694507,0.126110540289688,0.309948343054309,0.212439202961496
23844,0.568439165310309,0.10691218152791,0.0976859581444717,0.22696269501731
23845,0.122841425031795,0.101360569046738,0.32678197871516,0.449016027206306
23846,0.474022801944949,0.295760796636765,0.154939203524457,0.0752771978938286
23847,0.181753070551043,0.491023727985351,0.197727762207435,0.129495439256171
23848,0.0766351147694958,0.141494350692752,0.573299685844881,0.208570848692871
23849,0.294358910024539,0.192393831239019,0.280251366513179,0.232995892223262
23850,0.101131590880321,0.195066793339044,0.531549320608638,0.172252295171998
23851,0.469694490604392,0.228503763465285,0.203431318885354,0.0983704270449692
23852,0.287954569152253,0.295564475922603,0.202587646765132,0.213893308160013
23853,0.143861170043526,0.233203261561939,0.470754648187837,0.152180920206698
23854,0.426438829082478,0.210043076312423,0.17412061573006,0.18939747887504
23855,0.286654833615351,0.265550045025477,0.15363282771525,0.294162293643922
23856,0.257752076706486,0.424016842627869,0.105753767882218,0.212477312783427
23857,0.430984440839724,0.397344677318457,0.0703488484939904,0.101322033347829
23858,0.396829722888491,0.149469218511498,0.27922296957621,0.174478089023802
23859,0.618775753192605,0.0980308482262846,0.132854997366075,0.150338401215036
23860,0.209646642819715,0.301770242271101,0.265777953940432,0.222805160968752
23861,0.249044193191151,0.0878166556791811,0.536462798631934,0.126676352497734
23862,0.139189166747871,0.140393907984702,0.587866125001188,0.13255080026624
23863,0.344621400644219,0.109798983411161,0.371554188582754,0.174025427361866
23864,0.283861226773267,0.428988492805159,0.0820389252198395,0.205111355201735
23865,0.0734625518213891,0.155896330424416,0.402534041430336,0.368107076323859
23866,0.342904165541086,0.290413015769153,0.128528552827929,0.238154265861832
23867,0.0715395841103668,0.268059032511988,0.137536805416812,0.522864577960833
23868,0.0511679060371828,0.111859230063774,0.491599871152293,0.34537299274675
23869,0.255868614349279,0.0912914550347325,0.193576358486015,0.459263572129974
23870,0.159940275653957,0.0671905459163766,0.601168854850871,0.171700323578796
23871,0.0615816468469135,0.166803781094928,0.532664057574885,0.238950514483274
23872,0.0327750039985193,0.161425321696262,0.581721939090812,0.224077735214406
23873,0.142489692596836,0.287248059371219,0.36304757096039,0.207214677071555
23874,0.492732337864793,0.29440952446941,0.0674293437247976,0.145428793940999
23875,0.037854375096162,0.522303962748428,0.309112544547857,0.130729117607553
23876,0.240327374247965,0.302475197036634,0.118966126414419,0.338231302300982
23877,0.275771960374409,0.204603465295163,0.0600742856113891,0.459550288719039
23878,0.152344942776412,0.310371694164056,0.127728678459918,0.409554684599614
23879,0.140164496527949,0.438339865554554,0.249332790958939,0.172162846958558
23880,0.434971293286972,0.259640639264071,0.0700053885796397,0.235382678869318
23881,0.530463791304865,0.0757798245591089,0.248622188138111,0.145134195997915
23882,0.112019029103713,0.612790587659366,0.0651017419024458,0.210088641334475
23883,0.355389146711566,0.0906159111617484,0.376456243208187,0.177538698918499
23884,0.232563612599017,0.382979104819476,0.287122009768382,0.097335272813125
23885,0.331787285921157,0.236405807296452,0.0623426986483809,0.36946420813401
23886,0.288563521329497,0.16110762213911,0.280567065176042,0.269761791355351
23887,0.352559393892442,0.200914486026721,0.142765573668215,0.303760546412622
23888,0.248288346902105,0.280969277779555,0.356784311581288,0.113958063737052
23889,0.599630202561276,0.179366898366305,0.0810789073692389,0.13992399170318
23890,0.222351719333851,0.548001475367022,0.0516120519756149,0.178034753323513
23891,0.482705041378841,0.0853425489430602,0.138134471958711,0.293817937719387
23892,0.103178395161875,0.386276718320234,0.185679791652496,0.324865094865395
23893,0.219772554299266,0.3969242943297,0.0590427351295845,0.324260416241449
23894,0.218812762725634,0.340796314125309,0.18285893032537,0.257531992823687
23895,0.10766512754953,0.236970448641529,0.502736460363228,0.152627963445713
23896,0.136091255265389,0.172186161899883,0.427053663521521,0.264668919313207
23897,0.19501014450969,0.300764701118651,0.121348136000841,0.382877018370818
23898,0.166824697098316,0.520453481934867,0.116758818304208,0.195963002662609
23899,0.240826574242003,0.263963162004506,0.142647791466574,0.352562472286917
23900,0.133631074707754,0.312522163307093,0.165584566826728,0.388262195158425
23901,0.233031132787079,0.434532759408788,0.114209790474549,0.218226317329584
23902,0.0992117964969045,0.36920423124863,0.337908918568593,0.193675053685873
23903,0.336841039659562,0.193154841867772,0.127397849366839,0.342606269105827
23904,0.149576655929305,0.324098272265515,0.260421121877275,0.265903949927906
23905,0.482799065578106,0.0610116004805541,0.301625815486604,0.154563518454736
23906,0.650128170831514,0.0500976764606289,0.0838655323440914,0.215908620363766
23907,0.236805576191509,0.181004367514664,0.270288817439966,0.31190123885386
23908,0.225613944443361,0.311274728032652,0.112864582365772,0.350246745158215
23909,0.265556501249698,0.140845808430732,0.092361950294875,0.501235740024695
23910,0.0941873020962604,0.261107919919852,0.408404647511345,0.236300130472543
23911,0.23906966263524,0.0632424949294132,0.166443469769478,0.531244372665869
23912,0.214714755867795,0.177442564780096,0.299708910793454,0.308133768558654
23913,0.1131093715862,0.161532141136862,0.435627318873514,0.289731168403424
23914,0.0464184983335447,0.612630250755132,0.0636857712925814,0.277265479618742
23915,0.594567539664602,0.174396752683015,0.0666160595241853,0.164419648128198
23916,0.104200479574761,0.200962925892494,0.519957887966794,0.174878706565951
23917,0.146952141387736,0.421504629687858,0.143756980366174,0.287786248558232
23918,0.391008303390006,0.110676753997742,0.13483533499177,0.363479607620481
23919,0.247341609786557,0.328594271744744,0.0541834785322944,0.369880639936404
23920,0.211700250191839,0.25869149707217,0.295996801069304,0.233611451666687
23921,0.239152696749985,0.176216494831122,0.427701148736462,0.156929659682431
23922,0.117744372559293,0.236414864742344,0.495542971832255,0.150297790866109
23923,0.436950386125996,0.35628346871047,0.0881448583789423,0.118621286784592
23924,0.235883301425843,0.546810662515636,0.133107601719591,0.0841984343389309
23925,0.250233305450265,0.293954797134556,0.143958398283805,0.311853499131374
23926,0.358871363319913,0.408117928510534,0.135033903179151,0.0979768049904025
23927,0.249056568294451,0.186533452349663,0.347097133321086,0.217312846034799
23928,0.128011598515874,0.308109135418668,0.359424205081471,0.204455060983987
23929,0.0931648843899112,0.424062176247705,0.161632716094606,0.321140223267778
23930,0.150829365194902,0.298233784661756,0.231385037477135,0.319551812666206
23931,0.18172313003165,0.557363420557437,0.149909660916218,0.111003788494695
23932,0.34620178428538,0.363455152225966,0.095261687164795,0.195081376323859
23933,0.124088297220021,0.529548167709412,0.219780604477887,0.12658293059268
23934,0.0678328244747132,0.620055798769538,0.189241147511939,0.12287022924381
23935,0.301836313225426,0.223148805696411,0.237287507918509,0.237727373159655
23936,0.46942876571355,0.147302881183951,0.174971949468708,0.208296403633792
23937,0.128556035538489,0.213944239489487,0.459201415470544,0.19829830950148
23938,0.483735328280186,0.169262839338428,0.0796784991945612,0.267323333186825
23939,0.348804530377312,0.168326686108858,0.331991286178987,0.150877497334842
23940,0.318815650012271,0.111473981891566,0.251298801648347,0.318411566447815
23941,0.138563947681913,0.202497243537987,0.489987555961327,0.168951252818773
23942,0.575007842817112,0.100843489678698,0.189650179214927,0.134498488289263
23943,0.180715522226998,0.419174002784367,0.227008340343577,0.173102134645058
23944,0.370365180915281,0.103580260919275,0.398113269288789,0.127941288876656
23945,0.12167769695069,0.17257939661906,0.485985995692771,0.219756910737479
23946,0.296557502189349,0.515374891096607,0.0814510053502522,0.106616601363792
23947,0.177198252202967,0.371533867068089,0.245150573898239,0.206117306830704
23948,0.224999083367167,0.201883928723846,0.402034893780713,0.171082094128274
23949,0.20835344356488,0.28563394790446,0.152647847361949,0.353364761168711
23950,0.0801937952092153,0.559882707582737,0.253819388407422,0.106104108800626
23951,0.412212461548282,0.145435361445412,0.261738820803333,0.180613356202972
23952,0.29307552143182,0.219620684184438,0.271208659773995,0.216095134609748
23953,0.588854960472037,0.123258360225378,0.118054748597562,0.169831930705023
23954,0.38910907541872,0.171333756648981,0.300779324804061,0.138777843128238
23955,0.179895020251693,0.287409597136881,0.227430933300475,0.305264449310952
23956,0.16730280389735,0.32735106029434,0.357489588160082,0.147856547648228
23957,0.15339788564218,0.433359880307737,0.153908592538454,0.259333641511629
23958,0.208742794807702,0.473793142831249,0.0983630949165464,0.219100967444503
23959,0.303622660321617,0.231032145174267,0.233613210125362,0.231731984378754
23960,0.207334526463031,0.159532716834506,0.280468369096256,0.352664387606206
23961,0.668390932097411,0.160939215205811,0.0318028918587877,0.138866960837991
23962,0.0874145776525607,0.409381995187211,0.24480057124638,0.258402855913848
23963,0.245931774432013,0.31634976609847,0.110755687891537,0.326962771577981
23964,0.0558372636240968,0.48417846600135,0.296225550345238,0.163758720029316
23965,0.246480562125403,0.129805883596143,0.432180364881584,0.19153318939687
23966,0.167042627542122,0.0750725073149136,0.459740700363606,0.298144164779359
23967,0.450554154388044,0.150215648430094,0.118941616008962,0.280288581172901
23968,0.34426513650187,0.214360629943544,0.213779635711734,0.227594597842852
23969,0.486342558661669,0.0850219836189547,0.107254456888612,0.321381000830765
23970,0.70201835178725,0.0740035695195099,0.0753746177328156,0.148603460960425
23971,0.105080097162255,0.224370237715501,0.466621080315496,0.203928584806748
23972,0.421772867481847,0.131089232501598,0.288103512314317,0.159034387702238
23973,0.305224216481278,0.323091457219109,0.163991932052852,0.207692394246761
23974,0.079797493116693,0.112349530998876,0.607516346414929,0.200336629469503
23975,0.27027145833867,0.569906712063705,0.0535254645146747,0.10629636508295
23976,0.202284235356142,0.371553440198212,0.23629621898109,0.189866105464556
23977,0.0893180166832874,0.264421427852981,0.483018176148392,0.16324237931534
23978,0.129411805183097,0.123243581230411,0.189022914321681,0.55832169926481
23979,0.320188723858227,0.159162211473166,0.125216422914301,0.395432641754306
23980,0.122315122164727,0.50526458548011,0.114647036977865,0.257773255377298
23981,0.0878972591691552,0.251537637749143,0.479941895805554,0.180623207276148
23982,0.187122777718227,0.0627493868474082,0.551734549280484,0.198393286153881
23983,0.226320757183807,0.259277294946686,0.181522352081287,0.332879595788219
23984,0.237650736242194,0.365485256162068,0.139524563299991,0.257339444295748
23985,0.208321342517019,0.116817475129725,0.18070047971749,0.494160702635765
23986,0.430574366578409,0.309319872557934,0.106251814917873,0.153853945945783
23987,0.252091087433042,0.353167258738582,0.114137078414306,0.280604575414071
23988,0.249374032621125,0.291035821131657,0.352018449641527,0.107571696605691
23989,0.119081050548941,0.180509275645088,0.480576337733216,0.219833336072755
23990,0.18868169137403,0.434299478225661,0.163372677529452,0.213646152870856
23991,0.0803431832272737,0.174355338818639,0.295667177640512,0.449634300313576
23992,0.153995343384736,0.458971724761613,0.179128866601038,0.207904065252614
23993,0.167090896006189,0.238892278113744,0.421553546105615,0.172463279774452
23994,0.114983573019267,0.339246087054412,0.199027142885816,0.346743197040505
23995,0.0648660509388992,0.234304592494609,0.421622952715303,0.279206403851189
23996,0.0882141476450215,0.219562207171537,0.569584484212181,0.122639160971261
23997,0.332923210213326,0.153516333592199,0.306395786690741,0.207164669503733
23998,0.198145620312292,0.240040214969557,0.304974767851132,0.256839396867019
23999,0.439510346446192,0.174659997655467,0.135850400563435,0.249979255334906
24000,0.328762791341544,0.396000350566904,0.10011663379964,0.175120224291912
24001,0.475939438105224,0.356591321492434,0.064009188264236,0.103460052138106
24002,0.33838067086914,0.387569846147389,0.0734707878600822,0.200578695123389
24003,0.223024585387867,0.516299375524479,0.0605753183425737,0.20010072074508
24004,0.192024019221832,0.109567001462863,0.428548707451025,0.269860271864281
24005,0.172080388323062,0.606358455409155,0.0941781607870226,0.12738299548076
24006,0.196642772162071,0.267299951458212,0.423945176018201,0.112112100361517
24007,0.181335403908057,0.34819122336988,0.176014216982941,0.294459155739123
24008,0.0839153796006156,0.68738660238906,0.0924582956642611,0.136239722346063
24009,0.421116551852906,0.101141792333653,0.217900391201522,0.259841264611919
24010,0.625085671508461,0.140956954208368,0.137145298018622,0.0968120762645501
24011,0.070826233083781,0.699069156564708,0.0838394973597935,0.146265112991718
24012,0.137222978955007,0.130873427544127,0.539967610427582,0.191935983073284
24013,0.0845881725385488,0.137640620757098,0.542312438436005,0.235458768268348
24014,0.231289804470964,0.125895697911563,0.524012776906316,0.118801720711157
24015,0.0765868069181696,0.495553005352717,0.237178999329744,0.190681188399369
24016,0.223381435351601,0.441375593129549,0.0904697304484641,0.244773241070387
24017,0.413128963621218,0.300715414513542,0.190222869594059,0.0959327522711819
24018,0.43371871841409,0.100602590187127,0.0715482931585347,0.394130398240248
24019,0.123033047392857,0.350327156541024,0.335425087110999,0.19121470895512
24020,0.0597655023615139,0.471388095352423,0.255465774507494,0.213380627778569
24021,0.0744204236142383,0.103907260142893,0.654318426254286,0.167353889988583
24022,0.405065814185642,0.256888053794779,0.077140130954485,0.260906001065094
24023,0.206017162663491,0.436088700218162,0.109716507255167,0.24817762986318
24024,0.331499584580919,0.431367973077397,0.0511747469692817,0.185957695372403
24025,0.545502150748027,0.12688647414515,0.180673266680821,0.146938108426002
24026,0.18434982942394,0.596592376509088,0.06588743263098,0.153170361435993
24027,0.159275835469264,0.0786340678668032,0.303591164127271,0.458498932536662
24028,0.322498249644552,0.405551221327576,0.032206115268868,0.239744413759004
24029,0.125560590609432,0.0882664882020185,0.18757112097822,0.59860180021033
24030,0.042393943104268,0.513938704030276,0.244519045364864,0.199148307500593
24031,0.0440498639546541,0.313877067416291,0.270779455306485,0.37129361332257
24032,0.164089421176435,0.0953077089303668,0.239853798840617,0.500749071052581
24033,0.692531093670369,0.059909692246261,0.0906501116991453,0.156909102384224
24034,0.220430033877944,0.118157561246044,0.0658712097795459,0.595541195096467
24035,0.0479938064568005,0.495273906266695,0.104219577170049,0.352512710106456
24036,0.336985091799089,0.085729123368202,0.464310805829445,0.112974979003264
24037,0.264632168158493,0.507792100977814,0.112355170553292,0.115220560310401
24038,0.225793517605573,0.157179583228065,0.385364479150281,0.231662420016081
24039,0.38263741337263,0.386987671965911,0.0570048708228097,0.17337004383865
24040,0.109299411523194,0.171367900691237,0.550860210606271,0.168472477179297
24041,0.285003321807969,0.361366821496415,0.154078512387311,0.199551344308305
24042,0.116057200603436,0.342012795563425,0.366831313942897,0.175098689890243
24043,0.315596649249457,0.314193097360939,0.125510034969175,0.244700218420429
24044,0.285144459219073,0.374739974384689,0.195360088762811,0.144755477633427
24045,0.420819704238624,0.128560385591941,0.215950160101079,0.234669750068356
24046,0.189021793502204,0.333567892709936,0.373418540202643,0.103991773585217
24047,0.387651300186741,0.0447529407287973,0.46828170233666,0.099314056747802
24048,0.163086075784152,0.230972068000731,0.443514574248497,0.16242728196662
24049,0.470411250887438,0.149503019485178,0.238730263132691,0.141355466494692
24050,0.191798626731543,0.140971474131343,0.333247143344471,0.333982755792644
24051,0.153219050712184,0.434803798536001,0.154224249010278,0.257752901741538
24052,0.613138298797717,0.15730842508718,0.135563650678611,0.0939896254364917
24053,0.377945659537263,0.0788359787186328,0.38039620346194,0.162822158282164
24054,0.371998096051504,0.196931224266294,0.15954578770032,0.271524891981882
24055,0.332184255504131,0.326457183529088,0.152501277981707,0.188857282985074
24056,0.271353020737538,0.416009877626691,0.145896527762192,0.16674057387358
24057,0.220828041130315,0.185563521554464,0.232661202806896,0.360947234508324
24058,0.0987978835895868,0.295078889286236,0.30169917218695,0.304424054937227
24059,0.266593847399796,0.420581146944253,0.0817373161315129,0.231087689524438
24060,0.392233463354285,0.196302148753894,0.118436181002958,0.293028206888864
24061,0.148352085680914,0.344175391999463,0.248683425138638,0.258789097180984
24062,0.322863001218421,0.154550244924439,0.321010008381872,0.201576745475268
24063,0.134351347184389,0.417281331825881,0.333313603907824,0.115053717081906
24064,0.495386743698056,0.13818646716079,0.210582304815167,0.155844484325987
24065,0.153465025258405,0.199205726787826,0.46931652876698,0.178012719186789
24066,0.362699158268519,0.363753327383089,0.0968274466897943,0.176720067658598
24067,0.239994739419508,0.305329348473411,0.187644340264822,0.267031571842259
24068,0.49747776662908,0.144647380046084,0.203592204476502,0.154282648848334
24069,0.259716582970108,0.144529813328071,0.215658841270679,0.380094762431142
24070,0.457081727196565,0.265482068025987,0.126845917084874,0.150590287692574
24071,0.157918866514268,0.12760836139091,0.316293477033137,0.398179295061684
24072,0.124379691261414,0.276068321994535,0.171336265727679,0.428215721016372
24073,0.334846435405806,0.162787439718781,0.231737536576308,0.270628588299105
24074,0.458138542060633,0.150678237610482,0.1402100570537,0.250973163275185
24075,0.330650831328054,0.0682227559213998,0.294979626531804,0.306146786218742
24076,0.127541904963391,0.45526150122997,0.191379044629476,0.225817549177163
24077,0.422401578418671,0.285720941236866,0.0917250421325378,0.200152438211925
24078,0.352901104877151,0.249763767300284,0.106217196599286,0.291117931223279
24079,0.335491011530511,0.249686009117932,0.0573486374498766,0.35747434190168
24080,0.501344787143014,0.112738356387815,0.065699945789238,0.320216910679933
24081,0.149797319693026,0.164317775434075,0.187247917735175,0.498636987137724
24082,0.171752391602403,0.331406195248087,0.353280157033423,0.143561256116087
24083,0.317256518432522,0.264154183500466,0.0422444405924664,0.376344857474545
24084,0.445716449524183,0.285375879070189,0.0647331696858807,0.204174501719748
24085,0.377225770296788,0.085010540781902,0.0414153915175989,0.496348297403711
24086,0.262500509252531,0.214298619873519,0.232082063545399,0.291118807328551
24087,0.242691301775594,0.280177284500754,0.18293842979543,0.294192983928222
24088,0.0684240007772692,0.0543307905471397,0.641132125251592,0.236113083424
24089,0.271423559805887,0.442506329802423,0.0677207866330573,0.218349323758632
24090,0.079686390677394,0.076947053559826,0.311773359821173,0.531593195941608
24091,0.195142940047374,0.195511466091928,0.447848300864885,0.161497292995814
24092,0.400092263308492,0.0830669152904049,0.106529238143695,0.410311583257408
24093,0.387653275357915,0.287830970101227,0.13381997726224,0.190695777278618
24094,0.092004439934963,0.625928724217841,0.192181448545766,0.0898853873014293
24095,0.276978204862716,0.073400059181208,0.461786842640761,0.187834893315315
24096,0.167739329130838,0.443854500569436,0.122410772067838,0.265995398231888
24097,0.0726269112473144,0.141091799847535,0.582368204649727,0.203913084255423
24098,0.651465096532151,0.0972264033603203,0.0794305817991225,0.171877918308406
24099,0.233342552256269,0.363507041424255,0.173284157145368,0.229866249174109
24100,0.440487921576806,0.344406478116871,0.0497739360285396,0.165331664277784
24101,0.188028971499654,0.300840520847203,0.180108694957177,0.331021812695966
24102,0.244142976473443,0.141464587732693,0.42219390636259,0.192198529431273
24103,0.0975260090504331,0.488461978627575,0.26315446589041,0.150857546431582
24104,0.534638520389267,0.0829021609113172,0.19637084028285,0.186088478416566
24105,0.518294525564276,0.0825415521344684,0.164254886013868,0.234909036287388
24106,0.0623223252712526,0.674828733756428,0.124940220753882,0.137908720218437
24107,0.242353906219622,0.100975399762015,0.335880738962631,0.320789955055732
24108,0.178958588501697,0.0698806011798306,0.539077192341891,0.21208361797658
24109,0.429111586098727,0.208637915169957,0.114856933104732,0.247393565626584
24110,0.330527686214348,0.221539893554106,0.208931307689707,0.23900111254184
24111,0.133394661077648,0.297041001004501,0.109685131417162,0.45987920650069
24112,0.253600739539299,0.119052571467493,0.166328080776042,0.461018608217166
24113,0.0831592080894296,0.492335601269345,0.289206680811378,0.135298509829847
24114,0.189733563680644,0.15746921920442,0.35758376551121,0.295213451603726
24115,0.0541726794854803,0.578339866642796,0.220158017124425,0.147329436747299
24116,0.259494480175649,0.0841427378246605,0.524346770984677,0.132016011015014
24117,0.511897866196805,0.198700575124733,0.102965144913004,0.186436413765458
24118,0.161586842851087,0.227014807330188,0.413713862014421,0.197684487804305
24119,0.176786725314526,0.583515526046636,0.0793012384771506,0.160396510161688
24120,0.106555514437128,0.587378058214739,0.110024891803339,0.196041535544794
24121,0.612778592663961,0.113534790460114,0.139159366381758,0.134527250494167
24122,0.069907451678785,0.28813801027625,0.47108926330466,0.170865274740305
24123,0.218404754024587,0.1305983777657,0.190647052967295,0.460349815242417
24124,0.211889634152121,0.448681671400672,0.118128844471558,0.22129984997565
24125,0.0764903076945354,0.0776262685071166,0.647311850928988,0.19857157286936
24126,0.0897020618192936,0.408522595223547,0.324328110412533,0.177447232544626
24127,0.300255880708879,0.333517417690465,0.195498466253729,0.170728235346927
24128,0.322646175570585,0.132964719677946,0.0796872229805275,0.464701881770941
24129,0.311935224160497,0.248898680785526,0.198328541338838,0.240837553715139
24130,0.331730886211901,0.27584949018852,0.0624685813865263,0.329951042213054
24131,0.153017579385832,0.384503445957319,0.282365880119004,0.180113094537846
24132,0.200822612022179,0.560682610393331,0.0949371805994708,0.143557596985019
24133,0.238062425586896,0.309697530437873,0.286508510299786,0.165731533675444
24134,0.381334163696906,0.31434363536488,0.210533176003469,0.0937890249347452
24135,0.212978264385355,0.18918325447864,0.412601280194193,0.185237200941812
24136,0.229122277674985,0.17948499980339,0.444119638734092,0.147273083787533
24137,0.156258364037091,0.675027294317009,0.0836963211975714,0.0850180204483291
24138,0.537483236505641,0.170533555207873,0.117238001077731,0.174745207208755
24139,0.328027503683364,0.174567148127998,0.391348669755224,0.106056678433414
24140,0.422577419407074,0.25369014372,0.190504313378016,0.13322812349491
24141,0.184182562562553,0.429746429607166,0.181300167387703,0.204770840442578
24142,0.174738610681651,0.25291193210688,0.388568370320726,0.183781086890744
24143,0.277998751904941,0.361196398688389,0.266860082327431,0.0939447670792393
24144,0.300679848376769,0.327090226215382,0.161279143531084,0.210950781876765
24145,0.136087721237026,0.379237929790174,0.343109719242323,0.141564629730477
24146,0.100276654373944,0.261798075703058,0.423157814849013,0.214767455073984
24147,0.267865035461104,0.418619185299985,0.179488511948832,0.134027267290079
24148,0.379665234945524,0.328169705261299,0.12882354570412,0.163341514089057
24149,0.135421032221587,0.230246977778725,0.514181002554422,0.120150987445266
24150,0.406927048211104,0.256247793519759,0.146355409937059,0.190469748332077
24151,0.24132498096172,0.322644070316635,0.270116930148401,0.165914018573244
24152,0.0568919799480535,0.519349553970105,0.226122672503658,0.197635793578183
24153,0.0971766376002647,0.104951226585662,0.553605302233304,0.24426683358077
24154,0.189116568777401,0.116208083428929,0.531341940606838,0.163333407186831
24155,0.0589562445885047,0.189111758620421,0.540434275671812,0.211497721119262
24156,0.0642475048841104,0.299656579608169,0.420851314093404,0.215244601414316
24157,0.130474617665356,0.289993068273215,0.134311836752061,0.445220477309368
24158,0.550592405119748,0.180820103415089,0.156431777471182,0.112155713993981
24159,0.207964903235425,0.253552141267965,0.243439153854692,0.295043801641918
24160,0.35831021393538,0.191765000662192,0.126418412672887,0.323506372729541
24161,0.186426653726316,0.480974438250045,0.188748543331728,0.143850364691912
24162,0.379741565044231,0.24909893448387,0.084156376372638,0.287003124099262
24163,0.141468957924996,0.336333904227748,0.349101878859003,0.173095258988253
24164,0.259720891622118,0.365140132170117,0.281421677956901,0.0937172982508638
24165,0.139766447504303,0.22562679591136,0.152468176639666,0.482138579944671
24166,0.0993196196873243,0.24110772248131,0.306382716226802,0.353189941604564
24167,0.0505067909864985,0.362478179871284,0.436155115609094,0.150859913533124
24168,0.55767638013521,0.0607311822774332,0.160173360897722,0.221419076689635
24169,0.255815297469475,0.219402436981194,0.375037410494279,0.149744855055052
24170,0.103101895364708,0.213849330241251,0.58060224042527,0.102446533968772
24171,0.13025639852425,0.451695815174964,0.309296211150802,0.108751575149984
24172,0.221663811239166,0.203646539158011,0.384423824763752,0.190265824839071
24173,0.195057938988611,0.415925095009878,0.213702035768492,0.175314930233019
24174,0.151011066110216,0.632824880737844,0.131417934867074,0.0847461182848673
24175,0.353217851559125,0.331214013160124,0.165561883859319,0.150006251421432
24176,0.217906723827917,0.171730093615071,0.451287494008615,0.159075688548397
24177,0.486749094358165,0.266569873530269,0.131619426924464,0.115061605187103
24178,0.329235530880157,0.186436369236902,0.273179296556275,0.211148803326665
24179,0.113739360396578,0.483209020660144,0.324646385547592,0.0784052333956857
24180,0.415443771300531,0.147413379625618,0.22503978327213,0.212103065801721
24181,0.116029396883261,0.451448036834028,0.213153401988087,0.219369164294624
24182,0.16933907789804,0.298375568136884,0.425836162920059,0.106449191045017
24183,0.397213939300156,0.307887356411365,0.203318045380245,0.0915806589082341
24184,0.190326600290068,0.511921213875165,0.218661360112976,0.079090825721791
24185,0.197497961626851,0.369489536996992,0.284150077058101,0.148862424318056
24186,0.132158924615555,0.427312870887976,0.245460919999051,0.195067284497418
24187,0.396807651321791,0.254849326933061,0.164942692270468,0.18340032947468
24188,0.123083083703769,0.362720636084954,0.361808917921664,0.152387362289613
24189,0.136437976194423,0.28863291949365,0.377124776389414,0.197804327922514
24190,0.141224142349948,0.220017914517126,0.488019526538421,0.150738416594505
24191,0.129350482615615,0.19187792223883,0.550264123741745,0.12850747140381
24192,0.336590683636806,0.252301592536207,0.232869589268059,0.178238134558928
24193,0.239739032247332,0.172166829062289,0.48701251352711,0.10108162516327
24194,0.204544950259937,0.462147637803066,0.143984765736891,0.189322646200106
24195,0.402258073574328,0.133055326752942,0.274455146736594,0.190231452936136
24196,0.631203541509756,0.127575159679351,0.137762378690851,0.103458920120041
24197,0.117566691829688,0.354334774490177,0.262218299430813,0.265880234249322
24198,0.523634011585192,0.164116236832998,0.19017652529028,0.122073226291529
24199,0.291332328629053,0.366681695655959,0.173105097898431,0.168880877816558
24200,0.412917863923811,0.158227144353714,0.222504107980939,0.206350883741537
24201,0.468118935528868,0.246869390302541,0.198925498818064,0.0860861753505278
24202,0.166207290950583,0.188137122040895,0.54461925005591,0.101036336952612
24203,0.454111446364397,0.252087840508177,0.18804334068886,0.105757372438566
24204,0.113279685005995,0.540576064485857,0.191800044877469,0.154344205630679
24205,0.339954451702693,0.363042769691205,0.160545857630011,0.136456920976091
24206,0.183516731575525,0.188247799129598,0.522438900551541,0.105796568743336
24207,0.533289413187837,0.0843095676642104,0.148523379332213,0.23387763981574
24208,0.207364462378187,0.462304951063113,0.0931588542819682,0.237171732276731
24209,0.131612955253716,0.293582504412341,0.354877345986389,0.219927194347553
24210,0.178948905332283,0.084879150322427,0.299205987973132,0.436965956372158
24211,0.064358323588687,0.09581784825298,0.314805354244959,0.525018473913374
24212,0.334764068092698,0.0699375658251684,0.110232923152328,0.485065442929805
24213,0.0482657624835977,0.121744223389583,0.55600004103985,0.273989973086969
24214,0.151587424121475,0.0572268904065666,0.309598272411976,0.481587413059983
24215,0.120255294890251,0.12188439021344,0.471777360477968,0.28608295441834
24216,0.161895958295591,0.158945919786179,0.302017927057565,0.377140194860665
24217,0.149100289596376,0.392154881817235,0.0697254065172031,0.389019422069185
24218,0.148471572856596,0.0605072505857213,0.331636060283966,0.459385116273718
24219,0.306451898332172,0.107554928114151,0.330763052720728,0.255230120832948
24220,0.241519909961159,0.24061438055799,0.136860665529259,0.381005043951592
24221,0.268279690289399,0.429875282588857,0.165004603954555,0.136840423167188
24222,0.571988351398901,0.126408428485671,0.136372403445492,0.165230816669937
24223,0.40405964098422,0.113701276246117,0.0874904373381494,0.394748645431514
24224,0.113968629477577,0.0898740757100192,0.359100450920389,0.437056843892015
24225,0.278872968801253,0.262628019586583,0.145017093446685,0.313481918165479
24226,0.316449462887439,0.166750747776041,0.319325803746967,0.197473985589553
24227,0.275665504191681,0.267508051522949,0.324569963542757,0.132256480742613
24228,0.255824359027383,0.375571605271994,0.149919711518164,0.218684324182459
24229,0.227745260898601,0.444959773784469,0.18089152706942,0.146403438247509
24230,0.156113188401625,0.43418838994654,0.187736350287397,0.221962071364438
24231,0.290932507136831,0.250597191487606,0.259284913099275,0.199185388276288
24232,0.181049199117766,0.410900177922393,0.239868849122003,0.168181773837838
24233,0.342116699116798,0.33584756865795,0.164449426402471,0.157586305822781
24234,0.289198937442564,0.258447698004995,0.34726909113499,0.105084273417452
24235,0.480598064913339,0.21561773524188,0.171835717015399,0.131948482829382
24236,0.170347658630609,0.24231338584239,0.478889299184461,0.10844965634254
24237,0.508066563548324,0.0935394504062206,0.244749500008467,0.153644486036988
24238,0.0948350004536177,0.281979057402763,0.447739377638832,0.175446564504788
24239,0.283004925786801,0.335160508266941,0.216727823833638,0.16510674211262
24240,0.220266401135766,0.43241061935018,0.19648893507043,0.150834044443624
24241,0.143660620693477,0.242470968961136,0.325490017824981,0.288378392520407
24242,0.303005469860248,0.258840561271477,0.329361075531707,0.108792893336568
24243,0.208136398625976,0.43761462603229,0.175440615528448,0.178808359813287
24244,0.321545874579887,0.224349351233315,0.326450297206126,0.127654476980673
24245,0.187290113261107,0.331184571940093,0.396836439253924,0.084688875544877
24246,0.170296317147897,0.329334172976349,0.359122081259677,0.141247428616078
24247,0.313200855888734,0.202906403524915,0.375931437044268,0.107961303542084
24248,0.308303720747784,0.144281746355624,0.326516076725341,0.220898456171251
24249,0.336159078748415,0.38696823440853,0.136575168162906,0.14029751868015
24250,0.237911733494552,0.356401170851562,0.194952328864007,0.210734766789879
24251,0.219027580335294,0.390466450653759,0.204371257626097,0.18613471138485
24252,0.232169201179015,0.394122497777903,0.182806379439819,0.190901921603263
24253,0.159154249372763,0.248404273376196,0.475723470964331,0.116718006286709
24254,0.189844050704493,0.234718967691291,0.403081297841217,0.172355683762999
24255,0.128348560686746,0.351150451107028,0.327750560281761,0.192750427924465
24256,0.277720167636055,0.324145662533566,0.19364881437306,0.204485355457319
24257,0.297546384695979,0.287795492877444,0.292675779443983,0.121982342982595
24258,0.299348227397002,0.435635055234238,0.112362453496766,0.152654263871993
24259,0.241854118953514,0.281230401460169,0.271195519132626,0.205719960453691
24260,0.211209204858729,0.364387412641791,0.279018505174721,0.145384877324759
24261,0.410291184893581,0.158890426687663,0.201641502182935,0.229176886235821
24262,0.356115862274463,0.180898126671577,0.308658718014779,0.154327293039181
24263,0.290676226764706,0.256010332795988,0.277402916744346,0.175910523694961
24264,0.236575584765017,0.443570428429307,0.20791742968543,0.111936557120246
24265,0.403739774093817,0.354097813448375,0.123434880310839,0.11872753214697
24266,0.185063181657618,0.236579665534115,0.361715139245863,0.216642013562404
24267,0.327093742071286,0.394496354831788,0.154909468848663,0.123500434248262
24268,0.325364327362123,0.220892705752915,0.317171229498339,0.136571737386623
24269,0.154706106743648,0.512574904030557,0.214211981432073,0.118507007793723
24270,0.271550939932178,0.431522283163186,0.197510383234696,0.0994163936699397
24271,0.213721046433574,0.372076168165395,0.283668889570367,0.130533895830664
24272,0.186897842443297,0.394457007433579,0.271760760069857,0.146884390053267
24273,0.363353875487623,0.265753797652385,0.229892049793999,0.141000277065993
24274,0.239033296361694,0.172616244835082,0.44744124882954,0.140909209973685
24275,0.185112634550026,0.318443467121489,0.28794654978698,0.208497348541505
24276,0.51536228961803,0.19952413305191,0.193224476038335,0.0918891012917251
24277,0.260043220074048,0.412645551931707,0.238741248476359,0.0885699795178861
24278,0.250287492657636,0.420688034994881,0.197066153903637,0.131958318443846
24279,0.3546171487468,0.236648983228004,0.24651923332832,0.162214634696876
24280,0.207815498999014,0.257951477087446,0.420422108723418,0.113810915190122
24281,0.432094097214271,0.295763527980907,0.1671904894791,0.104951885325722
24282,0.27171130521233,0.350657589176591,0.202999999264533,0.174631106346547
24283,0.204144060768108,0.382222885716299,0.125105887036943,0.28852716647865
24284,0.172549504345069,0.116033954670852,0.569893519048099,0.14152302193598
24285,0.0425481219998847,0.531708752424666,0.131557049632428,0.294186075943022
24286,0.113736099457897,0.0740549776123996,0.634546550249179,0.177662372680525
24287,0.147422092335167,0.465426573678478,0.0473324256027933,0.339818908383562
24288,0.0725346382516895,0.617107865502064,0.135173274865982,0.175184221380264
24289,0.0594825120695022,0.516457267284562,0.25377511266447,0.170285107981465
24290,0.182279970988116,0.296992927575816,0.152157576924515,0.368569524511553
24291,0.282430445046674,0.112646125334499,0.262579888913984,0.342343540704842
24292,0.120734693734571,0.100815476451772,0.438850473485518,0.33959935632814
24293,0.325545625683216,0.310707483859318,0.273153281279615,0.0905936091778516
24294,0.220785192766875,0.495776031129656,0.0675126186697229,0.215926157433746
24295,0.144808665717342,0.298142317315002,0.262019666398688,0.295029350568968
24296,0.264493833626783,0.312991979352988,0.0666541602524854,0.355860026767744
24297,0.375230446039609,0.155087994123179,0.112803698756872,0.35687786108034
24298,0.329708039664077,0.339284471110852,0.150896344814862,0.180111144410209
24299,0.242813162253988,0.14418161689644,0.120009030422346,0.492996190427227
24300,0.279798461663833,0.18026196805194,0.192339682073845,0.347599888210382
24301,0.223833521468114,0.0915382666571986,0.23607500084694,0.448553211027747
24302,0.535203655862291,0.153566692197759,0.151664823182721,0.15956482875723
24303,0.364146547620629,0.23766340799,0.0694615434609555,0.328728500928416
24304,0.15459299770332,0.103838204827836,0.290055717752395,0.451513079716449
24305,0.219126936260131,0.434939863983592,0.0847890553161917,0.261144144440086
24306,0.22007149026695,0.0989189729073843,0.162578836949741,0.518430699875925
24307,0.597597212353594,0.135020703943483,0.0874931512187109,0.179888932484212
24308,0.315674292288168,0.085127055301224,0.31288566351651,0.286312988894098
24309,0.0568270012066851,0.234502875429149,0.431251565592969,0.277418557771197
24310,0.162302359170384,0.460674343137445,0.194567738177876,0.182455559514294
24311,0.179606747974556,0.217278922224864,0.272961337103245,0.330152992697335
24312,0.35739707622657,0.132232645843822,0.145524639355054,0.364845638574554
24313,0.468996709655777,0.184047675768047,0.0715373023751442,0.275418312201032
24314,0.0460720965451719,0.651157710965167,0.0551324022019668,0.247637790287694
24315,0.247441168837097,0.426269944815082,0.153982727070184,0.172306159277636
24316,0.47996959591386,0.124928159214991,0.094133056500163,0.300969188370986
24317,0.19840311913039,0.455007562118554,0.0982046502823684,0.248384668468687
24318,0.10349801790604,0.098842783842697,0.555927842753721,0.241731355497543
24319,0.54425483749072,0.119105105395591,0.236742557462995,0.0998974996506939
24320,0.077384177840703,0.154164167338568,0.265364823209524,0.503086831611205
24321,0.560372531316196,0.120743061038556,0.0602936117915043,0.258590795853744
24322,0.536539175611275,0.196513685290943,0.093900710527961,0.173046428569821
24323,0.089341177115425,0.0533835073641513,0.69593915732402,0.161336158196404
24324,0.180546887587327,0.114909033477255,0.410350260195823,0.294193818739595
24325,0.39752344298086,0.164051177531146,0.0711774906989987,0.367247888788995
24326,0.116575167667713,0.142043278157639,0.457201176179794,0.284180377994854
24327,0.173701827711342,0.330238739385107,0.202718607292323,0.293340825611228
24328,0.0821363575304923,0.0797031832321366,0.563304088845371,0.274856370392001
24329,0.227639737304203,0.542389685592899,0.0461085309117508,0.183862046191148
24330,0.536303644443823,0.0807226173209835,0.205523254380776,0.177450483854418
24331,0.101578393132315,0.143040062565439,0.384997437795435,0.370384106506812
24332,0.444977877617934,0.166685620863838,0.230318337037424,0.158018164480804
24333,0.474912504075998,0.188525876443036,0.106147795505425,0.230413823975541
24334,0.36387956582997,0.229087347728443,0.170546423371956,0.23648666306963
24335,0.0932075653142032,0.551541211335318,0.0648613636079379,0.290389859742541
24336,0.138570037605773,0.231329773568743,0.222703747119215,0.407396441706268
24337,0.572491597878455,0.0566301204751212,0.245876280010884,0.12500200163554
24338,0.586145858556401,0.0556269358662756,0.168185620810557,0.190041584766766
24339,0.424822253623439,0.389388641274921,0.0396002461873173,0.146188858914323
24340,0.223476720008706,0.3453201601645,0.0409342908558322,0.390268828970962
24341,0.564644937437441,0.0513415051284847,0.169837162275401,0.214176395158674
24342,0.649079216205131,0.122494248117216,0.0664725450195862,0.161953990658067
24343,0.0844329320440218,0.330032510353708,0.0827636664884796,0.502770891113791
24344,0.0521394120521139,0.0926775057143299,0.543843199738833,0.311339882494723
24345,0.0794374165873265,0.0380402818653721,0.450250813432002,0.432271488115299
24346,0.208971655340826,0.0627748089524236,0.500231350088659,0.228022185618091
24347,0.100532188996276,0.460649927666697,0.169911707155375,0.268906176181652
24348,0.642886198060087,0.0340685308851932,0.134971319900116,0.188073951154604
24349,0.482604559404239,0.129882015739114,0.0798388000997737,0.307674624756873
24350,0.041143724094844,0.210463522047821,0.510768139052889,0.237624614804446
24351,0.512615723561531,0.0652640945836932,0.0648138118458029,0.357306370008974
24352,0.0341587434874153,0.521955656379246,0.122675253262752,0.321210346870587
24353,0.271612472839385,0.102898112946103,0.252438535084411,0.373050879130101
24354,0.0738261215682264,0.407785826188376,0.148472021385348,0.36991603085805
24355,0.316297412346869,0.0742466745510451,0.36277356034051,0.246682352761576
24356,0.0778705362526485,0.0980054857079486,0.0571472895512043,0.766976688488199
24357,0.5992799183337,0.199469605836588,0.0333028690775422,0.16794760675217
24358,0.482478908849062,0.070886341567345,0.0514659309678394,0.395168818615753
24359,0.124963601157579,0.626157041524589,0.0441295212912499,0.204749836026582
24360,0.0810226897260994,0.2943443550178,0.290931116160055,0.333701839096046
24361,0.194245397323934,0.289909014427499,0.0698994138412959,0.445946174407271
24362,0.500358923538976,0.0578670003872531,0.28299848090864,0.158775595165131
24363,0.0643944153365698,0.124926362233797,0.53177846095674,0.278900761472893
24364,0.0539332398896289,0.626634384637434,0.141663107266228,0.177769268206709
24365,0.315605721735502,0.129492962007646,0.164984368407983,0.389916947848869
24366,0.106872515013223,0.33867847401417,0.213784882792011,0.340664128180595
24367,0.167333841738938,0.167682324396829,0.108751401166911,0.556232432697322
24368,0.0658192820790378,0.2834659641349,0.404764854896441,0.245949898889621
24369,0.374607926303511,0.286777980911875,0.134171390786343,0.204442701998272
24370,0.0825964758872068,0.402525538661219,0.381117905026767,0.133760080424807
24371,0.26917450957644,0.15756650559621,0.382320409462319,0.190938575365031
24372,0.081533561931467,0.0789097371575263,0.444131881141373,0.395424819769634
24373,0.291804922142574,0.380279219972825,0.213413567741422,0.114502290143179
24374,0.319411359090524,0.181197959615959,0.234160368428347,0.26523031286517
24375,0.142826789910766,0.0803180541993476,0.362489313166475,0.414365842723411
24376,0.139920582161295,0.156803071073688,0.556461503985448,0.146814842779569
24377,0.0919279780996028,0.50778916170781,0.240828917500951,0.159453942691636
24378,0.0702989002860452,0.502976650434383,0.0926490268298186,0.334075422449754
24379,0.0851754409347731,0.469965329120337,0.165045536311471,0.279813693633419
24380,0.122096657630513,0.364109468790063,0.11744082309416,0.396353050485264
24381,0.420467596314948,0.152120523313948,0.111220628135403,0.316191252235701
24382,0.425775497391632,0.127382081654603,0.325661136664653,0.121181284289113
24383,0.115946918198773,0.0831206843011598,0.635573827331265,0.165358570168802
24384,0.138895706363489,0.168931216224742,0.496906635771563,0.195266441640206
24385,0.454217175666974,0.094615892129816,0.231670533451731,0.219496398751478
24386,0.0827940539209543,0.118213559396924,0.559668344983372,0.239324041698749
24387,0.49126326361203,0.0855310500528888,0.154495287666586,0.268710398668495
24388,0.387062871194927,0.0742239313317988,0.242536939676351,0.296176257796923
24389,0.3641209094339,0.139959172285682,0.231006966515787,0.264912951764631
24390,0.259111067224233,0.109717253697425,0.495972397125679,0.135199281952662
24391,0.193021474204026,0.225994214774875,0.103783428333606,0.477200882687493
24392,0.0760655611146068,0.333602112372249,0.309691097928651,0.280641228584493
24393,0.0574634506872411,0.132701332152173,0.616310179964657,0.193525037195928
24394,0.128638276655528,0.574012115749014,0.164329752849669,0.133019854745789
24395,0.250503067637864,0.250996360204026,0.416843792863225,0.0816567792948859
24396,0.475215172242411,0.228279238798063,0.0706744199850521,0.225831168974474
24397,0.161005070262587,0.23553963283182,0.35889445856477,0.244560838340824
24398,0.332217009626496,0.271994672384478,0.203101664750472,0.192686653238554
24399,0.126090000819604,0.322451057555534,0.262538851201971,0.288920090422891
24400,0.10734785964748,0.22096673471328,0.436879763329565,0.234805642309674
24401,0.274790062024301,0.170617128240057,0.270260923773015,0.284331885962627
24402,0.252076855993133,0.132180765710909,0.481155751692258,0.134586626603701
24403,0.0987996062525052,0.217953222183745,0.497184883810201,0.186062287753549
24404,0.0909124622851638,0.21172788660269,0.516868439819874,0.180491211292272
24405,0.233255830747875,0.266859971280374,0.333948658760043,0.165935539211708
24406,0.42214017961922,0.313802034976398,0.13620591772451,0.127851867679872
24407,0.0970745365216869,0.460006068454894,0.333809167601068,0.109110227422351
24408,0.235935496886429,0.339146217505749,0.197394841739309,0.227523443868513
24409,0.281458425632197,0.331446883404615,0.10999156864782,0.277103122315369
24410,0.227719273743251,0.263513526772099,0.239585694868308,0.269181504616343
24411,0.17974968546614,0.413177232263056,0.260281368882844,0.14679171338796
24412,0.375911907105143,0.275090318312628,0.143567198167363,0.205430576414866
24413,0.40162198342104,0.187365611433828,0.291484189266711,0.119528215878421
24414,0.259808706099211,0.446852873748322,0.146035515615287,0.14730290453718
24415,0.361863348518311,0.131565517210806,0.356239415972743,0.150331718298141
24416,0.569691972604232,0.0844891102417656,0.129500702652913,0.216318214501089
24417,0.221387832158088,0.0895706149631586,0.300161887383743,0.38887966549501
24418,0.133153483235708,0.140454350983913,0.104661534953145,0.621730630827234
24419,0.276282478075927,0.322186167260339,0.233629263474209,0.167902091189525
24420,0.139958946227956,0.402387907547201,0.199700172058743,0.2579529741661
24421,0.230081214016849,0.089102477789969,0.0612072155395478,0.619609092653634
24422,0.425263618863908,0.148761602117314,0.0494893796681104,0.376485399350667
24423,0.0801453604896938,0.512631840744198,0.0623052497576605,0.344917549008448
24424,0.134727937875504,0.287265703402615,0.269443481941446,0.308562876780435
24425,0.119833907077921,0.0655252962015057,0.15671959664676,0.657921200073814
24426,0.423539317531732,0.190804121937706,0.0541672674586722,0.33148929307189
24427,0.088044962914619,0.0897679716654302,0.588248027786315,0.233939037633636
24428,0.249003433293214,0.520468226125644,0.034674227258239,0.195854113322903
24429,0.133750832318166,0.683168221395423,0.043912425894198,0.139168520392213
24430,0.12199420246083,0.104526632594248,0.0900138900336508,0.683465274911271
24431,0.187640722807699,0.462489301127967,0.164618263656704,0.18525171240763
24432,0.0553617713518661,0.397544895879022,0.188424331457488,0.358669001311624
24433,0.139845471362529,0.142860327307952,0.167796076687094,0.549498124642425
24434,0.29056675487403,0.217293365975996,0.314090014431076,0.178049864718899
24435,0.378743039044026,0.214257211159391,0.150861418852966,0.256138330943618
24436,0.195659132483663,0.0777144495573424,0.272498939721244,0.45412747823775
24437,0.260185433398136,0.174890000967282,0.0917432219310066,0.473181343703576
24438,0.549159091038068,0.11649181149637,0.15357306365763,0.180776033807933
24439,0.13146763467579,0.0329757779819961,0.537465803230453,0.298090784111761
24440,0.0387589835034331,0.535921154547553,0.0408096874792022,0.384510174469812
24441,0.532154113763357,0.0941253854115897,0.0343517892833674,0.339368711541686
24442,0.566638122965678,0.119408484484649,0.129963725187014,0.183989667362659
24443,0.317933977071785,0.159259000987029,0.374964948274319,0.147842073666868
24444,0.0660119707191265,0.195352136608736,0.377869986360901,0.360765906311237
24445,0.238639305586627,0.143364120821415,0.163251259817136,0.454745313774823
24446,0.209880634798796,0.0683043953467231,0.062795597667968,0.659019372186514
24447,0.126025161842992,0.682334664767733,0.0336170961890321,0.158023077200243
24448,0.176293761644335,0.401307874834954,0.0873213334788924,0.335077030041818
24449,0.34629966638746,0.0332367491432135,0.17404632230406,0.446417262165266
24450,0.0798158196391997,0.0781682861801559,0.195314911637429,0.646700982543215
24451,0.050750900192607,0.0680637476498204,0.366213902395047,0.514971449762526
24452,0.129583888969993,0.0508825757021936,0.322451360166184,0.497082175161629
24453,0.353932846134717,0.061493419650306,0.372430654051921,0.212143080163056
24454,0.260455168696325,0.33632704277163,0.11329216371344,0.289925624818605
24455,0.168662752394192,0.0688290017342867,0.476306804618523,0.286201441252998
24456,0.113958356120261,0.134301787831464,0.346727768172893,0.405012087875382
24457,0.222936908286472,0.0775052587973213,0.205692450768294,0.493865382147913
24458,0.0838829646817796,0.283227905819673,0.106462518974496,0.526426610524052
24459,0.133931145856716,0.170404073593538,0.433566502571072,0.262098277978674
24460,0.0661496763472688,0.244278680619836,0.274775035746723,0.414796607286173
24461,0.0523987410370411,0.0832360142808029,0.413853966091791,0.450511278590365
24462,0.139239539599575,0.259368060765754,0.139209372170406,0.462183027464265
24463,0.29851248865892,0.437802250451207,0.142921120545022,0.12076414034485
24464,0.178903331438837,0.163988260271795,0.291169933351268,0.365938474938101
24465,0.146990310346182,0.546079152558235,0.0639533227651214,0.242977214330461
24466,0.370209682150156,0.336252983550937,0.0579023302996273,0.235635003999279
24467,0.138420907816538,0.363779483012175,0.0453841900935548,0.452415419077732
24468,0.0516585979710459,0.46260733013175,0.225813438371959,0.259920633525246
24469,0.126877328117184,0.401338475381896,0.0849402873680401,0.38684390913288
24470,0.181969683932068,0.161136682409137,0.116482354338022,0.540411279320773
24471,0.192936310975486,0.516818560495605,0.0861092045856496,0.204135923943259
24472,0.460868272299874,0.0771002572440576,0.272187328215632,0.189844142240437
24473,0.220427007982968,0.164974351147069,0.271370845800125,0.343227795069837
24474,0.629431624334518,0.183377776750812,0.0393061422784248,0.147884456636246
24475,0.091770359864483,0.40559396691757,0.249364732674904,0.253270940543042
24476,0.257989643633412,0.305030004787352,0.128473585781006,0.30850676579823
24477,0.06709751438742,0.458660661027688,0.294096086074324,0.180145738510568
24478,0.244234622518094,0.140299153391778,0.418197060800246,0.197269163289882
24479,0.170933720242569,0.0871757218726023,0.448690084067884,0.293200473816945
24480,0.440193122790461,0.155192702070782,0.133522078031207,0.27109209710755
24481,0.315821733294681,0.223225025213936,0.226089187318648,0.234864054172736
24482,0.471432562425171,0.0942012930177507,0.126952399296073,0.307413745261005
24483,0.672088819313125,0.0858055586017407,0.0862326416241273,0.155872980461007
24484,0.119740109008486,0.229596573291236,0.454974122807075,0.195689194893203
24485,0.40546033967827,0.144606194108878,0.288974760711894,0.160958705500957
24486,0.30499726261947,0.323055043225577,0.161013154742215,0.210934539412738
24487,0.0847009739094722,0.120302415415803,0.59532254260537,0.199674068069355
24488,0.280150789480663,0.540505486011511,0.0640524672626208,0.115291257245205
24489,0.209378686181869,0.364675565727386,0.225217864067929,0.200727884022816
24490,0.0962693420729749,0.278443825655936,0.467085328102346,0.158201504168744
24491,0.13607834402606,0.130998415195491,0.215739551514907,0.517183689263542
24492,0.125554542827194,0.0499998006387507,0.520979673079696,0.303465983454359
24493,0.054100997524087,0.209933682016321,0.54030761546258,0.195657704997011
24494,0.0356938828075232,0.470909579323994,0.317969036080386,0.175427501788097
24495,0.110650710507619,0.523159568157355,0.0618664155762376,0.304323305758788
24496,0.123619753816587,0.144299089250405,0.302837707502922,0.429243449430086
24497,0.142072136783527,0.0565528239269103,0.604183711155545,0.197191328134018
24498,0.290828996398201,0.233571176710992,0.34088126829356,0.134718558597247
24499,0.432391837111072,0.0767167066870574,0.276724145427232,0.214167310774638
24500,0.0605169887862558,0.583112136327314,0.0765551308417044,0.279815744044726
24501,0.249161731455181,0.317630241432414,0.0697371415882971,0.363470885524108
24502,0.465498580771244,0.110327909786071,0.113294686542159,0.310878822900526
24503,0.0836467756977592,0.0763839774345331,0.170249370811442,0.669719876056266
24504,0.0768900480183209,0.537635952289936,0.0779753961362831,0.30749860355546
24505,0.121240402512771,0.289033685233971,0.146541294286327,0.443184617966932
24506,0.113925999468606,0.0469124374359699,0.609164109083125,0.2299974540123
24507,0.087753312931882,0.153711784612187,0.198322514098158,0.560212388357773
24508,0.391624984864708,0.107345401332795,0.264309583525242,0.236720030277255
24509,0.18942833148522,0.0607154070506052,0.34590289114345,0.403953370320725
24510,0.0916226325469308,0.133119176501456,0.539338142327484,0.235920048624129
24511,0.286760205659682,0.496576179616193,0.0702510431020396,0.146412571622086
24512,0.276949791152383,0.0992528469439331,0.220789164140054,0.40300819776363
24513,0.523452053333232,0.0849948115648602,0.123647242585094,0.267905892516814
24514,0.319846230008402,0.309712741385788,0.0823372542410095,0.2881037743648
24515,0.195320467839547,0.202408305324066,0.251559211972255,0.350712014864133
24516,0.347981028488252,0.113630254413389,0.144436946847552,0.393951770250808
24517,0.474294678684132,0.221052500767664,0.156027481963307,0.148625338584899
24518,0.0798655014498483,0.131810489263271,0.139787487448399,0.648536521838481
24519,0.0923621150097489,0.178137944668127,0.576265773845911,0.153234166476213
24520,0.0432357454907613,0.277398263712126,0.296243530589489,0.383122460207625
24521,0.122340027248982,0.356542469737731,0.0605360947317901,0.460581408281497
24522,0.0402907894813703,0.115019046856244,0.611564645335062,0.233125518327324
24523,0.0878150686372363,0.232328769847231,0.40149594564929,0.278360215866243
24524,0.134544623952121,0.133824357475521,0.462012476127233,0.269618542445125
24525,0.164416755484695,0.169812566189775,0.0953632785337927,0.570407399791738
24526,0.471663212921659,0.0963852770896611,0.254761592899974,0.177189917088706
24527,0.165213726625704,0.0451412548612189,0.438496475807948,0.35114854270513
24528,0.613840770609728,0.202803270021366,0.0435084252131869,0.13984753415572
24529,0.14168244724054,0.0891213546928069,0.210469517752271,0.558726680314383
24530,0.345525139840924,0.20497837719638,0.190884711439765,0.258611771522931
24531,0.108976052181718,0.401957354796609,0.297443930946977,0.191622662074697
24532,0.153431884967755,0.265705797639325,0.420805824316767,0.160056493076154
24533,0.26218965639927,0.27011731127441,0.0963392179774535,0.371353814348866
24534,0.101053970711831,0.415286874922945,0.117988845124158,0.365670309241066
24535,0.628301441615417,0.0635042020210026,0.0929372449627952,0.215257111400785
24536,0.161438386091608,0.185572023022684,0.358315249002933,0.294674341882776
24537,0.350061025067012,0.196132992256662,0.0975783635101782,0.356227619166148
24538,0.253185252030539,0.492340730953871,0.0665752124179485,0.187898804597641
24539,0.359130352282755,0.184082340803827,0.159430407868524,0.297356899044895
24540,0.413743780434071,0.0996365699594247,0.281933278302462,0.204686371304042
24541,0.462467338157206,0.115229962543085,0.228560053356946,0.193742645942763
24542,0.177423638106246,0.470775116273699,0.0909718983588114,0.260829347261244
24543,0.0390008657143727,0.143872498647094,0.700356186389338,0.116770449249195
24544,0.159226892151988,0.46407390882604,0.230358942654337,0.146340256367635
24545,0.297786548215118,0.0983543558931092,0.444690541802365,0.159168554089408
24546,0.0857814531453613,0.535727095620496,0.138446536688305,0.240044914545837
24547,0.342528033006953,0.355654123318493,0.052055943724994,0.24976189994956
24548,0.0771474403351292,0.294026536703999,0.384053370276789,0.244772652684083
24549,0.508140192258649,0.267188933629947,0.0814979979965441,0.14317287611486
24550,0.171031891406175,0.392244965207493,0.334319728318016,0.102403415068316
24551,0.090647018695684,0.409288429659426,0.180137500721845,0.319927050923045
24552,0.103287872302253,0.470406084874577,0.126599535051218,0.299706507771952
24553,0.423630200388894,0.165188764833933,0.195052481195626,0.216128553581547
24554,0.300790895950424,0.143886976850627,0.299222085182621,0.256100042016327
24555,0.150690780312926,0.621019320671588,0.0738620721778873,0.154427826837599
24556,0.487528622738313,0.244889469733413,0.0565197390567633,0.211062168471511
24557,0.151718858268116,0.296199496087616,0.320015089471508,0.23206655617276
24558,0.131443016785292,0.576926017039373,0.0636112390669941,0.228019727108341
24559,0.0721554613781078,0.671892661408461,0.148328321319656,0.107623555893775
24560,0.107259343874484,0.386126984149765,0.189107245130923,0.317506426844828
24561,0.254958953505113,0.2078165679666,0.215560642407507,0.32166383612078
24562,0.41350465869935,0.262561830024686,0.167033671370113,0.156899839905851
24563,0.0578236587512433,0.538662911124718,0.144745863944648,0.258767566179391
24564,0.14537119659468,0.428981753107901,0.113420593864892,0.312226456432526
24565,0.0992930187497647,0.31658311420314,0.349313195392181,0.234810671654915
24566,0.147612732245486,0.665403904339869,0.0728081013116352,0.11417526210301
24567,0.185374273238049,0.342849983661453,0.341801736624499,0.129974006476
24568,0.392906079854042,0.272785126633905,0.0736333939513019,0.260675399560751
24569,0.178684717273462,0.112504880081254,0.268205720986379,0.440604681658905
24570,0.0554049483631049,0.460746386581682,0.10523504539678,0.378613619658433
24571,0.059027463965309,0.184807476063851,0.389837176365924,0.366327883604916
24572,0.234309313367742,0.116694299845167,0.278795827118398,0.370200559668694
24573,0.160167403195709,0.144690275339868,0.474595569630951,0.220546751833472
24574,0.0826225199917261,0.248259364811511,0.446371484791558,0.222746630405204
24575,0.197493672749136,0.0901259487724438,0.126229744184683,0.586150634293738
24576,0.0441516442875167,0.207012376679804,0.5111933000065,0.23764267902618
24577,0.113370287967006,0.145085376360676,0.339675762734582,0.401868572937736
24578,0.248989927122331,0.128568761149427,0.240276554965754,0.382164756762488
24579,0.356709528639164,0.360744596323518,0.0959937942648498,0.186552080772469
24580,0.11631701514573,0.0864494140286362,0.411681599659904,0.38555197116573
24581,0.24068330654544,0.0424622365722325,0.518932469132125,0.197921987750203
24582,0.0682789592794783,0.14903746200177,0.592637787531954,0.190045791186798
24583,0.0468621772462712,0.133547858568558,0.506635307730547,0.312954656454624
24584,0.0430304570995281,0.0552996035642047,0.731809550072955,0.169860389263312
24585,0.101341788113594,0.21112020366976,0.0414250491662904,0.646112959050356
24586,0.0826472091386749,0.117394271334129,0.347458389474808,0.452500130052388
24587,0.452841784773685,0.197431307502845,0.198974756017538,0.150752151705932
24588,0.300565117058773,0.231328282436828,0.284056054261543,0.184050546242856
24589,0.158026889792694,0.453351959419565,0.237884855247231,0.15073629554051
24590,0.402951874643485,0.254691159622917,0.206273095989162,0.136083869744436
24591,0.324506078607088,0.227233625544827,0.269175981964741,0.179084313883343
24592,0.338033947248349,0.315137679825697,0.154809720316105,0.192018652609849
24593,0.395276902172201,0.254845985530165,0.178034067580471,0.171843044717162
24594,0.244861433866461,0.282414061708394,0.214977027806501,0.257747476618644
24595,0.246587980297625,0.310421885958903,0.344562633674641,0.0984275000688303
24596,0.414211267466534,0.248863461698749,0.103037788894905,0.233887481939812
24597,0.382218667532376,0.315900131742053,0.155162650079121,0.14671855064645
24598,0.449610982581688,0.147816404522616,0.122793264172045,0.27977934872365
24599,0.33826907543879,0.276947969390916,0.21838031838949,0.166402636780805
24600,0.31821585286035,0.28601570135971,0.21578751785839,0.179980927921551
24601,0.162616152300775,0.132353253092569,0.553906930336796,0.15112366426986
24602,0.244517660607728,0.471694784354229,0.149744422490834,0.134043132547209
24603,0.204756232080597,0.198814837018346,0.316834303102623,0.279594627798434
24604,0.258982978724389,0.229673974027861,0.393318677894632,0.118024369353118
24605,0.39331750159233,0.192692741590557,0.203447388770015,0.210542368047099
24606,0.0512426746214163,0.375768181942685,0.415012768544344,0.157976374891554
24607,0.49449354845185,0.19411796256057,0.127809713630812,0.183578775356769
24608,0.146211172718335,0.411109450523861,0.0751258283804523,0.367553548377352
24609,0.453784299601109,0.148702196052535,0.235373170797218,0.162140333549137
24610,0.105499978224786,0.180228394680341,0.177720579512688,0.536551047582185
24611,0.180444610672433,0.230253515624832,0.168355140844216,0.42094673285852
24612,0.114679010667071,0.644391900982591,0.0768973646697874,0.16403172368055
24613,0.060990010206934,0.218727802118862,0.54911492968135,0.171167257992853
24614,0.0815748239622017,0.0722761762587931,0.657570383531075,0.18857861624793
24615,0.403757954745138,0.237191204452215,0.0617505214360974,0.297300319366549
24616,0.169370830735859,0.0908989242525438,0.49512463386949,0.244605611142107
24617,0.254875647771484,0.200172745268803,0.4149289996755,0.130022607284213
24618,0.313615895316707,0.0614762485627953,0.500292155168773,0.124615700951725
24619,0.0737164505015409,0.46631182184846,0.325832348536608,0.134139379113391
24620,0.236387769253173,0.211124557227191,0.0944308370700061,0.45805683644963
24621,0.136752410110822,0.177142011290362,0.337356815889219,0.348748762709596
24622,0.0746564348110403,0.302518456479311,0.324979682258046,0.297845426451604
24623,0.244110594599642,0.0930707778734019,0.311040870536146,0.35177775699081
24624,0.252274496885682,0.126529982980128,0.458380744216912,0.162814775917278
24625,0.412902283903989,0.0447021692815493,0.274000255894163,0.2683952909203
24626,0.437672420718984,0.107340600278594,0.0796800367229875,0.375306942279435
24627,0.150063811120039,0.158144471323127,0.0697921874108073,0.621999530146027
24628,0.613971997296259,0.0496858176437063,0.0513936900102312,0.284948495049804
24629,0.0718010031784538,0.492166672223166,0.0839032509262622,0.352129073672118
24630,0.143760244500329,0.11194903933161,0.288406282655057,0.455884433513004
24631,0.285350024562825,0.120355458993695,0.0962928382867499,0.49800167815673
24632,0.173045169638537,0.182114897732446,0.210796416333186,0.434043516295831
24633,0.269174845668768,0.0370352394676812,0.420074188285427,0.273715726578123
24634,0.175201925542002,0.0305197499318135,0.545333605013837,0.248944719512348
24635,0.294304887646634,0.0964427528512228,0.154037414738239,0.455214944763904
24636,0.285447213730075,0.365388222367907,0.120348241974994,0.228816321927024
24637,0.210766781214215,0.0819131881218244,0.547322810246354,0.159997220417607
24638,0.102285684961212,0.514156620011553,0.0696949153143178,0.313862779712917
24639,0.349218104735242,0.150821020377748,0.145576839571882,0.354384035315128
24640,0.600705405980323,0.0790124918119707,0.131606590323487,0.188675511884219
24641,0.0644323170374564,0.717351412048563,0.0239849577024988,0.194231313211481
24642,0.183702396483653,0.0796403029483956,0.354833582906719,0.381823717661232
24643,0.0527459186990171,0.0473660204290645,0.3960974069721,0.503790653899818
24644,0.117228604282662,0.43420098973147,0.176220675739772,0.272349730246096
24645,0.165278346001034,0.601725050064564,0.0372177009092717,0.19577890302513
24646,0.253589183230686,0.26490588331473,0.23580414158496,0.245700791869624
24647,0.38757750588484,0.332975037115221,0.169054800888288,0.110392656111651
24648,0.178815978328034,0.0892541519470312,0.414509463779217,0.317420405945718
24649,0.158535009072752,0.182689039204586,0.465415234235249,0.193360717487413
24650,0.0609285382738533,0.795155281813576,0.0298260205527908,0.11409015935978
24651,0.59250760901133,0.0912313608103219,0.046595966334908,0.269665063843441
24652,0.311278545403646,0.0632624691115728,0.472636233389653,0.152822752095128
24653,0.492908100802731,0.194553580655625,0.12406531733875,0.188473001202894
24654,0.105309844961792,0.468103826888732,0.0772318117941239,0.349354516355351
24655,0.107003429716265,0.207633756538859,0.406152399239569,0.279210414505307
24656,0.247564383148241,0.30555864709462,0.314032693500079,0.13284427625706
24657,0.26399292441656,0.241197017803683,0.118250006089402,0.376560051690355
24658,0.117816215772462,0.412551466459957,0.275269744796931,0.19436257297065
24659,0.0565099720175296,0.153082459167456,0.440139656703102,0.350267912111913
24660,0.189792998097179,0.393188580930523,0.211297795416723,0.205720625555574
24661,0.194895579245962,0.436848386639497,0.0684613607753945,0.299794673339147
24662,0.0535902415516312,0.168199584183549,0.594841563551692,0.183368610713128
24663,0.116918892178248,0.298408312296515,0.452362396260469,0.132310399264768
24664,0.12744981351896,0.193170577475169,0.401046611574841,0.27833299743103
24665,0.303292281274405,0.100743056755573,0.418372946567512,0.177591715402511
24666,0.116000070958671,0.490187111558938,0.0939600399601343,0.299852777522257
24667,0.0644226652596862,0.521660043195928,0.170738437495081,0.243178854049304
24668,0.171828717762021,0.0515723113593201,0.690096114907482,0.086502855971177
24669,0.170045360984309,0.18847200964883,0.334822511982091,0.30666011738477
24670,0.508214114574791,0.0737643508666775,0.213721771920457,0.204299762638074
24671,0.0835977025280843,0.372055162082539,0.445392857599483,0.0989542777898937
24672,0.100109878897182,0.450058824942929,0.306896233790978,0.14293506236891
24673,0.105972064311467,0.0542184115180801,0.697265197543799,0.142544326626654
24674,0.12135028260707,0.634370801249421,0.068091176675587,0.176187739467922
24675,0.150460985452146,0.106683984574506,0.605190479108836,0.137664550864513
24676,0.203807882293169,0.52338529377924,0.110944138390581,0.161862685537009
24677,0.0813480653115465,0.180590623497672,0.346242136502537,0.391819174688244
24678,0.252464789997596,0.294812174855753,0.154978025919765,0.297745009226885
24679,0.273714894719536,0.399765211788603,0.09714913322443,0.22937076026743
24680,0.102152460247236,0.403223991300836,0.192969230873821,0.301654317578107
24681,0.380750666682834,0.242986856964067,0.0777186516281627,0.298543824724936
24682,0.405068595134695,0.473291808028756,0.0273287031063951,0.0943108937301538
24683,0.107822100087128,0.23077943473385,0.457325161579542,0.204073303599481
24684,0.0930942057449088,0.148206487895718,0.497772223892598,0.260927082466776
24685,0.55683558771468,0.12936837578558,0.108986426727042,0.204809609772698
24686,0.413394060332029,0.124017958459411,0.105964937847424,0.356623043361136
24687,0.273751632106694,0.269185219340195,0.186220965380721,0.27084218317239
24688,0.178064041707045,0.347180778118846,0.178760556012098,0.295994624162012
24689,0.227678920124029,0.228652584071891,0.409835036790449,0.13383345901363
24690,0.610045149621985,0.109180501198428,0.138576704360551,0.142197644819036
24691,0.386746193911487,0.327481784121341,0.0743295934711221,0.211442428496049
24692,0.605595715758522,0.21033174359217,0.0395945133994463,0.144478027249862
24693,0.220643988783428,0.180913966466524,0.426256049046498,0.172185995703551
24694,0.177404759201549,0.312811823805647,0.298290962860287,0.211492454132517
24695,0.226553255594098,0.610968156884674,0.0548405991741931,0.107637988347035
24696,0.236414758228821,0.288413224331023,0.191033830766957,0.284138186673199
24697,0.183675683951937,0.186424971647023,0.283252524951595,0.346646819449445
24698,0.267850892484787,0.455933736719257,0.179950590804804,0.0962647799911521
24699,0.22661505212401,0.0752705458099486,0.587295622579965,0.110818779486076
24700,0.138252878606149,0.39574184842824,0.165846262307821,0.30015901065779
24701,0.128185931413961,0.104463147471374,0.646745335471962,0.120605585642703
24702,0.223459008021996,0.507063405344796,0.162095913975764,0.107381672657443
24703,0.236001444621745,0.33071763974435,0.303997889998279,0.129283025635625
24704,0.104092541294816,0.443900593777184,0.311442457638887,0.140564407289113
24705,0.414655374862759,0.276006333655509,0.176458627213359,0.132879664268374
24706,0.264678325165063,0.344095421418599,0.273045679087425,0.118180574328913
24707,0.276717382637561,0.199058205001349,0.26719531561859,0.257029096742501
24708,0.545700128978053,0.101505720724231,0.210992241204679,0.141801909093037
24709,0.131969368099882,0.204178844725034,0.514177793801646,0.149673993373438
24710,0.372676887382346,0.268348694004783,0.226301814384583,0.132672604228289
24711,0.336520203177331,0.213113144384917,0.315305034670052,0.1350616177677
24712,0.332841386483036,0.373381323114782,0.163690368042338,0.130086922359843
24713,0.159181119638077,0.461877830047955,0.206985608043244,0.171955442270724
24714,0.320118857008463,0.320549969474038,0.19372632037849,0.165604853139008
24715,0.196242272373801,0.406242153771722,0.19872834846169,0.198787225392787
24716,0.381994071462865,0.33168929272506,0.146080588851206,0.140236046960869
24717,0.257725325255967,0.412271564798487,0.23434530059245,0.095657809353095
24718,0.218327433052423,0.522436410735561,0.132174850419311,0.127061305792704
24719,0.256156690505972,0.245777887118329,0.254954815742251,0.24311060663345
24720,0.225491648282051,0.42239895850434,0.168735551556351,0.183373841657257
24721,0.31109289199668,0.328014049089652,0.170011928515539,0.19088113039813
24722,0.151165475030383,0.546105954456333,0.177130432824622,0.125598137688663
24723,0.438710749933054,0.243852245457192,0.187359705784779,0.130077298824975
24724,0.278746868265414,0.27352808367293,0.294732286873753,0.152992761187902
24725,0.476042987419288,0.23785570263743,0.109699221816252,0.17640208812703
24726,0.325523657803165,0.270273519843161,0.251175790054432,0.153027032299242
24727,0.165240269573081,0.154404259094087,0.357401872140895,0.322953599191937
24728,0.369281574326154,0.295197664976153,0.154001372317026,0.181519388380667
24729,0.251394043691129,0.183843386087883,0.354938745144966,0.209823825076022
24730,0.20035627810917,0.190346607198544,0.330924826822012,0.278372287870275
24731,0.157298266874886,0.489291674009169,0.189817849222253,0.163592209893692
24732,0.270390415265302,0.184246883153046,0.350702771264936,0.194659930316716
24733,0.13542102594139,0.275426240991095,0.223280227804283,0.365872505263232
24734,0.209638275879982,0.337789977741618,0.161059616254469,0.291512130123931
24735,0.140994178451633,0.197885923589498,0.383325898976852,0.277793998982017
24736,0.193360804380103,0.498185104820536,0.144801662060477,0.163652428738885
24737,0.422348808137452,0.209280913186686,0.201292921239504,0.167077357436358
24738,0.107672193831683,0.514783690981065,0.146833096475963,0.230711018711289
24739,0.411719993996438,0.0589658875415069,0.262140049860502,0.267174068601553
24740,0.189463028507722,0.482347196426657,0.136808714352412,0.19138106071321
24741,0.096784173007265,0.271837127696808,0.534819761810192,0.0965589374857357
24742,0.289616730613554,0.363524787270872,0.0929437616490317,0.253914720466543
24743,0.198710650431781,0.34780561998552,0.123835493540429,0.329648236042271
24744,0.441664640177353,0.0622523984910658,0.286864404031911,0.20921855729967
24745,0.188269374609128,0.150528963934441,0.341582592962756,0.319619068493675
24746,0.230106413717797,0.332349049793381,0.0807739788270809,0.356770557661742
24747,0.0620821293012476,0.409637128393269,0.304135226815706,0.224145515489777
24748,0.0435610043991809,0.0544935373265531,0.649390891241413,0.252554567032853
24749,0.127831900914563,0.376547200969035,0.282511499262773,0.213109398853629
24750,0.316248851569726,0.167360053210645,0.321277432473224,0.195113662746404
24751,0.511266771946171,0.125892156601668,0.0982357024730244,0.264605368979137
24752,0.135920931057323,0.521425841793915,0.0938302164244048,0.248823010724357
24753,0.245957476390777,0.0463299400958021,0.553922424290052,0.15379015922337
24754,0.302525886985057,0.304104912368664,0.137769557991771,0.255599642654508
24755,0.0761937286560132,0.343054410563876,0.385805083634314,0.194946777145797
24756,0.15145326681663,0.357277388063145,0.272562061256737,0.218707283863488
24757,0.252094449413388,0.115831941420422,0.245463791523264,0.386609817642926
24758,0.176281968926737,0.0743611342531077,0.451869142441041,0.297487754379114
24759,0.16307419385861,0.2960697758211,0.274529256748508,0.266326773571782
24760,0.303959058717065,0.368365407578407,0.10270453185661,0.224971001847917
24761,0.315753318358234,0.121732666214289,0.332678140283775,0.229835875143702
24762,0.179863471761652,0.381703369459886,0.0938216018245361,0.344611556953926
24763,0.105590510505384,0.622371963815126,0.0720227546915423,0.200014770987947
24764,0.527491130198771,0.0802820337582285,0.0821589221811561,0.310067913861845
24765,0.239614872889473,0.303074011031197,0.300241350716835,0.157069765362495
24766,0.0605170686849475,0.433600667877493,0.241815169691045,0.264067093746514
24767,0.191473242864776,0.168122097111751,0.192450712730126,0.447953947293347
24768,0.19280454024979,0.38176737357089,0.141319708421895,0.284108377757425
24769,0.209538870576108,0.139951723618404,0.541805027188128,0.10870437861736
24770,0.192398679089386,0.237930773050433,0.110864296760588,0.458806251099593
24771,0.15251581204413,0.0913809035550439,0.428139667103007,0.32796361729782
24772,0.210772083838386,0.390053466232917,0.0950919554308527,0.304082494497844
24773,0.107888394069914,0.385369500919052,0.385570250407087,0.121171854603948
24774,0.341909368143036,0.217786963078345,0.202968041310781,0.237335627467838
24775,0.180532997827185,0.519618325539704,0.0769243693436449,0.222924307289465
24776,0.584027858177393,0.0614034214575587,0.198714166608782,0.155854553756266
24777,0.322491586565785,0.301076726174957,0.215472119676614,0.160959567582644
24778,0.399672891576862,0.252748600840391,0.105005421614331,0.242573085968415
24779,0.0516442194487825,0.39280018364124,0.178265858495622,0.377289738414355
24780,0.549842838866457,0.102788404106993,0.225504049273196,0.121864707753355
24781,0.0454450793554226,0.0839379257233852,0.766646757435395,0.103970237485797
24782,0.570650928463287,0.0590520121950467,0.0676178644128413,0.302679194928825
24783,0.0354806403129608,0.175009917787507,0.474321444270486,0.315187997629046
24784,0.35668964697704,0.0674846981500529,0.136233873762465,0.439591781110442
24785,0.0538728805478342,0.254251740830589,0.208744866659565,0.483130511962012
24786,0.124185798139003,0.163249511931287,0.461371911758861,0.251192778170849
24787,0.256953673117408,0.265147373249285,0.177376692764234,0.300522260869073
24788,0.0967358894124029,0.1897512112221,0.418792404489713,0.294720494875784
24789,0.384661529581006,0.302940476699616,0.0709525810260413,0.241445412693337
24790,0.108549266015465,0.128244403895068,0.402782578018569,0.360423752070898
24791,0.221547798179948,0.0966120227307979,0.432183560386586,0.249656618702668
24792,0.232525502031128,0.0926966547547279,0.292718722625396,0.382059120588748
24793,0.143529860598459,0.0482702083682257,0.53950254547425,0.268697385559065
24794,0.0868967361431554,0.62583539039769,0.0673269139151657,0.219940959543989
24795,0.204462576957172,0.155469658424809,0.0772995923689627,0.562768172249056
24796,0.501283324045273,0.251454674631979,0.15104664794894,0.0962153533738086
24797,0.104760715368085,0.568744791152699,0.137751504737425,0.188742988741791
24798,0.0383541135009253,0.065779987950433,0.577330643868622,0.31853525468002
24799,0.278842367196956,0.0932327148020946,0.265125181406676,0.362799736594273
24800,0.0491138459289863,0.151839146946889,0.554522359819522,0.244524647304602
24801,0.524896824266208,0.215366687942367,0.132037197730166,0.127699290061259
24802,0.244127190256031,0.260931621536915,0.161091378815987,0.333849809391068
24803,0.067242553084659,0.0943855071114986,0.596864465488224,0.241507474315619
24804,0.513587479120463,0.0963091928690998,0.10627558040638,0.283827747604058
24805,0.194115957087863,0.245073036426502,0.083243016940754,0.477567989544881
24806,0.243548602044053,0.369841271766197,0.0645208007656359,0.322089325424114
24807,0.455358950618166,0.382535467033145,0.0356092739043228,0.126496308444366
24808,0.385217878737997,0.124031537285977,0.253323750137093,0.237426833838933
24809,0.634004854003962,0.0493365339120385,0.0724623388924895,0.24419627319151
24810,0.14073307074893,0.30056273467715,0.196719250824526,0.361984943749394
24811,0.214255667427231,0.0353615992790012,0.589567229228725,0.160815504065043
24812,0.0654476054773716,0.075707712119742,0.681523070960966,0.177321611441921
24813,0.254687973657558,0.0550705319757879,0.402370207547876,0.287871286818778
24814,0.234770733315436,0.409343235342567,0.0398156887434118,0.316070342598585
24815,0.567677431915667,0.0975634444005452,0.142315887482177,0.192443236201611
24816,0.242382378852177,0.104255856587249,0.343619195824774,0.3097425687358
24817,0.159499124394513,0.170278905693879,0.14051867697092,0.529703292940687
24818,0.279069103266934,0.330355590104272,0.245105805026474,0.145469501602319
24819,0.15709154531333,0.40534070243041,0.213582471415564,0.223985280840696
24820,0.272193052299347,0.111677724036719,0.0900746507569076,0.526054572907026
24821,0.445788908066055,0.168221710419419,0.0698771052578251,0.316112276256701
24822,0.09334984729578,0.538242697740488,0.080882520802243,0.287524934161489
24823,0.150118318597875,0.295090947471428,0.305360618282383,0.249430115648314
24824,0.149202403920039,0.0843197068091502,0.201391967456961,0.56508592181385
24825,0.439665656010223,0.208540465685786,0.0709289230697983,0.280864955234193
24826,0.0980506978467746,0.0959344505208908,0.613630311237533,0.192384540394801
24827,0.254047503483547,0.522188379499807,0.0435397567297921,0.180224360286854
24828,0.148387959782909,0.670796064347298,0.0537571754624659,0.127058800407326
24829,0.151767180672754,0.131982840197911,0.12624400297198,0.590005976157355
24830,0.190888077116077,0.461731937851123,0.173621021339065,0.173758963693735
24831,0.068812979636061,0.422753655037273,0.219701339418057,0.28873202590861
24832,0.169995138961788,0.176574518147471,0.203426818253257,0.450003524637485
24833,0.298918415826717,0.224728618880736,0.309347985914962,0.167004979377584
24834,0.132119900149268,0.0789579327018205,0.147963106025631,0.64095906112328
24835,0.202921831032193,0.305743290577968,0.162266282583348,0.329068595806491
24836,0.0997219754633707,0.155525695317983,0.230855967866324,0.513896361352322
24837,0.648676399903596,0.0356088523866023,0.0654954368750132,0.250219310834789
24838,0.0924969462852772,0.21138061230758,0.0972435223370574,0.598878919070085
24839,0.518164869417302,0.153802542613869,0.113470506786275,0.214562081182554
24840,0.38664640822683,0.22641083005105,0.242627508990698,0.144315252731423
24841,0.0586901027984742,0.584242920998923,0.201776413035092,0.155290563167511
24842,0.147706378153742,0.194470272264842,0.121061479477748,0.536761870103668
24843,0.227468473504182,0.0720115177058137,0.383053275406829,0.317466733383176
24844,0.624561008318934,0.0892319067218947,0.189982362244287,0.0962247227148845
24845,0.627443290722436,0.0496278547574446,0.0419876413145837,0.280941213205536
24846,0.213683757335942,0.56052878641451,0.0367771814138523,0.189010274835696
24847,0.113622249056318,0.086661543932632,0.509339437251137,0.290376769759913
24848,0.10704698216437,0.145155648764085,0.161927860139663,0.585869508931883
24849,0.392087965248485,0.0971877275105764,0.107674657277225,0.403049649963713
24850,0.154343454426223,0.461901482138534,0.0728450486252222,0.31091001481002
24851,0.233532206002893,0.106544768735164,0.186040865806225,0.473882159455718
24852,0.52548974737985,0.0792708592194282,0.0513358713654602,0.343903522035262
24853,0.423885394881621,0.0818231976607138,0.219768541565158,0.274522865892507
24854,0.300258881851924,0.0737402933413109,0.307609748755204,0.318391076051561
24855,0.161702447803609,0.123641526534603,0.367963274328792,0.346692751332997
24856,0.147003072632063,0.409878092545492,0.0773787613357772,0.365740073486668
24857,0.187382039073647,0.134167694598143,0.465934559006429,0.212515707321782
24858,0.1008871702935,0.467339956748505,0.205627798054648,0.226145074903348
24859,0.185269659658094,0.229344397609778,0.0946838243416641,0.490702118390464
24860,0.210609052934346,0.0700688775140459,0.623888075901973,0.0954339936496352
24861,0.420774193743639,0.129488874598378,0.0999954363483716,0.349741495309611
24862,0.123575509216823,0.483940477482104,0.105643771705624,0.286840241595449
24863,0.229752204000253,0.0863380263274293,0.234854152140409,0.449055617531908
24864,0.120639203454795,0.101648148938255,0.478456321547316,0.299256326059635
24865,0.161040958148184,0.0455282697651936,0.474771201879739,0.318659570206883
24866,0.704725087842266,0.0922081403131265,0.091981543788564,0.111085228056044
24867,0.490479183379231,0.106509916511914,0.134420422999219,0.268590477109636
24868,0.52041388600278,0.0834435912685905,0.100386730251626,0.295755792477003
24869,0.270452342049907,0.0713736292439704,0.213388677314037,0.444785351392086
24870,0.603544392825593,0.0607186393611118,0.0889420542302231,0.246794913583072
24871,0.165616558804799,0.0539444598284651,0.364716023018725,0.415722958348011
24872,0.262180333803068,0.232682875108498,0.30252273963453,0.202614051453905
24873,0.559011868173294,0.270734890202798,0.0700681172396117,0.100185124384296
24874,0.12576427960619,0.431189549092781,0.288749906129024,0.154296265172006
24875,0.300150016097933,0.314762773076017,0.198572204984586,0.186515005841464
24876,0.106318567286133,0.473614287933959,0.304384313787664,0.115682830992244
24877,0.271042833839614,0.199364929587717,0.409086177858044,0.120506058714625
24878,0.206110399720611,0.157890992853469,0.456008986392685,0.179989621033235
24879,0.446269055478471,0.214003743146454,0.189280022256828,0.150447179118248
24880,0.320040210707887,0.264429274925467,0.284677280086575,0.130853234280071
24881,0.4678046159651,0.164966035230539,0.195495887496907,0.171733461307455
24882,0.600119837266133,0.171169090947495,0.123593638078484,0.105117433707888
24883,0.169746554506234,0.283897888131344,0.410204789445651,0.136150767916771
24884,0.37854767017791,0.207889704116039,0.302699336717766,0.110863288988285
24885,0.321425759712212,0.36583103850067,0.193574076833017,0.119169124954101
24886,0.120953521009926,0.178357585945147,0.568777782031322,0.131911111013605
24887,0.308020506786758,0.50751903291982,0.104813658490276,0.0796468018031462
24888,0.238435089861328,0.401718411346302,0.235052540133044,0.124793958659325
24889,0.126000411531951,0.328142401903864,0.429118805566576,0.116738380997609
24890,0.184240340551444,0.228391002150813,0.302362276116365,0.285006381181379
24891,0.33455530747777,0.169564567506798,0.0922175924697985,0.403662532545634
24892,0.303803422030215,0.100444107666897,0.232788760339518,0.36296370996337
24893,0.29204691715425,0.231723584195019,0.182118745572861,0.29411075307787
24894,0.167592819642942,0.41686538156982,0.172401683588624,0.243140115198615
24895,0.0609758269060333,0.068968202019078,0.477534017554931,0.392521953519958
24896,0.0715822897368906,0.277392080982163,0.234455196997461,0.416570432283485
24897,0.207854204124054,0.0652782703273859,0.590350413375379,0.136517112173182
24898,0.314687749714189,0.141760793049345,0.297608384007693,0.245943073228772
24899,0.0380216451616915,0.270634620160908,0.532546030584418,0.158797704092982
24900,0.127101021338805,0.197483537974547,0.322158553310786,0.353256887375862
24901,0.310932959769008,0.0761046403054832,0.313222373215237,0.299740026710272
24902,0.407802866947276,0.0969202812675959,0.196109184484021,0.299167667301107
24903,0.31142465104832,0.128558845126553,0.178964760512412,0.381051743312714
24904,0.120146648554407,0.349638702584246,0.0457391870165386,0.484475461844808
24905,0.0959088265396526,0.0918658292809288,0.645856856485061,0.166368487694358
24906,0.230407701294593,0.0636757257930392,0.361120664784435,0.344795908127933
24907,0.233813204007946,0.152949486138752,0.0720814456356279,0.541155864217674
24908,0.0506049549954752,0.350475233039124,0.418088433140592,0.180831378824808
24909,0.140044174926935,0.451870265061925,0.165581988941742,0.242503571069398
24910,0.180902828186006,0.321127541126765,0.302342449426701,0.195627181260528
24911,0.169887487354859,0.648841632282868,0.061289772081741,0.119981108280531
24912,0.11310518812137,0.264307960644651,0.266300260659231,0.356286590574748
24913,0.119050303976336,0.578036001349938,0.123266296868821,0.179647397804905
24914,0.306026363633003,0.226798028306569,0.279130513254612,0.188045094805816
24915,0.0998256509245075,0.346812396948159,0.315824320656832,0.237537631470501
24916,0.498926327868724,0.169488426413369,0.138874792488268,0.192710453229639
24917,0.14821291246345,0.121967927224595,0.446555764237821,0.283263396074135
24918,0.26719396557746,0.117321400809438,0.24109525410367,0.374389379509432
24919,0.159734932371188,0.327169814442763,0.336967247088696,0.176128006097353
24920,0.0561756815714664,0.420106107007845,0.410343007080492,0.113375204340196
24921,0.60607194664716,0.18122815371099,0.0799026094358453,0.132797290206004
24922,0.524617751661348,0.158498156921964,0.149123904353724,0.167760187062964
24923,0.195541121768559,0.174700183163405,0.528217163867088,0.101541531200948
24924,0.199925976004206,0.254757330861009,0.347462221030926,0.19785447210386
24925,0.251573979646493,0.51578005952346,0.12509716390965,0.107548796920397
24926,0.321547474722891,0.121513653016722,0.39067318905428,0.166265683206107
24927,0.255863829445525,0.357185598127073,0.145786037869129,0.241164534558273
24928,0.126930553014338,0.358447388578117,0.320559602491593,0.194062455915952
24929,0.333782799385847,0.326014738940805,0.198265319221114,0.141937142452233
24930,0.324121446462242,0.370668454547605,0.191393615093747,0.113816483896406
24931,0.26443668677959,0.267750922594816,0.279885087668808,0.187927302956786
24932,0.159590889528315,0.307110588175027,0.367843626420696,0.165454895875962
24933,0.283930032425491,0.437987061258818,0.128872167551393,0.149210738764298
24934,0.388026237435257,0.278489264414303,0.170320134481511,0.163164363668929
24935,0.208117476951267,0.32237094941767,0.301066984506402,0.168444589124662
24936,0.352048384371764,0.216109059845974,0.298804106825373,0.133038448956889
24937,0.167121678989393,0.427132643138309,0.320830659478107,0.084915018394191
24938,0.496261843795274,0.169811619859905,0.237827349068648,0.096099187276173
24939,0.224949607500294,0.229168228343318,0.427281455627042,0.118600708529346
24940,0.347204593756801,0.374172835625032,0.156619504314474,0.122003066303692
24941,0.26509591838497,0.303821705770705,0.275710296767115,0.155372079077211
24942,0.421774566457945,0.135886552791164,0.345100906416856,0.0972379743340349
24943,0.284769949734258,0.180444072453208,0.327987702128661,0.206798275683872
24944,0.399733462015575,0.367302918922942,0.134229045970859,0.0987345730906231
24945,0.218130402774986,0.200189892245006,0.361938682554109,0.2197410224259
24946,0.171808406675797,0.326819635645951,0.261595214197678,0.239776743480574
24947,0.349945414938813,0.220946449620369,0.25826386622342,0.170844269217398
24948,0.449607556874166,0.274825327682925,0.161815610802464,0.113751504640445
24949,0.236431139593566,0.357707114353456,0.319756669934518,0.0861050761184597
24950,0.173413322773508,0.327845404292883,0.300415393523469,0.198325879410141
24951,0.19958559731268,0.449690868710707,0.19212314088066,0.158600393095954
24952,0.395471318813877,0.243748458499511,0.220721814974313,0.140058407712298
24953,0.301860628313463,0.196845064385494,0.339610350624293,0.16168395667675
24954,0.170538631578395,0.553222908204966,0.1507902443677,0.125448215848939
24955,0.448139679195049,0.290145228135506,0.121968981618322,0.139746111051124
24956,0.18185956820705,0.340419407881681,0.326837299589162,0.150883724322107
24957,0.20621961999909,0.505980602315592,0.132556834976384,0.155242942708934
24958,0.12161575017239,0.575382879665944,0.218751588535408,0.0842497816262576
24959,0.15072851603728,0.358248076414107,0.300839171089061,0.190184236459551
24960,0.276252594387376,0.260212537990421,0.251836218953375,0.211698648668828
24961,0.360963485705685,0.260926040564824,0.254230906272288,0.123879567457204
24962,0.118187703363741,0.457903892212994,0.255947098213346,0.167961306209919
24963,0.25192604469988,0.36154087980945,0.208055039090874,0.178478036399796
24964,0.170842225766415,0.280957911819938,0.38604972189612,0.162150140517527
24965,0.20583454319278,0.548648268665589,0.163122393776075,0.082394794365556
24966,0.21101291428763,0.375602733047664,0.317580763120376,0.0958035895443304
24967,0.388722872483044,0.0762445601574601,0.369295440636021,0.165737126723475
24968,0.143611394766516,0.386746779380287,0.264380208547051,0.205261617306147
24969,0.279605403403008,0.333300631880524,0.0917517785485445,0.295342186167923
24970,0.390300768648543,0.183932153154655,0.152074908002681,0.273692170194121
24971,0.31364264902663,0.404054218130544,0.100317937490152,0.181985195352673
24972,0.127532759035913,0.308941028833214,0.18682501365181,0.376701198479064
24973,0.122629481063867,0.677995166731995,0.117106962633967,0.0822683895701707
24974,0.24646801015422,0.258575635945701,0.273154526815162,0.221801827084918
24975,0.149183948471598,0.44343759500944,0.212078931335721,0.195299525183241
24976,0.246816625865787,0.0989846825931239,0.48965397621754,0.164544715323549
24977,0.360497457915428,0.211099623370999,0.15312214396965,0.275280774743924
24978,0.236300350645511,0.345714294211672,0.195285273198099,0.222700081944718
24979,0.358587587008694,0.319828486079715,0.199121099612603,0.122462827298987
24980,0.122407017204199,0.312097861191367,0.396042326843111,0.169452794761323
24981,0.204562185254913,0.135042508722769,0.377066380010229,0.28332892601209
24982,0.230233282911455,0.415408349411324,0.194556238263987,0.159802129413234
24983,0.61513094414561,0.181997283029015,0.0578754126959718,0.144996360129404
24984,0.0933654178725209,0.376870905813725,0.254552735148048,0.275210941165707
24985,0.118488882296255,0.378476908400794,0.323222126614911,0.17981208268804
24986,0.385044108235055,0.161380552711375,0.20296222238083,0.250613116672741
24987,0.0685312701123878,0.472449840622195,0.354019425060554,0.104999464204863
24988,0.215773849576471,0.307551621733008,0.172262332783032,0.30441219590749
24989,0.26410741594318,0.373582066696782,0.267434898396252,0.0948756189637863
24990,0.117205023871443,0.502830700614659,0.22110269798156,0.158861577532338
24991,0.261017001887485,0.0998251492621733,0.467871009285501,0.171286839564841
24992,0.137346866396135,0.225510366333763,0.514557056743748,0.122585710526354
24993,0.560060210757663,0.161779819461308,0.154633433618972,0.123526536162057
24994,0.473890806378607,0.20141884552244,0.167236831652795,0.157453516446159
24995,0.48251967117424,0.23117675750843,0.152487850410995,0.133815720906335
24996,0.247123624106204,0.310561584519996,0.181414485784208,0.260900305589592
24997,0.303181295169548,0.386619696357869,0.135616385517991,0.174582622954591
24998,0.248995198989494,0.16049636069804,0.411658609311456,0.178849831001009
24999,0.192687342378574,0.436565003956983,0.100297126497053,0.270450527167391
25000,0.217587750696458,0.221971401493546,0.331303982392057,0.229136865417939
25001,0.23533141345656,0.455009654811482,0.118375968960696,0.191282962771262
25002,0.163630329694274,0.144526298882539,0.548799899124291,0.143043472298896
25003,0.228364224573358,0.215651500690705,0.345321836025032,0.210662438710905
25004,0.0745279061182098,0.119758094587075,0.636177706736469,0.169536292558245
25005,0.212514003663394,0.372946369790091,0.244407791730445,0.170131834816071
25006,0.452735945667255,0.20952745514854,0.198582218362112,0.139154380822093
25007,0.364533414560162,0.339828891755016,0.108354833813426,0.187282859871396
25008,0.150726836529783,0.106548568071727,0.538864130777988,0.203860464620502
25009,0.40735842315877,0.0924587987582989,0.278638676108896,0.221544101974035
25010,0.315084536515864,0.0715927444259349,0.406437438588787,0.206885280469414
25011,0.140991213748377,0.658347330233826,0.111821846411603,0.0888396096061945
25012,0.0946903522583222,0.397271148285608,0.200450407203272,0.307588092252798
25013,0.350299942977817,0.116701885015445,0.294188449076154,0.238809722930584
25014,0.163756159314455,0.180237165496727,0.537992412235282,0.118014262953536
25015,0.352631688837225,0.209525069443924,0.211799866632277,0.226043375086574
25016,0.187064791491738,0.345086662538806,0.142879455851172,0.324969090118285
25017,0.121949650345704,0.189427914279039,0.555097658314576,0.133524777060681
25018,0.570157497202639,0.192756128535873,0.113179367628073,0.123907006633416
25019,0.231301190995537,0.51199404147414,0.114228211093489,0.142476556436835
25020,0.270503551675661,0.211461443251451,0.202100123433319,0.315934881639569
25021,0.229255728866719,0.13632830497853,0.386945586149347,0.247470380005404
25022,0.156139400052373,0.27062786890207,0.309125802931153,0.264106928114405
25023,0.144328094448462,0.220941813991798,0.501582275934646,0.133147815625094
25024,0.533759195950184,0.107646971176928,0.186789268721665,0.171804564151222
25025,0.352557217998346,0.18473006544736,0.186114101906888,0.276598614647406
25026,0.390596049420955,0.280618288907438,0.167088945904758,0.161696715766849
25027,0.100039669598229,0.304420955016407,0.327875671291508,0.267663704093856
25028,0.593713903344433,0.101013732527955,0.197895366545235,0.107376997582376
25029,0.157217057442603,0.150857895609642,0.567810391120371,0.124114655827385
25030,0.18522924841708,0.0925468434172139,0.501827708773365,0.220396199392342
25031,0.158721668493114,0.090663862675832,0.475563815780409,0.275050653050645
25032,0.132801344539477,0.0641121472512883,0.675059007169447,0.128027501039788
25033,0.333625126452078,0.156811741437162,0.317525185395762,0.192037946714998
25034,0.185435186985383,0.481089269363467,0.136066565848381,0.197408977802769
25035,0.272505244494431,0.196406206174091,0.260058604619522,0.271029944711955
25036,0.179562957878537,0.230820846228757,0.254582207242797,0.33503398864991
25037,0.248285624517594,0.427305683693094,0.122395201176298,0.202013490613014
25038,0.30334317497412,0.287110934477736,0.208563699181137,0.200982191367007
25039,0.134139895635595,0.307389189474477,0.316362084911766,0.242108829978162
25040,0.277288327144301,0.327486217005841,0.290760685895345,0.104464769954512
25041,0.241067416048692,0.501260336732332,0.0737033187279383,0.183968928491039
25042,0.199265534690514,0.238126132184437,0.317856773501433,0.244751559623616
25043,0.155203129816229,0.372413454917293,0.137531199543279,0.334852215723199
25044,0.381810877026147,0.0826157602406236,0.348178346063308,0.187395016669922
25045,0.106020154046764,0.191225165324807,0.538695840136987,0.164058840491442
25046,0.06296642841789,0.721860742434479,0.0384456719349801,0.176727157212651
25047,0.306894130602647,0.14334842298923,0.324597106666334,0.225160339741789
25048,0.0771175018832566,0.410411104937485,0.232586610326498,0.279884782852761
25049,0.0769575138664728,0.343346746674493,0.502948555229656,0.0767471842293783
25050,0.36763882114304,0.351625047478176,0.0885264156545065,0.192209715724278
25051,0.119011139790406,0.332470504108939,0.339955166006064,0.208563190094592
25052,0.145149921609822,0.498108149090643,0.104965368261077,0.251776561038459
25053,0.18247336138818,0.224024114926866,0.259308954802546,0.334193568882407
25054,0.0621351406211023,0.532739797321326,0.231331384122983,0.173793677934589
25055,0.109965271282003,0.609836342388629,0.0912487423523103,0.188949643977058
25056,0.22543063801959,0.139433219965855,0.241760330461319,0.393375811553236
25057,0.210557013409366,0.552972240949473,0.0836890238791153,0.152781721762046
25058,0.465401502849109,0.23426647054284,0.128146358364449,0.172185668243602
25059,0.35858872696197,0.0833157401881577,0.221173651997564,0.336921880852308
25060,0.171687259362352,0.321603758908724,0.290455209654838,0.216253772074086
25061,0.0922544899537432,0.388311450815403,0.277628713696692,0.241805345534161
25062,0.266672299169688,0.434756516862947,0.0742597414337611,0.224311442533605
25063,0.0656399658944082,0.356979341056615,0.273331582976217,0.30404911007276
25064,0.298464295256381,0.403610454641757,0.0657682734206462,0.232156976681216
25065,0.235208348995601,0.45681458937823,0.097406960751436,0.210570100874733
25066,0.320221625290004,0.088527588231898,0.240621262012943,0.350629524465155
25067,0.180187358078059,0.0708809867445439,0.330012470721871,0.418919184455527
25068,0.107773799911385,0.197866100470694,0.349553909121924,0.344806190495997
25069,0.0860767617401946,0.33160202898147,0.361718481323192,0.220602727955143
25070,0.156190324810034,0.147600803697639,0.178530055301828,0.517678816190498
25071,0.223374115128706,0.484438995005203,0.0817447314079538,0.210442158458138
25072,0.137373649907619,0.630776769188049,0.0842482415312848,0.147601339373047
25073,0.157113068296719,0.465601093338588,0.0587699719154233,0.31851586644927
25074,0.165965043454997,0.528548712443865,0.1362624205278,0.169223823573338
25075,0.248706817424705,0.0731740178580691,0.380710738746832,0.297408425970394
25076,0.091395330724017,0.138983233269531,0.333455385549862,0.43616605045659
25077,0.0680486209453546,0.205720735425767,0.490746974416967,0.235483669211911
25078,0.442020451816524,0.0671204079525216,0.277802862854832,0.213056277376122
25079,0.203720203845412,0.079503829691957,0.420409850396734,0.296366116065897
25080,0.565993542960953,0.103462676100397,0.0882400870134887,0.242303693925161
25081,0.405978109664451,0.153477150896171,0.231764748488315,0.208779990951064
25082,0.12073570769065,0.387354212134062,0.290700344554001,0.201209735621287
25083,0.145663881532269,0.320863539008621,0.240652480371292,0.292820099087819
25084,0.410860064715183,0.136316249442317,0.346317129048791,0.106506556793709
25085,0.243097012323055,0.47580235845814,0.198586365363381,0.0825142638554241
25086,0.527605354588254,0.14128542092706,0.183847092517945,0.14726213196674
25087,0.133116536541156,0.378214296012285,0.373519105376706,0.115150062069853
25088,0.432676652108505,0.183049190895655,0.275690377644659,0.108583779351181
25089,0.154443854574651,0.112544881178427,0.574455726651393,0.158555537595529
25090,0.415294493257388,0.203274662317329,0.255606720327441,0.125824124097842
25091,0.331549053798868,0.153108241081662,0.308469545055417,0.206873160064053
25092,0.285575706879207,0.24396493478332,0.109034455287634,0.361424903049839
25093,0.433204211094977,0.116439990570125,0.23721654018761,0.213139258147289
25094,0.145510044837922,0.161982268189279,0.574902267870254,0.117605419102545
25095,0.12331533752635,0.363818436631455,0.395996596264309,0.116869629577887
25096,0.130411750619681,0.21280168549128,0.257387343305212,0.399399220583827
25097,0.118894975833903,0.187368209849868,0.527608962876505,0.166127851439724
25098,0.321906154176883,0.174986182896518,0.217157180113013,0.285950482813585
25099,0.0985134983160478,0.335536869490641,0.418924491216114,0.147025140977198
25100,0.157582094280816,0.195986717926549,0.534657345162372,0.111773842630263
25101,0.385772066763795,0.182091571528428,0.307539107005204,0.124597254702572
25102,0.332882790130976,0.254793291704649,0.184450587752779,0.227873330411596
25103,0.346286711873981,0.372554038349013,0.161476140932004,0.119683108845002
25104,0.172734529836355,0.236565817703584,0.491626237043832,0.0990734154162296
25105,0.152664531146213,0.301377973505415,0.433266595050542,0.11269090029783
25106,0.358272035365092,0.302961301591311,0.225994493028689,0.112772170014908
25107,0.20579390066216,0.428583408344615,0.192590161491258,0.173032529501967
25108,0.171962091530916,0.414403703059085,0.297919804340338,0.115714401069661
25109,0.223019507089799,0.437115517859415,0.214539295242835,0.125325679807951
25110,0.284145345791572,0.216633041874104,0.257458508719201,0.241763103615124
25111,0.258308398425228,0.224083266488325,0.280260430083865,0.237347905002582
25112,0.181462598375456,0.259033703847614,0.400849855807093,0.158653841969837
25113,0.433457389337728,0.299681401651617,0.152681288235594,0.114179920775061
25114,0.299895719334878,0.272949112870718,0.304489385116535,0.12266578267787
25115,0.178057245382658,0.268817983521109,0.389524386797251,0.163600384298983
25116,0.330414249356979,0.324304048053157,0.211769789181028,0.133511913408837
25117,0.526674246560036,0.227789161629631,0.15777297900796,0.0877636128023734
25118,0.388950572683421,0.185733753360983,0.289217478919794,0.136098195035802
25119,0.102758287533996,0.287984447627016,0.409711360182916,0.199545904656072
25120,0.310585964456984,0.242578897315401,0.0980256521524533,0.348809486075162
25121,0.427405480248867,0.130616216640346,0.172850070777263,0.269128232333524
25122,0.396898117488027,0.253217483340477,0.202427968020948,0.147456431150548
25123,0.426658537460223,0.084192155981331,0.373685265672438,0.115464040886008
25124,0.125956142131407,0.142995776977862,0.561149698403895,0.169898382486837
25125,0.705570718458351,0.122994830323442,0.0643521084989577,0.107082342719249
25126,0.0807488946038876,0.39481503409805,0.286178232291205,0.238257839006858
25127,0.307985555575655,0.169157550459082,0.196859608730083,0.325997285235181
25128,0.263781678736718,0.170419512311536,0.189256351021401,0.376542457930345
25129,0.293441934703628,0.199331710909612,0.432912214702467,0.0743141396842934
25130,0.217925691880088,0.175378480641251,0.181509041845473,0.425186785633187
25131,0.264494834515669,0.375371736451937,0.0599204184958402,0.300213010536555
25132,0.420880141596054,0.230353113601067,0.13406056298207,0.21470618182081
25133,0.657074443996464,0.0590720742603587,0.142959835110363,0.140893646632814
25134,0.277760980685945,0.292109344485659,0.112742388644544,0.317387286183853
25135,0.0791371286687346,0.551027945867582,0.108795628618581,0.261039296845103
25136,0.253940227415228,0.284347305491956,0.293335457877102,0.168377009215715
25137,0.143467322660444,0.478689992069642,0.146133540830443,0.231709144439471
25138,0.132006456528551,0.357496505918488,0.163633472934312,0.346863564618648
25139,0.188474933538261,0.274741074263901,0.185832386492841,0.350951605704997
25140,0.112173575573015,0.0919960319942995,0.402940094557597,0.392890297875089
25141,0.306885552321014,0.322225641593208,0.161101277944995,0.209787528140783
25142,0.239451952230767,0.297863059231246,0.104058183534637,0.35862680500335
25143,0.159564646904139,0.219836590402469,0.141059377728886,0.479539384964506
25144,0.214690630436878,0.264778040634429,0.117196133613605,0.403335195315088
25145,0.351002074739879,0.158006132815813,0.111814534483979,0.37917725796033
25146,0.300872465775205,0.455781811238518,0.0531466209218541,0.190199102064423
25147,0.209223930733843,0.146301095868752,0.377540015201809,0.266934958195596
25148,0.308285026161417,0.292711945902601,0.0592821860545448,0.339720841881437
25149,0.140177507387698,0.536842862624436,0.151254184573296,0.17172544541457
25150,0.146951282348799,0.137473266068777,0.42107017017799,0.294505281404434
25151,0.0603074896290957,0.458022504061487,0.162291356874564,0.319378649434853
25152,0.431150938306777,0.118066300161553,0.125080024716452,0.325702736815218
25153,0.368490294650192,0.488685835158113,0.0618275364128462,0.0809963337788481
25154,0.241420347603747,0.151128313524869,0.38974126261788,0.217710076253504
25155,0.0961683295046111,0.575502350762148,0.0488719248064114,0.27945739492683
25156,0.145915923046391,0.628602734079502,0.0724103140886696,0.153071028785438
25157,0.140859404430374,0.522519541976072,0.129452694596447,0.207168358997107
25158,0.478029922365622,0.323411838325481,0.0587441056392918,0.139814133669605
25159,0.151168889302281,0.413031432312588,0.161526990491464,0.274272687893667
25160,0.229602357020282,0.228054831848714,0.339406839624858,0.202935971506147
25161,0.341432127450587,0.120491466693332,0.185587946844788,0.352488459011294
25162,0.340544899061197,0.194139103807278,0.103801924743583,0.361514072387942
25163,0.146185650344257,0.121841374671651,0.53537261816352,0.196600356820572
25164,0.465896608683902,0.363231978539561,0.056528494507357,0.11434291826918
25165,0.205186084021219,0.142635200027348,0.188450122797083,0.463728593154349
25166,0.212273470756423,0.160701581006518,0.349940264813955,0.277084683423105
25167,0.332521260808487,0.392402032478813,0.0786697903370135,0.196406916375687
25168,0.254281254316019,0.369706503114015,0.0686212597499397,0.307390982820027
25169,0.261113707725299,0.23209064386557,0.120211808323144,0.386583840085987
25170,0.427275323148937,0.368577385360924,0.0538032568705378,0.150344034619601
25171,0.492944954736519,0.159924886167599,0.175880054467393,0.171250104628489
25172,0.198351715540721,0.399503364465268,0.215500269878754,0.186644650115257
25173,0.402142417200917,0.0792989674534197,0.233933390031434,0.284625225314229
25174,0.420236329507773,0.0858526158914568,0.242521147220458,0.251389907380312
25175,0.63462145702475,0.110389520193747,0.0611629858387049,0.193826036942798
25176,0.106397477936963,0.262659176223039,0.482099316818997,0.148844029021001
25177,0.229666248197071,0.210424800653045,0.289697518458202,0.270211432691682
25178,0.29298705711243,0.167196382948324,0.410246173739608,0.129570386199638
25179,0.653826413607055,0.12418900258715,0.135058625448807,0.0869259583569886
25180,0.390165341537413,0.0698862344110872,0.33894767734935,0.20100074670215
25181,0.0976795928121029,0.0776226418845408,0.715751108925961,0.108946656377396
25182,0.288056377065592,0.204661913644404,0.213196571310846,0.294085137979158
25183,0.365675265266494,0.237936057041061,0.246402977287002,0.149985700405443
25184,0.158862040568212,0.220660319655929,0.441259515304232,0.179218124471627
25185,0.289873928847578,0.195235733684038,0.32774986607625,0.187140471392134
25186,0.216439517156585,0.536017258351354,0.0792159139225028,0.168327310569557
25187,0.265644010337128,0.244799087588151,0.207095880256777,0.282461021817944
25188,0.159297832163919,0.119912069476575,0.519005359049394,0.201784739310112
25189,0.40532715475401,0.189668649311021,0.224585104761158,0.180419091173811
25190,0.395242803894918,0.346855614374371,0.0666308764443725,0.191270705286338
25191,0.105436320145906,0.537409719035284,0.175478411934108,0.181675548884702
25192,0.182305982705782,0.309330962614732,0.23816810031227,0.270194954367217
25193,0.384383072610802,0.303663001332174,0.128013725280175,0.183940200776849
25194,0.199651995135848,0.354772068994938,0.28341164597393,0.162164289895284
25195,0.139472261161249,0.202171496488528,0.358187685907663,0.30016855644256
25196,0.118453278453446,0.311036197470143,0.220102831571928,0.350407692504483
25197,0.0970937366200381,0.527656051463959,0.124774258119398,0.250475953796605
25198,0.22135326504019,0.383799454381665,0.0875174365925054,0.30732984398564
25199,0.30677931035084,0.102819653817264,0.39636916186092,0.194031873970976
25200,0.135969335280047,0.420044968145243,0.107859892098331,0.336125804476379
25201,0.220082167150119,0.125595538364619,0.309372976585602,0.34494931789966
25202,0.260915929215068,0.1383070806412,0.324311764274564,0.276465225869168
25203,0.346589143845818,0.377316462686875,0.123695040923853,0.152399352543455
25204,0.0916349236807774,0.125158336320753,0.487809440952197,0.295397299046272
25205,0.165020532622972,0.261907651747224,0.252695311092119,0.320376504537686
25206,0.185394225264093,0.378143562844133,0.214688602312673,0.221773609579101
25207,0.164893724982735,0.212796978492171,0.246356657888054,0.37595263863704
25208,0.298088716047131,0.241138740642088,0.267621812595357,0.193150730715424
25209,0.194556139619087,0.0638535867112792,0.456065531678288,0.285524741991345
25210,0.165728681092265,0.214687221639973,0.414701076885353,0.204883020382409
25211,0.0855092691648118,0.290290790196286,0.378053772108332,0.246146168530571
25212,0.333624080673153,0.22412276722594,0.199264579371496,0.242988572729412
25213,0.187819349583553,0.116516620998373,0.437727362454787,0.257936666963287
25214,0.198979079613405,0.23318029727477,0.311083149748193,0.256757473363633
25215,0.416028219412155,0.187608735464953,0.172594062971957,0.223768982150935
25216,0.334703099386318,0.374499720063972,0.108238876819489,0.182558303730221
25217,0.478704493281495,0.347174497417409,0.0732116029879544,0.100909406313142
25218,0.340134720250108,0.369444728150672,0.0797067165662178,0.210713835033003
25219,0.238771689881219,0.497587742616291,0.0647343217280027,0.198906245774488
25220,0.211727825337341,0.121165117766986,0.39836552132912,0.268741535566553
25221,0.173756848734378,0.587663043506056,0.103699893876182,0.134880213883385
25222,0.194488810828864,0.278756276048098,0.415032230787755,0.111722682335284
25223,0.182972861248478,0.329658743381958,0.184216143478315,0.303152251891249
25224,0.0952156217959468,0.662433579316267,0.0987656002326334,0.143585198655153
25225,0.398654711814601,0.108124262609085,0.236183385749895,0.257037639826419
25226,0.605393698161464,0.145464452856901,0.151924002735507,0.0972178462461282
25227,0.0794110165283352,0.665015889807277,0.10502570782127,0.150547385843117
25228,0.151736052436727,0.143636825190949,0.500750582120033,0.203876540252291
25229,0.0955557781873163,0.154121328827383,0.496934921874906,0.253387971110395
25230,0.234158871470324,0.133809431126364,0.514310493244682,0.11772120415863
25231,0.0814472231433428,0.466967062040029,0.24391676472883,0.207668950087798
25232,0.238597195445411,0.420336691027985,0.104372642507023,0.236693471019582
25233,0.16815059915759,0.362498241899941,0.324730563573624,0.144620595368844
25234,0.23748560640953,0.220679671493801,0.435178306332584,0.106656415764085
25235,0.363076690776066,0.163366903279959,0.348509671679512,0.125046734264463
25236,0.360262246044402,0.279808674264608,0.233977624068254,0.125951455622736
25237,0.285268583177647,0.46272113896804,0.147418647213443,0.104591630640871
25238,0.282655992265572,0.204162106897624,0.357179010259744,0.156002890577061
25239,0.327832455421911,0.394929845262421,0.143404521989029,0.133833177326639
25240,0.215869292079389,0.197477392516003,0.472758104495338,0.11389521090927
25241,0.466902633927713,0.232529731529493,0.235299409693972,0.0652682248488228
25242,0.198147678967487,0.290413920390654,0.372166808618107,0.139271592023752
25243,0.192927175543322,0.392941703464896,0.314990115717554,0.0991410052742279
25244,0.271343760830401,0.406748321774626,0.182804723591824,0.139103193803149
25245,0.253656641121514,0.131872942492923,0.545984508879663,0.0684859075059002
25246,0.274860749659077,0.352511464616279,0.287383330174998,0.0852444555496463
25247,0.237040100157585,0.255805730778869,0.360451875033085,0.146702294030461
25248,0.210541550870998,0.329978247113824,0.306522549941534,0.152957652073644
25249,0.211413743396659,0.503380316579496,0.214656327893532,0.0705496121303141
25250,0.289067813704423,0.326079800675239,0.272302258414571,0.112550127205767
25251,0.190287823963504,0.247258662574631,0.412738399719129,0.149715113742736
25252,0.614951835116816,0.113072140797134,0.113002125884566,0.158973898201484
25253,0.234212140807563,0.371754913288809,0.125292024666615,0.268740921237013
25254,0.3659579343945,0.235938906210096,0.0883644139370604,0.309738745458344
25255,0.48547271148572,0.21679604065976,0.0763433655153689,0.221387882339151
25256,0.10892695713806,0.691449899992314,0.0831250152833469,0.116498127586279
25257,0.198314161324074,0.199983259709279,0.405567754868674,0.196134824097973
25258,0.420887904608721,0.176056241299876,0.126859550482507,0.276196303608896
25259,0.219451589244467,0.428977118813399,0.192132739535521,0.159438552406613
25260,0.0833899939168568,0.455663010761054,0.21810707396753,0.242839921354559
25261,0.452858897104257,0.20412407871935,0.231203369595778,0.111813654580615
25262,0.274203815416136,0.314405440218537,0.0952602925237088,0.316130451841619
25263,0.402516229436958,0.159542028409366,0.239800359929151,0.198141382224526
25264,0.188961591308013,0.179478312453368,0.366949083631099,0.26461101260752
25265,0.586820231336367,0.205617278734446,0.0689947551987431,0.138567734730443
25266,0.162934679640301,0.476678901694672,0.212208309150495,0.148178109514532
25267,0.133639377953541,0.224928343748697,0.452333391821264,0.189098886476498
25268,0.147926553378743,0.308915039554636,0.43643273882102,0.106725668245602
25269,0.222298230398447,0.275347274067634,0.175243071368327,0.327111424165592
25270,0.406665090052362,0.172445697235507,0.207861136212379,0.213028076499752
25271,0.0403109660698118,0.256577522109251,0.559069649784949,0.144041862035988
25272,0.19731223476341,0.255746372602002,0.251697661657365,0.295243730977222
25273,0.253899518885689,0.207414196222987,0.232090635415809,0.306595649475515
25274,0.271796086407587,0.168400789599207,0.265522220427185,0.294280903566021
25275,0.475919323575145,0.282736199145237,0.0815381592813314,0.159806317998287
25276,0.373887712488399,0.331780498155182,0.13085783183573,0.163473957520689
25277,0.121462785384582,0.0849694604250053,0.476887081676086,0.316680672514327
25278,0.362576629785809,0.360415648958171,0.0845728245204183,0.192434896735601
25279,0.483404472654357,0.121480711913917,0.0492128024168305,0.345902013014895
25280,0.138015520142288,0.145944064423481,0.591636888988885,0.124403526445347
25281,0.287391749155858,0.0477177206504813,0.5410800558274,0.123810474366261
25282,0.484765405292263,0.0860079850219782,0.113333799804277,0.315892809881482
25283,0.223128860503049,0.106883666670334,0.356084142721722,0.313903330104895
25284,0.220941760996825,0.497014638372254,0.109942256370319,0.172101344260602
25285,0.411919491154908,0.212982682459552,0.149030709412348,0.226067116973192
25286,0.484707061330369,0.139026636171019,0.130334865243434,0.245931437255178
25287,0.125557890831433,0.599426409977027,0.144231851094343,0.130783848097197
25288,0.143990498493594,0.120436269719838,0.279029846321052,0.456543385465516
25289,0.0877509668559976,0.374735151832978,0.249862026919859,0.287651854391166
25290,0.223563156144215,0.398300155280771,0.126383437751606,0.251753250823409
25291,0.417199630121273,0.163998141648675,0.125261202258933,0.293541025971118
25292,0.158195544216308,0.114116714870795,0.267076701936128,0.460611038976769
25293,0.112493298112925,0.290053650685719,0.204065663362985,0.393387387838371
25294,0.172128121934579,0.406692127630034,0.078256645303734,0.342923105131654
25295,0.182929772227095,0.132632293321272,0.297848628067782,0.386589306383852
25296,0.130512482597445,0.664568562588129,0.0673607267834499,0.137558228030976
25297,0.0936187985139202,0.53648811001526,0.135267696278129,0.234625395192691
25298,0.668585535804373,0.0849152131262867,0.0499414119365935,0.196557839132747
25299,0.426430917437737,0.105821503453103,0.303190548904647,0.164557030204513
25300,0.264520997667172,0.486944517419665,0.0546654463752877,0.193869038537875
25301,0.439740354193529,0.0754054933694021,0.170658696430301,0.314195456006768
25302,0.456732888938246,0.119964772366323,0.161097696366394,0.262204642329037
25303,0.108356389425518,0.499155108996761,0.208894123160099,0.183594378417623
25304,0.0729854853138777,0.135466513329298,0.574680615862949,0.216867385493875
25305,0.623522810542015,0.10457489025505,0.105874970290764,0.166027328912171
25306,0.239041989032354,0.363192643177741,0.0838165394262118,0.313948828363694
25307,0.145836026836499,0.29189952321508,0.156848502827048,0.405415947121373
25308,0.214324729955736,0.554215920586504,0.0820986601227809,0.149360689334978
25309,0.169141261249219,0.230379881097968,0.295446407753345,0.305032449899468
25310,0.430178373551918,0.303277270388696,0.0795286487722473,0.187015707287139
25311,0.35893715482557,0.215727340976488,0.288271039553764,0.137064464644178
25312,0.200855515495209,0.108217804710702,0.543669050712779,0.14725762908131
25313,0.351073302702475,0.175829052054514,0.26641301599458,0.206684629248431
25314,0.442978990584169,0.16673800219503,0.0998840323128401,0.290398974907961
25315,0.45972446952951,0.190421817831724,0.224434895917181,0.125418816721585
25316,0.286823595295993,0.247757675200724,0.194060437902003,0.27135829160128
25317,0.244589363193599,0.263986184577205,0.280043231567379,0.211381220661817
25318,0.519379647696872,0.1974004954059,0.135833444092711,0.147386412804518
25319,0.300222059367783,0.476742037230974,0.0915632799016223,0.131472623499621
25320,0.185377694776058,0.188236210320175,0.43216732587299,0.194218769030778
25321,0.1091193823995,0.175286593335267,0.502551221144379,0.213042803120854
25322,0.400765218408665,0.106883153822394,0.382212069959367,0.110139557809573
25323,0.421152740521457,0.0974584465580325,0.33361681241461,0.147772000505901
25324,0.316794706772544,0.371074866191932,0.123013058549065,0.18911736848646
25325,0.29193112775843,0.467735313300086,0.0661690827482722,0.174164476193212
25326,0.196485855956544,0.134216124315339,0.351858371881017,0.3174396478471
25327,0.155021171411806,0.390563399944745,0.208379720326751,0.246035708316698
25328,0.168098425651665,0.100201272797332,0.507359427204469,0.224340874346534
25329,0.260821225823574,0.119685520539408,0.179189449156673,0.440303804480345
25330,0.114844396125294,0.194796951394744,0.406097325301776,0.284261327178186
25331,0.229212199564789,0.38259909318726,0.0791103451974031,0.309078362050548
25332,0.262851256417214,0.255781951632617,0.125339251913279,0.35602754003689
25333,0.146754752842696,0.37100550652469,0.123352554247535,0.358887186385079
25334,0.312116309228707,0.360207141670244,0.0603746316525014,0.267301917448548
25335,0.107890701949564,0.255475676986123,0.268919117305302,0.367714503759011
25336,0.107425949972638,0.269878297491043,0.396148426299372,0.226547326236946
25337,0.150577159048002,0.0896438577433081,0.406650274304074,0.353128708904615
25338,0.162185296993517,0.150684232293569,0.433035799917711,0.254094670795203
25339,0.351691919923105,0.0956216630870775,0.312634580742341,0.240051836247477
25340,0.144528417631291,0.492212584469962,0.152862351222526,0.210396646676222
25341,0.0932417445319278,0.552623043977196,0.116767643960583,0.237367567530294
25342,0.108452224392369,0.278146319817487,0.40545747175142,0.207943984038724
25343,0.212484881726673,0.320620683110921,0.356529207040895,0.110365228121511
25344,0.23832659079016,0.17810564461341,0.37727407494942,0.20629368964701
25345,0.173252424800415,0.265472697187613,0.314836342336214,0.246438535675757
25346,0.340526166902273,0.0904951799509698,0.300779251097688,0.26819940204907
25347,0.433277450053727,0.280910501170106,0.108587928974232,0.177224119801936
25348,0.349744002647443,0.183063773798218,0.179136615683884,0.288055607870455
25349,0.165084735818557,0.192359651475197,0.482389091249636,0.16016652145661
25350,0.411745059807523,0.186610538622348,0.199274213744562,0.202370187825567
25351,0.247524406046261,0.156856129883232,0.317229364084874,0.278390099985634
25352,0.301988182044334,0.223845969916399,0.148853545960913,0.325312302078354
25353,0.204984988213472,0.137532342597466,0.302572284671317,0.354910384517745
25354,0.450068819159573,0.122862104587131,0.29152442558217,0.135544650671126
25355,0.158612291467581,0.385484478786349,0.117489339967322,0.338413889778749
25356,0.171481955007683,0.22577929884673,0.236063439624868,0.366675306520719
25357,0.198536379342997,0.344437663690115,0.308067373062268,0.14895858390462
25358,0.362992931822025,0.206788426990775,0.238329378605038,0.191889262582163
25359,0.39179608240217,0.101907855549261,0.3579998920459,0.148296170002669
25360,0.160606119792337,0.239723380032258,0.360950789581466,0.238719710593939
25361,0.295338438586675,0.141397300669133,0.377629603843028,0.185634656901164
25362,0.132497230772556,0.138892507599433,0.484144602465192,0.24446565916282
25363,0.166469958885513,0.30684544894747,0.225061681642468,0.301622910524549
25364,0.173302243452666,0.182831393633542,0.393696591470255,0.250169771443537
25365,0.368997306744281,0.0955318671996282,0.177127750776092,0.358343075279999
25366,0.166982701812694,0.317307080624759,0.304353190004559,0.211357027557989
25367,0.133237199461558,0.432009962927889,0.2640340222505,0.170718815360053
25368,0.365825726117764,0.427265569929144,0.105030497086616,0.101878206866476
25369,0.341456739785377,0.17202906446319,0.346217704968217,0.140296490783216
25370,0.213883675517392,0.281684810502489,0.328505206033596,0.175926307946523
25371,0.175594851553625,0.529557345255263,0.153036998460813,0.141810804730299
25372,0.421515863060516,0.0816260643851943,0.406026976564753,0.0908310959895369
25373,0.129290727946981,0.421195661382001,0.275692010005739,0.17382160066528
25374,0.128731405164333,0.289020881671854,0.47670834597642,0.105539367187393
25375,0.178185552415341,0.509091902072646,0.182641357335179,0.130081188176834
25376,0.262989534233284,0.23926134435818,0.317251599811119,0.180497521597417
25377,0.198236997178684,0.434268064100309,0.220447680151382,0.147047258569625
25378,0.372540215207128,0.185370698028835,0.324101999902629,0.117987086861408
25379,0.242376871977228,0.478711923367237,0.155323362716594,0.123587841938941
25380,0.186731986635533,0.471607231991487,0.193818871802,0.14784190957098
25381,0.217095853474865,0.374072434541957,0.2149696693373,0.193862042645878
25382,0.437367496197466,0.210770875564337,0.200579180851229,0.151282447386969
25383,0.107345804363445,0.576603433658425,0.227190192794649,0.088860569183482
25384,0.187965446897785,0.208684410175425,0.396144677229835,0.207205465696955
25385,0.120920106585296,0.156174961588204,0.52885147120317,0.194053460623329
25386,0.364348520514457,0.198245606762488,0.181302445034728,0.256103427688327
25387,0.305015383226722,0.150038891915454,0.255442787591534,0.289502937266291
25388,0.201946965533295,0.237909105191992,0.427377847140744,0.132766082133969
25389,0.252028575884167,0.359282486801279,0.197232956289324,0.191455981025231
25390,0.155875571939035,0.203204750865666,0.518499990419838,0.12241968677546
25391,0.221037896613753,0.243816082473159,0.319242446198518,0.21590357471457
25392,0.21107762813343,0.11119591798676,0.518653995396032,0.159072458483779
25393,0.13560039157229,0.474694533412936,0.235245813552309,0.154459261462465
25394,0.124741624181503,0.226651483927636,0.578684226969309,0.0699226649215523
25395,0.149223395606144,0.23416337234765,0.361188301312531,0.255424930733674
25396,0.19783115220473,0.494407540209612,0.169742234604672,0.138019072980986
25397,0.191874456890954,0.177174276217554,0.495030112985704,0.135921153905787
25398,0.284279210674261,0.163318476447648,0.374848053865359,0.177554259012733
25399,0.220635082545388,0.240949761276761,0.290454389786645,0.247960766391205
25400,0.127134608700396,0.385559709111509,0.288484045960086,0.198821636228009
25401,0.252210384005551,0.243422999371172,0.323967218055338,0.18039939856794
25402,0.377867414898851,0.159772362708399,0.267963003720937,0.194397218671813
25403,0.161240583881311,0.329960896027638,0.371718134645598,0.137080385445453
25404,0.290449274575721,0.20708766755981,0.291658200250468,0.210804857614001
25405,0.391431898245384,0.251809724263856,0.201682632765273,0.155075744725487
25406,0.199219227308145,0.312625660448594,0.236374211628458,0.251780900614804
25407,0.213567849484327,0.141456180552723,0.388331280736274,0.256644689226677
25408,0.24309139247851,0.3215188658226,0.175208344313775,0.260181397385116
25409,0.269176331426163,0.123618822551539,0.488670533769642,0.118534312252656
25410,0.0738078773845267,0.300055142946533,0.454265726414933,0.171871253254008
25411,0.179876707475849,0.251886440030555,0.248432070908139,0.319804781585458
25412,0.416183949068424,0.20990115541587,0.214966179721332,0.158948715794375
25413,0.600655183189768,0.174951713459775,0.108918302212765,0.115474801137692
25414,0.141040059661805,0.156777931759103,0.562052777189387,0.140129231389705
25415,0.139695958786596,0.209505764578362,0.395302011324851,0.25549626531019
25416,0.259320119505497,0.275153767517752,0.280528225231512,0.184997887745239
25417,0.124893572373343,0.238593857698754,0.508286216437319,0.128226353490584
25418,0.129739400342053,0.498442750284962,0.169251624159266,0.202566225213719
25419,0.200053708338152,0.276520773101126,0.42553893859688,0.0978865799638415
25420,0.174502580451145,0.318286770637616,0.263416572325575,0.243794076585665
25421,0.341062180835657,0.291866932446038,0.276486507178646,0.0905843795396584
25422,0.331160695447877,0.230544721570427,0.15765768625166,0.280636896730036
25423,0.430819491669158,0.0806565016994803,0.227339895913968,0.261184110717394
25424,0.162386609190188,0.171826012196614,0.444810065213032,0.220977313400166
25425,0.161453952473132,0.100602035485974,0.49964449068816,0.238299521352734
25426,0.195912733757289,0.470889131117073,0.0925745986928202,0.240623536432818
25427,0.160235510052874,0.213272385547323,0.322792779403441,0.303699324996362
25428,0.128409043888261,0.0739183855925411,0.513115931686653,0.284556638832545
25429,0.302057194104869,0.0885518027302951,0.293548387708849,0.315842615455987
25430,0.513405740731315,0.097249808183633,0.223537878593296,0.165806572491755
25431,0.106798982452315,0.510994582375641,0.217310588391929,0.164895846780115
25432,0.30566549753956,0.135501472324392,0.225993117199839,0.332839912936208
25433,0.0738853957460049,0.109556329520379,0.487603774870097,0.328954499863519
25434,0.349861619573353,0.117048567231951,0.279051173151151,0.254038640043545
25435,0.410596752445579,0.281393628078017,0.15035661052762,0.157653008948784
25436,0.172794933720359,0.475659733616189,0.0633328741077901,0.288212458555662
25437,0.394691827696983,0.282189448122039,0.139045110541478,0.184073613639501
25438,0.252135262755215,0.185665543557043,0.385474924633931,0.176724269053812
25439,0.165090987626753,0.112492967963376,0.407406566494579,0.315009477915291
25440,0.0973148976390636,0.0811333124134521,0.559549918208627,0.262001871738857
25441,0.37495214503852,0.210324949721239,0.168113875255658,0.246609029984583
25442,0.0818242390751029,0.0690329206201198,0.578005213234191,0.271137627070587
25443,0.382253478232472,0.25569238231171,0.0799176604932767,0.282136478962542
25444,0.0905407039416533,0.182047353671091,0.288895304293876,0.438516638093381
25445,0.194861168610058,0.450204216941085,0.155325615316276,0.199608999132581
25446,0.414658305205471,0.149122453568637,0.093774157023318,0.342445084202574
25447,0.142239997557659,0.282505949732594,0.125639115421414,0.449614937288334
25448,0.360202312158166,0.274135364287691,0.0820193069136009,0.283643016640542
25449,0.0900648280624534,0.449369449503004,0.109071093806208,0.351494628628335
25450,0.531523773749666,0.169193030705592,0.152957639358766,0.146325556185976
25451,0.281851411714042,0.471509177959146,0.124078947704563,0.12256046262225
25452,0.569749300989298,0.162284942215787,0.0507934565587829,0.217172300236132
25453,0.126501769984645,0.145113393211763,0.180491444517708,0.547893392285884
25454,0.273837328917715,0.117233923292505,0.396556322776771,0.21237242501301
25455,0.371802999547921,0.170183597099605,0.124189706600534,0.33382369675194
25456,0.167653435319047,0.157626570050777,0.230611200896154,0.444108793734022
25457,0.149118722961929,0.203890771737926,0.467214151406741,0.179776353893404
25458,0.478025544782721,0.122660475351705,0.160471908304492,0.238842071561082
25459,0.694623604171605,0.0614725265071718,0.110259561097289,0.133644308223934
25460,0.111219426255879,0.286424886416397,0.468850468002547,0.133505219325177
25461,0.0461659464779895,0.0887326599783872,0.301591918205638,0.563509475337985
25462,0.10441560231996,0.320627581221689,0.040343208272069,0.534613608186282
25463,0.316600345314974,0.0651654874127508,0.166153324846862,0.452080842425413
25464,0.0334875344151908,0.362686721290896,0.257772860567073,0.34605288372684
25465,0.665313029117407,0.137719696175657,0.0518247798904233,0.145142494816513
25466,0.0680793473536385,0.16589594389203,0.619395722580136,0.146628986174195
25467,0.159915620752336,0.173240354824058,0.06240458019396,0.604439444229646
25468,0.131459553245744,0.341286667995607,0.215782506291273,0.311471272467377
25469,0.160913755704459,0.521986015187223,0.0385337179585725,0.278566511149746
25470,0.147162826935387,0.203493401142171,0.510997273036161,0.138346498886281
25471,0.0440093773323806,0.320114847756189,0.0533005301936945,0.582575244717736
25472,0.160782117383587,0.160957172923747,0.141655203357615,0.536605506335051
25473,0.332550669148017,0.133602704060461,0.266911820036096,0.266934806755426
25474,0.181925173701203,0.450063446996766,0.0392799885677646,0.328731390734266
25475,0.100603366252551,0.433644411159935,0.131499450526211,0.334252772061303
25476,0.243916019013734,0.318889354464257,0.0306817526941635,0.406512873827846
25477,0.16710480240058,0.11622723744871,0.269713396704233,0.446954563446477
25478,0.0850759964618139,0.27598861241063,0.0488826514253964,0.59005273970216
25479,0.035260129252384,0.0266064223535633,0.736634426220627,0.201499022173426
25480,0.219412409731324,0.112389370381823,0.300350794067198,0.367847425819655
25481,0.150530705759513,0.583280581910103,0.0710651630905477,0.195123549239836
25482,0.33926798557036,0.185273694405267,0.305573478437985,0.169884841586388
25483,0.243851600176338,0.381748726883451,0.238956491002744,0.135443181937467
25484,0.25029278487603,0.123248047156535,0.230048726447868,0.396410441519566
25485,0.4708914908489,0.161266230939235,0.177147914602942,0.190694363608924
25486,0.219584105896728,0.218429255734859,0.351249915988386,0.210736722380028
25487,0.273454820956846,0.153808647930548,0.183910345857823,0.388826185254783
25488,0.298865466082622,0.161928826104569,0.171766723716651,0.367438984096158
25489,0.259201223951172,0.313539709564375,0.189671839563777,0.237587226920677
25490,0.139860920334548,0.152201717135225,0.555673532376595,0.152263830153632
25491,0.156950420448661,0.324209210480225,0.161133437717996,0.357706931353118
25492,0.397750894548298,0.227516845211657,0.226935290826324,0.147796969413721
25493,0.118685807601207,0.133672134578567,0.273017257446618,0.474624800373608
25494,0.405096027361059,0.251129033164625,0.10982135841649,0.233953581057826
25495,0.374877167720572,0.132238927180682,0.269986866800453,0.222897038298293
25496,0.110899879774021,0.197294918701813,0.55634191810469,0.135463283419476
25497,0.089963915197233,0.0944211460396679,0.639756243782431,0.175858694980668
25498,0.593108234808782,0.0851855385120455,0.0907466080632679,0.230959618615905
25499,0.122751392097374,0.189953978976083,0.481295263221504,0.205999365705038
25500,0.56858576676169,0.0876721123401831,0.181021007965164,0.162721112932963
25501,0.176480115376736,0.391881380671203,0.212697458127607,0.218941045824454
25502,0.374329686221309,0.0921871252905609,0.383955622926854,0.149527565561276
25503,0.110488870400409,0.140146489720987,0.485576136696943,0.263788503181661
25504,0.294702040314292,0.501224090773127,0.0744479377243122,0.129625931188269
25505,0.146346866131302,0.340036632758443,0.246240388151567,0.267376112958688
25506,0.2141463009712,0.183494854789256,0.405331501026668,0.197027343212876
25507,0.19029992539318,0.254886193330971,0.148325395381049,0.4064884858948
25508,0.0649180469674957,0.546830991877905,0.265656887680099,0.1225940734745
25509,0.402760425161277,0.131583736338628,0.249875427240702,0.215780411259393
25510,0.280109643421972,0.194074438729436,0.261375151748796,0.264440766099796
25511,0.566120032508088,0.112141084727702,0.108369075926331,0.213369806837879
25512,0.391620926504558,0.151818621976485,0.285557171427927,0.171003280091029
25513,0.160155073446437,0.263663122357514,0.22162496111974,0.35455684307631
25514,0.154308053369072,0.300981755419121,0.356394412411258,0.188315778800549
25515,0.140699146807323,0.405339890548768,0.149949236576812,0.304011726067097
25516,0.201377399544147,0.439432940831233,0.0966500727182273,0.262539586906393
25517,0.300502252075105,0.206405513151306,0.225311001331087,0.267781233442501
25518,0.363447489842806,0.22086826772573,0.232450417907973,0.183233824523491
25519,0.201755595466406,0.393209943277906,0.278594283459738,0.12644017779595
25520,0.184972069552149,0.30998755193306,0.388256176264922,0.116784202249868
25521,0.301974219251564,0.321602933477771,0.130909602608731,0.245513244661934
25522,0.188038413630474,0.380997615449027,0.196085706762855,0.234878264157643
25523,0.58557494415437,0.0986609161170686,0.160146584403868,0.155617555324693
25524,0.21518135812728,0.221466979872848,0.354660691315776,0.208690970684096
25525,0.401042322823488,0.227459010727059,0.135071725028944,0.236426941420509
25526,0.25327290067756,0.47529835143352,0.124605334158656,0.146823413730264
25527,0.323564898055129,0.236453374795066,0.231677876489195,0.20830385066061
25528,0.418612963032268,0.122379974696212,0.299532155028352,0.159474907243168
25529,0.435167907215511,0.158320505624162,0.254869127105467,0.15164246005486
25530,0.218256243286199,0.447567442786341,0.143474582038573,0.190701731888887
25531,0.0662093910160389,0.183989189030515,0.664543799663154,0.085257620290292
25532,0.158268428047403,0.473295722922396,0.249566648174431,0.11886920085577
25533,0.327697401171078,0.154687794187306,0.401021542774456,0.11659326186716
25534,0.138572336055504,0.459407256909037,0.235227173845687,0.166793233189772
25535,0.317474503905681,0.418514930729926,0.0918393839207914,0.172171181443602
25536,0.100313789468421,0.33061943646729,0.390764839560481,0.178301934503808
25537,0.132031366559042,0.229456090781815,0.341546713686247,0.296965828972896
25538,0.451589871726879,0.149175452797093,0.192229384388674,0.207005291087355
25539,0.440750572734287,0.234593286374454,0.176816370422226,0.147839770469033
25540,0.134307438009225,0.129698834549519,0.587714113692157,0.1482796137491
25541,0.396805832789792,0.291785153100809,0.183344478480804,0.128064535628596
25542,0.201633542668147,0.344442596547591,0.207494375837667,0.246429484946594
25543,0.272652703857947,0.158723556116441,0.383787885402752,0.184835854622859
25544,0.310425272561646,0.403985684921137,0.0655530599716959,0.220035982545521
25545,0.34409925233856,0.204694245834696,0.260397682875571,0.190808818951173
25546,0.283293395317058,0.454802300954115,0.106574634400367,0.155329669328459
25547,0.137187655237029,0.217692396331368,0.484757368094887,0.160362580336716
25548,0.203587737427796,0.218563599897738,0.299775359755196,0.278073302919271
25549,0.163283954890046,0.12824491256823,0.460673804253239,0.247797328288484
25550,0.251463431381723,0.180708445008727,0.188574853620712,0.379253269988838
25551,0.276447378080672,0.20495251142777,0.237234322784848,0.28136578770671
25552,0.185083799631112,0.347608035778269,0.241149208035632,0.226158956554987
25553,0.141001703748986,0.473144287625693,0.198794867255111,0.187059141370211
25554,0.106927180230096,0.542329430531953,0.154558630643577,0.196184758594374
25555,0.45565987171997,0.176420304166726,0.119489785806577,0.248430038306727
25556,0.29404659372235,0.484896448178623,0.110303958307362,0.110752999791665
25557,0.402957036233607,0.322068947395107,0.155871900033135,0.119102116338151
25558,0.427799629761341,0.203495611379392,0.127011522584295,0.241693236274973
25559,0.531834266684102,0.176818233122754,0.185877058188062,0.105470442005082
25560,0.33730267351846,0.374907255456138,0.0945486618017217,0.19324140922368
25561,0.258378744253423,0.379908395513924,0.134999899515782,0.226712960716872
25562,0.200135664268802,0.239324798836549,0.356781046708475,0.203758490186174
25563,0.439790922360941,0.186229664377266,0.254484424436696,0.119494988825097
25564,0.118919725331176,0.161274340395153,0.600418376796366,0.119387557477304
25565,0.376562371321699,0.0917081184234462,0.257947856582734,0.27378165367212
25566,0.102566443299787,0.443910809815753,0.185461962550161,0.268060784334299
25567,0.0646447789343278,0.394307670145146,0.335827840595226,0.2052197103253
25568,0.427802249140576,0.330547492114815,0.143354664364324,0.0982955943802856
25569,0.309053388115642,0.228563132553887,0.366349959459375,0.0960335198710962
25570,0.335668723053559,0.187831349749622,0.281693731873719,0.1948061953231
25571,0.287277773383453,0.241069201488244,0.170189499749886,0.301463525378416
25572,0.461370762190689,0.133473302355717,0.150756506741946,0.254399428711647
25573,0.153331321788981,0.619499707187493,0.115598810201196,0.11157016082233
25574,0.156502694571361,0.0906864742972705,0.498292606341829,0.25451822478954
25575,0.417500761804801,0.156647947015524,0.244296469108476,0.1815548220712
25576,0.369711186103991,0.145503988590686,0.304955303410848,0.179829521894475
25577,0.339056147242002,0.144565358075902,0.242251175112719,0.274127319569378
25578,0.419571738773729,0.287843433746196,0.104220090549967,0.188364736930108
25579,0.562268378580195,0.188275714157327,0.111808243532652,0.137647663729826
25580,0.265706968927814,0.322442107805374,0.169329278520298,0.242521644746514
25581,0.413213972031092,0.198522257974945,0.102148494119774,0.28611527587419
25582,0.140292449275153,0.21668449034622,0.176673060410938,0.466349999967689
25583,0.427106870211065,0.0877569448666757,0.369306489778769,0.11582969514349
25584,0.247769655602394,0.336917558435831,0.171355307593411,0.243957478368365
25585,0.177937868904725,0.318327636537836,0.158209050587845,0.345525443969594
25586,0.111970320805134,0.211364185744974,0.565491239694613,0.111174253755279
25587,0.564577484373403,0.211600465149001,0.108951071430095,0.114870979047501
25588,0.272734910053018,0.277968440076543,0.19237843442862,0.256918215441819
25589,0.479601124607293,0.270941782527354,0.132088092635879,0.117369000229474
25590,0.212506470425872,0.313431351215957,0.153977103354766,0.320085075003405
25591,0.179787428369659,0.341483933956667,0.195240452281353,0.283488185392321
25592,0.375482734887872,0.437101674895829,0.0484187702515203,0.138996819964779
25593,0.192831696637781,0.397697169953921,0.245082187119245,0.164388946289053
25594,0.230586950303088,0.285381422330612,0.235060443674381,0.248971183691919
25595,0.347079861216249,0.313317067811444,0.132827659729865,0.206775411242442
25596,0.0943540819988505,0.05675236921796,0.645846279195257,0.203047269587933
25597,0.368048365200773,0.156381122112409,0.120224509821837,0.355346002864982
25598,0.272159162914401,0.280773746169661,0.164058536101245,0.283008554814694
25599,0.207049868057997,0.154827644954492,0.424446844138387,0.213675642849123
25600,0.143313256623924,0.109410522495155,0.560679115995028,0.186597104885892
25601,0.484550838212343,0.0424533668924261,0.32787993022111,0.145115864674121
25602,0.288281986544711,0.116419249945361,0.245346885556618,0.34995187795331
25603,0.55151948388489,0.232927885776237,0.0796364201263386,0.135916210212534
25604,0.146265584483917,0.567452055123939,0.206754941155974,0.0795274192361701
25605,0.125739373084489,0.116927683779387,0.284735873697883,0.472597069438242
25606,0.112159123964865,0.605836499251729,0.114907845206514,0.167096531576892
25607,0.317069151217943,0.353981899346847,0.0838642679405021,0.245084681494709
25608,0.121717853125101,0.282341652433389,0.281362914942509,0.314577579499001
25609,0.567891314697473,0.143420386485725,0.100512970925384,0.188175327891418
25610,0.342020654219114,0.183461990460302,0.172844239824935,0.301673115495649
25611,0.113415507470249,0.342740721701111,0.359415375336568,0.184428395492071
25612,0.151223424089899,0.274689374425322,0.441042110991208,0.133045090493571
25613,0.480438321913234,0.142115005402441,0.217483546636505,0.15996312604782
25614,0.354661994378079,0.211625636236108,0.205953818958752,0.22775855042706
25615,0.353568733627941,0.314304033229402,0.183663656526637,0.14846357661602
25616,0.111775103303953,0.345206866490905,0.318252567730603,0.224765462474539
25617,0.55072972593698,0.121001224916665,0.225881403107593,0.102387646038761
25618,0.162684035068303,0.16790754460316,0.557958363257802,0.111450057070735
25619,0.203410434012954,0.112885997630042,0.494054261145513,0.189649307211492
25620,0.17839237841442,0.113807552289841,0.4645087284038,0.243291340891939
25621,0.154264045538887,0.0779662647100964,0.656377789391117,0.111391900359899
25622,0.326080910576105,0.178684276097245,0.327782724420983,0.167452088905668
25623,0.196183423556503,0.479976783912463,0.158320278135197,0.165519514395837
25624,0.275026215573572,0.214743387678217,0.287877026481899,0.222353370266312
25625,0.195489778806747,0.259884034529436,0.260144255245593,0.284481931418224
25626,0.251985937759635,0.415909362003691,0.151727645559972,0.180377054676701
25627,0.302447296431564,0.312491887128804,0.207836391084065,0.177224425355567
25628,0.147614486990583,0.325397607749416,0.308850059574523,0.218137845685478
25629,0.296073768989016,0.334375059106439,0.274376116952363,0.0951750549521825
25630,0.245776252686049,0.485769253241825,0.0929689533076223,0.175485540764504
25631,0.225696231074274,0.240556457024931,0.32282167563491,0.210925636265885
25632,0.171530087129858,0.376888864476918,0.322604850145983,0.128976198247242
25633,0.117695327166985,0.207479233587441,0.30034714918424,0.374478290061334
25634,0.42948619365177,0.164290432233065,0.162743143903739,0.243480230211425
25635,0.547379387113408,0.164052534768057,0.0767726666109679,0.211795411507567
25636,0.350004913486143,0.19197861072843,0.202958296986207,0.25505817879922
25637,0.285706753655415,0.201175992230013,0.26599886260021,0.247118391514362
25638,0.243418556814547,0.269045346998296,0.113942348936932,0.373593747250225
25639,0.200921228661502,0.416455399939271,0.137975166392241,0.244648205006985
25640,0.26806685605481,0.180739064884142,0.247068734512324,0.304125344548724
25641,0.20914541940337,0.306077375803781,0.310721304584404,0.174055900208446
25642,0.0641262607555198,0.476104329576488,0.155019291059634,0.304750118608357
25643,0.17758633387338,0.589483972932447,0.083173488134723,0.14975620505945
25644,0.549433801936914,0.0916513314169781,0.130855990759692,0.228058875886415
25645,0.0816264567763136,0.698185203651509,0.0776132831928527,0.142575056379325
25646,0.284368086119761,0.112308737592282,0.467983951599321,0.135339224688635
25647,0.193753997057356,0.200429586136263,0.358797555964892,0.24701886084149
25648,0.24391434054948,0.13071787345781,0.345151623142161,0.280216162850549
25649,0.224440267733643,0.442931379093353,0.140722896449829,0.191905456723175
25650,0.101597754180699,0.110722937194829,0.481648435291057,0.306030873333415
25651,0.380286741031438,0.312089273886398,0.185634761221216,0.121989223860948
25652,0.420256459903996,0.132442367242206,0.0826302555465909,0.364670917307207
25653,0.153292703381257,0.344602679360574,0.311334860045014,0.190769757213154
25654,0.0775109813136623,0.452657635417158,0.248966392326934,0.220864990942246
25655,0.0995489310674101,0.0881706750190016,0.632373326308229,0.17990706760536
25656,0.400083416762585,0.255979277816501,0.0902486372684004,0.253688668152514
25657,0.2114263743808,0.44578041189183,0.122328370712384,0.220464843014987
25658,0.320497979676682,0.444178738386468,0.0564221980691525,0.178901083867697
25659,0.525497432432077,0.133572079467324,0.193683039364147,0.147247448736452
25660,0.166878129466246,0.599520442318469,0.0900340061854043,0.14356742202988
25661,0.192406159381658,0.0907342673819397,0.314552231823364,0.402307341413038
25662,0.339527552835789,0.370924153084541,0.0447081639245475,0.244840130155123
25663,0.163380203735265,0.120855649929181,0.209749368213753,0.506014778121801
25664,0.0542891552152432,0.500175313856974,0.246794598005858,0.198740932921925
25665,0.0675675658129478,0.314570899793578,0.283482606216162,0.334378928177312
25666,0.17763584097177,0.147167902394442,0.215779684667411,0.459416571966377
25667,0.654502744095558,0.0734510550042168,0.107564994424566,0.16448120647566
25668,0.221670561328298,0.183496107269331,0.0775707985987239,0.517262532803646
25669,0.0712864035324881,0.456936851818072,0.13248448768001,0.33929225696943
25670,0.487747443388984,0.271098259163614,0.0916201554847715,0.149534141962631
25671,0.182189191440682,0.390907811260895,0.320064963177378,0.106838034121045
25672,0.0978361743091242,0.388835921107077,0.191356651186673,0.321971253397126
25673,0.110602790447961,0.46400389535809,0.132484650269139,0.29290866392481
25674,0.398412053681806,0.183164337950189,0.196799659057156,0.221623949310848
25675,0.301761409747597,0.149427579946542,0.299161379599667,0.249649630706194
25676,0.17212541879764,0.575740350464956,0.0890586155200929,0.163075615217311
25677,0.464553041231019,0.249771224608766,0.0637382525869238,0.221937481573291
25678,0.153506379494903,0.304586457047108,0.307110935260421,0.234796228197568
25679,0.13838894286083,0.560780864563257,0.0695504008227432,0.23127979175317
25680,0.0889884158665296,0.617818762029127,0.175496449563153,0.117696372541191
25681,0.113363817555584,0.370575400098912,0.19923182761851,0.316828954726994
25682,0.246926231063748,0.222385791616909,0.208199254383176,0.322488722936167
25683,0.400061822437747,0.261942833635867,0.178263162082568,0.159732181843818
25684,0.0648831627248541,0.5212823537723,0.156929194491619,0.256905289011227
25685,0.155593167815247,0.405566173481388,0.123576986477522,0.315263672225843
25686,0.109047879587199,0.306817414975029,0.347791535450011,0.236343169987761
25687,0.170766215900473,0.602713392980928,0.0966664647702001,0.129853926348398
25688,0.187293051872481,0.353762629072619,0.326097763405243,0.132846555649657
25689,0.590501958401878,0.102294842249672,0.222643821343983,0.0845593780044668
25690,0.141078228567864,0.525724656176267,0.217556952604293,0.115640162651576
25691,0.194072357775411,0.195621339722828,0.51746516970967,0.0928411327920912
25692,0.348107258280532,0.290221630564108,0.162845796518835,0.198825314636525
25693,0.164484409714925,0.388938867686735,0.319498556165354,0.127078166432987
25694,0.39055571486758,0.159830737626834,0.267308294205251,0.182305253300335
25695,0.366182312575923,0.342148269892895,0.151922129005907,0.139747288525275
25696,0.200796946823713,0.420042959608187,0.290266643712181,0.0888934498559191
25697,0.118418100185796,0.242516573978606,0.536590134455123,0.102475191380476
25698,0.199675123805921,0.368800275896839,0.278237886253913,0.153286714043326
25699,0.274644909100263,0.205651941026852,0.373582501535553,0.146120648337332
25700,0.259943446511341,0.226259663175243,0.393270951069511,0.120525939243905
25701,0.251665506449666,0.525878402479578,0.121890801140473,0.100565289930283
25702,0.141686197610452,0.316957604767052,0.432487508689985,0.108868688932511
25703,0.286378599184693,0.351391443781938,0.213406395110289,0.14882356192308
25704,0.52972572255178,0.176558839617766,0.176252168667787,0.117463269162667
25705,0.0891887052221753,0.294244828086015,0.475765041209082,0.140801425482727
25706,0.471839145210856,0.197058830306123,0.225343673025753,0.105758351457269
25707,0.328546733344818,0.398510722100447,0.141924472244698,0.131018072310037
25708,0.341291895172711,0.0678424876522035,0.488019839697048,0.102845777478038
25709,0.268542278219259,0.253778233180319,0.377644075492825,0.100035413107596
25710,0.174268091776341,0.221976694911262,0.429732848989541,0.174022364322857
25711,0.372932920772098,0.161551607160005,0.337726816510655,0.127788655557242
25712,0.397783276737098,0.236422233701493,0.211173380062682,0.154621109498727
25713,0.375659237246902,0.229916602455877,0.321836940511586,0.0725872197856352
25714,0.368884565120009,0.20306014462495,0.265655022866084,0.162400267388956
25715,0.300429872958355,0.267102779969997,0.348360196543424,0.0841071505282235
25716,0.281817642158862,0.216978318675792,0.358679513565578,0.142524525599768
25717,0.188509363032595,0.435068946833384,0.201995436559981,0.17442625357404
25718,0.408532455490809,0.193827169417205,0.189851988032135,0.207788387059851
25719,0.419555042138799,0.305470632104257,0.179308448542723,0.0956658772142208
25720,0.223715751246465,0.275146480509396,0.322963803801498,0.178173964442642
25721,0.313286219259431,0.186563132767266,0.407656393858651,0.0924942541146528
25722,0.200206827533669,0.309693106081687,0.224648307646423,0.265451758738221
25723,0.205314775271197,0.236032407685807,0.44807136630294,0.110581450740057
25724,0.342520022620073,0.194508091548064,0.27201908846481,0.190952797367053
25725,0.268927768317234,0.220151946122204,0.402032491998213,0.108887793562349
25726,0.308638766349408,0.300567983370849,0.219008134212129,0.171785116067614
25727,0.123764523638464,0.274730440606216,0.472644275491849,0.128860760263471
25728,0.249063296010383,0.244220394241457,0.274986904845328,0.231729404902832
25729,0.297474196775671,0.194524182064301,0.39317915862912,0.114822462530908
25730,0.634174453799413,0.142795051408211,0.138852322350787,0.0841781724415885
25731,0.411231294598431,0.084242523927953,0.32612935954153,0.178396821932086
25732,0.113275807342013,0.100303037517681,0.691995716782716,0.0944254383575898
25733,0.308223955043145,0.227957872222686,0.21061730457506,0.25320086815911
25734,0.36679745300602,0.261324362565805,0.24241804494356,0.129460139484615
25735,0.174611887328676,0.247429753038409,0.426071356778487,0.151887002854427
25736,0.304392311136356,0.220729385142049,0.306983501440624,0.167894802280971
25737,0.223314032312545,0.568439601991705,0.0720522971431658,0.136194068552584
25738,0.2833906658795,0.271039164471102,0.197352322803222,0.248217846846176
25739,0.174590145698613,0.140200854907542,0.507660251587791,0.177548747806054
25740,0.415428465489455,0.212529350283893,0.215170971677921,0.15687121254873
25741,0.400829142846662,0.374092293221755,0.0635508109866665,0.161527752944916
25742,0.118624260173839,0.561817879716733,0.16037778288962,0.159180077219808
25743,0.174221710286682,0.342953904383654,0.250064095009003,0.232760290320662
25744,0.411138894045273,0.326020667910529,0.107942576090924,0.154897861953274
25745,0.211629875769419,0.380483595846724,0.270051343867046,0.137835184516812
25746,0.654200739840859,0.102076426105477,0.162383273629469,0.0813395604241942
25747,0.512319107007477,0.243946933482274,0.0824790728480706,0.161254886662179
25748,0.102197627398966,0.535407110929016,0.123380021844217,0.2390152398278
25749,0.451141560485279,0.184553059087654,0.180240926738501,0.184064453688566
25750,0.231474920381721,0.172405502528274,0.474956273246707,0.121163303843299
25751,0.186108331151178,0.241576669423305,0.426992102417964,0.145322897007554
25752,0.270777748218792,0.177943046683199,0.28168481977567,0.269594385322339
25753,0.361659189625336,0.145478754931922,0.341988250659351,0.150873804783391
25754,0.613753926482645,0.0854580661559293,0.121940202274517,0.178847805086909
25755,0.285562885357562,0.133205734314843,0.262187092202021,0.319044288125574
25756,0.317593489221736,0.514062907264685,0.0741815471663649,0.0941620563472139
25757,0.28197888789239,0.186822594625615,0.206514596352972,0.324683921129023
25758,0.243680064966584,0.114424299995321,0.352635804572904,0.289259830465191
25759,0.305721049397693,0.465556583668611,0.0921692369825811,0.136553129951115
25760,0.496692526142253,0.180360080941479,0.207589777386237,0.115357615530031
25761,0.189425457204286,0.344893354442463,0.151431199758927,0.314249988594323
25762,0.196686682626716,0.44556724786648,0.132863597002,0.224882472504804
25763,0.327988445130285,0.210545035526884,0.252466829570809,0.208999689772021
25764,0.390942929798253,0.13845159321361,0.250605959395196,0.219999517592941
25765,0.302892987284224,0.147108598314346,0.296127684368414,0.253870730033016
25766,0.0936743535188129,0.544026871166894,0.210257487591925,0.152041287722368
25767,0.42374984734112,0.253623440894793,0.0923362947372597,0.230290417026827
25768,0.31971233133159,0.210843583809745,0.129864115883151,0.339579968975513
25769,0.461260723468741,0.243585783260765,0.117178667557746,0.177974825712749
25770,0.23387283679433,0.162778251127973,0.307101774060073,0.296247138017624
25771,0.0827639332076497,0.490278372181645,0.248002850147705,0.178954844463
25772,0.164723125387916,0.325832765337995,0.216141941796019,0.29330216747807
25773,0.422611074527805,0.145723415011808,0.108651568825487,0.323013941634901
25774,0.218241704538229,0.225580247525285,0.444342217861219,0.111835830075268
25775,0.332385921674722,0.104146219210736,0.459809473926906,0.103658385187637
25776,0.304086609422043,0.120941061856303,0.225274296217216,0.349698032504438
25777,0.120030308811921,0.13714807639929,0.593138195260616,0.149683419528173
25778,0.297504420282013,0.429441560591355,0.0926356167704259,0.180418402356207
25779,0.288554350001568,0.34787595205543,0.100790624335151,0.262779073607851
25780,0.11609580752709,0.31652495541733,0.333168614476943,0.234210622578638
25781,0.431792762006242,0.234496993412331,0.0715287127786942,0.262181531802734
25782,0.129544096387893,0.471150682310366,0.0492613446629665,0.350043876638774
25783,0.364356694240197,0.163034609467866,0.28182654123319,0.190782155058747
25784,0.235109129365051,0.222591897501431,0.287766104525528,0.25453286860799
25785,0.139653326767849,0.249090562560952,0.275656514830262,0.335599595840937
25786,0.31121685352686,0.346775113511018,0.162318245938913,0.179689787023208
25787,0.11671769978681,0.464325826836743,0.309128421880339,0.109828051496108
25788,0.415841305025133,0.213513096224542,0.216427546450304,0.154218052300021
25789,0.457862061429271,0.122594928400161,0.246499058614899,0.173043951555668
25790,0.32595712633559,0.311230661197787,0.111142922619243,0.251669289847381
25791,0.132039407027983,0.492390919461567,0.205700855967204,0.169868817543246
25792,0.267684770952849,0.173131317005176,0.367793419001567,0.191390493040408
25793,0.133431128782525,0.481980705341984,0.149997148973618,0.234591016901873
25794,0.372120944031466,0.270257759367866,0.138675320714274,0.218945975886394
25795,0.138152840834888,0.396234419109852,0.312896454638722,0.152716285416539
25796,0.303915320983423,0.134035544376636,0.406163684614924,0.155885450025016
25797,0.251171678493438,0.401948733656526,0.124815480093988,0.222064107756049
25798,0.201488747532394,0.341939676313974,0.218148080481336,0.238423495672296
25799,0.252060863656652,0.120982646000826,0.459782012530904,0.167174477811618
25800,0.324090111714824,0.238395299730044,0.156218867958556,0.281295720596576
25801,0.181365446765995,0.29187259730958,0.256092409183597,0.270669546740828
25802,0.276009504636342,0.219684761527471,0.159938192594113,0.344367541242074
25803,0.458582832375233,0.255042636149546,0.131436741396947,0.154937790078274
25804,0.197563128896847,0.204028125157221,0.41934820311699,0.179060542828942
25805,0.301219484458248,0.458729374459688,0.146902444041616,0.0931486970404476
25806,0.411445204399314,0.205894191291065,0.245374903651793,0.137285700657828
25807,0.1785456709563,0.555479266510236,0.13873218776539,0.127242874768074
25808,0.349512356003592,0.297702229826258,0.157062607900376,0.195722806269773
25809,0.146174895233065,0.181801158892168,0.444733465714177,0.227290480160589
25810,0.272880965505683,0.142391914870039,0.397975769331812,0.186751350292466
25811,0.23559381261079,0.517805662042125,0.154314399100211,0.092286126246874
25812,0.235386803645938,0.186492259058881,0.415073752109138,0.163047185186043
25813,0.59011812898637,0.186786995374811,0.132176942126959,0.0909179335118602
25814,0.195245176598611,0.370959774637279,0.239135033270133,0.194660015493977
25815,0.191273037249083,0.476120052186046,0.227630865953337,0.104976044611535
25816,0.120359081489333,0.402309784270078,0.327917892308252,0.149413241932337
25817,0.225432673787527,0.174308730690878,0.30371771325635,0.296540882265245
25818,0.174942591053187,0.422100234822932,0.262771047052995,0.140186127070886
25819,0.424760955682074,0.209870571710165,0.217886073442449,0.147482399165312
25820,0.185649943807584,0.226201461246991,0.319952624913709,0.268195970031717
25821,0.260304245119769,0.0992029261683487,0.509620250692199,0.130872578019683
25822,0.18712226394751,0.225237323563199,0.448679421241074,0.138960991248216
25823,0.259427666262873,0.239725081130375,0.229623954121906,0.271223298484846
25824,0.407591003794017,0.167416552060396,0.244489945566873,0.180502498578714
25825,0.0641351379360541,0.381404854866524,0.426338559925734,0.128121447271688
25826,0.257556779569897,0.367682648363737,0.171558795496368,0.203201776569998
25827,0.25149850786241,0.257148228892999,0.234935057882257,0.256418205362333
25828,0.320228258062792,0.435812705950687,0.104077001352877,0.139882034633644
25829,0.244165658289038,0.432847114450488,0.105768941684779,0.217218285575696
25830,0.174738816773647,0.324313074486649,0.393613649581948,0.107334459157756
25831,0.215371481787472,0.193113456815021,0.293441751513929,0.298073309883578
25832,0.0972817661508346,0.363165162041837,0.283092694651144,0.256460377156184
25833,0.171169796688692,0.291211929630483,0.407595547086232,0.130022726594593
25834,0.424573744706906,0.147759318403111,0.283135036870851,0.144531900019133
25835,0.190068138087931,0.107222440829014,0.484655640301648,0.218053780781408
25836,0.146627725138051,0.190496304621009,0.47063785526685,0.192238114974089
25837,0.227407696203003,0.261094193967777,0.337643462462434,0.173854647366787
25838,0.238142634066297,0.482196201112855,0.0833352113259512,0.196325953494897
25839,0.566448533445909,0.216789859760864,0.105883210627191,0.110878396166037
25840,0.117263299802666,0.366157161694769,0.337239621861007,0.179339916641557
25841,0.20916407937024,0.158254707304433,0.380225020049616,0.252356193275711
25842,0.254376043253761,0.454018604354283,0.171066832817769,0.120538519574186
25843,0.333429130465914,0.460250346211923,0.0977521224718208,0.108568400850342
25844,0.569580425135069,0.0856350815164395,0.195122175671201,0.149662317677291
25845,0.163377207509934,0.369802411289383,0.359581586813399,0.107238794387284
25846,0.298699969638114,0.169677473384893,0.255937727930537,0.275684829046456
25847,0.441517189713319,0.128107390377327,0.150110045283981,0.280265374625372
25848,0.173013729052396,0.485515354275459,0.104854421820201,0.236616494851944
25849,0.316161797249,0.224036706266516,0.343660499610963,0.11614099687352
25850,0.203901077158081,0.280662917433418,0.375541998187828,0.139894007220674
25851,0.578142079319674,0.187303846721642,0.125017568950043,0.109536505008642
25852,0.243404887920332,0.2937741413897,0.230061547991599,0.232759422698369
25853,0.150187255487953,0.365041681702295,0.357915538525807,0.126855524283944
25854,0.357717497781615,0.22914538572528,0.113051572993575,0.300085543499531
25855,0.461022292900104,0.135696418457236,0.188276597243418,0.215004691399242
25856,0.487780077044731,0.248055219523854,0.0903392270857034,0.173825476345712
25857,0.126274119960565,0.203233677251824,0.285736977050321,0.38475522573729
25858,0.169841913886547,0.353428310824563,0.224539109645261,0.25219066564363
25859,0.281744986922225,0.13358345321084,0.274530817124817,0.310140742742118
25860,0.360088879959547,0.15817896336834,0.169564866175582,0.312167290496531
25861,0.200057021458265,0.159014809675768,0.446765793726303,0.194162375139664
25862,0.244763944111671,0.10078803901605,0.440880272647294,0.213567744224985
25863,0.130429125869002,0.0771913375920787,0.661874838816894,0.130504697722025
25864,0.477803764880237,0.153844531805048,0.138007495952609,0.230344207362106
25865,0.120170168802198,0.345910979667445,0.391325794687585,0.142593056842772
25866,0.208007971433693,0.198024670996378,0.389565587234394,0.204401770335535
25867,0.17268250023902,0.380760394141457,0.239738579131399,0.206818526488124
25868,0.204840392644565,0.341573698945658,0.161685107554409,0.291900800855369
25869,0.0742095805069439,0.346678696718148,0.276488885669797,0.302622837105112
25870,0.199755848352949,0.119716317962381,0.271971596133954,0.408556237550716
25871,0.0588857138379061,0.233367331385783,0.554672081004027,0.153074873772284
25872,0.137382577406958,0.181178759468362,0.505720567241676,0.175718095883004
25873,0.126424579362242,0.176999039817311,0.30292930551955,0.393647075300897
25874,0.46707864183221,0.0965488783360232,0.244261502438525,0.192110977393242
25875,0.212201411163885,0.208579472667221,0.384955341544977,0.194263774623917
25876,0.512754359207448,0.064980088986229,0.189440732538447,0.232824819267876
25877,0.496304204067833,0.093073295795242,0.152490980492249,0.258131519644675
25878,0.314402095027735,0.143034847477352,0.256018726053891,0.286544331441022
25879,0.152379174891567,0.48505939024128,0.132060165883992,0.230501268983161
25880,0.18054155541166,0.618717853297931,0.0963075381147882,0.104433053175621
25881,0.349942380549712,0.35545215565921,0.201702373237336,0.0929030905537423
25882,0.361893620290079,0.259056712687519,0.221349580591206,0.157700086431196
25883,0.566275240476761,0.164350541726517,0.113126346141679,0.156247871655043
25884,0.244752416628077,0.309559947691231,0.301970958201497,0.143716677479195
25885,0.251351961858138,0.196392005434264,0.258467670834775,0.293788361872822
25886,0.0911139706702486,0.548839564373612,0.238443591042806,0.121602873913333
25887,0.331501557230572,0.193865827577629,0.286324361625764,0.188308253566035
25888,0.454975651588851,0.187737059782999,0.179413055583363,0.177874233044788
25889,0.260948481370162,0.223963462374518,0.31800305478944,0.19708500146588
25890,0.532897532660047,0.18586039041823,0.119530399834862,0.161711677086861
25891,0.181550366068828,0.169831699380886,0.541581730722598,0.107036203827688
25892,0.221580016743333,0.283258463438182,0.285686999791882,0.209474520026602
25893,0.349713814239452,0.348383535778405,0.142187263446386,0.159715386535756
25894,0.47234391547999,0.320025067641156,0.0736207381366185,0.134010278742235
25895,0.389174029174314,0.145167197455725,0.276168825132518,0.189489948237443
25896,0.156224201640801,0.283475425076371,0.41117469059955,0.149125682683278
25897,0.166121756066799,0.416939638626253,0.290180425141402,0.126758180165547
25898,0.292316463079125,0.446544009758887,0.196142795592012,0.0649967315699762
25899,0.147590508759939,0.479619533029108,0.185587958520166,0.187201999690787
25900,0.165542323442549,0.25385961894822,0.410046223969133,0.170551833640099
25901,0.297046602121676,0.226335139951275,0.366018289485808,0.110599968441241
25902,0.136118579385099,0.29253501155189,0.444229980668084,0.127116428394927
25903,0.191849077748482,0.3211228993707,0.377950736894315,0.109077285986503
25904,0.0790435103682034,0.306850700962175,0.508688071525143,0.105417717144478
25905,0.158954818852391,0.355308950598961,0.375215459561073,0.110520770987575
25906,0.304905763993263,0.485274617526147,0.136358047807934,0.0734615706726559
25907,0.245743769732314,0.460197739587538,0.211254653813143,0.0828038368670058
25908,0.286395515218893,0.181990828640742,0.345486441618189,0.186127214522177
25909,0.445544538309731,0.316054116306048,0.130056283567406,0.108345061816814
25910,0.0745819613791791,0.366197029411442,0.42563628915538,0.133584720053999
25911,0.382947308201023,0.176298868773152,0.301437332800036,0.139316490225789
25912,0.3470639890473,0.374368747899922,0.171203651883297,0.107363611169481
25913,0.131272748263609,0.25514765975489,0.455561905841919,0.158017686139583
25914,0.223987621342031,0.176316822671117,0.516177550627519,0.0835180053593333
25915,0.41590120306373,0.183482481171194,0.298276260756757,0.10234005500832
25916,0.214364538652419,0.456064347244532,0.178840097325302,0.150731016777748
25917,0.261627595802678,0.42998775931571,0.0913574598645395,0.217027185017072
25918,0.18217100417239,0.284654053035637,0.315120598264769,0.218054344527204
25919,0.316325547016192,0.0636499290539087,0.287956549644276,0.332067974285623
25920,0.304272546415548,0.40643173967366,0.109370767603469,0.179924946307324
25921,0.0898356396747539,0.10057789579144,0.637407907272695,0.172178557261111
25922,0.0928336316890914,0.0916615974721146,0.398213529793593,0.417291241045201
25923,0.265457953756266,0.19034676704413,0.127538937998796,0.416656341200808
25924,0.675241187774374,0.0954867582264627,0.0924870318388051,0.136785022160358
25925,0.165183583393654,0.113221133865511,0.542999393751541,0.178595888989294
25926,0.389896843051487,0.410204675911511,0.0738744430500736,0.126024037986929
25927,0.161371599391766,0.393223861186719,0.208385724553424,0.237018814868092
25928,0.164423995339883,0.402697075557373,0.293923979716329,0.138954949386416
25929,0.0778202444329418,0.435754553097003,0.125481032438531,0.360944170031524
25930,0.235394122621186,0.290910594646169,0.349234886593825,0.12446039613882
25931,0.068256567797852,0.0787599860360518,0.723492953572123,0.129490492593973
25932,0.103122236172889,0.443516253613225,0.152651404784913,0.300710105428973
25933,0.137659116256219,0.148440890090972,0.482102009300005,0.231797984352804
25934,0.085844987062046,0.0760694113865619,0.557025836368635,0.281059765182757
25935,0.249969857407764,0.282399723135068,0.157895323643096,0.309735095814072
25936,0.292374243523069,0.0997870637383797,0.449236672847983,0.158602019890568
25937,0.615618055048248,0.0914803270845152,0.0882170276602733,0.204684590206963
25938,0.0921692363817298,0.524818622468612,0.110594004059665,0.272418137089993
25939,0.163553787516152,0.107094649429982,0.434189694976689,0.295161868077177
25940,0.0992171162660003,0.269135935158997,0.168459177755823,0.463187770819179
25941,0.135991920896445,0.309919873100136,0.420916511295293,0.133171694708126
25942,0.126733149619554,0.358082411207193,0.290016590448207,0.225167848725046
25943,0.0841551229517266,0.337514328139147,0.268225861974443,0.310104686934684
25944,0.27454761345212,0.188189327961943,0.137133694185818,0.40012936440012
25945,0.256490046081988,0.155220220541606,0.265094606464971,0.323195126911436
25946,0.434975101207871,0.187990743822436,0.145015753322508,0.232018401647185
25947,0.342874364042979,0.241060865048715,0.222702395342489,0.193362375565817
25948,0.0847239931614947,0.17587972513206,0.199992382281487,0.539403899424959
25949,0.0904553664540708,0.290164915741262,0.402930013053154,0.216449704751513
25950,0.5726352969209,0.104990881386008,0.148754354696703,0.173619466996389
25951,0.136321411749715,0.227834369455818,0.37124273553475,0.264601483259717
25952,0.0668861618314202,0.126383301503711,0.545287594934126,0.261442941730743
25953,0.347870505879834,0.169796365341769,0.173817214729777,0.30851591404862
25954,0.596043085881474,0.0543995463942493,0.0559613763919617,0.293595991332315
25955,0.151191360739772,0.476898715673453,0.207557124400836,0.16435279918594
25956,0.194163463945966,0.27199384523978,0.453283642332081,0.0805590484821723
25957,0.483805335509542,0.348641251234541,0.0764088948376426,0.0911445184182738
25958,0.323569365735763,0.347386289659427,0.181318677685047,0.147725666919764
25959,0.104908152135746,0.229444208892229,0.505572603591049,0.160075035380976
25960,0.420760653220193,0.351105429402124,0.133022841519029,0.0951110758586547
25961,0.33101839009602,0.128728667299921,0.451832449659361,0.0884204929446975
25962,0.538544733537675,0.250941556780515,0.093056783174733,0.117456926507077
25963,0.113051946135531,0.430451606460271,0.358780115968273,0.0977163314359264
25964,0.43363175687016,0.295554332738936,0.123493128952921,0.147320781437982
25965,0.253127037180094,0.176333474503841,0.450677112608232,0.119862375707833
25966,0.21082455211912,0.167877285920016,0.497031652869838,0.124266509091026
25967,0.355683390888153,0.229012391390487,0.17857395682267,0.236730260898689
25968,0.225406746425803,0.376495571790028,0.247778682854797,0.150318998929372
25969,0.0830303033757623,0.410104022761033,0.409826719674168,0.097038954189037
25970,0.277154353152453,0.394585225788556,0.219400107044782,0.108860314014208
25971,0.401955787579277,0.274539841655531,0.220808721947808,0.102695648817385
25972,0.258472667227705,0.404692759641426,0.171816298897837,0.165018274233032
25973,0.164681130185383,0.28915095319292,0.425307973720043,0.120859942901654
25974,0.401850303390544,0.10794345000428,0.199344698423908,0.290861548181268
25975,0.0754410783166871,0.404640538338067,0.282536153090514,0.237382230254732
25976,0.0939590605200651,0.304918464153102,0.215058278734033,0.3860641965928
25977,0.46334108694642,0.100041790736094,0.327156476417343,0.109460645900143
25978,0.214803614669835,0.5251718104056,0.179622364815678,0.0804022101088875
25979,0.640777062285659,0.0754657192600199,0.11995662659878,0.163800591855541
25980,0.11207827496293,0.406158931705856,0.358842891825723,0.122919901505491
25981,0.493837234112045,0.135019692329347,0.253925925821171,0.117217147737437
25982,0.143525084695538,0.0682196833799052,0.612701726124315,0.175553505800241
25983,0.457223405112988,0.157621046372349,0.249581344078448,0.135574204436215
25984,0.356768950089566,0.106596081755644,0.284917433373605,0.251717534781186
25985,0.220410512459691,0.167210394526764,0.0959813010482549,0.51639779196529
25986,0.449329991866155,0.0765627928675532,0.221136646332648,0.252970568933644
25987,0.0848789106432981,0.0986632939673806,0.6714436164052,0.145014178984121
25988,0.086789838545555,0.407786479852721,0.382870770799445,0.122552910802279
25989,0.0897323634602755,0.162431373817964,0.18135389139065,0.56648237133111
25990,0.0680107406028407,0.122034859418968,0.603522550971135,0.206431849007056
25991,0.273120201759687,0.135464647941511,0.221766962033073,0.369648188265729
25992,0.0620416917758395,0.273285345602092,0.481481423931409,0.183191538690659
25993,0.230977891658932,0.334321129690279,0.118312962160155,0.316388016490634
25994,0.189765650688977,0.139533547915543,0.195161015203051,0.47553978619243
25995,0.227281716543529,0.367661556958113,0.165992548363642,0.239064178134716
25996,0.280313494287783,0.158874136322244,0.42615694425221,0.134655425137763
25997,0.423760461656696,0.167089153910139,0.186097507937019,0.223052876496146
25998,0.362124570776413,0.239778984539308,0.189916981877938,0.208179462806341
25999,0.20051716627982,0.249647863114263,0.438273647525821,0.111561323080096
26000,0.136410375220659,0.447814559324859,0.22560162940257,0.190173436051912
26001,0.244357923025482,0.454653897216074,0.149549010233443,0.151439169525001
26002,0.451612476886527,0.182227796021827,0.234122660611453,0.132037066480193
26003,0.327674194820448,0.183062174462756,0.18926641566701,0.299997215049786
26004,0.0908890080439379,0.500461557346485,0.161447216514547,0.247202218095031
26005,0.12415267448802,0.229665664692201,0.395304229440461,0.250877431379317
26006,0.203597978271695,0.339883406297588,0.195499507945667,0.261019107485051
26007,0.325170125777057,0.457387806723735,0.109562704208812,0.107879363290397
26008,0.142019940303272,0.0656778314383068,0.623054775947464,0.169247452310957
26009,0.200521821125759,0.52050169141167,0.18396191528819,0.095014572174381
26010,0.297985815808535,0.227048519019728,0.233165960461225,0.241799704710512
26011,0.663920620190409,0.106228379148704,0.0924635030590539,0.137387497601833
26012,0.241787741865398,0.220371135056273,0.279828817683255,0.258012305395073
26013,0.145633862757103,0.241251380562055,0.279276600557867,0.333838156122975
26014,0.309581230979907,0.334476377059613,0.167036402430712,0.188905989529768
26015,0.131460454489526,0.446347383098264,0.30908011377918,0.11311204863303
26016,0.401949920440218,0.217119651767454,0.223970292947034,0.156960134845294
26017,0.442141643395751,0.127463296792119,0.251077625808025,0.179317434004105
26018,0.305692919875021,0.322210255834133,0.12288419696047,0.249212627330376
26019,0.158441641412222,0.441661686275513,0.234648458455253,0.165248213857011
26020,0.264575327637374,0.177749019619279,0.365767577239048,0.191908075504299
26021,0.142497533950781,0.448151702764936,0.169717470033137,0.239633293251147
26022,0.360773016709835,0.263698194043837,0.15547618090594,0.220052608340388
26023,0.147243430874618,0.37725236116543,0.313147987558182,0.162356220401771
26024,0.30510394311189,0.147669862562119,0.396359430418974,0.150866763907017
26025,0.252810380117106,0.379319252411136,0.144807189688081,0.223063177783677
26026,0.190694866899622,0.336671003832745,0.237328250246405,0.235305879021227
26027,0.260210906410688,0.12713143968019,0.449003031546737,0.163654622362385
26028,0.304579327568851,0.249380700535604,0.164065174595503,0.281974797300042
26029,0.184121284494503,0.282825692334424,0.267523713451253,0.265529309719819
26030,0.267754410524772,0.217866778635732,0.177438447295475,0.336940363544021
26031,0.228796185641743,0.384492381690644,0.245335678890744,0.141375753776869
26032,0.46180033274615,0.224719292476309,0.212172649807627,0.101307724969915
26033,0.377587577532033,0.356637257870813,0.124375420495414,0.14139974410174
26034,0.178904689039977,0.123779494124135,0.530359518262919,0.166956298572969
26035,0.423570099823211,0.114055974785554,0.296124872511781,0.166249052879455
26036,0.332201149236918,0.0910462121425452,0.426276530612058,0.150476108008479
26037,0.155671093731624,0.666734204790143,0.105008163183004,0.0725865382952292
26038,0.116063060203203,0.424574464895377,0.223473754974323,0.235888719927097
26039,0.373778299834252,0.137438873174633,0.313141103647963,0.175641723343152
26040,0.167449808498352,0.194088836469877,0.539235924243401,0.0992254307883703
26041,0.36822119746646,0.23256777814519,0.223057498134312,0.176153526254039
26042,0.211757954244983,0.3595787554239,0.178328612241027,0.25033467809009
26043,0.150046380081827,0.203425803660885,0.538073807754932,0.108454008502356
26044,0.566492866404259,0.200650578662382,0.133978270875029,0.0988782840583299
26045,0.231306343058657,0.528013402997038,0.132247402228716,0.10843285171559
26046,0.295412559919944,0.240404929012703,0.227890413229046,0.236292097838308
26047,0.252891716782936,0.14255158053626,0.419533733425005,0.185022969255799
26048,0.181141624312866,0.282751291658647,0.336022665548119,0.200084418480367
26049,0.170465889092983,0.229214799818347,0.485145066704531,0.115174244384139
26050,0.257467207318419,0.167041381452677,0.430298272715152,0.145193138513752
26051,0.187852673485399,0.388400681885743,0.17956335274027,0.244183291888588
26052,0.167022587798206,0.254754030980686,0.245463354123057,0.33276002709805
26053,0.17357047093935,0.326295873679033,0.370095938949979,0.130037716431638
26054,0.210637419429899,0.34595376097211,0.183043619793873,0.260365199804118
26055,0.383325576060768,0.244578219620575,0.159968985025134,0.212127219293524
26056,0.333269054087506,0.159604325942145,0.256280506060529,0.250846113909821
26057,0.305272889972524,0.277918744956678,0.287712511128894,0.129095853941905
26058,0.179650137790213,0.436136693940634,0.150708315632303,0.23350485263685
26059,0.439750248574194,0.262648495817261,0.186112474016558,0.111488781591987
26060,0.401866074476764,0.298967311721966,0.14710936414636,0.152057249654911
26061,0.400444938859805,0.216720444922368,0.208879761465522,0.173954854752306
26062,0.248836879425368,0.242882652620959,0.320341181260496,0.187939286693178
26063,0.427394977053302,0.103064904718616,0.279801644975291,0.189738473252792
26064,0.208623320551092,0.179096491911227,0.387330155915508,0.224950031622174
26065,0.497298177185314,0.210462298885731,0.136605152527521,0.155634371401434
26066,0.287764688786581,0.344323157350024,0.155807925177605,0.21210422868579
26067,0.385132899550778,0.279954988792551,0.201258472545477,0.133653639111194
26068,0.190394375931566,0.46525779710177,0.179532989795338,0.164814837171326
26069,0.122053511303962,0.181174134684119,0.494700050243306,0.202072303768613
26070,0.373259614934346,0.204174907286887,0.149338521910533,0.273226955868234
26071,0.301270332622729,0.172993843387275,0.225942725949954,0.299793098040042
26072,0.20827189807983,0.241745045489204,0.421323285484456,0.128659770946511
26073,0.25201708758942,0.383395350740842,0.176696832917436,0.187890728752302
26074,0.159353065050729,0.208970006326409,0.513434081963561,0.118242846659301
26075,0.224179371358669,0.265226464110249,0.285364183548518,0.225229980982563
26076,0.222030398417249,0.116091552963289,0.476588668436913,0.185289380182549
26077,0.134124556881549,0.504398919205586,0.205785695507745,0.15569082840512
26078,0.128905258445812,0.232353577173504,0.570374146067927,0.0683670183127568
26079,0.151703448971852,0.250437958326418,0.333994211310261,0.26386438139147
26080,0.195358568601705,0.512392699651,0.159440074338019,0.132808657409276
26081,0.193765167924899,0.187359042637635,0.471408364789766,0.147467424647701
26082,0.300708777164982,0.177192938314727,0.318503995104299,0.203594289415992
26083,0.22942193401812,0.264058331248192,0.236945896999412,0.269573837734276
26084,0.122947091769897,0.406029057387242,0.274521143500763,0.196502707342097
26085,0.262788999457898,0.258581229493216,0.259055431609174,0.219574339439713
26086,0.4137029183135,0.165608250659888,0.219527914076269,0.201160916950343
26087,0.16216763187816,0.336498521492469,0.357543946562755,0.143789900066616
26088,0.148435869441996,0.236218578862268,0.224051762342144,0.391293789353591
26089,0.266710873069645,0.144750719164781,0.184255843491379,0.404282564274195
26090,0.31827491631215,0.0432290462417714,0.433165613009304,0.205330424436774
26091,0.077816869434537,0.0775948730413893,0.642056780257569,0.202531477266505
26092,0.175341799024114,0.291146142102959,0.0381813076948957,0.495330751178032
26093,0.432172968579112,0.229102674773938,0.0549788128066465,0.283745543840304
26094,0.27423581987224,0.05367455901618,0.162429645656405,0.509659975455175
26095,0.0664315547507664,0.242097294639996,0.213495657808469,0.477975492800769
26096,0.529994777225307,0.133093734493912,0.154206143265245,0.182705345015536
26097,0.0462774736406337,0.49400723739969,0.104275797805624,0.355439491154052
26098,0.676205000213614,0.096375944580149,0.080498224365278,0.146920830840959
26099,0.117896433620567,0.312670085680182,0.120980767039448,0.448452713659803
26100,0.535443946984485,0.124633422188547,0.163449154784041,0.176473476042927
26101,0.486626971235862,0.338855375728447,0.0292778522859219,0.14523980074977
26102,0.118661139931305,0.13312181725787,0.201426271534212,0.546790771276613
26103,0.0434770362084042,0.559061257484183,0.191063898012433,0.206397808294979
26104,0.0719174777076602,0.202877786187077,0.17247958589434,0.552725150210923
26105,0.380029014715543,0.110146927297957,0.0769578644947535,0.432866193491746
26106,0.0383530416067481,0.548975767881611,0.13724552180492,0.275425668706721
26107,0.33988496327022,0.366086874165297,0.159065374259787,0.134962788304696
26108,0.2624458072281,0.188285568969462,0.325899187169471,0.223369436632966
26109,0.267140463044846,0.255239874871039,0.2592600790851,0.218359582999015
26110,0.509286308204464,0.146312347612461,0.205153559887915,0.13924778429516
26111,0.182322143628892,0.120544579180041,0.527885400733205,0.169247876457862
26112,0.122125749075972,0.523144803368603,0.159597012052281,0.195132435503145
26113,0.431207735002196,0.250893792436415,0.129567221763471,0.188331250797917
26114,0.397556704860429,0.289404292838467,0.207065502620922,0.105973499680182
26115,0.267813342009846,0.149987357872091,0.468884580078312,0.113314720039751
26116,0.130813012074412,0.219892259484874,0.445681143142834,0.20361358529788
26117,0.356038730545363,0.207086060343177,0.194379456349678,0.242495752761782
26118,0.325671040261744,0.227801347384061,0.176149824653465,0.270377787700729
26119,0.212875823838422,0.543844479117405,0.116412243882611,0.126867453161561
26120,0.221396097965363,0.40212649600508,0.192975410323474,0.183501995706083
26121,0.425243781846773,0.0930990996229183,0.252377730080291,0.229279388450017
26122,0.159879809006577,0.24771413319846,0.319488364237604,0.272917693557359
26123,0.185853626982071,0.189059304789761,0.381730695276704,0.243356372951464
26124,0.239620593637591,0.14753083138,0.375538133360668,0.237310441621741
26125,0.382204628686156,0.153248592259278,0.343120003997184,0.121426775057382
26126,0.576604349674158,0.0725806427098779,0.137705838146337,0.213109169469627
26127,0.479152559825994,0.280729291762222,0.103915507357892,0.136202641053892
26128,0.238932957595477,0.190109912219032,0.145144011757668,0.425813118427824
26129,0.178520857349069,0.297883348776675,0.375063492985206,0.148532300889049
26130,0.401148297500759,0.184539330173599,0.113607130853582,0.30070524147206
26131,0.37326847558002,0.0912457791189262,0.232543322629567,0.302942422671487
26132,0.227978394288654,0.0793055532563415,0.420746336922547,0.271969715532458
26133,0.106005736563768,0.431600489708272,0.263909997549882,0.198483776178078
26134,0.204852807749562,0.536234144726826,0.131665575739424,0.127247471784188
26135,0.150521921446244,0.288366344072065,0.273719602410935,0.287392132070756
26136,0.371957640516175,0.249014430213138,0.140339739374875,0.238688189895813
26137,0.18700803483228,0.41875225962387,0.151094932380467,0.243144773163383
26138,0.18103781773809,0.271812789983497,0.117908588766367,0.429240803512046
26139,0.220391842838141,0.472347455177408,0.0742950391897109,0.23296566279474
26140,0.260619926173102,0.0753006686810622,0.396489149138017,0.26759025600782
26141,0.24184728552454,0.181611727685853,0.180282065175353,0.396258921614254
26142,0.083417052954278,0.48891129743501,0.170576007490045,0.257095642120667
26143,0.136756379022857,0.304357307664962,0.352416526903013,0.206469786409169
26144,0.0729149641217156,0.153520817988884,0.46643050476809,0.30713371312131
26145,0.406456944825146,0.114823038416941,0.214335864614119,0.264384152143794
26146,0.175653270815308,0.150433923118653,0.521106893151008,0.152805912915031
26147,0.269212761005975,0.362570777593279,0.194861545363222,0.173354916037524
26148,0.464281973117158,0.204522065799255,0.197269253769851,0.133926707313737
26149,0.0776516641466884,0.557960602933177,0.201678567003394,0.162709165916741
26150,0.244213715019533,0.234566059545925,0.194083390085552,0.327136835348989
26151,0.312037415528877,0.282914638978302,0.200388719244851,0.20465922624797
26152,0.107515447128001,0.453398841107411,0.16666603311222,0.272419678652368
26153,0.134793375239035,0.152096655772561,0.478515714364445,0.234594254623959
26154,0.191693138795112,0.179338416616749,0.30815994200808,0.320808502580059
26155,0.0628252892232021,0.540307593473033,0.230145177393984,0.16672193990978
26156,0.245361852346091,0.264575925062454,0.255926768674918,0.234135453916537
26157,0.180495884440812,0.244744097038048,0.454284228792438,0.120475789728703
26158,0.509307690563433,0.238454679450294,0.118016614003259,0.134221015983014
26159,0.201848491094855,0.173843609329602,0.431147404174039,0.193160495401504
26160,0.221404207313572,0.218586942648352,0.309491110260586,0.25051773977749
26161,0.165861014957527,0.325378739820293,0.258712958634598,0.250047286587582
26162,0.287147733961884,0.0919913818552146,0.476992444477323,0.143868439705579
26163,0.463245806309557,0.117425049856485,0.184572100494904,0.234757043339054
26164,0.110872831207438,0.335938578046296,0.379909597584612,0.173278993161654
26165,0.316747788543322,0.267223306832166,0.240413589668358,0.175615314956154
26166,0.242057291431057,0.154082773374453,0.501837855188774,0.102022080005716
26167,0.217086128801666,0.303704671076652,0.2252373946158,0.253971805505882
26168,0.130698152284291,0.360437562220507,0.395618286944758,0.113245998550445
26169,0.501698627192319,0.0898660817927696,0.27530423444895,0.133131056565961
26170,0.137692962156822,0.457949082219773,0.28194501170214,0.122412943921265
26171,0.174408599812326,0.196508391638812,0.551733455409543,0.0773495531393191
26172,0.213424291832769,0.336587455701844,0.29394618335323,0.156042069112156
26173,0.117261956262748,0.325632374283322,0.446187242917894,0.110918426536036
26174,0.149872945166157,0.331388830815677,0.347497338527703,0.171240885490463
26175,0.132147101252737,0.676272713785956,0.0509057123280064,0.140674472633301
26176,0.250039182731721,0.169490703126362,0.451350982918343,0.129119131223574
26177,0.077771548964619,0.120060583928047,0.549698720349735,0.252469146757599
26178,0.0848533622139864,0.438423452828,0.218161512054365,0.258561672903649
26179,0.4799968783179,0.257372369048614,0.100663640582954,0.161967112050532
26180,0.295171175994114,0.367011344674285,0.144343555045634,0.193473924285966
26181,0.256565572655201,0.297776802114592,0.239155367950561,0.206502257279646
26182,0.0702196596634467,0.513630117726485,0.223193109152115,0.192957113457953
26183,0.183117496664631,0.291746555760698,0.4404657675556,0.0846701800190707
26184,0.0970249100668077,0.230600041393662,0.434871021812597,0.237504026726934
26185,0.35801106527159,0.45896673769172,0.0998631083013344,0.0831590887353564
26186,0.160739706245155,0.206145864578584,0.469689763411461,0.163424665764801
26187,0.487934683611396,0.235940594973014,0.128847996460556,0.147276724955035
26188,0.162768419968559,0.284658097594957,0.419268734010378,0.133304748426106
26189,0.372926034652661,0.181503448313977,0.254296095165704,0.191274421867658
26190,0.430595438102467,0.289834081187048,0.137511834989735,0.142058645720749
26191,0.373669285474743,0.314258720015724,0.181054482324813,0.13101751218472
26192,0.139462768207253,0.145678777141489,0.604333013491952,0.110525441159305
26193,0.273585298337851,0.261347332993905,0.322824012596331,0.142243356071912
26194,0.236611104113611,0.525561876317793,0.121728686361437,0.116098333207159
26195,0.160299423977181,0.414979380147021,0.28766891553404,0.137052280341759
26196,0.246666285683727,0.129515155352684,0.475532249551273,0.148286309412316
26197,0.218476769990474,0.318662866463382,0.230663430504614,0.232196933041531
26198,0.193413340489037,0.663817174132566,0.0850069422419055,0.0577625431364913
26199,0.372933259246988,0.195652000616685,0.20059866256171,0.230816077574617
26200,0.184351963957703,0.311320986006545,0.28839277425415,0.215934275781603
26201,0.53545623609087,0.226634359748789,0.0964942856678085,0.141415118492532
26202,0.538351955807322,0.137419546175689,0.219024441424104,0.105204056592885
26203,0.450671998098472,0.289516214672172,0.145542180251087,0.114269606978268
26204,0.323898833337667,0.212218704973037,0.234001275213452,0.229881186475844
26205,0.179351862436123,0.330129212333002,0.277076442148486,0.213442483082389
26206,0.307003548378297,0.177400608871632,0.154465115900676,0.361130726849394
26207,0.271307325007532,0.27013687009614,0.24748280487928,0.211073000017048
26208,0.470335608656517,0.140940111397048,0.242350183260746,0.146374096685689
26209,0.387754917290018,0.451355181735629,0.0456492292341157,0.115240671740237
26210,0.593403162197278,0.171748372795289,0.115262038129588,0.119586426877845
26211,0.325501103793865,0.398005967321223,0.125424594093603,0.151068334791309
26212,0.216233398524829,0.399287803936813,0.204352387790144,0.180126409748214
26213,0.386558555277415,0.309108244126472,0.156356979510327,0.147976221085786
26214,0.144243028078455,0.202007922381185,0.493999592666153,0.159749456874208
26215,0.219569069447264,0.430336317583911,0.123834129899818,0.226260483069007
26216,0.201070472709209,0.231169638120249,0.388440577046314,0.179319312124228
26217,0.267846231409247,0.154896014139282,0.299434555632093,0.277823198819378
26218,0.137993576221159,0.538928260529029,0.244250667956409,0.0788274952934041
26219,0.377451660062223,0.133023252809075,0.250188614962579,0.239336472166123
26220,0.149339354741027,0.257471851659353,0.499583276242069,0.0936055173575516
26221,0.137581231877172,0.206802225008332,0.511548987043251,0.144067556071245
26222,0.597177793638707,0.0983892825310322,0.190922756438678,0.113510167391583
26223,0.195726262233619,0.43991641170644,0.221329045636167,0.143028280423774
26224,0.389385427656622,0.0997391611667819,0.395164747175804,0.115710664000792
26225,0.128055471859926,0.178173851928248,0.518250316182396,0.17552036002943
26226,0.301898299562447,0.522756171259576,0.0777915822398199,0.0975539469381574
26227,0.171312175171224,0.387363372808426,0.266150553189688,0.175173898830662
26228,0.22833538814627,0.209479068229744,0.417294053349845,0.144891490274142
26229,0.21783207752701,0.312865405020336,0.164488993153045,0.304813524299609
26230,0.0782373170394983,0.551854370423655,0.27565474015025,0.0942535723865966
26231,0.429206918351843,0.146956559366524,0.263193308767793,0.160643213513841
26232,0.30718734801169,0.221890701184914,0.279708788198625,0.191213162604771
26233,0.61355073758989,0.123197841154469,0.116523617713433,0.146727803542209
26234,0.413553339469752,0.167903585366328,0.301504355079855,0.117038720084065
26235,0.185327239573731,0.315489716856479,0.240197494388989,0.258985549180801
26236,0.167276206250836,0.329430276648118,0.371252578484709,0.132040938616337
26237,0.164537801129806,0.462963876464145,0.15671015776931,0.215788164636739
26238,0.218174695694471,0.494145813676972,0.101906940609042,0.185772550019515
26239,0.329722583358156,0.235684266935883,0.242147819778721,0.192445329927241
26240,0.287993565159527,0.113141392834062,0.443927234338471,0.15493780766794
26241,0.135802480102515,0.291689134198459,0.463633322443667,0.108875063255359
26242,0.0851857854397489,0.467399535220598,0.336606639792356,0.110808039547298
26243,0.228593444915594,0.515203851453152,0.129411321086607,0.126791382544647
26244,0.172050349686456,0.255334953708642,0.366101848729172,0.20651284787573
26245,0.201340700283289,0.150148002120145,0.546979512983076,0.10153178461349
26246,0.315997106830843,0.28703564186878,0.320145586172704,0.0768216651276723
26247,0.445426254518431,0.175052959147605,0.267881199807119,0.111639586526845
26248,0.127488436759659,0.567101511116106,0.171053443991663,0.134356608132573
26249,0.294257698132169,0.361183423308337,0.155237446003006,0.189321432556488
26250,0.439712345699913,0.206022707371624,0.2141904173815,0.140074529546963
26251,0.159873521155498,0.196838876998251,0.329140836618525,0.314146765227727
26252,0.152775655440634,0.582286178856583,0.13545401568862,0.129484150014163
26253,0.202380549772749,0.346644291743107,0.247384041202308,0.203591117281836
26254,0.207706143812438,0.108141483972649,0.558834525900178,0.125317846314736
26255,0.165766894141131,0.309276948018418,0.277750564577888,0.247205593262564
26256,0.339420838532203,0.231706705107607,0.320509060740671,0.10836339561952
26257,0.250508142120193,0.134088075772197,0.421786409041328,0.193617373066283
26258,0.139326621358528,0.213031752801935,0.526415082089247,0.12122654375029
26259,0.425595090969444,0.0833956905148608,0.303464580673466,0.187544637842229
26260,0.434595958200067,0.183284133714533,0.158753616597007,0.223366291488393
26261,0.20894214120261,0.242634533968596,0.136738410116425,0.41168491471237
26262,0.605796816569232,0.109320524339208,0.0841430327082938,0.200739626383267
26263,0.10750145655809,0.541622732054984,0.129205714565222,0.221670096821704
26264,0.226009644629405,0.167466963189079,0.29573468872721,0.310788703454306
26265,0.305555884332191,0.209651817548157,0.176309046806089,0.308483251313563
26266,0.244643746725764,0.199684807822222,0.27665951629722,0.279011929154793
26267,0.301939176779729,0.066075219471027,0.436084144323449,0.195901459425795
26268,0.245742641388806,0.0487251263695387,0.539724634806874,0.165807597434781
26269,0.38302534637485,0.15198387582126,0.174683879841885,0.290306897962005
26270,0.286884641161028,0.398178371639062,0.154449236304575,0.160487750895335
26271,0.255473469405752,0.123317797205927,0.513673037052976,0.107535696335345
26272,0.162009247886977,0.500159922544226,0.12072937614733,0.217101453421467
26273,0.378417947616448,0.221258361934289,0.177357141206324,0.222966549242938
26274,0.556541465093239,0.131757199014878,0.173109686624072,0.138591649267812
26275,0.112106778323872,0.687201950979129,0.0502956814130613,0.150395589283938
26276,0.249765206290624,0.148028865370409,0.375510668228094,0.226695260110872
26277,0.0925665930855727,0.0915500337292182,0.464671672501349,0.35121170068386
26278,0.151947851379877,0.348781885533497,0.298052204993392,0.201218058093234
26279,0.227959541002823,0.194671334006503,0.433354761826319,0.144014363164355
26280,0.350309685685468,0.151330893988869,0.306455690177246,0.191903730148417
26281,0.351027155146795,0.254682818262369,0.207550297829104,0.186739728761732
26282,0.269318691439593,0.444162435852829,0.130854955649914,0.155663917057665
26283,0.26111682509374,0.190638682022187,0.322153593636151,0.226090899247922
26284,0.310958812915808,0.372684720136047,0.125283556381548,0.191072910566596
26285,0.208014230926978,0.183148103340584,0.433667611383391,0.175170054349046
26286,0.46848993115698,0.223176850793718,0.226006674661069,0.0823265433882332
26287,0.182992875107929,0.273905855382812,0.333636433481217,0.209464836028042
26288,0.179905143618856,0.385432719758285,0.301200299339559,0.133461837283301
26289,0.253823086962288,0.395808715327968,0.158378204614005,0.191989993095739
26290,0.249239176764776,0.114500726906009,0.542393967691087,0.0938661286381274
26291,0.269048425175669,0.332871819778926,0.26905224440452,0.129027510640885
26292,0.21163653875369,0.240366642951549,0.33007150820572,0.217925310089041
26293,0.186985953927391,0.311705332340658,0.275287543764976,0.226021169966975
26294,0.201414878408254,0.505236214802507,0.196204043127772,0.0971448636614675
26295,0.271168003374005,0.305058845276585,0.254355693239317,0.169417458110092
26296,0.180020726686806,0.242263191054329,0.35516938698432,0.222546695274545
26297,0.222999741875583,0.160957367967706,0.36140461664238,0.254638273514331
26298,0.0778029724873408,0.20070950603748,0.585608866418231,0.135878655056948
26299,0.104402395253209,0.476310736290409,0.258391433298371,0.16089543515801
26300,0.183234842828909,0.136339136342242,0.391234253742974,0.289191767085875
26301,0.18131985959716,0.371017012184926,0.16751717732794,0.280145950889974
26302,0.137291772553427,0.649778246080367,0.0950060846255003,0.117923896740706
26303,0.32898570377242,0.324403655165654,0.126422563377966,0.22018807768396
26304,0.179519102464123,0.132659782144739,0.420346212143164,0.267474903247974
26305,0.512138924347268,0.220323908899791,0.0847915156454855,0.182745651107456
26306,0.314248568027913,0.131160360311404,0.195808374882831,0.358782696777851
26307,0.0860731478910147,0.476856980321238,0.329919922012283,0.107149949775465
26308,0.37260781695365,0.103350372702403,0.176091048733327,0.34795076161062
26309,0.0933173934689651,0.399184637993365,0.160739263144603,0.346758705393067
26310,0.131453888868404,0.270468485221005,0.443899931672794,0.154177694237798
26311,0.428663060232224,0.292395366045069,0.143326879540583,0.135614694182124
26312,0.196989183357823,0.503725672224509,0.198222887926631,0.101062256491037
26313,0.190446137904776,0.355937365062052,0.236730782752696,0.216885714280477
26314,0.0915658223106644,0.38368269488518,0.22586723354514,0.298884249259016
26315,0.396856382399182,0.193270895895604,0.124366982605717,0.285505739099497
26316,0.15902256357324,0.139687535391307,0.219329700767928,0.481960200267525
26317,0.224569624604438,0.258303108399316,0.228643192966688,0.288484074029558
26318,0.17986061550921,0.19340582452991,0.233137508554725,0.393596051406154
26319,0.584924184759185,0.0537416138112356,0.123429648230566,0.237904553199013
26320,0.150123953133902,0.259884207766902,0.132789649943192,0.457202189156005
26321,0.430628978982276,0.172690575908451,0.219177809976682,0.177502635132591
26322,0.373676472912855,0.232784177223359,0.256863329909561,0.136676019954225
26323,0.106587102633383,0.550291877907661,0.199663221067567,0.14345779839139
26324,0.187310894313857,0.243063304217859,0.160454299709138,0.409171501759146
26325,0.230459938064215,0.0910620015941023,0.38473285906768,0.293745201274003
26326,0.574020603011816,0.129369936485414,0.207713302081133,0.0888961584216365
26327,0.567618510349812,0.0932852105644598,0.0761674656769332,0.262928813408795
26328,0.291846792386015,0.462279555967488,0.0820925416635467,0.16378110998295
26329,0.180996698191989,0.13645399811721,0.424776185531232,0.25777311815957
26330,0.144508047739258,0.218589143577854,0.21699271310059,0.419910095582299
26331,0.348034156065836,0.130345562532573,0.193383302081878,0.328236979319713
26332,0.177188328316725,0.435094263812822,0.102895665654918,0.284821742215536
26333,0.251239802999964,0.135910590161483,0.254767854789768,0.358081752048784
26334,0.454166930939377,0.152825510064114,0.104255375516497,0.288752183480012
26335,0.174421651202593,0.328931774890275,0.294831137696922,0.20181543621021
26336,0.221081000277526,0.285299473365524,0.243332744558045,0.250286781798905
26337,0.448643387383104,0.0648917906335123,0.392325218787341,0.0941396031960423
26338,0.131942026195958,0.409728633257107,0.144467798152079,0.313861542394856
26339,0.153394253536607,0.441582591717944,0.1710781763176,0.233944978427849
26340,0.272829751319978,0.146958096539652,0.225388984527927,0.354823167612443
26341,0.0620598164563134,0.109818052470938,0.718268928678114,0.109853202394635
26342,0.357320966666445,0.230841618357311,0.300934099792777,0.110903315183468
26343,0.2992316371417,0.298782889525691,0.285047799311157,0.116937674021452
26344,0.237016444642667,0.32214812838018,0.288583336317434,0.152252090659719
26345,0.302840076668196,0.177959008281833,0.428845366491299,0.0903555485586725
26346,0.121748674043595,0.138296925077683,0.207823786893099,0.532130613985623
26347,0.246338654609226,0.593457230336168,0.0504046428487323,0.109799472205874
26348,0.116264975983313,0.204890825164384,0.547678720419592,0.131165478432712
26349,0.107555869259185,0.156802864878918,0.566460349572403,0.169180916289494
26350,0.304898316634725,0.151921398344993,0.266576498739731,0.276603786280551
26351,0.0602024240104335,0.451862087623076,0.326725649692837,0.161209838673654
26352,0.187185387393924,0.277223381278771,0.188136278501893,0.347454952825413
26353,0.124738260481181,0.428814036605909,0.198908715451879,0.247538987461031
26354,0.294165068877134,0.311544630580727,0.18271674984072,0.211573550701419
26355,0.22335496506321,0.156932689800137,0.196066542281861,0.423645802854792
26356,0.306140362612318,0.108297846241939,0.476406058282468,0.109155732863275
26357,0.10104209360193,0.237709244519228,0.308676745369575,0.352571916509268
26358,0.21408485845182,0.22902578022127,0.418307639477146,0.138581721849764
26359,0.197482884260456,0.265169624976153,0.194257424894018,0.343090065869373
26360,0.338783153074312,0.296122498026737,0.234646994969934,0.130447353929016
26361,0.156136764589638,0.182104083055936,0.454619518609766,0.20713963374466
26362,0.219719541943309,0.23112185826609,0.233970202471005,0.315188397319597
26363,0.0962013612656887,0.377012763482001,0.205301997817166,0.321483877435145
26364,0.584485665074384,0.161538918265866,0.110473936312711,0.143501480347039
26365,0.0703579098515998,0.406255276680683,0.22518625240402,0.298200561063697
26366,0.328313408833049,0.182769082967785,0.292018293322194,0.196899214876972
26367,0.320135408841967,0.141444928835462,0.201330230271929,0.337089432050642
26368,0.166610001836205,0.147160391111632,0.54170835322055,0.144521253831612
26369,0.128493208552745,0.388732623491243,0.185942661564724,0.296831506391289
26370,0.550176889789544,0.19384695854573,0.098924892335124,0.157051259329602
26371,0.130956367032457,0.160903109012593,0.261412609543608,0.446727914411342
26372,0.344177406876874,0.465834705612881,0.0797964047906992,0.110191482719546
26373,0.107970119931959,0.563547729407633,0.12530601883714,0.203176131823268
26374,0.153858857857565,0.111912431227519,0.221041162429057,0.513187548485859
26375,0.0729063154258341,0.112134619443508,0.630666095683785,0.184292969446872
26376,0.4661544098241,0.196108022132596,0.135816116397151,0.201921451646153
26377,0.228841745322379,0.233856049598165,0.141083073364668,0.396219131714789
26378,0.177651189733462,0.126402244932892,0.38046513031762,0.315481435016026
26379,0.0727931958905935,0.141383432556831,0.592826861721197,0.192996509831379
26380,0.121254356405518,0.224473938805258,0.373569660491156,0.280702044298067
26381,0.589088076782425,0.076129548790137,0.169556905121271,0.165225469306166
26382,0.254761661075189,0.216953468276515,0.278861622858365,0.249423247789931
26383,0.194865516408442,0.559611758807777,0.0748922193322999,0.170630505451481
26384,0.255712198659895,0.117279677853131,0.378267906416876,0.248740217070098
26385,0.0954186204281417,0.30373387433633,0.112788566656626,0.488058938578902
26386,0.0732960231257968,0.133814302831946,0.534244521327793,0.258645152714464
26387,0.14424524961838,0.174558134502655,0.227383699861633,0.453812916017332
26388,0.210776011015375,0.134382162329621,0.389348164838463,0.265493661816541
26389,0.165654163585162,0.436162273662174,0.227879017843068,0.170304544909596
26390,0.239575568763246,0.365403817296288,0.183822386390425,0.211198227550041
26391,0.344925989437646,0.139745209873055,0.417849314954959,0.0974794857343404
26392,0.173988734174793,0.36782255410506,0.327046462754779,0.131142248965368
26393,0.126183598482853,0.208273516055707,0.30112221195904,0.364420673502401
26394,0.421478196738768,0.167118846606737,0.173276348361237,0.238126608293258
26395,0.534694599259899,0.175603963742953,0.0807784768670326,0.208922960130116
26396,0.347366069969721,0.195329794714733,0.203119649085121,0.254184486230425
26397,0.284396280119987,0.198261342096152,0.272370956024013,0.244971421759849
26398,0.238087871128323,0.279875820465375,0.120272681096717,0.361763627309585
26399,0.204004411349741,0.401542742417791,0.147239353728245,0.247213492504223
26400,0.265897425758895,0.189725780387379,0.245579655047737,0.29879713880599
26401,0.210592087292132,0.306182768465587,0.303982604009307,0.179242540232974
26402,0.0683716755910297,0.476880192672245,0.151341286824963,0.303406844911763
26403,0.183163346629619,0.574952727715513,0.088878593460722,0.153005332194146
26404,0.536002144796034,0.0994284591765375,0.137043616407289,0.22752577962014
26405,0.0924591671533152,0.678166792294968,0.0845877780995502,0.144786262452167
26406,0.287867677151996,0.117187934923954,0.453005903252737,0.141938484671313
26407,0.190389515652548,0.204452217147039,0.358622040742914,0.246536226457499
26408,0.243791661265776,0.134809470174871,0.340890002399345,0.280508866160007
26409,0.238520852762631,0.423558958054204,0.143643842999002,0.194276346184164
26410,0.105895472591755,0.119847210368919,0.471313766772751,0.302943550266575
26411,0.262693258527016,0.414010142667339,0.217530656984673,0.105765941820973
26412,0.301893342790255,0.328881446668767,0.195101520652873,0.174123689888105
26413,0.193145746071875,0.104272313704688,0.515528555503894,0.187053384719543
26414,0.171855416051826,0.246308061435263,0.339556918474619,0.242279604038292
26415,0.359455757191134,0.374469749487723,0.158166640293552,0.107907853027592
26416,0.152007783329888,0.222035713725022,0.490564752598006,0.135391750347083
26417,0.19866952617986,0.417397874812793,0.179233831503836,0.204698767503511
26418,0.251474128229408,0.246811222060201,0.196549930008099,0.305164719702292
26419,0.172478413323574,0.297491958451363,0.296132263809026,0.233897364416038
26420,0.40883965884277,0.135470516597277,0.251367335305543,0.20432248925441
26421,0.571446017631213,0.183321124845732,0.131435547767598,0.113797309755457
26422,0.298856653604802,0.129459195000066,0.327745652181549,0.243938499213583
26423,0.154581171972218,0.37543514397711,0.3033077732303,0.166675910820372
26424,0.515160594591439,0.1507224422899,0.150283207515028,0.183833755603633
26425,0.203440955152534,0.144514109352539,0.497694335404559,0.154350600090367
26426,0.184005028909608,0.182576163990344,0.414912657190252,0.218506149909797
26427,0.237555363474547,0.400699336349972,0.239673181124735,0.122072119050746
26428,0.351963809442292,0.315578143678194,0.161607730214098,0.170850316665416
26429,0.0653377627753764,0.56721164605175,0.25230164955081,0.115148941622064
26430,0.290152127905978,0.26483867067426,0.299882164304457,0.145127037115305
26431,0.362949646170704,0.427185208239125,0.116464512251035,0.0934006333391371
26432,0.131435046652419,0.482307181636036,0.207490576600549,0.178767195110997
26433,0.261288995985701,0.327428912831846,0.239482225457743,0.17179986572471
26434,0.234736833960232,0.408898827234425,0.183587755582315,0.172776583223028
26435,0.209361277044561,0.390089129315034,0.175505989281442,0.225043604358963
26436,0.474324170923304,0.176162101466535,0.245806634886943,0.103707092723219
26437,0.114749486002955,0.183336478104455,0.568652543515734,0.133261492376856
26438,0.193893147775712,0.324841423553322,0.371224255224423,0.110041173446543
26439,0.193336846848624,0.139528533758033,0.554940865931561,0.112193753461782
26440,0.190457437805522,0.419511167885937,0.239016821433282,0.151014572875259
26441,0.194463386839945,0.508074729378588,0.179161313376429,0.118300570405038
26442,0.485579496924788,0.20346532498879,0.13619471879027,0.174760459296152
26443,0.499004871787865,0.199984286425601,0.2026065751761,0.0984042666104345
26444,0.628176961320068,0.134890239493181,0.155442401516827,0.0814903976699248
26445,0.378269535445997,0.330459926169099,0.158228479358948,0.133042059025955
26446,0.415880525359965,0.364269560985646,0.0866726368019829,0.133177276852405
26447,0.2625678331934,0.324534413794378,0.318080248366503,0.0948175046457197
26448,0.35176090324981,0.284038187920408,0.251106880517934,0.113094028311849
26449,0.496877214099914,0.166166596200721,0.0485845062709489,0.288371683428415
26450,0.373670952392181,0.120586670788014,0.0329650425928333,0.472777334226972
26451,0.336620978985658,0.3253288959108,0.22924642406192,0.108803701041622
26452,0.061522663982516,0.422310146730528,0.157732133315443,0.358435055971514
26453,0.0348603195590572,0.217718308730989,0.548602415341901,0.198818956368053
26454,0.28489686581927,0.0400298561768608,0.273851938025715,0.401221339978155
26455,0.096194576691716,0.349098054006535,0.0475946693729713,0.507112699928778
26456,0.137657493889158,0.132374249949909,0.261342092920828,0.468626163240106
26457,0.145634299548492,0.200369821193928,0.365896394563857,0.288099484693723
26458,0.150661831385961,0.386159050839407,0.094978254753228,0.368200863021404
26459,0.0319631252524609,0.0418492546570159,0.560400131477188,0.365787488613336
26460,0.0727892513855977,0.198883639192251,0.0607277634614003,0.667599345960751
26461,0.135855228394201,0.27194111311574,0.3876998043817,0.204503854108359
26462,0.40277272143522,0.352816083775703,0.0318715630858149,0.212539631703262
26463,0.064835215433416,0.0838410905714029,0.56087893852121,0.290444755473971
26464,0.0379013261045114,0.26673367933152,0.282650105982163,0.412714888581806
26465,0.0250436543337526,0.339549140524164,0.180412237938721,0.454994967203363
26466,0.123188492194669,0.481921524983943,0.0292731762976513,0.365616806523737
26467,0.589012891515597,0.0370159372591488,0.0379720492216615,0.335999122003593
26468,0.294137443952792,0.362601157125401,0.256464020004335,0.0867973789174718
26469,0.38643807539725,0.292098717310446,0.200611238176819,0.120851969115486
26470,0.156784523491754,0.391661174883288,0.282885358529084,0.168668943095875
26471,0.469040380336492,0.205446423803884,0.253348128064398,0.072165067795226
26472,0.0899451610247697,0.144522130801828,0.698728519690616,0.066804188482786
26473,0.509581334512801,0.163368993452273,0.200358190162871,0.126691481872056
26474,0.117244520629099,0.28477441573854,0.44842902209975,0.149552041532611
26475,0.316405955790861,0.188616621971419,0.298637519312477,0.196339902925242
26476,0.186652050111188,0.321165616997583,0.262171766193865,0.230010566697364
26477,0.191688819297066,0.217685748924326,0.468827561748172,0.121797870030436
26478,0.254956824034337,0.321664722601655,0.275546139077072,0.147832314286937
26479,0.220523722471231,0.293534064900601,0.34865507976739,0.137287132860778
26480,0.345896412464607,0.307499518631854,0.214788912834137,0.131815156069402
26481,0.223056014861524,0.228216216222328,0.395514707173884,0.153213061742264
26482,0.305835792739982,0.182991090568659,0.395013114160477,0.116160002530882
26483,0.285812441692686,0.302911609125107,0.250905545379628,0.160370403802578
26484,0.178196340543681,0.172569184573178,0.522055149537794,0.127179325345347
26485,0.182579383054611,0.515100032952181,0.182015162566128,0.120305421427081
26486,0.282015790121057,0.286303262719243,0.221336158734852,0.210344788424848
26487,0.0650239206236955,0.271244935682606,0.557032286538397,0.106698857155301
26488,0.2162341746172,0.292337411163136,0.303271992073294,0.18815642214637
26489,0.298059143931902,0.226579533563208,0.276723420455274,0.198637902049616
26490,0.292964477595213,0.208557828747389,0.306709800965194,0.191767892692205
26491,0.430796772441191,0.314067006872071,0.139585299056154,0.115550921630584
26492,0.343790979658377,0.360163520259609,0.181476148749039,0.114569351332975
26493,0.178837464431309,0.143133417155126,0.474242362868311,0.203786755545254
26494,0.367366216317709,0.370634640548006,0.117543567521286,0.144455575612999
26495,0.501453987070144,0.184951144771737,0.084467602627036,0.229127265531083
26496,0.180220483137146,0.171749919779471,0.553115556319833,0.0949140407635495
26497,0.295162569240837,0.0826150507333388,0.521838104554731,0.100384275471093
26498,0.454409411424385,0.145836859827007,0.175721959065607,0.224031769683001
26499,0.262021603650686,0.17469102112397,0.361791826259234,0.20149554896611
26500,0.222955756828423,0.478327355246752,0.175583078299128,0.123133809625697
26501,0.418320069895313,0.242467654823206,0.174280024994351,0.16493225028713
26502,0.445659807742605,0.185690930495099,0.196006405520782,0.172642856241514
26503,0.150146736024395,0.5627556509745,0.19006159727084,0.0970360157302653
26504,0.176987112713941,0.184698915855511,0.345373937335618,0.29294003409493
26505,0.123781331674527,0.397254138119228,0.290267293717736,0.188697236488509
26506,0.0902245257944291,0.281169899650987,0.27836594111583,0.350239633438754
26507,0.567460213084314,0.118155289395578,0.0798315428348606,0.234552954685247
26508,0.331351561055157,0.318333765160632,0.0421022099518028,0.308212463832408
26509,0.10292840754255,0.69871926620987,0.044644157208005,0.153708169039574
26510,0.194361738363493,0.245149316383676,0.170171920307371,0.39031702494546
26511,0.0727484587841901,0.29793690246683,0.524950709438958,0.104363929310023
26512,0.115726083565729,0.16739258016832,0.181702939462934,0.535178396803017
26513,0.0962103523796173,0.357799239037231,0.431531971706437,0.114458436876715
26514,0.103342014949706,0.39927753370871,0.149317848121657,0.348062603219927
26515,0.261272836081833,0.171294124290634,0.403569204693169,0.163863834934363
26516,0.191641151870197,0.109003026193663,0.19493689131071,0.50441893062543
26517,0.200510998366947,0.319163233591212,0.180805531895262,0.29952023614658
26518,0.145716441698858,0.0716480203927014,0.389651918897909,0.392983619010532
26519,0.428200694394544,0.183094244842094,0.0940029437810723,0.29470211698229
26520,0.602043565609171,0.0767613015842151,0.0550958561835695,0.266099276623044
26521,0.184039955291871,0.437617457027242,0.075815382845666,0.302527204835221
26522,0.759668513360017,0.0562318339507498,0.048169272684179,0.135930380005054
26523,0.0696967817193123,0.408853702857839,0.325601576843824,0.195847938579025
26524,0.358015048377761,0.0987185236394813,0.109843457232168,0.43342297075059
26525,0.269596511036524,0.191599295538619,0.241593037838009,0.297211155586848
26526,0.146770628334875,0.460032548347872,0.291130035352781,0.102066787964471
26527,0.218917071230426,0.188883024401686,0.391283727791526,0.200916176576362
26528,0.102906258203429,0.508708569490619,0.283455115293757,0.104930057012196
26529,0.273859262740542,0.124353661257035,0.496107885878306,0.105679190124118
26530,0.476271994612486,0.258890335122477,0.136812298991686,0.128025371273352
26531,0.165133254474633,0.304891378587622,0.387935215892161,0.142040151045584
26532,0.233713928579613,0.536955968889065,0.116130029995295,0.113200072536027
26533,0.162867451016,0.529476376853534,0.175989527582243,0.131666644548224
26534,0.560455954909619,0.152217101956289,0.192776896912124,0.0945500462219684
26535,0.125331393081714,0.309818506017645,0.436516801068999,0.128333299831641
26536,0.313624639051997,0.156129704977322,0.230491916624781,0.2997537393459
26537,0.254030988778648,0.383009303366295,0.22111279337407,0.141846914480987
26538,0.130538236191652,0.129533168388186,0.594365016076898,0.145563579343264
26539,0.131354066803321,0.410794538144612,0.331351041031484,0.126500354020584
26540,0.28830772409944,0.34840898351843,0.241331608287023,0.121951684095108
26541,0.384498001319248,0.194250235727036,0.115931649042121,0.305320113911595
26542,0.330884535534247,0.277824368558505,0.225443272509475,0.165847823397774
26543,0.3403093870881,0.336575938906068,0.0972233360060454,0.225891337999787
26544,0.163279445566554,0.435704796313404,0.146884155630745,0.254131602489297
26545,0.2733314997449,0.198500797656367,0.159009467922677,0.369158234676056
26546,0.242934916688129,0.292265519672315,0.281378696466935,0.183420867172622
26547,0.52758489351614,0.127040560795587,0.0896384994346611,0.255736046253611
26548,0.479136202014439,0.124812018259648,0.301854368838023,0.0941974108878905
26549,0.130559585794292,0.153012815175048,0.565759939575381,0.150667659455278
26550,0.164286037857522,0.161475703954031,0.585727020496094,0.0885112376923539
26551,0.117199648802231,0.341964568075308,0.411808239258775,0.129027543863687
26552,0.376079197346531,0.131319169046183,0.24063201341044,0.251969620196847
26553,0.214772106147159,0.430743992396816,0.155035441989978,0.199448459466048
26554,0.343866576935946,0.318620162746764,0.25494562478209,0.0825676355352006
26555,0.188030583759718,0.0958442225162045,0.494274258417364,0.221850935306713
26556,0.242588563620946,0.150267053343076,0.32472641360377,0.282417969432209
26557,0.367687762725116,0.17634870612218,0.136388677176548,0.319574853976156
26558,0.239004750117432,0.208114077059927,0.414560578994015,0.138320593828626
26559,0.354520309251745,0.326604700486319,0.0875175408313713,0.231357449430564
26560,0.165642562645969,0.178286506320021,0.517797942555787,0.138272988478222
26561,0.149206423269681,0.397788345797718,0.1679279823679,0.2850772485647
26562,0.115105199780097,0.323954898503586,0.373203150593478,0.187736751122839
