No,Ch1,Ch2,Ch3,Ch4
21566,0.25,0.25,0.25,0.25
21567,0.25,0.25,0.25,0.25
21568,0.25,0.25,0.25,0.25
21569,0.25,0.25,0.25,0.25
21570,0.25,0.25,0.25,0.25
21571,0.25,0.25,0.25,0.25
21572,0.25,0.25,0.25,0.25
21573,0.25,0.25,0.25,0.25
21574,0.25,0.25,0.25,0.25
21575,0.25,0.25,0.25,0.25
21576,0.25,0.25,0.25,0.25
21577,0.25,0.25,0.25,0.25
21578,0.25,0.25,0.25,0.25
21579,0.25,0.25,0.25,0.25
21580,0.25,0.25,0.25,0.25
21581,0.25,0.25,0.25,0.25
21582,0.25,0.25,0.25,0.25
21583,0.25,0.25,0.25,0.25
21584,0.25,0.25,0.25,0.25
21585,0.25,0.25,0.25,0.25
21586,0.25,0.25,0.25,0.25
21587,0.25,0.25,0.25,0.25
21588,0.25,0.25,0.25,0.25
21589,0.25,0.25,0.25,0.25
21590,0.25,0.25,0.25,0.25
21591,0.25,0.25,0.25,0.25
21592,0.25,0.25,0.25,0.25
21593,0.25,0.25,0.25,0.25
21594,0.25,0.25,0.25,0.25
21595,0.25,0.25,0.25,0.25
21596,0.25,0.25,0.25,0.25
21597,0.25,0.25,0.25,0.25
21598,0.25,0.25,0.25,0.25
21599,0.25,0.25,0.25,0.25
21600,0.25,0.25,0.25,0.25
21601,0.25,0.25,0.25,0.25
21602,0.25,0.25,0.25,0.25
21603,0.25,0.25,0.25,0.25
21604,0.25,0.25,0.25,0.25
21605,0.25,0.25,0.25,0.25
21606,0.25,0.25,0.25,0.25
21607,0.25,0.25,0.25,0.25
21608,0.25,0.25,0.25,0.25
21609,0.25,0.25,0.25,0.25
21610,0.25,0.25,0.25,0.25
21611,0.25,0.25,0.25,0.25
21612,0.25,0.25,0.25,0.25
21613,0.25,0.25,0.25,0.25
21614,0.25,0.25,0.25,0.25
21615,0.25,0.25,0.25,0.25
21616,0.25,0.25,0.25,0.25
21617,0.25,0.25,0.25,0.25
21618,0.25,0.25,0.25,0.25
21619,0.25,0.25,0.25,0.25
21620,0.25,0.25,0.25,0.25
21621,0.25,0.25,0.25,0.25
21622,0.25,0.25,0.25,0.25
21623,0.25,0.25,0.25,0.25
21624,0.25,0.25,0.25,0.25
21625,0.25,0.25,0.25,0.25
21626,0.25,0.25,0.25,0.25
21627,0.25,0.25,0.25,0.25
21628,0.25,0.25,0.25,0.25
21629,0.25,0.25,0.25,0.25
21630,0.25,0.25,0.25,0.25
21631,0.25,0.25,0.25,0.25
21632,0.25,0.25,0.25,0.25
21633,0.25,0.25,0.25,0.25
21634,0.25,0.25,0.25,0.25
21635,0.25,0.25,0.25,0.25
21636,0.25,0.25,0.25,0.25
21637,0.25,0.25,0.25,0.25
21638,0.25,0.25,0.25,0.25
21639,0.25,0.25,0.25,0.25
21640,0.25,0.25,0.25,0.25
21641,0.25,0.25,0.25,0.25
21642,0.25,0.25,0.25,0.25
21643,0.25,0.25,0.25,0.25
21644,0.25,0.25,0.25,0.25
21645,0.25,0.25,0.25,0.25
21646,0.25,0.25,0.25,0.25
21647,0.25,0.25,0.25,0.25
21648,0.25,0.25,0.25,0.25
21649,0.25,0.25,0.25,0.25
21650,0.25,0.25,0.25,0.25
21651,0.25,0.25,0.25,0.25
21652,0.25,0.25,0.25,0.25
21653,0.25,0.25,0.25,0.25
21654,0.25,0.25,0.25,0.25
21655,0.25,0.25,0.25,0.25
21656,0.25,0.25,0.25,0.25
21657,0.25,0.25,0.25,0.25
21658,0.25,0.25,0.25,0.25
21659,0.25,0.25,0.25,0.25
21660,0.25,0.25,0.25,0.25
21661,0.25,0.25,0.25,0.25
21662,0.25,0.25,0.25,0.25
21663,0.25,0.25,0.25,0.25
21664,0.25,0.25,0.25,0.25
21665,0.25,0.25,0.25,0.25
21666,0.25,0.25,0.25,0.25
21667,0.25,0.25,0.25,0.25
21668,0.25,0.25,0.25,0.25
21669,0.25,0.25,0.25,0.25
21670,0.25,0.25,0.25,0.25
21671,0.25,0.25,0.25,0.25
21672,0.25,0.25,0.25,0.25
21673,0.25,0.25,0.25,0.25
21674,0.25,0.25,0.25,0.25
21675,0.25,0.25,0.25,0.25
21676,0.25,0.25,0.25,0.25
21677,0.25,0.25,0.25,0.25
21678,0.25,0.25,0.25,0.25
21679,0.25,0.25,0.25,0.25
21680,0.25,0.25,0.25,0.25
21681,0.25,0.25,0.25,0.25
21682,0.25,0.25,0.25,0.25
21683,0.25,0.25,0.25,0.25
21684,0.25,0.25,0.25,0.25
21685,0.25,0.25,0.25,0.25
21686,0.25,0.25,0.25,0.25
21687,0.25,0.25,0.25,0.25
21688,0.25,0.25,0.25,0.25
21689,0.25,0.25,0.25,0.25
21690,0.25,0.25,0.25,0.25
21691,0.25,0.25,0.25,0.25
21692,0.25,0.25,0.25,0.25
21693,0.25,0.25,0.25,0.25
21694,0.25,0.25,0.25,0.25
21695,0.25,0.25,0.25,0.25
21696,0.25,0.25,0.25,0.25
21697,0.25,0.25,0.25,0.25
21698,0.25,0.25,0.25,0.25
21699,0.25,0.25,0.25,0.25
21700,0.25,0.25,0.25,0.25
21701,0.25,0.25,0.25,0.25
21702,0.25,0.25,0.25,0.25
21703,0.25,0.25,0.25,0.25
21704,0.25,0.25,0.25,0.25
21705,0.25,0.25,0.25,0.25
21706,0.25,0.25,0.25,0.25
21707,0.25,0.25,0.25,0.25
21708,0.25,0.25,0.25,0.25
21709,0.25,0.25,0.25,0.25
21710,0.25,0.25,0.25,0.25
21711,0.25,0.25,0.25,0.25
21712,0.25,0.25,0.25,0.25
21713,0.25,0.25,0.25,0.25
21714,0.25,0.25,0.25,0.25
21715,0.25,0.25,0.25,0.25
21716,0.25,0.25,0.25,0.25
21717,0.25,0.25,0.25,0.25
21718,0.25,0.25,0.25,0.25
21719,0.25,0.25,0.25,0.25
21720,0.25,0.25,0.25,0.25
21721,0.25,0.25,0.25,0.25
21722,0.25,0.25,0.25,0.25
21723,0.25,0.25,0.25,0.25
21724,0.25,0.25,0.25,0.25
21725,0.25,0.25,0.25,0.25
21726,0.25,0.25,0.25,0.25
21727,0.25,0.25,0.25,0.25
21728,0.25,0.25,0.25,0.25
21729,0.25,0.25,0.25,0.25
21730,0.25,0.25,0.25,0.25
21731,0.25,0.25,0.25,0.25
21732,0.25,0.25,0.25,0.25
21733,0.25,0.25,0.25,0.25
21734,0.25,0.25,0.25,0.25
21735,0.25,0.25,0.25,0.25
21736,0.25,0.25,0.25,0.25
21737,0.25,0.25,0.25,0.25
21738,0.25,0.25,0.25,0.25
21739,0.25,0.25,0.25,0.25
21740,0.25,0.25,0.25,0.25
21741,0.25,0.25,0.25,0.25
21742,0.25,0.25,0.25,0.25
21743,0.25,0.25,0.25,0.25
21744,0.25,0.25,0.25,0.25
21745,0.25,0.25,0.25,0.25
21746,0.25,0.25,0.25,0.25
21747,0.25,0.25,0.25,0.25
21748,0.25,0.25,0.25,0.25
21749,0.25,0.25,0.25,0.25
21750,0.25,0.25,0.25,0.25
21751,0.25,0.25,0.25,0.25
21752,0.25,0.25,0.25,0.25
21753,0.25,0.25,0.25,0.25
21754,0.25,0.25,0.25,0.25
21755,0.25,0.25,0.25,0.25
21756,0.25,0.25,0.25,0.25
21757,0.25,0.25,0.25,0.25
21758,0.25,0.25,0.25,0.25
21759,0.25,0.25,0.25,0.25
21760,0.25,0.25,0.25,0.25
21761,0.25,0.25,0.25,0.25
21762,0.25,0.25,0.25,0.25
21763,0.25,0.25,0.25,0.25
21764,0.25,0.25,0.25,0.25
21765,0.25,0.25,0.25,0.25
21766,0.25,0.25,0.25,0.25
21767,0.25,0.25,0.25,0.25
21768,0.25,0.25,0.25,0.25
21769,0.25,0.25,0.25,0.25
21770,0.25,0.25,0.25,0.25
21771,0.25,0.25,0.25,0.25
21772,0.25,0.25,0.25,0.25
21773,0.25,0.25,0.25,0.25
21774,0.25,0.25,0.25,0.25
21775,0.25,0.25,0.25,0.25
21776,0.25,0.25,0.25,0.25
21777,0.25,0.25,0.25,0.25
21778,0.25,0.25,0.25,0.25
21779,0.25,0.25,0.25,0.25
21780,0.25,0.25,0.25,0.25
21781,0.25,0.25,0.25,0.25
21782,0.25,0.25,0.25,0.25
21783,0.25,0.25,0.25,0.25
21784,0.25,0.25,0.25,0.25
21785,0.25,0.25,0.25,0.25
21786,0.25,0.25,0.25,0.25
21787,0.25,0.25,0.25,0.25
21788,0.25,0.25,0.25,0.25
21789,0.25,0.25,0.25,0.25
21790,0.25,0.25,0.25,0.25
21791,0.25,0.25,0.25,0.25
21792,0.25,0.25,0.25,0.25
21793,0.25,0.25,0.25,0.25
21794,0.25,0.25,0.25,0.25
21795,0.25,0.25,0.25,0.25
21796,0.25,0.25,0.25,0.25
21797,0.25,0.25,0.25,0.25
21798,0.25,0.25,0.25,0.25
21799,0.25,0.25,0.25,0.25
21800,0.25,0.25,0.25,0.25
21801,0.25,0.25,0.25,0.25
21802,0.25,0.25,0.25,0.25
21803,0.25,0.25,0.25,0.25
21804,0.25,0.25,0.25,0.25
21805,0.25,0.25,0.25,0.25
21806,0.25,0.25,0.25,0.25
21807,0.25,0.25,0.25,0.25
21808,0.25,0.25,0.25,0.25
21809,0.25,0.25,0.25,0.25
21810,0.25,0.25,0.25,0.25
21811,0.25,0.25,0.25,0.25
21812,0.25,0.25,0.25,0.25
21813,0.25,0.25,0.25,0.25
21814,0.25,0.25,0.25,0.25
21815,0.25,0.25,0.25,0.25
21816,0.25,0.25,0.25,0.25
21817,0.25,0.25,0.25,0.25
21818,0.25,0.25,0.25,0.25
21819,0.25,0.25,0.25,0.25
21820,0.25,0.25,0.25,0.25
21821,0.25,0.25,0.25,0.25
21822,0.25,0.25,0.25,0.25
21823,0.25,0.25,0.25,0.25
21824,0.25,0.25,0.25,0.25
21825,0.25,0.25,0.25,0.25
21826,0.25,0.25,0.25,0.25
21827,0.25,0.25,0.25,0.25
21828,0.25,0.25,0.25,0.25
21829,0.25,0.25,0.25,0.25
21830,0.25,0.25,0.25,0.25
21831,0.25,0.25,0.25,0.25
21832,0.25,0.25,0.25,0.25
21833,0.25,0.25,0.25,0.25
21834,0.25,0.25,0.25,0.25
21835,0.25,0.25,0.25,0.25
21836,0.25,0.25,0.25,0.25
21837,0.25,0.25,0.25,0.25
21838,0.25,0.25,0.25,0.25
21839,0.25,0.25,0.25,0.25
21840,0.25,0.25,0.25,0.25
21841,0.25,0.25,0.25,0.25
21842,0.25,0.25,0.25,0.25
21843,0.25,0.25,0.25,0.25
21844,0.25,0.25,0.25,0.25
21845,0.25,0.25,0.25,0.25
21846,0.25,0.25,0.25,0.25
21847,0.25,0.25,0.25,0.25
21848,0.25,0.25,0.25,0.25
21849,0.25,0.25,0.25,0.25
21850,0.25,0.25,0.25,0.25
21851,0.25,0.25,0.25,0.25
21852,0.25,0.25,0.25,0.25
21853,0.25,0.25,0.25,0.25
21854,0.25,0.25,0.25,0.25
21855,0.25,0.25,0.25,0.25
21856,0.25,0.25,0.25,0.25
21857,0.25,0.25,0.25,0.25
21858,0.25,0.25,0.25,0.25
21859,0.25,0.25,0.25,0.25
21860,0.25,0.25,0.25,0.25
21861,0.25,0.25,0.25,0.25
21862,0.25,0.25,0.25,0.25
21863,0.25,0.25,0.25,0.25
21864,0.25,0.25,0.25,0.25
21865,0.25,0.25,0.25,0.25
21866,0.25,0.25,0.25,0.25
21867,0.25,0.25,0.25,0.25
21868,0.25,0.25,0.25,0.25
21869,0.25,0.25,0.25,0.25
21870,0.25,0.25,0.25,0.25
21871,0.25,0.25,0.25,0.25
21872,0.25,0.25,0.25,0.25
21873,0.25,0.25,0.25,0.25
21874,0.25,0.25,0.25,0.25
21875,0.25,0.25,0.25,0.25
21876,0.25,0.25,0.25,0.25
21877,0.25,0.25,0.25,0.25
21878,0.25,0.25,0.25,0.25
21879,0.25,0.25,0.25,0.25
21880,0.25,0.25,0.25,0.25
21881,0.25,0.25,0.25,0.25
21882,0.25,0.25,0.25,0.25
21883,0.25,0.25,0.25,0.25
21884,0.25,0.25,0.25,0.25
21885,0.25,0.25,0.25,0.25
21886,0.25,0.25,0.25,0.25
21887,0.25,0.25,0.25,0.25
21888,0.25,0.25,0.25,0.25
21889,0.25,0.25,0.25,0.25
21890,0.25,0.25,0.25,0.25
21891,0.25,0.25,0.25,0.25
21892,0.25,0.25,0.25,0.25
21893,0.25,0.25,0.25,0.25
21894,0.25,0.25,0.25,0.25
21895,0.25,0.25,0.25,0.25
21896,0.25,0.25,0.25,0.25
21897,0.25,0.25,0.25,0.25
21898,0.25,0.25,0.25,0.25
21899,0.25,0.25,0.25,0.25
21900,0.25,0.25,0.25,0.25
21901,0.25,0.25,0.25,0.25
21902,0.25,0.25,0.25,0.25
21903,0.25,0.25,0.25,0.25
21904,0.25,0.25,0.25,0.25
21905,0.25,0.25,0.25,0.25
21906,0.25,0.25,0.25,0.25
21907,0.25,0.25,0.25,0.25
21908,0.25,0.25,0.25,0.25
21909,0.25,0.25,0.25,0.25
21910,0.25,0.25,0.25,0.25
21911,0.25,0.25,0.25,0.25
21912,0.25,0.25,0.25,0.25
21913,0.25,0.25,0.25,0.25
21914,0.25,0.25,0.25,0.25
21915,0.25,0.25,0.25,0.25
21916,0.25,0.25,0.25,0.25
21917,0.25,0.25,0.25,0.25
21918,0.25,0.25,0.25,0.25
21919,0.25,0.25,0.25,0.25
21920,0.25,0.25,0.25,0.25
21921,0.25,0.25,0.25,0.25
21922,0.25,0.25,0.25,0.25
21923,0.25,0.25,0.25,0.25
21924,0.25,0.25,0.25,0.25
21925,0.25,0.25,0.25,0.25
21926,0.25,0.25,0.25,0.25
21927,0.25,0.25,0.25,0.25
21928,0.25,0.25,0.25,0.25
21929,0.25,0.25,0.25,0.25
21930,0.25,0.25,0.25,0.25
21931,0.25,0.25,0.25,0.25
21932,0.25,0.25,0.25,0.25
21933,0.25,0.25,0.25,0.25
21934,0.25,0.25,0.25,0.25
21935,0.25,0.25,0.25,0.25
21936,0.25,0.25,0.25,0.25
21937,0.25,0.25,0.25,0.25
21938,0.25,0.25,0.25,0.25
21939,0.25,0.25,0.25,0.25
21940,0.25,0.25,0.25,0.25
21941,0.25,0.25,0.25,0.25
21942,0.25,0.25,0.25,0.25
21943,0.25,0.25,0.25,0.25
21944,0.25,0.25,0.25,0.25
21945,0.25,0.25,0.25,0.25
21946,0.25,0.25,0.25,0.25
21947,0.25,0.25,0.25,0.25
21948,0.25,0.25,0.25,0.25
21949,0.25,0.25,0.25,0.25
21950,0.25,0.25,0.25,0.25
21951,0.25,0.25,0.25,0.25
21952,0.25,0.25,0.25,0.25
21953,0.25,0.25,0.25,0.25
21954,0.25,0.25,0.25,0.25
21955,0.25,0.25,0.25,0.25
21956,0.25,0.25,0.25,0.25
21957,0.25,0.25,0.25,0.25
21958,0.25,0.25,0.25,0.25
21959,0.25,0.25,0.25,0.25
21960,0.25,0.25,0.25,0.25
21961,0.25,0.25,0.25,0.25
21962,0.25,0.25,0.25,0.25
21963,0.25,0.25,0.25,0.25
21964,0.25,0.25,0.25,0.25
21965,0.25,0.25,0.25,0.25
21966,0.25,0.25,0.25,0.25
21967,0.25,0.25,0.25,0.25
21968,0.25,0.25,0.25,0.25
21969,0.25,0.25,0.25,0.25
21970,0.25,0.25,0.25,0.25
21971,0.25,0.25,0.25,0.25
21972,0.25,0.25,0.25,0.25
21973,0.25,0.25,0.25,0.25
21974,0.25,0.25,0.25,0.25
21975,0.25,0.25,0.25,0.25
21976,0.25,0.25,0.25,0.25
21977,0.25,0.25,0.25,0.25
21978,0.25,0.25,0.25,0.25
21979,0.25,0.25,0.25,0.25
21980,0.25,0.25,0.25,0.25
21981,0.25,0.25,0.25,0.25
21982,0.25,0.25,0.25,0.25
21983,0.25,0.25,0.25,0.25
21984,0.25,0.25,0.25,0.25
21985,0.25,0.25,0.25,0.25
21986,0.25,0.25,0.25,0.25
21987,0.25,0.25,0.25,0.25
21988,0.25,0.25,0.25,0.25
21989,0.25,0.25,0.25,0.25
21990,0.25,0.25,0.25,0.25
21991,0.25,0.25,0.25,0.25
21992,0.25,0.25,0.25,0.25
21993,0.25,0.25,0.25,0.25
21994,0.25,0.25,0.25,0.25
21995,0.25,0.25,0.25,0.25
21996,0.25,0.25,0.25,0.25
21997,0.25,0.25,0.25,0.25
21998,0.25,0.25,0.25,0.25
21999,0.25,0.25,0.25,0.25
22000,0.25,0.25,0.25,0.25
22001,0.25,0.25,0.25,0.25
22002,0.25,0.25,0.25,0.25
22003,0.25,0.25,0.25,0.25
22004,0.25,0.25,0.25,0.25
22005,0.25,0.25,0.25,0.25
22006,0.25,0.25,0.25,0.25
22007,0.25,0.25,0.25,0.25
22008,0.25,0.25,0.25,0.25
22009,0.25,0.25,0.25,0.25
22010,0.25,0.25,0.25,0.25
22011,0.25,0.25,0.25,0.25
22012,0.25,0.25,0.25,0.25
22013,0.25,0.25,0.25,0.25
22014,0.25,0.25,0.25,0.25
22015,0.25,0.25,0.25,0.25
22016,0.25,0.25,0.25,0.25
22017,0.25,0.25,0.25,0.25
22018,0.25,0.25,0.25,0.25
22019,0.25,0.25,0.25,0.25
22020,0.25,0.25,0.25,0.25
22021,0.25,0.25,0.25,0.25
22022,0.25,0.25,0.25,0.25
22023,0.25,0.25,0.25,0.25
22024,0.25,0.25,0.25,0.25
22025,0.25,0.25,0.25,0.25
22026,0.25,0.25,0.25,0.25
22027,0.25,0.25,0.25,0.25
22028,0.25,0.25,0.25,0.25
22029,0.25,0.25,0.25,0.25
22030,0.25,0.25,0.25,0.25
22031,0.25,0.25,0.25,0.25
22032,0.25,0.25,0.25,0.25
22033,0.25,0.25,0.25,0.25
22034,0.25,0.25,0.25,0.25
22035,0.25,0.25,0.25,0.25
22036,0.25,0.25,0.25,0.25
22037,0.25,0.25,0.25,0.25
22038,0.25,0.25,0.25,0.25
22039,0.25,0.25,0.25,0.25
22040,0.25,0.25,0.25,0.25
22041,0.25,0.25,0.25,0.25
22042,0.25,0.25,0.25,0.25
22043,0.25,0.25,0.25,0.25
22044,0.25,0.25,0.25,0.25
22045,0.25,0.25,0.25,0.25
22046,0.25,0.25,0.25,0.25
22047,0.25,0.25,0.25,0.25
22048,0.25,0.25,0.25,0.25
22049,0.25,0.25,0.25,0.25
22050,0.25,0.25,0.25,0.25
22051,0.25,0.25,0.25,0.25
22052,0.25,0.25,0.25,0.25
22053,0.25,0.25,0.25,0.25
22054,0.25,0.25,0.25,0.25
22055,0.25,0.25,0.25,0.25
22056,0.25,0.25,0.25,0.25
22057,0.25,0.25,0.25,0.25
22058,0.25,0.25,0.25,0.25
22059,0.25,0.25,0.25,0.25
22060,0.25,0.25,0.25,0.25
22061,0.25,0.25,0.25,0.25
22062,0.25,0.25,0.25,0.25
22063,0.25,0.25,0.25,0.25
22064,0.25,0.25,0.25,0.25
22065,0.25,0.25,0.25,0.25
22066,0.25,0.25,0.25,0.25
22067,0.25,0.25,0.25,0.25
22068,0.25,0.25,0.25,0.25
22069,0.25,0.25,0.25,0.25
22070,0.25,0.25,0.25,0.25
22071,0.25,0.25,0.25,0.25
22072,0.25,0.25,0.25,0.25
22073,0.25,0.25,0.25,0.25
22074,0.25,0.25,0.25,0.25
22075,0.25,0.25,0.25,0.25
22076,0.25,0.25,0.25,0.25
22077,0.25,0.25,0.25,0.25
22078,0.25,0.25,0.25,0.25
22079,0.25,0.25,0.25,0.25
22080,0.25,0.25,0.25,0.25
22081,0.25,0.25,0.25,0.25
22082,0.25,0.25,0.25,0.25
22083,0.25,0.25,0.25,0.25
22084,0.25,0.25,0.25,0.25
22085,0.25,0.25,0.25,0.25
22086,0.25,0.25,0.25,0.25
22087,0.25,0.25,0.25,0.25
22088,0.25,0.25,0.25,0.25
22089,0.25,0.25,0.25,0.25
22090,0.25,0.25,0.25,0.25
22091,0.25,0.25,0.25,0.25
22092,0.25,0.25,0.25,0.25
22093,0.25,0.25,0.25,0.25
22094,0.25,0.25,0.25,0.25
22095,0.25,0.25,0.25,0.25
22096,0.25,0.25,0.25,0.25
22097,0.25,0.25,0.25,0.25
22098,0.25,0.25,0.25,0.25
22099,0.25,0.25,0.25,0.25
22100,0.25,0.25,0.25,0.25
22101,0.25,0.25,0.25,0.25
22102,0.25,0.25,0.25,0.25
22103,0.25,0.25,0.25,0.25
22104,0.25,0.25,0.25,0.25
22105,0.25,0.25,0.25,0.25
22106,0.25,0.25,0.25,0.25
22107,0.25,0.25,0.25,0.25
22108,0.25,0.25,0.25,0.25
22109,0.25,0.25,0.25,0.25
22110,0.25,0.25,0.25,0.25
22111,0.25,0.25,0.25,0.25
22112,0.25,0.25,0.25,0.25
22113,0.25,0.25,0.25,0.25
22114,0.25,0.25,0.25,0.25
22115,0.25,0.25,0.25,0.25
22116,0.25,0.25,0.25,0.25
22117,0.25,0.25,0.25,0.25
22118,0.25,0.25,0.25,0.25
22119,0.25,0.25,0.25,0.25
22120,0.25,0.25,0.25,0.25
22121,0.25,0.25,0.25,0.25
22122,0.25,0.25,0.25,0.25
22123,0.25,0.25,0.25,0.25
22124,0.25,0.25,0.25,0.25
22125,0.25,0.25,0.25,0.25
22126,0.25,0.25,0.25,0.25
22127,0.25,0.25,0.25,0.25
22128,0.25,0.25,0.25,0.25
22129,0.25,0.25,0.25,0.25
22130,0.25,0.25,0.25,0.25
22131,0.25,0.25,0.25,0.25
22132,0.25,0.25,0.25,0.25
22133,0.25,0.25,0.25,0.25
22134,0.25,0.25,0.25,0.25
22135,0.25,0.25,0.25,0.25
22136,0.25,0.25,0.25,0.25
22137,0.25,0.25,0.25,0.25
22138,0.25,0.25,0.25,0.25
22139,0.25,0.25,0.25,0.25
22140,0.25,0.25,0.25,0.25
22141,0.25,0.25,0.25,0.25
22142,0.25,0.25,0.25,0.25
22143,0.25,0.25,0.25,0.25
22144,0.25,0.25,0.25,0.25
22145,0.25,0.25,0.25,0.25
22146,0.25,0.25,0.25,0.25
22147,0.25,0.25,0.25,0.25
22148,0.25,0.25,0.25,0.25
22149,0.25,0.25,0.25,0.25
22150,0.25,0.25,0.25,0.25
22151,0.25,0.25,0.25,0.25
22152,0.25,0.25,0.25,0.25
22153,0.25,0.25,0.25,0.25
22154,0.25,0.25,0.25,0.25
22155,0.25,0.25,0.25,0.25
22156,0.25,0.25,0.25,0.25
22157,0.25,0.25,0.25,0.25
22158,0.25,0.25,0.25,0.25
22159,0.25,0.25,0.25,0.25
22160,0.25,0.25,0.25,0.25
22161,0.25,0.25,0.25,0.25
22162,0.25,0.25,0.25,0.25
22163,0.25,0.25,0.25,0.25
22164,0.25,0.25,0.25,0.25
22165,0.25,0.25,0.25,0.25
22166,0.25,0.25,0.25,0.25
22167,0.25,0.25,0.25,0.25
22168,0.25,0.25,0.25,0.25
22169,0.25,0.25,0.25,0.25
22170,0.25,0.25,0.25,0.25
22171,0.25,0.25,0.25,0.25
22172,0.25,0.25,0.25,0.25
22173,0.25,0.25,0.25,0.25
22174,0.25,0.25,0.25,0.25
22175,0.25,0.25,0.25,0.25
22176,0.25,0.25,0.25,0.25
22177,0.25,0.25,0.25,0.25
22178,0.25,0.25,0.25,0.25
22179,0.25,0.25,0.25,0.25
22180,0.25,0.25,0.25,0.25
22181,0.25,0.25,0.25,0.25
22182,0.25,0.25,0.25,0.25
22183,0.25,0.25,0.25,0.25
22184,0.25,0.25,0.25,0.25
22185,0.25,0.25,0.25,0.25
22186,0.25,0.25,0.25,0.25
22187,0.25,0.25,0.25,0.25
22188,0.25,0.25,0.25,0.25
22189,0.25,0.25,0.25,0.25
22190,0.25,0.25,0.25,0.25
22191,0.25,0.25,0.25,0.25
22192,0.25,0.25,0.25,0.25
22193,0.25,0.25,0.25,0.25
22194,0.25,0.25,0.25,0.25
22195,0.25,0.25,0.25,0.25
22196,0.25,0.25,0.25,0.25
22197,0.25,0.25,0.25,0.25
22198,0.25,0.25,0.25,0.25
22199,0.25,0.25,0.25,0.25
22200,0.25,0.25,0.25,0.25
22201,0.25,0.25,0.25,0.25
22202,0.25,0.25,0.25,0.25
22203,0.25,0.25,0.25,0.25
22204,0.25,0.25,0.25,0.25
22205,0.25,0.25,0.25,0.25
22206,0.25,0.25,0.25,0.25
22207,0.25,0.25,0.25,0.25
22208,0.25,0.25,0.25,0.25
22209,0.25,0.25,0.25,0.25
22210,0.25,0.25,0.25,0.25
22211,0.25,0.25,0.25,0.25
22212,0.25,0.25,0.25,0.25
22213,0.25,0.25,0.25,0.25
22214,0.25,0.25,0.25,0.25
22215,0.25,0.25,0.25,0.25
22216,0.25,0.25,0.25,0.25
22217,0.25,0.25,0.25,0.25
22218,0.25,0.25,0.25,0.25
22219,0.25,0.25,0.25,0.25
22220,0.25,0.25,0.25,0.25
22221,0.25,0.25,0.25,0.25
22222,0.25,0.25,0.25,0.25
22223,0.25,0.25,0.25,0.25
22224,0.25,0.25,0.25,0.25
22225,0.25,0.25,0.25,0.25
22226,0.25,0.25,0.25,0.25
22227,0.25,0.25,0.25,0.25
22228,0.25,0.25,0.25,0.25
22229,0.25,0.25,0.25,0.25
22230,0.25,0.25,0.25,0.25
22231,0.25,0.25,0.25,0.25
22232,0.25,0.25,0.25,0.25
22233,0.25,0.25,0.25,0.25
22234,0.25,0.25,0.25,0.25
22235,0.25,0.25,0.25,0.25
22236,0.25,0.25,0.25,0.25
22237,0.25,0.25,0.25,0.25
22238,0.25,0.25,0.25,0.25
22239,0.25,0.25,0.25,0.25
22240,0.25,0.25,0.25,0.25
22241,0.25,0.25,0.25,0.25
22242,0.25,0.25,0.25,0.25
22243,0.25,0.25,0.25,0.25
22244,0.25,0.25,0.25,0.25
22245,0.25,0.25,0.25,0.25
22246,0.25,0.25,0.25,0.25
22247,0.25,0.25,0.25,0.25
22248,0.25,0.25,0.25,0.25
22249,0.25,0.25,0.25,0.25
22250,0.25,0.25,0.25,0.25
22251,0.25,0.25,0.25,0.25
22252,0.25,0.25,0.25,0.25
22253,0.25,0.25,0.25,0.25
22254,0.25,0.25,0.25,0.25
22255,0.25,0.25,0.25,0.25
22256,0.25,0.25,0.25,0.25
22257,0.25,0.25,0.25,0.25
22258,0.25,0.25,0.25,0.25
22259,0.25,0.25,0.25,0.25
22260,0.25,0.25,0.25,0.25
22261,0.25,0.25,0.25,0.25
22262,0.25,0.25,0.25,0.25
22263,0.25,0.25,0.25,0.25
22264,0.25,0.25,0.25,0.25
22265,0.25,0.25,0.25,0.25
22266,0.25,0.25,0.25,0.25
22267,0.25,0.25,0.25,0.25
22268,0.25,0.25,0.25,0.25
22269,0.25,0.25,0.25,0.25
22270,0.25,0.25,0.25,0.25
22271,0.25,0.25,0.25,0.25
22272,0.25,0.25,0.25,0.25
22273,0.25,0.25,0.25,0.25
22274,0.25,0.25,0.25,0.25
22275,0.25,0.25,0.25,0.25
22276,0.25,0.25,0.25,0.25
22277,0.25,0.25,0.25,0.25
22278,0.25,0.25,0.25,0.25
22279,0.25,0.25,0.25,0.25
22280,0.25,0.25,0.25,0.25
22281,0.25,0.25,0.25,0.25
22282,0.25,0.25,0.25,0.25
22283,0.25,0.25,0.25,0.25
22284,0.25,0.25,0.25,0.25
22285,0.25,0.25,0.25,0.25
22286,0.25,0.25,0.25,0.25
22287,0.25,0.25,0.25,0.25
22288,0.25,0.25,0.25,0.25
22289,0.25,0.25,0.25,0.25
22290,0.25,0.25,0.25,0.25
22291,0.25,0.25,0.25,0.25
22292,0.25,0.25,0.25,0.25
22293,0.25,0.25,0.25,0.25
22294,0.25,0.25,0.25,0.25
22295,0.25,0.25,0.25,0.25
22296,0.25,0.25,0.25,0.25
22297,0.25,0.25,0.25,0.25
22298,0.25,0.25,0.25,0.25
22299,0.25,0.25,0.25,0.25
22300,0.25,0.25,0.25,0.25
22301,0.25,0.25,0.25,0.25
22302,0.25,0.25,0.25,0.25
22303,0.25,0.25,0.25,0.25
22304,0.25,0.25,0.25,0.25
22305,0.25,0.25,0.25,0.25
22306,0.25,0.25,0.25,0.25
22307,0.25,0.25,0.25,0.25
22308,0.25,0.25,0.25,0.25
22309,0.25,0.25,0.25,0.25
22310,0.25,0.25,0.25,0.25
22311,0.25,0.25,0.25,0.25
22312,0.25,0.25,0.25,0.25
22313,0.25,0.25,0.25,0.25
22314,0.25,0.25,0.25,0.25
22315,0.25,0.25,0.25,0.25
22316,0.25,0.25,0.25,0.25
22317,0.25,0.25,0.25,0.25
22318,0.25,0.25,0.25,0.25
22319,0.25,0.25,0.25,0.25
22320,0.25,0.25,0.25,0.25
22321,0.25,0.25,0.25,0.25
22322,0.25,0.25,0.25,0.25
22323,0.25,0.25,0.25,0.25
22324,0.25,0.25,0.25,0.25
22325,0.25,0.25,0.25,0.25
22326,0.25,0.25,0.25,0.25
22327,0.25,0.25,0.25,0.25
22328,0.25,0.25,0.25,0.25
22329,0.25,0.25,0.25,0.25
22330,0.25,0.25,0.25,0.25
22331,0.25,0.25,0.25,0.25
22332,0.25,0.25,0.25,0.25
22333,0.25,0.25,0.25,0.25
22334,0.25,0.25,0.25,0.25
22335,0.25,0.25,0.25,0.25
22336,0.25,0.25,0.25,0.25
22337,0.25,0.25,0.25,0.25
22338,0.25,0.25,0.25,0.25
22339,0.25,0.25,0.25,0.25
22340,0.25,0.25,0.25,0.25
22341,0.25,0.25,0.25,0.25
22342,0.25,0.25,0.25,0.25
22343,0.25,0.25,0.25,0.25
22344,0.25,0.25,0.25,0.25
22345,0.25,0.25,0.25,0.25
22346,0.25,0.25,0.25,0.25
22347,0.25,0.25,0.25,0.25
22348,0.25,0.25,0.25,0.25
22349,0.25,0.25,0.25,0.25
22350,0.25,0.25,0.25,0.25
22351,0.25,0.25,0.25,0.25
22352,0.25,0.25,0.25,0.25
22353,0.25,0.25,0.25,0.25
22354,0.25,0.25,0.25,0.25
22355,0.25,0.25,0.25,0.25
22356,0.25,0.25,0.25,0.25
22357,0.25,0.25,0.25,0.25
22358,0.25,0.25,0.25,0.25
22359,0.25,0.25,0.25,0.25
22360,0.25,0.25,0.25,0.25
22361,0.25,0.25,0.25,0.25
22362,0.25,0.25,0.25,0.25
22363,0.25,0.25,0.25,0.25
22364,0.25,0.25,0.25,0.25
22365,0.25,0.25,0.25,0.25
22366,0.25,0.25,0.25,0.25
22367,0.25,0.25,0.25,0.25
22368,0.25,0.25,0.25,0.25
22369,0.25,0.25,0.25,0.25
22370,0.25,0.25,0.25,0.25
22371,0.25,0.25,0.25,0.25
22372,0.25,0.25,0.25,0.25
22373,0.25,0.25,0.25,0.25
22374,0.25,0.25,0.25,0.25
22375,0.25,0.25,0.25,0.25
22376,0.25,0.25,0.25,0.25
22377,0.25,0.25,0.25,0.25
22378,0.25,0.25,0.25,0.25
22379,0.25,0.25,0.25,0.25
22380,0.25,0.25,0.25,0.25
22381,0.25,0.25,0.25,0.25
22382,0.25,0.25,0.25,0.25
22383,0.25,0.25,0.25,0.25
22384,0.25,0.25,0.25,0.25
22385,0.25,0.25,0.25,0.25
22386,0.25,0.25,0.25,0.25
22387,0.25,0.25,0.25,0.25
22388,0.25,0.25,0.25,0.25
22389,0.25,0.25,0.25,0.25
22390,0.25,0.25,0.25,0.25
22391,0.25,0.25,0.25,0.25
22392,0.25,0.25,0.25,0.25
22393,0.25,0.25,0.25,0.25
22394,0.25,0.25,0.25,0.25
22395,0.25,0.25,0.25,0.25
22396,0.25,0.25,0.25,0.25
22397,0.25,0.25,0.25,0.25
22398,0.25,0.25,0.25,0.25
22399,0.25,0.25,0.25,0.25
22400,0.25,0.25,0.25,0.25
22401,0.25,0.25,0.25,0.25
22402,0.25,0.25,0.25,0.25
22403,0.25,0.25,0.25,0.25
22404,0.25,0.25,0.25,0.25
22405,0.25,0.25,0.25,0.25
22406,0.25,0.25,0.25,0.25
22407,0.25,0.25,0.25,0.25
22408,0.25,0.25,0.25,0.25
22409,0.25,0.25,0.25,0.25
22410,0.25,0.25,0.25,0.25
22411,0.25,0.25,0.25,0.25
22412,0.25,0.25,0.25,0.25
22413,0.25,0.25,0.25,0.25
22414,0.25,0.25,0.25,0.25
22415,0.25,0.25,0.25,0.25
22416,0.25,0.25,0.25,0.25
22417,0.25,0.25,0.25,0.25
22418,0.25,0.25,0.25,0.25
22419,0.25,0.25,0.25,0.25
22420,0.25,0.25,0.25,0.25
22421,0.25,0.25,0.25,0.25
22422,0.25,0.25,0.25,0.25
22423,0.25,0.25,0.25,0.25
22424,0.25,0.25,0.25,0.25
22425,0.25,0.25,0.25,0.25
22426,0.25,0.25,0.25,0.25
22427,0.25,0.25,0.25,0.25
22428,0.25,0.25,0.25,0.25
22429,0.25,0.25,0.25,0.25
22430,0.25,0.25,0.25,0.25
22431,0.25,0.25,0.25,0.25
22432,0.25,0.25,0.25,0.25
22433,0.25,0.25,0.25,0.25
22434,0.25,0.25,0.25,0.25
22435,0.25,0.25,0.25,0.25
22436,0.25,0.25,0.25,0.25
22437,0.25,0.25,0.25,0.25
22438,0.25,0.25,0.25,0.25
22439,0.25,0.25,0.25,0.25
22440,0.25,0.25,0.25,0.25
22441,0.25,0.25,0.25,0.25
22442,0.25,0.25,0.25,0.25
22443,0.25,0.25,0.25,0.25
22444,0.25,0.25,0.25,0.25
22445,0.25,0.25,0.25,0.25
22446,0.25,0.25,0.25,0.25
22447,0.25,0.25,0.25,0.25
22448,0.25,0.25,0.25,0.25
22449,0.25,0.25,0.25,0.25
22450,0.25,0.25,0.25,0.25
22451,0.25,0.25,0.25,0.25
22452,0.25,0.25,0.25,0.25
22453,0.25,0.25,0.25,0.25
22454,0.25,0.25,0.25,0.25
22455,0.25,0.25,0.25,0.25
22456,0.25,0.25,0.25,0.25
22457,0.25,0.25,0.25,0.25
22458,0.25,0.25,0.25,0.25
22459,0.25,0.25,0.25,0.25
22460,0.25,0.25,0.25,0.25
22461,0.25,0.25,0.25,0.25
22462,0.25,0.25,0.25,0.25
22463,0.25,0.25,0.25,0.25
22464,0.25,0.25,0.25,0.25
22465,0.25,0.25,0.25,0.25
22466,0.25,0.25,0.25,0.25
22467,0.25,0.25,0.25,0.25
22468,0.25,0.25,0.25,0.25
22469,0.25,0.25,0.25,0.25
22470,0.25,0.25,0.25,0.25
22471,0.25,0.25,0.25,0.25
22472,0.25,0.25,0.25,0.25
22473,0.25,0.25,0.25,0.25
22474,0.25,0.25,0.25,0.25
22475,0.25,0.25,0.25,0.25
22476,0.25,0.25,0.25,0.25
22477,0.25,0.25,0.25,0.25
22478,0.25,0.25,0.25,0.25
22479,0.25,0.25,0.25,0.25
22480,0.25,0.25,0.25,0.25
22481,0.25,0.25,0.25,0.25
22482,0.25,0.25,0.25,0.25
22483,0.25,0.25,0.25,0.25
22484,0.25,0.25,0.25,0.25
22485,0.25,0.25,0.25,0.25
22486,0.25,0.25,0.25,0.25
22487,0.25,0.25,0.25,0.25
22488,0.25,0.25,0.25,0.25
22489,0.25,0.25,0.25,0.25
22490,0.25,0.25,0.25,0.25
22491,0.25,0.25,0.25,0.25
22492,0.25,0.25,0.25,0.25
22493,0.25,0.25,0.25,0.25
22494,0.25,0.25,0.25,0.25
22495,0.25,0.25,0.25,0.25
22496,0.25,0.25,0.25,0.25
22497,0.25,0.25,0.25,0.25
22498,0.25,0.25,0.25,0.25
22499,0.25,0.25,0.25,0.25
22500,0.25,0.25,0.25,0.25
22501,0.25,0.25,0.25,0.25
22502,0.25,0.25,0.25,0.25
22503,0.25,0.25,0.25,0.25
22504,0.25,0.25,0.25,0.25
22505,0.25,0.25,0.25,0.25
22506,0.25,0.25,0.25,0.25
22507,0.25,0.25,0.25,0.25
22508,0.25,0.25,0.25,0.25
22509,0.25,0.25,0.25,0.25
22510,0.25,0.25,0.25,0.25
22511,0.25,0.25,0.25,0.25
22512,0.25,0.25,0.25,0.25
22513,0.25,0.25,0.25,0.25
22514,0.25,0.25,0.25,0.25
22515,0.25,0.25,0.25,0.25
22516,0.25,0.25,0.25,0.25
22517,0.25,0.25,0.25,0.25
22518,0.25,0.25,0.25,0.25
22519,0.25,0.25,0.25,0.25
22520,0.25,0.25,0.25,0.25
22521,0.25,0.25,0.25,0.25
22522,0.25,0.25,0.25,0.25
22523,0.25,0.25,0.25,0.25
22524,0.25,0.25,0.25,0.25
22525,0.25,0.25,0.25,0.25
22526,0.25,0.25,0.25,0.25
22527,0.25,0.25,0.25,0.25
22528,0.25,0.25,0.25,0.25
22529,0.25,0.25,0.25,0.25
22530,0.25,0.25,0.25,0.25
22531,0.25,0.25,0.25,0.25
22532,0.25,0.25,0.25,0.25
22533,0.25,0.25,0.25,0.25
22534,0.25,0.25,0.25,0.25
22535,0.25,0.25,0.25,0.25
22536,0.25,0.25,0.25,0.25
22537,0.25,0.25,0.25,0.25
22538,0.25,0.25,0.25,0.25
22539,0.25,0.25,0.25,0.25
22540,0.25,0.25,0.25,0.25
22541,0.25,0.25,0.25,0.25
22542,0.25,0.25,0.25,0.25
22543,0.25,0.25,0.25,0.25
22544,0.25,0.25,0.25,0.25
22545,0.25,0.25,0.25,0.25
22546,0.25,0.25,0.25,0.25
22547,0.25,0.25,0.25,0.25
22548,0.25,0.25,0.25,0.25
22549,0.25,0.25,0.25,0.25
22550,0.25,0.25,0.25,0.25
22551,0.25,0.25,0.25,0.25
22552,0.25,0.25,0.25,0.25
22553,0.25,0.25,0.25,0.25
22554,0.25,0.25,0.25,0.25
22555,0.25,0.25,0.25,0.25
22556,0.25,0.25,0.25,0.25
22557,0.25,0.25,0.25,0.25
22558,0.25,0.25,0.25,0.25
22559,0.25,0.25,0.25,0.25
22560,0.25,0.25,0.25,0.25
22561,0.25,0.25,0.25,0.25
22562,0.25,0.25,0.25,0.25
22563,0.25,0.25,0.25,0.25
22564,0.25,0.25,0.25,0.25
22565,0.25,0.25,0.25,0.25
22566,0.25,0.25,0.25,0.25
22567,0.25,0.25,0.25,0.25
22568,0.25,0.25,0.25,0.25
22569,0.25,0.25,0.25,0.25
22570,0.25,0.25,0.25,0.25
22571,0.25,0.25,0.25,0.25
22572,0.25,0.25,0.25,0.25
22573,0.25,0.25,0.25,0.25
22574,0.25,0.25,0.25,0.25
22575,0.25,0.25,0.25,0.25
22576,0.25,0.25,0.25,0.25
22577,0.25,0.25,0.25,0.25
22578,0.25,0.25,0.25,0.25
22579,0.25,0.25,0.25,0.25
22580,0.25,0.25,0.25,0.25
22581,0.25,0.25,0.25,0.25
22582,0.25,0.25,0.25,0.25
22583,0.25,0.25,0.25,0.25
22584,0.25,0.25,0.25,0.25
22585,0.25,0.25,0.25,0.25
22586,0.25,0.25,0.25,0.25
22587,0.25,0.25,0.25,0.25
22588,0.25,0.25,0.25,0.25
22589,0.25,0.25,0.25,0.25
22590,0.25,0.25,0.25,0.25
22591,0.25,0.25,0.25,0.25
22592,0.25,0.25,0.25,0.25
22593,0.25,0.25,0.25,0.25
22594,0.25,0.25,0.25,0.25
22595,0.25,0.25,0.25,0.25
22596,0.25,0.25,0.25,0.25
22597,0.25,0.25,0.25,0.25
22598,0.25,0.25,0.25,0.25
22599,0.25,0.25,0.25,0.25
22600,0.25,0.25,0.25,0.25
22601,0.25,0.25,0.25,0.25
22602,0.25,0.25,0.25,0.25
22603,0.25,0.25,0.25,0.25
22604,0.25,0.25,0.25,0.25
22605,0.25,0.25,0.25,0.25
22606,0.25,0.25,0.25,0.25
22607,0.25,0.25,0.25,0.25
22608,0.25,0.25,0.25,0.25
22609,0.25,0.25,0.25,0.25
22610,0.25,0.25,0.25,0.25
22611,0.25,0.25,0.25,0.25
22612,0.25,0.25,0.25,0.25
22613,0.25,0.25,0.25,0.25
22614,0.25,0.25,0.25,0.25
22615,0.25,0.25,0.25,0.25
22616,0.25,0.25,0.25,0.25
22617,0.25,0.25,0.25,0.25
22618,0.25,0.25,0.25,0.25
22619,0.25,0.25,0.25,0.25
22620,0.25,0.25,0.25,0.25
22621,0.25,0.25,0.25,0.25
22622,0.25,0.25,0.25,0.25
22623,0.25,0.25,0.25,0.25
22624,0.25,0.25,0.25,0.25
22625,0.25,0.25,0.25,0.25
22626,0.25,0.25,0.25,0.25
22627,0.25,0.25,0.25,0.25
22628,0.25,0.25,0.25,0.25
22629,0.25,0.25,0.25,0.25
22630,0.25,0.25,0.25,0.25
22631,0.25,0.25,0.25,0.25
22632,0.25,0.25,0.25,0.25
22633,0.25,0.25,0.25,0.25
22634,0.25,0.25,0.25,0.25
22635,0.25,0.25,0.25,0.25
22636,0.25,0.25,0.25,0.25
22637,0.25,0.25,0.25,0.25
22638,0.25,0.25,0.25,0.25
22639,0.25,0.25,0.25,0.25
22640,0.25,0.25,0.25,0.25
22641,0.25,0.25,0.25,0.25
22642,0.25,0.25,0.25,0.25
22643,0.25,0.25,0.25,0.25
22644,0.25,0.25,0.25,0.25
22645,0.25,0.25,0.25,0.25
22646,0.25,0.25,0.25,0.25
22647,0.25,0.25,0.25,0.25
22648,0.25,0.25,0.25,0.25
22649,0.25,0.25,0.25,0.25
22650,0.25,0.25,0.25,0.25
22651,0.25,0.25,0.25,0.25
22652,0.25,0.25,0.25,0.25
22653,0.25,0.25,0.25,0.25
22654,0.25,0.25,0.25,0.25
22655,0.25,0.25,0.25,0.25
22656,0.25,0.25,0.25,0.25
22657,0.25,0.25,0.25,0.25
22658,0.25,0.25,0.25,0.25
22659,0.25,0.25,0.25,0.25
22660,0.25,0.25,0.25,0.25
22661,0.25,0.25,0.25,0.25
22662,0.25,0.25,0.25,0.25
22663,0.25,0.25,0.25,0.25
22664,0.25,0.25,0.25,0.25
22665,0.25,0.25,0.25,0.25
22666,0.25,0.25,0.25,0.25
22667,0.25,0.25,0.25,0.25
22668,0.25,0.25,0.25,0.25
22669,0.25,0.25,0.25,0.25
22670,0.25,0.25,0.25,0.25
22671,0.25,0.25,0.25,0.25
22672,0.25,0.25,0.25,0.25
22673,0.25,0.25,0.25,0.25
22674,0.25,0.25,0.25,0.25
22675,0.25,0.25,0.25,0.25
22676,0.25,0.25,0.25,0.25
22677,0.25,0.25,0.25,0.25
22678,0.25,0.25,0.25,0.25
22679,0.25,0.25,0.25,0.25
22680,0.25,0.25,0.25,0.25
22681,0.25,0.25,0.25,0.25
22682,0.25,0.25,0.25,0.25
22683,0.25,0.25,0.25,0.25
22684,0.25,0.25,0.25,0.25
22685,0.25,0.25,0.25,0.25
22686,0.25,0.25,0.25,0.25
22687,0.25,0.25,0.25,0.25
22688,0.25,0.25,0.25,0.25
22689,0.25,0.25,0.25,0.25
22690,0.25,0.25,0.25,0.25
22691,0.25,0.25,0.25,0.25
22692,0.25,0.25,0.25,0.25
22693,0.25,0.25,0.25,0.25
22694,0.25,0.25,0.25,0.25
22695,0.25,0.25,0.25,0.25
22696,0.25,0.25,0.25,0.25
22697,0.25,0.25,0.25,0.25
22698,0.25,0.25,0.25,0.25
22699,0.25,0.25,0.25,0.25
22700,0.25,0.25,0.25,0.25
22701,0.25,0.25,0.25,0.25
22702,0.25,0.25,0.25,0.25
22703,0.25,0.25,0.25,0.25
22704,0.25,0.25,0.25,0.25
22705,0.25,0.25,0.25,0.25
22706,0.25,0.25,0.25,0.25
22707,0.25,0.25,0.25,0.25
22708,0.25,0.25,0.25,0.25
22709,0.25,0.25,0.25,0.25
22710,0.25,0.25,0.25,0.25
22711,0.25,0.25,0.25,0.25
22712,0.25,0.25,0.25,0.25
22713,0.25,0.25,0.25,0.25
22714,0.25,0.25,0.25,0.25
22715,0.25,0.25,0.25,0.25
22716,0.25,0.25,0.25,0.25
22717,0.25,0.25,0.25,0.25
22718,0.25,0.25,0.25,0.25
22719,0.25,0.25,0.25,0.25
22720,0.25,0.25,0.25,0.25
22721,0.25,0.25,0.25,0.25
22722,0.25,0.25,0.25,0.25
22723,0.25,0.25,0.25,0.25
22724,0.25,0.25,0.25,0.25
22725,0.25,0.25,0.25,0.25
22726,0.25,0.25,0.25,0.25
22727,0.25,0.25,0.25,0.25
22728,0.25,0.25,0.25,0.25
22729,0.25,0.25,0.25,0.25
22730,0.25,0.25,0.25,0.25
22731,0.25,0.25,0.25,0.25
22732,0.25,0.25,0.25,0.25
22733,0.25,0.25,0.25,0.25
22734,0.25,0.25,0.25,0.25
22735,0.25,0.25,0.25,0.25
22736,0.25,0.25,0.25,0.25
22737,0.25,0.25,0.25,0.25
22738,0.25,0.25,0.25,0.25
22739,0.25,0.25,0.25,0.25
22740,0.25,0.25,0.25,0.25
22741,0.25,0.25,0.25,0.25
22742,0.25,0.25,0.25,0.25
22743,0.25,0.25,0.25,0.25
22744,0.25,0.25,0.25,0.25
22745,0.25,0.25,0.25,0.25
22746,0.25,0.25,0.25,0.25
22747,0.25,0.25,0.25,0.25
22748,0.25,0.25,0.25,0.25
22749,0.25,0.25,0.25,0.25
22750,0.25,0.25,0.25,0.25
22751,0.25,0.25,0.25,0.25
22752,0.25,0.25,0.25,0.25
22753,0.25,0.25,0.25,0.25
22754,0.25,0.25,0.25,0.25
22755,0.25,0.25,0.25,0.25
22756,0.25,0.25,0.25,0.25
22757,0.25,0.25,0.25,0.25
22758,0.25,0.25,0.25,0.25
22759,0.25,0.25,0.25,0.25
22760,0.25,0.25,0.25,0.25
22761,0.25,0.25,0.25,0.25
22762,0.25,0.25,0.25,0.25
22763,0.25,0.25,0.25,0.25
22764,0.25,0.25,0.25,0.25
22765,0.25,0.25,0.25,0.25
22766,0.25,0.25,0.25,0.25
22767,0.25,0.25,0.25,0.25
22768,0.25,0.25,0.25,0.25
22769,0.25,0.25,0.25,0.25
22770,0.25,0.25,0.25,0.25
22771,0.25,0.25,0.25,0.25
22772,0.25,0.25,0.25,0.25
22773,0.25,0.25,0.25,0.25
22774,0.25,0.25,0.25,0.25
22775,0.25,0.25,0.25,0.25
22776,0.25,0.25,0.25,0.25
22777,0.25,0.25,0.25,0.25
22778,0.25,0.25,0.25,0.25
22779,0.25,0.25,0.25,0.25
22780,0.25,0.25,0.25,0.25
22781,0.25,0.25,0.25,0.25
22782,0.25,0.25,0.25,0.25
22783,0.25,0.25,0.25,0.25
22784,0.25,0.25,0.25,0.25
22785,0.25,0.25,0.25,0.25
22786,0.25,0.25,0.25,0.25
22787,0.25,0.25,0.25,0.25
22788,0.25,0.25,0.25,0.25
22789,0.25,0.25,0.25,0.25
22790,0.25,0.25,0.25,0.25
22791,0.25,0.25,0.25,0.25
22792,0.25,0.25,0.25,0.25
22793,0.25,0.25,0.25,0.25
22794,0.25,0.25,0.25,0.25
22795,0.25,0.25,0.25,0.25
22796,0.25,0.25,0.25,0.25
22797,0.25,0.25,0.25,0.25
22798,0.25,0.25,0.25,0.25
22799,0.25,0.25,0.25,0.25
22800,0.25,0.25,0.25,0.25
22801,0.25,0.25,0.25,0.25
22802,0.25,0.25,0.25,0.25
22803,0.25,0.25,0.25,0.25
22804,0.25,0.25,0.25,0.25
22805,0.25,0.25,0.25,0.25
22806,0.25,0.25,0.25,0.25
22807,0.25,0.25,0.25,0.25
22808,0.25,0.25,0.25,0.25
22809,0.25,0.25,0.25,0.25
22810,0.25,0.25,0.25,0.25
22811,0.25,0.25,0.25,0.25
22812,0.25,0.25,0.25,0.25
22813,0.25,0.25,0.25,0.25
22814,0.25,0.25,0.25,0.25
22815,0.25,0.25,0.25,0.25
22816,0.25,0.25,0.25,0.25
22817,0.25,0.25,0.25,0.25
22818,0.25,0.25,0.25,0.25
22819,0.25,0.25,0.25,0.25
22820,0.25,0.25,0.25,0.25
22821,0.25,0.25,0.25,0.25
22822,0.25,0.25,0.25,0.25
22823,0.25,0.25,0.25,0.25
22824,0.25,0.25,0.25,0.25
22825,0.25,0.25,0.25,0.25
22826,0.25,0.25,0.25,0.25
22827,0.25,0.25,0.25,0.25
22828,0.25,0.25,0.25,0.25
22829,0.25,0.25,0.25,0.25
22830,0.25,0.25,0.25,0.25
22831,0.25,0.25,0.25,0.25
22832,0.25,0.25,0.25,0.25
22833,0.25,0.25,0.25,0.25
22834,0.25,0.25,0.25,0.25
22835,0.25,0.25,0.25,0.25
22836,0.25,0.25,0.25,0.25
22837,0.25,0.25,0.25,0.25
22838,0.25,0.25,0.25,0.25
22839,0.25,0.25,0.25,0.25
22840,0.25,0.25,0.25,0.25
22841,0.25,0.25,0.25,0.25
22842,0.25,0.25,0.25,0.25
22843,0.25,0.25,0.25,0.25
22844,0.25,0.25,0.25,0.25
22845,0.25,0.25,0.25,0.25
22846,0.25,0.25,0.25,0.25
22847,0.25,0.25,0.25,0.25
22848,0.25,0.25,0.25,0.25
22849,0.25,0.25,0.25,0.25
22850,0.25,0.25,0.25,0.25
22851,0.25,0.25,0.25,0.25
22852,0.25,0.25,0.25,0.25
22853,0.25,0.25,0.25,0.25
22854,0.25,0.25,0.25,0.25
22855,0.25,0.25,0.25,0.25
22856,0.25,0.25,0.25,0.25
22857,0.25,0.25,0.25,0.25
22858,0.25,0.25,0.25,0.25
22859,0.25,0.25,0.25,0.25
22860,0.25,0.25,0.25,0.25
22861,0.25,0.25,0.25,0.25
22862,0.25,0.25,0.25,0.25
22863,0.25,0.25,0.25,0.25
22864,0.25,0.25,0.25,0.25
22865,0.25,0.25,0.25,0.25
22866,0.25,0.25,0.25,0.25
22867,0.25,0.25,0.25,0.25
22868,0.25,0.25,0.25,0.25
22869,0.25,0.25,0.25,0.25
22870,0.25,0.25,0.25,0.25
22871,0.25,0.25,0.25,0.25
22872,0.25,0.25,0.25,0.25
22873,0.25,0.25,0.25,0.25
22874,0.25,0.25,0.25,0.25
22875,0.25,0.25,0.25,0.25
22876,0.25,0.25,0.25,0.25
22877,0.25,0.25,0.25,0.25
22878,0.25,0.25,0.25,0.25
22879,0.25,0.25,0.25,0.25
22880,0.25,0.25,0.25,0.25
22881,0.25,0.25,0.25,0.25
22882,0.25,0.25,0.25,0.25
22883,0.25,0.25,0.25,0.25
22884,0.25,0.25,0.25,0.25
22885,0.25,0.25,0.25,0.25
22886,0.25,0.25,0.25,0.25
22887,0.25,0.25,0.25,0.25
22888,0.25,0.25,0.25,0.25
22889,0.25,0.25,0.25,0.25
22890,0.25,0.25,0.25,0.25
22891,0.25,0.25,0.25,0.25
22892,0.25,0.25,0.25,0.25
22893,0.25,0.25,0.25,0.25
22894,0.25,0.25,0.25,0.25
22895,0.25,0.25,0.25,0.25
22896,0.25,0.25,0.25,0.25
22897,0.25,0.25,0.25,0.25
22898,0.25,0.25,0.25,0.25
22899,0.25,0.25,0.25,0.25
22900,0.25,0.25,0.25,0.25
22901,0.25,0.25,0.25,0.25
22902,0.25,0.25,0.25,0.25
22903,0.25,0.25,0.25,0.25
22904,0.25,0.25,0.25,0.25
22905,0.25,0.25,0.25,0.25
22906,0.25,0.25,0.25,0.25
22907,0.25,0.25,0.25,0.25
22908,0.25,0.25,0.25,0.25
22909,0.25,0.25,0.25,0.25
22910,0.25,0.25,0.25,0.25
22911,0.25,0.25,0.25,0.25
22912,0.25,0.25,0.25,0.25
22913,0.25,0.25,0.25,0.25
22914,0.25,0.25,0.25,0.25
22915,0.25,0.25,0.25,0.25
22916,0.25,0.25,0.25,0.25
22917,0.25,0.25,0.25,0.25
22918,0.25,0.25,0.25,0.25
22919,0.25,0.25,0.25,0.25
22920,0.25,0.25,0.25,0.25
22921,0.25,0.25,0.25,0.25
22922,0.25,0.25,0.25,0.25
22923,0.25,0.25,0.25,0.25
22924,0.25,0.25,0.25,0.25
22925,0.25,0.25,0.25,0.25
22926,0.25,0.25,0.25,0.25
22927,0.25,0.25,0.25,0.25
22928,0.25,0.25,0.25,0.25
22929,0.25,0.25,0.25,0.25
22930,0.25,0.25,0.25,0.25
22931,0.25,0.25,0.25,0.25
22932,0.25,0.25,0.25,0.25
22933,0.25,0.25,0.25,0.25
22934,0.25,0.25,0.25,0.25
22935,0.25,0.25,0.25,0.25
22936,0.25,0.25,0.25,0.25
22937,0.25,0.25,0.25,0.25
22938,0.25,0.25,0.25,0.25
22939,0.25,0.25,0.25,0.25
22940,0.25,0.25,0.25,0.25
22941,0.25,0.25,0.25,0.25
22942,0.25,0.25,0.25,0.25
22943,0.25,0.25,0.25,0.25
22944,0.25,0.25,0.25,0.25
22945,0.25,0.25,0.25,0.25
22946,0.25,0.25,0.25,0.25
22947,0.25,0.25,0.25,0.25
22948,0.25,0.25,0.25,0.25
22949,0.25,0.25,0.25,0.25
22950,0.25,0.25,0.25,0.25
22951,0.25,0.25,0.25,0.25
22952,0.25,0.25,0.25,0.25
22953,0.25,0.25,0.25,0.25
22954,0.25,0.25,0.25,0.25
22955,0.25,0.25,0.25,0.25
22956,0.25,0.25,0.25,0.25
22957,0.25,0.25,0.25,0.25
22958,0.25,0.25,0.25,0.25
22959,0.25,0.25,0.25,0.25
22960,0.25,0.25,0.25,0.25
22961,0.25,0.25,0.25,0.25
22962,0.25,0.25,0.25,0.25
22963,0.25,0.25,0.25,0.25
22964,0.25,0.25,0.25,0.25
22965,0.25,0.25,0.25,0.25
22966,0.25,0.25,0.25,0.25
22967,0.25,0.25,0.25,0.25
22968,0.25,0.25,0.25,0.25
22969,0.25,0.25,0.25,0.25
22970,0.25,0.25,0.25,0.25
22971,0.25,0.25,0.25,0.25
22972,0.25,0.25,0.25,0.25
22973,0.25,0.25,0.25,0.25
22974,0.25,0.25,0.25,0.25
22975,0.25,0.25,0.25,0.25
22976,0.25,0.25,0.25,0.25
22977,0.25,0.25,0.25,0.25
22978,0.25,0.25,0.25,0.25
22979,0.25,0.25,0.25,0.25
22980,0.25,0.25,0.25,0.25
22981,0.25,0.25,0.25,0.25
22982,0.25,0.25,0.25,0.25
22983,0.25,0.25,0.25,0.25
22984,0.25,0.25,0.25,0.25
22985,0.25,0.25,0.25,0.25
22986,0.25,0.25,0.25,0.25
22987,0.25,0.25,0.25,0.25
22988,0.25,0.25,0.25,0.25
22989,0.25,0.25,0.25,0.25
22990,0.25,0.25,0.25,0.25
22991,0.25,0.25,0.25,0.25
22992,0.25,0.25,0.25,0.25
22993,0.25,0.25,0.25,0.25
22994,0.25,0.25,0.25,0.25
22995,0.25,0.25,0.25,0.25
22996,0.25,0.25,0.25,0.25
22997,0.25,0.25,0.25,0.25
22998,0.25,0.25,0.25,0.25
22999,0.25,0.25,0.25,0.25
23000,0.25,0.25,0.25,0.25
23001,0.25,0.25,0.25,0.25
23002,0.25,0.25,0.25,0.25
23003,0.25,0.25,0.25,0.25
23004,0.25,0.25,0.25,0.25
23005,0.25,0.25,0.25,0.25
23006,0.25,0.25,0.25,0.25
23007,0.25,0.25,0.25,0.25
23008,0.25,0.25,0.25,0.25
23009,0.25,0.25,0.25,0.25
23010,0.25,0.25,0.25,0.25
23011,0.25,0.25,0.25,0.25
23012,0.25,0.25,0.25,0.25
23013,0.25,0.25,0.25,0.25
23014,0.25,0.25,0.25,0.25
23015,0.25,0.25,0.25,0.25
23016,0.25,0.25,0.25,0.25
23017,0.25,0.25,0.25,0.25
23018,0.25,0.25,0.25,0.25
23019,0.25,0.25,0.25,0.25
23020,0.25,0.25,0.25,0.25
23021,0.25,0.25,0.25,0.25
23022,0.25,0.25,0.25,0.25
23023,0.25,0.25,0.25,0.25
23024,0.25,0.25,0.25,0.25
23025,0.25,0.25,0.25,0.25
23026,0.25,0.25,0.25,0.25
23027,0.25,0.25,0.25,0.25
23028,0.25,0.25,0.25,0.25
23029,0.25,0.25,0.25,0.25
23030,0.25,0.25,0.25,0.25
23031,0.25,0.25,0.25,0.25
23032,0.25,0.25,0.25,0.25
23033,0.25,0.25,0.25,0.25
23034,0.25,0.25,0.25,0.25
23035,0.25,0.25,0.25,0.25
23036,0.25,0.25,0.25,0.25
23037,0.25,0.25,0.25,0.25
23038,0.25,0.25,0.25,0.25
23039,0.25,0.25,0.25,0.25
23040,0.25,0.25,0.25,0.25
23041,0.25,0.25,0.25,0.25
23042,0.25,0.25,0.25,0.25
23043,0.25,0.25,0.25,0.25
23044,0.25,0.25,0.25,0.25
23045,0.25,0.25,0.25,0.25
23046,0.25,0.25,0.25,0.25
23047,0.25,0.25,0.25,0.25
23048,0.25,0.25,0.25,0.25
23049,0.25,0.25,0.25,0.25
23050,0.25,0.25,0.25,0.25
23051,0.25,0.25,0.25,0.25
23052,0.25,0.25,0.25,0.25
23053,0.25,0.25,0.25,0.25
23054,0.25,0.25,0.25,0.25
23055,0.25,0.25,0.25,0.25
23056,0.25,0.25,0.25,0.25
23057,0.25,0.25,0.25,0.25
23058,0.25,0.25,0.25,0.25
23059,0.25,0.25,0.25,0.25
23060,0.25,0.25,0.25,0.25
23061,0.25,0.25,0.25,0.25
23062,0.25,0.25,0.25,0.25
23063,0.25,0.25,0.25,0.25
23064,0.25,0.25,0.25,0.25
23065,0.25,0.25,0.25,0.25
23066,0.25,0.25,0.25,0.25
23067,0.25,0.25,0.25,0.25
23068,0.25,0.25,0.25,0.25
23069,0.25,0.25,0.25,0.25
23070,0.25,0.25,0.25,0.25
23071,0.25,0.25,0.25,0.25
23072,0.25,0.25,0.25,0.25
23073,0.25,0.25,0.25,0.25
23074,0.25,0.25,0.25,0.25
23075,0.25,0.25,0.25,0.25
23076,0.25,0.25,0.25,0.25
23077,0.25,0.25,0.25,0.25
23078,0.25,0.25,0.25,0.25
23079,0.25,0.25,0.25,0.25
23080,0.25,0.25,0.25,0.25
23081,0.25,0.25,0.25,0.25
23082,0.25,0.25,0.25,0.25
23083,0.25,0.25,0.25,0.25
23084,0.25,0.25,0.25,0.25
23085,0.25,0.25,0.25,0.25
23086,0.25,0.25,0.25,0.25
23087,0.25,0.25,0.25,0.25
23088,0.25,0.25,0.25,0.25
23089,0.25,0.25,0.25,0.25
23090,0.25,0.25,0.25,0.25
23091,0.25,0.25,0.25,0.25
23092,0.25,0.25,0.25,0.25
23093,0.25,0.25,0.25,0.25
23094,0.25,0.25,0.25,0.25
23095,0.25,0.25,0.25,0.25
23096,0.25,0.25,0.25,0.25
23097,0.25,0.25,0.25,0.25
23098,0.25,0.25,0.25,0.25
23099,0.25,0.25,0.25,0.25
23100,0.25,0.25,0.25,0.25
23101,0.25,0.25,0.25,0.25
23102,0.25,0.25,0.25,0.25
23103,0.25,0.25,0.25,0.25
23104,0.25,0.25,0.25,0.25
23105,0.25,0.25,0.25,0.25
23106,0.25,0.25,0.25,0.25
23107,0.25,0.25,0.25,0.25
23108,0.25,0.25,0.25,0.25
23109,0.25,0.25,0.25,0.25
23110,0.25,0.25,0.25,0.25
23111,0.25,0.25,0.25,0.25
23112,0.25,0.25,0.25,0.25
23113,0.25,0.25,0.25,0.25
23114,0.25,0.25,0.25,0.25
23115,0.25,0.25,0.25,0.25
23116,0.25,0.25,0.25,0.25
23117,0.25,0.25,0.25,0.25
23118,0.25,0.25,0.25,0.25
23119,0.25,0.25,0.25,0.25
23120,0.25,0.25,0.25,0.25
23121,0.25,0.25,0.25,0.25
23122,0.25,0.25,0.25,0.25
23123,0.25,0.25,0.25,0.25
23124,0.25,0.25,0.25,0.25
23125,0.25,0.25,0.25,0.25
23126,0.25,0.25,0.25,0.25
23127,0.25,0.25,0.25,0.25
23128,0.25,0.25,0.25,0.25
23129,0.25,0.25,0.25,0.25
23130,0.25,0.25,0.25,0.25
23131,0.25,0.25,0.25,0.25
23132,0.25,0.25,0.25,0.25
23133,0.25,0.25,0.25,0.25
23134,0.25,0.25,0.25,0.25
23135,0.25,0.25,0.25,0.25
23136,0.25,0.25,0.25,0.25
23137,0.25,0.25,0.25,0.25
23138,0.25,0.25,0.25,0.25
23139,0.25,0.25,0.25,0.25
23140,0.25,0.25,0.25,0.25
23141,0.25,0.25,0.25,0.25
23142,0.25,0.25,0.25,0.25
23143,0.25,0.25,0.25,0.25
23144,0.25,0.25,0.25,0.25
23145,0.25,0.25,0.25,0.25
23146,0.25,0.25,0.25,0.25
23147,0.25,0.25,0.25,0.25
23148,0.25,0.25,0.25,0.25
23149,0.25,0.25,0.25,0.25
23150,0.25,0.25,0.25,0.25
23151,0.25,0.25,0.25,0.25
23152,0.25,0.25,0.25,0.25
23153,0.25,0.25,0.25,0.25
23154,0.25,0.25,0.25,0.25
23155,0.25,0.25,0.25,0.25
23156,0.25,0.25,0.25,0.25
23157,0.25,0.25,0.25,0.25
23158,0.25,0.25,0.25,0.25
23159,0.25,0.25,0.25,0.25
23160,0.25,0.25,0.25,0.25
23161,0.25,0.25,0.25,0.25
23162,0.25,0.25,0.25,0.25
23163,0.25,0.25,0.25,0.25
23164,0.25,0.25,0.25,0.25
23165,0.25,0.25,0.25,0.25
23166,0.25,0.25,0.25,0.25
23167,0.25,0.25,0.25,0.25
23168,0.25,0.25,0.25,0.25
23169,0.25,0.25,0.25,0.25
23170,0.25,0.25,0.25,0.25
23171,0.25,0.25,0.25,0.25
23172,0.25,0.25,0.25,0.25
23173,0.25,0.25,0.25,0.25
23174,0.25,0.25,0.25,0.25
23175,0.25,0.25,0.25,0.25
23176,0.25,0.25,0.25,0.25
23177,0.25,0.25,0.25,0.25
23178,0.25,0.25,0.25,0.25
23179,0.25,0.25,0.25,0.25
23180,0.25,0.25,0.25,0.25
23181,0.25,0.25,0.25,0.25
23182,0.25,0.25,0.25,0.25
23183,0.25,0.25,0.25,0.25
23184,0.25,0.25,0.25,0.25
23185,0.25,0.25,0.25,0.25
23186,0.25,0.25,0.25,0.25
23187,0.25,0.25,0.25,0.25
23188,0.25,0.25,0.25,0.25
23189,0.25,0.25,0.25,0.25
23190,0.25,0.25,0.25,0.25
23191,0.25,0.25,0.25,0.25
23192,0.25,0.25,0.25,0.25
23193,0.25,0.25,0.25,0.25
23194,0.25,0.25,0.25,0.25
23195,0.25,0.25,0.25,0.25
23196,0.25,0.25,0.25,0.25
23197,0.25,0.25,0.25,0.25
23198,0.25,0.25,0.25,0.25
23199,0.25,0.25,0.25,0.25
23200,0.25,0.25,0.25,0.25
23201,0.25,0.25,0.25,0.25
23202,0.25,0.25,0.25,0.25
23203,0.25,0.25,0.25,0.25
23204,0.25,0.25,0.25,0.25
23205,0.25,0.25,0.25,0.25
23206,0.25,0.25,0.25,0.25
23207,0.25,0.25,0.25,0.25
23208,0.25,0.25,0.25,0.25
23209,0.25,0.25,0.25,0.25
23210,0.25,0.25,0.25,0.25
23211,0.25,0.25,0.25,0.25
23212,0.25,0.25,0.25,0.25
23213,0.25,0.25,0.25,0.25
23214,0.25,0.25,0.25,0.25
23215,0.25,0.25,0.25,0.25
23216,0.25,0.25,0.25,0.25
23217,0.25,0.25,0.25,0.25
23218,0.25,0.25,0.25,0.25
23219,0.25,0.25,0.25,0.25
23220,0.25,0.25,0.25,0.25
23221,0.25,0.25,0.25,0.25
23222,0.25,0.25,0.25,0.25
23223,0.25,0.25,0.25,0.25
23224,0.25,0.25,0.25,0.25
23225,0.25,0.25,0.25,0.25
23226,0.25,0.25,0.25,0.25
23227,0.25,0.25,0.25,0.25
23228,0.25,0.25,0.25,0.25
23229,0.25,0.25,0.25,0.25
23230,0.25,0.25,0.25,0.25
23231,0.25,0.25,0.25,0.25
23232,0.25,0.25,0.25,0.25
23233,0.25,0.25,0.25,0.25
23234,0.25,0.25,0.25,0.25
23235,0.25,0.25,0.25,0.25
23236,0.25,0.25,0.25,0.25
23237,0.25,0.25,0.25,0.25
23238,0.25,0.25,0.25,0.25
23239,0.25,0.25,0.25,0.25
23240,0.25,0.25,0.25,0.25
23241,0.25,0.25,0.25,0.25
23242,0.25,0.25,0.25,0.25
23243,0.25,0.25,0.25,0.25
23244,0.25,0.25,0.25,0.25
23245,0.25,0.25,0.25,0.25
23246,0.25,0.25,0.25,0.25
23247,0.25,0.25,0.25,0.25
23248,0.25,0.25,0.25,0.25
23249,0.25,0.25,0.25,0.25
23250,0.25,0.25,0.25,0.25
23251,0.25,0.25,0.25,0.25
23252,0.25,0.25,0.25,0.25
23253,0.25,0.25,0.25,0.25
23254,0.25,0.25,0.25,0.25
23255,0.25,0.25,0.25,0.25
23256,0.25,0.25,0.25,0.25
23257,0.25,0.25,0.25,0.25
23258,0.25,0.25,0.25,0.25
23259,0.25,0.25,0.25,0.25
23260,0.25,0.25,0.25,0.25
23261,0.25,0.25,0.25,0.25
23262,0.25,0.25,0.25,0.25
23263,0.25,0.25,0.25,0.25
23264,0.25,0.25,0.25,0.25
23265,0.25,0.25,0.25,0.25
23266,0.25,0.25,0.25,0.25
23267,0.25,0.25,0.25,0.25
23268,0.25,0.25,0.25,0.25
23269,0.25,0.25,0.25,0.25
23270,0.25,0.25,0.25,0.25
23271,0.25,0.25,0.25,0.25
23272,0.25,0.25,0.25,0.25
23273,0.25,0.25,0.25,0.25
23274,0.25,0.25,0.25,0.25
23275,0.25,0.25,0.25,0.25
23276,0.25,0.25,0.25,0.25
23277,0.25,0.25,0.25,0.25
23278,0.25,0.25,0.25,0.25
23279,0.25,0.25,0.25,0.25
23280,0.25,0.25,0.25,0.25
23281,0.25,0.25,0.25,0.25
23282,0.25,0.25,0.25,0.25
23283,0.25,0.25,0.25,0.25
23284,0.25,0.25,0.25,0.25
23285,0.25,0.25,0.25,0.25
23286,0.25,0.25,0.25,0.25
23287,0.25,0.25,0.25,0.25
23288,0.25,0.25,0.25,0.25
23289,0.25,0.25,0.25,0.25
23290,0.25,0.25,0.25,0.25
23291,0.25,0.25,0.25,0.25
23292,0.25,0.25,0.25,0.25
23293,0.25,0.25,0.25,0.25
23294,0.25,0.25,0.25,0.25
23295,0.25,0.25,0.25,0.25
23296,0.25,0.25,0.25,0.25
23297,0.25,0.25,0.25,0.25
23298,0.25,0.25,0.25,0.25
23299,0.25,0.25,0.25,0.25
23300,0.25,0.25,0.25,0.25
23301,0.25,0.25,0.25,0.25
23302,0.25,0.25,0.25,0.25
23303,0.25,0.25,0.25,0.25
23304,0.25,0.25,0.25,0.25
23305,0.25,0.25,0.25,0.25
23306,0.25,0.25,0.25,0.25
23307,0.25,0.25,0.25,0.25
23308,0.25,0.25,0.25,0.25
23309,0.25,0.25,0.25,0.25
23310,0.25,0.25,0.25,0.25
23311,0.25,0.25,0.25,0.25
23312,0.25,0.25,0.25,0.25
23313,0.25,0.25,0.25,0.25
23314,0.25,0.25,0.25,0.25
23315,0.25,0.25,0.25,0.25
23316,0.25,0.25,0.25,0.25
23317,0.25,0.25,0.25,0.25
23318,0.25,0.25,0.25,0.25
23319,0.25,0.25,0.25,0.25
23320,0.25,0.25,0.25,0.25
23321,0.25,0.25,0.25,0.25
23322,0.25,0.25,0.25,0.25
23323,0.25,0.25,0.25,0.25
23324,0.25,0.25,0.25,0.25
23325,0.25,0.25,0.25,0.25
23326,0.25,0.25,0.25,0.25
23327,0.25,0.25,0.25,0.25
23328,0.25,0.25,0.25,0.25
23329,0.25,0.25,0.25,0.25
23330,0.25,0.25,0.25,0.25
23331,0.25,0.25,0.25,0.25
23332,0.25,0.25,0.25,0.25
23333,0.25,0.25,0.25,0.25
23334,0.25,0.25,0.25,0.25
23335,0.25,0.25,0.25,0.25
23336,0.25,0.25,0.25,0.25
23337,0.25,0.25,0.25,0.25
23338,0.25,0.25,0.25,0.25
23339,0.25,0.25,0.25,0.25
23340,0.25,0.25,0.25,0.25
23341,0.25,0.25,0.25,0.25
23342,0.25,0.25,0.25,0.25
23343,0.25,0.25,0.25,0.25
23344,0.25,0.25,0.25,0.25
23345,0.25,0.25,0.25,0.25
23346,0.25,0.25,0.25,0.25
23347,0.25,0.25,0.25,0.25
23348,0.25,0.25,0.25,0.25
23349,0.25,0.25,0.25,0.25
23350,0.25,0.25,0.25,0.25
23351,0.25,0.25,0.25,0.25
23352,0.25,0.25,0.25,0.25
23353,0.25,0.25,0.25,0.25
23354,0.25,0.25,0.25,0.25
23355,0.25,0.25,0.25,0.25
23356,0.25,0.25,0.25,0.25
23357,0.25,0.25,0.25,0.25
23358,0.25,0.25,0.25,0.25
23359,0.25,0.25,0.25,0.25
23360,0.25,0.25,0.25,0.25
23361,0.25,0.25,0.25,0.25
23362,0.25,0.25,0.25,0.25
23363,0.25,0.25,0.25,0.25
23364,0.25,0.25,0.25,0.25
23365,0.25,0.25,0.25,0.25
23366,0.25,0.25,0.25,0.25
23367,0.25,0.25,0.25,0.25
23368,0.25,0.25,0.25,0.25
23369,0.25,0.25,0.25,0.25
23370,0.25,0.25,0.25,0.25
23371,0.25,0.25,0.25,0.25
23372,0.25,0.25,0.25,0.25
23373,0.25,0.25,0.25,0.25
23374,0.25,0.25,0.25,0.25
23375,0.25,0.25,0.25,0.25
23376,0.25,0.25,0.25,0.25
23377,0.25,0.25,0.25,0.25
23378,0.25,0.25,0.25,0.25
23379,0.25,0.25,0.25,0.25
23380,0.25,0.25,0.25,0.25
23381,0.25,0.25,0.25,0.25
23382,0.25,0.25,0.25,0.25
23383,0.25,0.25,0.25,0.25
23384,0.25,0.25,0.25,0.25
23385,0.25,0.25,0.25,0.25
23386,0.25,0.25,0.25,0.25
23387,0.25,0.25,0.25,0.25
23388,0.25,0.25,0.25,0.25
23389,0.25,0.25,0.25,0.25
23390,0.25,0.25,0.25,0.25
23391,0.25,0.25,0.25,0.25
23392,0.25,0.25,0.25,0.25
23393,0.25,0.25,0.25,0.25
23394,0.25,0.25,0.25,0.25
23395,0.25,0.25,0.25,0.25
23396,0.25,0.25,0.25,0.25
23397,0.25,0.25,0.25,0.25
23398,0.25,0.25,0.25,0.25
23399,0.25,0.25,0.25,0.25
23400,0.25,0.25,0.25,0.25
23401,0.25,0.25,0.25,0.25
23402,0.25,0.25,0.25,0.25
23403,0.25,0.25,0.25,0.25
23404,0.25,0.25,0.25,0.25
23405,0.25,0.25,0.25,0.25
23406,0.25,0.25,0.25,0.25
23407,0.25,0.25,0.25,0.25
23408,0.25,0.25,0.25,0.25
23409,0.25,0.25,0.25,0.25
23410,0.25,0.25,0.25,0.25
23411,0.25,0.25,0.25,0.25
23412,0.25,0.25,0.25,0.25
23413,0.25,0.25,0.25,0.25
23414,0.25,0.25,0.25,0.25
23415,0.25,0.25,0.25,0.25
23416,0.25,0.25,0.25,0.25
23417,0.25,0.25,0.25,0.25
23418,0.25,0.25,0.25,0.25
23419,0.25,0.25,0.25,0.25
23420,0.25,0.25,0.25,0.25
23421,0.25,0.25,0.25,0.25
23422,0.25,0.25,0.25,0.25
23423,0.25,0.25,0.25,0.25
23424,0.25,0.25,0.25,0.25
23425,0.25,0.25,0.25,0.25
23426,0.25,0.25,0.25,0.25
23427,0.25,0.25,0.25,0.25
23428,0.25,0.25,0.25,0.25
23429,0.25,0.25,0.25,0.25
23430,0.25,0.25,0.25,0.25
23431,0.25,0.25,0.25,0.25
23432,0.25,0.25,0.25,0.25
23433,0.25,0.25,0.25,0.25
23434,0.25,0.25,0.25,0.25
23435,0.25,0.25,0.25,0.25
23436,0.25,0.25,0.25,0.25
23437,0.25,0.25,0.25,0.25
23438,0.25,0.25,0.25,0.25
23439,0.25,0.25,0.25,0.25
23440,0.25,0.25,0.25,0.25
23441,0.25,0.25,0.25,0.25
23442,0.25,0.25,0.25,0.25
23443,0.25,0.25,0.25,0.25
23444,0.25,0.25,0.25,0.25
23445,0.25,0.25,0.25,0.25
23446,0.25,0.25,0.25,0.25
23447,0.25,0.25,0.25,0.25
23448,0.25,0.25,0.25,0.25
23449,0.25,0.25,0.25,0.25
23450,0.25,0.25,0.25,0.25
23451,0.25,0.25,0.25,0.25
23452,0.25,0.25,0.25,0.25
23453,0.25,0.25,0.25,0.25
23454,0.25,0.25,0.25,0.25
23455,0.25,0.25,0.25,0.25
23456,0.25,0.25,0.25,0.25
23457,0.25,0.25,0.25,0.25
23458,0.25,0.25,0.25,0.25
23459,0.25,0.25,0.25,0.25
23460,0.25,0.25,0.25,0.25
23461,0.25,0.25,0.25,0.25
23462,0.25,0.25,0.25,0.25
23463,0.25,0.25,0.25,0.25
23464,0.25,0.25,0.25,0.25
23465,0.25,0.25,0.25,0.25
23466,0.25,0.25,0.25,0.25
23467,0.25,0.25,0.25,0.25
23468,0.25,0.25,0.25,0.25
23469,0.25,0.25,0.25,0.25
23470,0.25,0.25,0.25,0.25
23471,0.25,0.25,0.25,0.25
23472,0.25,0.25,0.25,0.25
23473,0.25,0.25,0.25,0.25
23474,0.25,0.25,0.25,0.25
23475,0.25,0.25,0.25,0.25
23476,0.25,0.25,0.25,0.25
23477,0.25,0.25,0.25,0.25
23478,0.25,0.25,0.25,0.25
23479,0.25,0.25,0.25,0.25
23480,0.25,0.25,0.25,0.25
23481,0.25,0.25,0.25,0.25
23482,0.25,0.25,0.25,0.25
23483,0.25,0.25,0.25,0.25
23484,0.25,0.25,0.25,0.25
23485,0.25,0.25,0.25,0.25
23486,0.25,0.25,0.25,0.25
23487,0.25,0.25,0.25,0.25
23488,0.25,0.25,0.25,0.25
23489,0.25,0.25,0.25,0.25
23490,0.25,0.25,0.25,0.25
23491,0.25,0.25,0.25,0.25
23492,0.25,0.25,0.25,0.25
23493,0.25,0.25,0.25,0.25
23494,0.25,0.25,0.25,0.25
23495,0.25,0.25,0.25,0.25
23496,0.25,0.25,0.25,0.25
23497,0.25,0.25,0.25,0.25
23498,0.25,0.25,0.25,0.25
23499,0.25,0.25,0.25,0.25
23500,0.25,0.25,0.25,0.25
23501,0.25,0.25,0.25,0.25
23502,0.25,0.25,0.25,0.25
23503,0.25,0.25,0.25,0.25
23504,0.25,0.25,0.25,0.25
23505,0.25,0.25,0.25,0.25
23506,0.25,0.25,0.25,0.25
23507,0.25,0.25,0.25,0.25
23508,0.25,0.25,0.25,0.25
23509,0.25,0.25,0.25,0.25
23510,0.25,0.25,0.25,0.25
23511,0.25,0.25,0.25,0.25
23512,0.25,0.25,0.25,0.25
23513,0.25,0.25,0.25,0.25
23514,0.25,0.25,0.25,0.25
23515,0.25,0.25,0.25,0.25
23516,0.25,0.25,0.25,0.25
23517,0.25,0.25,0.25,0.25
23518,0.25,0.25,0.25,0.25
23519,0.25,0.25,0.25,0.25
23520,0.25,0.25,0.25,0.25
23521,0.25,0.25,0.25,0.25
23522,0.25,0.25,0.25,0.25
23523,0.25,0.25,0.25,0.25
23524,0.25,0.25,0.25,0.25
23525,0.25,0.25,0.25,0.25
23526,0.25,0.25,0.25,0.25
23527,0.25,0.25,0.25,0.25
23528,0.25,0.25,0.25,0.25
23529,0.25,0.25,0.25,0.25
23530,0.25,0.25,0.25,0.25
23531,0.25,0.25,0.25,0.25
23532,0.25,0.25,0.25,0.25
23533,0.25,0.25,0.25,0.25
23534,0.25,0.25,0.25,0.25
23535,0.25,0.25,0.25,0.25
23536,0.25,0.25,0.25,0.25
23537,0.25,0.25,0.25,0.25
23538,0.25,0.25,0.25,0.25
23539,0.25,0.25,0.25,0.25
23540,0.25,0.25,0.25,0.25
23541,0.25,0.25,0.25,0.25
23542,0.25,0.25,0.25,0.25
23543,0.25,0.25,0.25,0.25
23544,0.25,0.25,0.25,0.25
23545,0.25,0.25,0.25,0.25
23546,0.25,0.25,0.25,0.25
23547,0.25,0.25,0.25,0.25
23548,0.25,0.25,0.25,0.25
23549,0.25,0.25,0.25,0.25
23550,0.25,0.25,0.25,0.25
23551,0.25,0.25,0.25,0.25
23552,0.25,0.25,0.25,0.25
23553,0.25,0.25,0.25,0.25
23554,0.25,0.25,0.25,0.25
23555,0.25,0.25,0.25,0.25
23556,0.25,0.25,0.25,0.25
23557,0.25,0.25,0.25,0.25
23558,0.25,0.25,0.25,0.25
23559,0.25,0.25,0.25,0.25
23560,0.25,0.25,0.25,0.25
23561,0.25,0.25,0.25,0.25
23562,0.25,0.25,0.25,0.25
23563,0.25,0.25,0.25,0.25
23564,0.25,0.25,0.25,0.25
23565,0.25,0.25,0.25,0.25
23566,0.25,0.25,0.25,0.25
23567,0.25,0.25,0.25,0.25
23568,0.25,0.25,0.25,0.25
23569,0.25,0.25,0.25,0.25
23570,0.25,0.25,0.25,0.25
23571,0.25,0.25,0.25,0.25
23572,0.25,0.25,0.25,0.25
23573,0.25,0.25,0.25,0.25
23574,0.25,0.25,0.25,0.25
23575,0.25,0.25,0.25,0.25
23576,0.25,0.25,0.25,0.25
23577,0.25,0.25,0.25,0.25
23578,0.25,0.25,0.25,0.25
23579,0.25,0.25,0.25,0.25
23580,0.25,0.25,0.25,0.25
23581,0.25,0.25,0.25,0.25
23582,0.25,0.25,0.25,0.25
23583,0.25,0.25,0.25,0.25
23584,0.25,0.25,0.25,0.25
23585,0.25,0.25,0.25,0.25
23586,0.25,0.25,0.25,0.25
23587,0.25,0.25,0.25,0.25
23588,0.25,0.25,0.25,0.25
23589,0.25,0.25,0.25,0.25
23590,0.25,0.25,0.25,0.25
23591,0.25,0.25,0.25,0.25
23592,0.25,0.25,0.25,0.25
23593,0.25,0.25,0.25,0.25
23594,0.25,0.25,0.25,0.25
23595,0.25,0.25,0.25,0.25
23596,0.25,0.25,0.25,0.25
23597,0.25,0.25,0.25,0.25
23598,0.25,0.25,0.25,0.25
23599,0.25,0.25,0.25,0.25
23600,0.25,0.25,0.25,0.25
23601,0.25,0.25,0.25,0.25
23602,0.25,0.25,0.25,0.25
23603,0.25,0.25,0.25,0.25
23604,0.25,0.25,0.25,0.25
23605,0.25,0.25,0.25,0.25
23606,0.25,0.25,0.25,0.25
23607,0.25,0.25,0.25,0.25
23608,0.25,0.25,0.25,0.25
23609,0.25,0.25,0.25,0.25
23610,0.25,0.25,0.25,0.25
23611,0.25,0.25,0.25,0.25
23612,0.25,0.25,0.25,0.25
23613,0.25,0.25,0.25,0.25
23614,0.25,0.25,0.25,0.25
23615,0.25,0.25,0.25,0.25
23616,0.25,0.25,0.25,0.25
23617,0.25,0.25,0.25,0.25
23618,0.25,0.25,0.25,0.25
23619,0.25,0.25,0.25,0.25
23620,0.25,0.25,0.25,0.25
23621,0.25,0.25,0.25,0.25
23622,0.25,0.25,0.25,0.25
23623,0.25,0.25,0.25,0.25
23624,0.25,0.25,0.25,0.25
23625,0.25,0.25,0.25,0.25
23626,0.25,0.25,0.25,0.25
23627,0.25,0.25,0.25,0.25
23628,0.25,0.25,0.25,0.25
23629,0.25,0.25,0.25,0.25
23630,0.25,0.25,0.25,0.25
23631,0.25,0.25,0.25,0.25
23632,0.25,0.25,0.25,0.25
23633,0.25,0.25,0.25,0.25
23634,0.25,0.25,0.25,0.25
23635,0.25,0.25,0.25,0.25
23636,0.25,0.25,0.25,0.25
23637,0.25,0.25,0.25,0.25
23638,0.25,0.25,0.25,0.25
23639,0.25,0.25,0.25,0.25
23640,0.25,0.25,0.25,0.25
23641,0.25,0.25,0.25,0.25
23642,0.25,0.25,0.25,0.25
23643,0.25,0.25,0.25,0.25
23644,0.25,0.25,0.25,0.25
23645,0.25,0.25,0.25,0.25
23646,0.25,0.25,0.25,0.25
23647,0.25,0.25,0.25,0.25
23648,0.25,0.25,0.25,0.25
23649,0.25,0.25,0.25,0.25
23650,0.25,0.25,0.25,0.25
23651,0.25,0.25,0.25,0.25
23652,0.25,0.25,0.25,0.25
23653,0.25,0.25,0.25,0.25
23654,0.25,0.25,0.25,0.25
23655,0.25,0.25,0.25,0.25
23656,0.25,0.25,0.25,0.25
23657,0.25,0.25,0.25,0.25
23658,0.25,0.25,0.25,0.25
23659,0.25,0.25,0.25,0.25
23660,0.25,0.25,0.25,0.25
23661,0.25,0.25,0.25,0.25
23662,0.25,0.25,0.25,0.25
23663,0.25,0.25,0.25,0.25
23664,0.25,0.25,0.25,0.25
23665,0.25,0.25,0.25,0.25
23666,0.25,0.25,0.25,0.25
23667,0.25,0.25,0.25,0.25
23668,0.25,0.25,0.25,0.25
23669,0.25,0.25,0.25,0.25
23670,0.25,0.25,0.25,0.25
23671,0.25,0.25,0.25,0.25
23672,0.25,0.25,0.25,0.25
23673,0.25,0.25,0.25,0.25
23674,0.25,0.25,0.25,0.25
23675,0.25,0.25,0.25,0.25
23676,0.25,0.25,0.25,0.25
23677,0.25,0.25,0.25,0.25
23678,0.25,0.25,0.25,0.25
23679,0.25,0.25,0.25,0.25
23680,0.25,0.25,0.25,0.25
23681,0.25,0.25,0.25,0.25
23682,0.25,0.25,0.25,0.25
23683,0.25,0.25,0.25,0.25
23684,0.25,0.25,0.25,0.25
23685,0.25,0.25,0.25,0.25
23686,0.25,0.25,0.25,0.25
23687,0.25,0.25,0.25,0.25
23688,0.25,0.25,0.25,0.25
23689,0.25,0.25,0.25,0.25
23690,0.25,0.25,0.25,0.25
23691,0.25,0.25,0.25,0.25
23692,0.25,0.25,0.25,0.25
23693,0.25,0.25,0.25,0.25
23694,0.25,0.25,0.25,0.25
23695,0.25,0.25,0.25,0.25
23696,0.25,0.25,0.25,0.25
23697,0.25,0.25,0.25,0.25
23698,0.25,0.25,0.25,0.25
23699,0.25,0.25,0.25,0.25
23700,0.25,0.25,0.25,0.25
23701,0.25,0.25,0.25,0.25
23702,0.25,0.25,0.25,0.25
23703,0.25,0.25,0.25,0.25
23704,0.25,0.25,0.25,0.25
23705,0.25,0.25,0.25,0.25
23706,0.25,0.25,0.25,0.25
23707,0.25,0.25,0.25,0.25
23708,0.25,0.25,0.25,0.25
23709,0.25,0.25,0.25,0.25
23710,0.25,0.25,0.25,0.25
23711,0.25,0.25,0.25,0.25
23712,0.25,0.25,0.25,0.25
23713,0.25,0.25,0.25,0.25
23714,0.25,0.25,0.25,0.25
23715,0.25,0.25,0.25,0.25
23716,0.25,0.25,0.25,0.25
23717,0.25,0.25,0.25,0.25
23718,0.25,0.25,0.25,0.25
23719,0.25,0.25,0.25,0.25
23720,0.25,0.25,0.25,0.25
23721,0.25,0.25,0.25,0.25
23722,0.25,0.25,0.25,0.25
23723,0.25,0.25,0.25,0.25
23724,0.25,0.25,0.25,0.25
23725,0.25,0.25,0.25,0.25
23726,0.25,0.25,0.25,0.25
23727,0.25,0.25,0.25,0.25
23728,0.25,0.25,0.25,0.25
23729,0.25,0.25,0.25,0.25
23730,0.25,0.25,0.25,0.25
23731,0.25,0.25,0.25,0.25
23732,0.25,0.25,0.25,0.25
23733,0.25,0.25,0.25,0.25
23734,0.25,0.25,0.25,0.25
23735,0.25,0.25,0.25,0.25
23736,0.25,0.25,0.25,0.25
23737,0.25,0.25,0.25,0.25
23738,0.25,0.25,0.25,0.25
23739,0.25,0.25,0.25,0.25
23740,0.25,0.25,0.25,0.25
23741,0.25,0.25,0.25,0.25
23742,0.25,0.25,0.25,0.25
23743,0.25,0.25,0.25,0.25
23744,0.25,0.25,0.25,0.25
23745,0.25,0.25,0.25,0.25
23746,0.25,0.25,0.25,0.25
23747,0.25,0.25,0.25,0.25
23748,0.25,0.25,0.25,0.25
23749,0.25,0.25,0.25,0.25
23750,0.25,0.25,0.25,0.25
23751,0.25,0.25,0.25,0.25
23752,0.25,0.25,0.25,0.25
23753,0.25,0.25,0.25,0.25
23754,0.25,0.25,0.25,0.25
23755,0.25,0.25,0.25,0.25
23756,0.25,0.25,0.25,0.25
23757,0.25,0.25,0.25,0.25
23758,0.25,0.25,0.25,0.25
23759,0.25,0.25,0.25,0.25
23760,0.25,0.25,0.25,0.25
23761,0.25,0.25,0.25,0.25
23762,0.25,0.25,0.25,0.25
23763,0.25,0.25,0.25,0.25
23764,0.25,0.25,0.25,0.25
23765,0.25,0.25,0.25,0.25
23766,0.25,0.25,0.25,0.25
23767,0.25,0.25,0.25,0.25
23768,0.25,0.25,0.25,0.25
23769,0.25,0.25,0.25,0.25
23770,0.25,0.25,0.25,0.25
23771,0.25,0.25,0.25,0.25
23772,0.25,0.25,0.25,0.25
23773,0.25,0.25,0.25,0.25
23774,0.25,0.25,0.25,0.25
23775,0.25,0.25,0.25,0.25
23776,0.25,0.25,0.25,0.25
23777,0.25,0.25,0.25,0.25
23778,0.25,0.25,0.25,0.25
23779,0.25,0.25,0.25,0.25
23780,0.25,0.25,0.25,0.25
23781,0.25,0.25,0.25,0.25
23782,0.25,0.25,0.25,0.25
23783,0.25,0.25,0.25,0.25
23784,0.25,0.25,0.25,0.25
23785,0.25,0.25,0.25,0.25
23786,0.25,0.25,0.25,0.25
23787,0.25,0.25,0.25,0.25
23788,0.25,0.25,0.25,0.25
23789,0.25,0.25,0.25,0.25
23790,0.25,0.25,0.25,0.25
23791,0.25,0.25,0.25,0.25
23792,0.25,0.25,0.25,0.25
23793,0.25,0.25,0.25,0.25
23794,0.25,0.25,0.25,0.25
23795,0.25,0.25,0.25,0.25
23796,0.25,0.25,0.25,0.25
23797,0.25,0.25,0.25,0.25
23798,0.25,0.25,0.25,0.25
23799,0.25,0.25,0.25,0.25
23800,0.25,0.25,0.25,0.25
23801,0.25,0.25,0.25,0.25
23802,0.25,0.25,0.25,0.25
23803,0.25,0.25,0.25,0.25
23804,0.25,0.25,0.25,0.25
23805,0.25,0.25,0.25,0.25
23806,0.25,0.25,0.25,0.25
23807,0.25,0.25,0.25,0.25
23808,0.25,0.25,0.25,0.25
23809,0.25,0.25,0.25,0.25
23810,0.25,0.25,0.25,0.25
23811,0.25,0.25,0.25,0.25
23812,0.25,0.25,0.25,0.25
23813,0.25,0.25,0.25,0.25
23814,0.25,0.25,0.25,0.25
23815,0.25,0.25,0.25,0.25
23816,0.25,0.25,0.25,0.25
23817,0.25,0.25,0.25,0.25
23818,0.25,0.25,0.25,0.25
23819,0.25,0.25,0.25,0.25
23820,0.25,0.25,0.25,0.25
23821,0.25,0.25,0.25,0.25
23822,0.25,0.25,0.25,0.25
23823,0.25,0.25,0.25,0.25
23824,0.25,0.25,0.25,0.25
23825,0.25,0.25,0.25,0.25
23826,0.25,0.25,0.25,0.25
23827,0.25,0.25,0.25,0.25
23828,0.25,0.25,0.25,0.25
23829,0.25,0.25,0.25,0.25
23830,0.25,0.25,0.25,0.25
23831,0.25,0.25,0.25,0.25
23832,0.25,0.25,0.25,0.25
23833,0.25,0.25,0.25,0.25
23834,0.25,0.25,0.25,0.25
23835,0.25,0.25,0.25,0.25
23836,0.25,0.25,0.25,0.25
23837,0.25,0.25,0.25,0.25
23838,0.25,0.25,0.25,0.25
23839,0.25,0.25,0.25,0.25
23840,0.25,0.25,0.25,0.25
23841,0.25,0.25,0.25,0.25
23842,0.25,0.25,0.25,0.25
23843,0.25,0.25,0.25,0.25
23844,0.25,0.25,0.25,0.25
23845,0.25,0.25,0.25,0.25
23846,0.25,0.25,0.25,0.25
23847,0.25,0.25,0.25,0.25
23848,0.25,0.25,0.25,0.25
23849,0.25,0.25,0.25,0.25
23850,0.25,0.25,0.25,0.25
23851,0.25,0.25,0.25,0.25
23852,0.25,0.25,0.25,0.25
23853,0.25,0.25,0.25,0.25
23854,0.25,0.25,0.25,0.25
23855,0.25,0.25,0.25,0.25
23856,0.25,0.25,0.25,0.25
23857,0.25,0.25,0.25,0.25
23858,0.25,0.25,0.25,0.25
23859,0.25,0.25,0.25,0.25
23860,0.25,0.25,0.25,0.25
23861,0.25,0.25,0.25,0.25
23862,0.25,0.25,0.25,0.25
23863,0.25,0.25,0.25,0.25
23864,0.25,0.25,0.25,0.25
23865,0.25,0.25,0.25,0.25
23866,0.25,0.25,0.25,0.25
23867,0.25,0.25,0.25,0.25
23868,0.25,0.25,0.25,0.25
23869,0.25,0.25,0.25,0.25
23870,0.25,0.25,0.25,0.25
23871,0.25,0.25,0.25,0.25
23872,0.25,0.25,0.25,0.25
23873,0.25,0.25,0.25,0.25
23874,0.25,0.25,0.25,0.25
23875,0.25,0.25,0.25,0.25
23876,0.25,0.25,0.25,0.25
23877,0.25,0.25,0.25,0.25
23878,0.25,0.25,0.25,0.25
23879,0.25,0.25,0.25,0.25
23880,0.25,0.25,0.25,0.25
23881,0.25,0.25,0.25,0.25
23882,0.25,0.25,0.25,0.25
23883,0.25,0.25,0.25,0.25
23884,0.25,0.25,0.25,0.25
23885,0.25,0.25,0.25,0.25
23886,0.25,0.25,0.25,0.25
23887,0.25,0.25,0.25,0.25
23888,0.25,0.25,0.25,0.25
23889,0.25,0.25,0.25,0.25
23890,0.25,0.25,0.25,0.25
23891,0.25,0.25,0.25,0.25
23892,0.25,0.25,0.25,0.25
23893,0.25,0.25,0.25,0.25
23894,0.25,0.25,0.25,0.25
23895,0.25,0.25,0.25,0.25
23896,0.25,0.25,0.25,0.25
23897,0.25,0.25,0.25,0.25
23898,0.25,0.25,0.25,0.25
23899,0.25,0.25,0.25,0.25
23900,0.25,0.25,0.25,0.25
23901,0.25,0.25,0.25,0.25
23902,0.25,0.25,0.25,0.25
23903,0.25,0.25,0.25,0.25
23904,0.25,0.25,0.25,0.25
23905,0.25,0.25,0.25,0.25
23906,0.25,0.25,0.25,0.25
23907,0.25,0.25,0.25,0.25
23908,0.25,0.25,0.25,0.25
23909,0.25,0.25,0.25,0.25
23910,0.25,0.25,0.25,0.25
23911,0.25,0.25,0.25,0.25
23912,0.25,0.25,0.25,0.25
23913,0.25,0.25,0.25,0.25
23914,0.25,0.25,0.25,0.25
23915,0.25,0.25,0.25,0.25
23916,0.25,0.25,0.25,0.25
23917,0.25,0.25,0.25,0.25
23918,0.25,0.25,0.25,0.25
23919,0.25,0.25,0.25,0.25
23920,0.25,0.25,0.25,0.25
23921,0.25,0.25,0.25,0.25
23922,0.25,0.25,0.25,0.25
23923,0.25,0.25,0.25,0.25
23924,0.25,0.25,0.25,0.25
23925,0.25,0.25,0.25,0.25
23926,0.25,0.25,0.25,0.25
23927,0.25,0.25,0.25,0.25
23928,0.25,0.25,0.25,0.25
23929,0.25,0.25,0.25,0.25
23930,0.25,0.25,0.25,0.25
23931,0.25,0.25,0.25,0.25
23932,0.25,0.25,0.25,0.25
23933,0.25,0.25,0.25,0.25
23934,0.25,0.25,0.25,0.25
23935,0.25,0.25,0.25,0.25
23936,0.25,0.25,0.25,0.25
23937,0.25,0.25,0.25,0.25
23938,0.25,0.25,0.25,0.25
23939,0.25,0.25,0.25,0.25
23940,0.25,0.25,0.25,0.25
23941,0.25,0.25,0.25,0.25
23942,0.25,0.25,0.25,0.25
23943,0.25,0.25,0.25,0.25
23944,0.25,0.25,0.25,0.25
23945,0.25,0.25,0.25,0.25
23946,0.25,0.25,0.25,0.25
23947,0.25,0.25,0.25,0.25
23948,0.25,0.25,0.25,0.25
23949,0.25,0.25,0.25,0.25
23950,0.25,0.25,0.25,0.25
23951,0.25,0.25,0.25,0.25
23952,0.25,0.25,0.25,0.25
23953,0.25,0.25,0.25,0.25
23954,0.25,0.25,0.25,0.25
23955,0.25,0.25,0.25,0.25
23956,0.25,0.25,0.25,0.25
23957,0.25,0.25,0.25,0.25
23958,0.25,0.25,0.25,0.25
23959,0.25,0.25,0.25,0.25
23960,0.25,0.25,0.25,0.25
23961,0.25,0.25,0.25,0.25
23962,0.25,0.25,0.25,0.25
23963,0.25,0.25,0.25,0.25
23964,0.25,0.25,0.25,0.25
23965,0.25,0.25,0.25,0.25
23966,0.25,0.25,0.25,0.25
23967,0.25,0.25,0.25,0.25
23968,0.25,0.25,0.25,0.25
23969,0.25,0.25,0.25,0.25
23970,0.25,0.25,0.25,0.25
23971,0.25,0.25,0.25,0.25
23972,0.25,0.25,0.25,0.25
23973,0.25,0.25,0.25,0.25
23974,0.25,0.25,0.25,0.25
23975,0.25,0.25,0.25,0.25
23976,0.25,0.25,0.25,0.25
23977,0.25,0.25,0.25,0.25
23978,0.25,0.25,0.25,0.25
23979,0.25,0.25,0.25,0.25
23980,0.25,0.25,0.25,0.25
23981,0.25,0.25,0.25,0.25
23982,0.25,0.25,0.25,0.25
23983,0.25,0.25,0.25,0.25
23984,0.25,0.25,0.25,0.25
23985,0.25,0.25,0.25,0.25
23986,0.25,0.25,0.25,0.25
23987,0.25,0.25,0.25,0.25
23988,0.25,0.25,0.25,0.25
23989,0.25,0.25,0.25,0.25
23990,0.25,0.25,0.25,0.25
23991,0.25,0.25,0.25,0.25
23992,0.25,0.25,0.25,0.25
23993,0.25,0.25,0.25,0.25
23994,0.25,0.25,0.25,0.25
23995,0.25,0.25,0.25,0.25
23996,0.25,0.25,0.25,0.25
23997,0.25,0.25,0.25,0.25
23998,0.25,0.25,0.25,0.25
23999,0.25,0.25,0.25,0.25
24000,0.25,0.25,0.25,0.25
24001,0.25,0.25,0.25,0.25
24002,0.25,0.25,0.25,0.25
24003,0.25,0.25,0.25,0.25
24004,0.25,0.25,0.25,0.25
24005,0.25,0.25,0.25,0.25
24006,0.25,0.25,0.25,0.25
24007,0.25,0.25,0.25,0.25
24008,0.25,0.25,0.25,0.25
24009,0.25,0.25,0.25,0.25
24010,0.25,0.25,0.25,0.25
24011,0.25,0.25,0.25,0.25
24012,0.25,0.25,0.25,0.25
24013,0.25,0.25,0.25,0.25
24014,0.25,0.25,0.25,0.25
24015,0.25,0.25,0.25,0.25
24016,0.25,0.25,0.25,0.25
24017,0.25,0.25,0.25,0.25
24018,0.25,0.25,0.25,0.25
24019,0.25,0.25,0.25,0.25
24020,0.25,0.25,0.25,0.25
24021,0.25,0.25,0.25,0.25
24022,0.25,0.25,0.25,0.25
24023,0.25,0.25,0.25,0.25
24024,0.25,0.25,0.25,0.25
24025,0.25,0.25,0.25,0.25
24026,0.25,0.25,0.25,0.25
24027,0.25,0.25,0.25,0.25
24028,0.25,0.25,0.25,0.25
24029,0.25,0.25,0.25,0.25
24030,0.25,0.25,0.25,0.25
24031,0.25,0.25,0.25,0.25
24032,0.25,0.25,0.25,0.25
24033,0.25,0.25,0.25,0.25
24034,0.25,0.25,0.25,0.25
24035,0.25,0.25,0.25,0.25
24036,0.25,0.25,0.25,0.25
24037,0.25,0.25,0.25,0.25
24038,0.25,0.25,0.25,0.25
24039,0.25,0.25,0.25,0.25
24040,0.25,0.25,0.25,0.25
24041,0.25,0.25,0.25,0.25
24042,0.25,0.25,0.25,0.25
24043,0.25,0.25,0.25,0.25
24044,0.25,0.25,0.25,0.25
24045,0.25,0.25,0.25,0.25
24046,0.25,0.25,0.25,0.25
24047,0.25,0.25,0.25,0.25
24048,0.25,0.25,0.25,0.25
24049,0.25,0.25,0.25,0.25
24050,0.25,0.25,0.25,0.25
24051,0.25,0.25,0.25,0.25
24052,0.25,0.25,0.25,0.25
24053,0.25,0.25,0.25,0.25
24054,0.25,0.25,0.25,0.25
24055,0.25,0.25,0.25,0.25
24056,0.25,0.25,0.25,0.25
24057,0.25,0.25,0.25,0.25
24058,0.25,0.25,0.25,0.25
24059,0.25,0.25,0.25,0.25
24060,0.25,0.25,0.25,0.25
24061,0.25,0.25,0.25,0.25
24062,0.25,0.25,0.25,0.25
24063,0.25,0.25,0.25,0.25
24064,0.25,0.25,0.25,0.25
24065,0.25,0.25,0.25,0.25
24066,0.25,0.25,0.25,0.25
24067,0.25,0.25,0.25,0.25
24068,0.25,0.25,0.25,0.25
24069,0.25,0.25,0.25,0.25
24070,0.25,0.25,0.25,0.25
24071,0.25,0.25,0.25,0.25
24072,0.25,0.25,0.25,0.25
24073,0.25,0.25,0.25,0.25
24074,0.25,0.25,0.25,0.25
24075,0.25,0.25,0.25,0.25
24076,0.25,0.25,0.25,0.25
24077,0.25,0.25,0.25,0.25
24078,0.25,0.25,0.25,0.25
24079,0.25,0.25,0.25,0.25
24080,0.25,0.25,0.25,0.25
24081,0.25,0.25,0.25,0.25
24082,0.25,0.25,0.25,0.25
24083,0.25,0.25,0.25,0.25
24084,0.25,0.25,0.25,0.25
24085,0.25,0.25,0.25,0.25
24086,0.25,0.25,0.25,0.25
24087,0.25,0.25,0.25,0.25
24088,0.25,0.25,0.25,0.25
24089,0.25,0.25,0.25,0.25
24090,0.25,0.25,0.25,0.25
24091,0.25,0.25,0.25,0.25
24092,0.25,0.25,0.25,0.25
24093,0.25,0.25,0.25,0.25
24094,0.25,0.25,0.25,0.25
24095,0.25,0.25,0.25,0.25
24096,0.25,0.25,0.25,0.25
24097,0.25,0.25,0.25,0.25
24098,0.25,0.25,0.25,0.25
24099,0.25,0.25,0.25,0.25
24100,0.25,0.25,0.25,0.25
24101,0.25,0.25,0.25,0.25
24102,0.25,0.25,0.25,0.25
24103,0.25,0.25,0.25,0.25
24104,0.25,0.25,0.25,0.25
24105,0.25,0.25,0.25,0.25
24106,0.25,0.25,0.25,0.25
24107,0.25,0.25,0.25,0.25
24108,0.25,0.25,0.25,0.25
24109,0.25,0.25,0.25,0.25
24110,0.25,0.25,0.25,0.25
24111,0.25,0.25,0.25,0.25
24112,0.25,0.25,0.25,0.25
24113,0.25,0.25,0.25,0.25
24114,0.25,0.25,0.25,0.25
24115,0.25,0.25,0.25,0.25
24116,0.25,0.25,0.25,0.25
24117,0.25,0.25,0.25,0.25
24118,0.25,0.25,0.25,0.25
24119,0.25,0.25,0.25,0.25
24120,0.25,0.25,0.25,0.25
24121,0.25,0.25,0.25,0.25
24122,0.25,0.25,0.25,0.25
24123,0.25,0.25,0.25,0.25
24124,0.25,0.25,0.25,0.25
24125,0.25,0.25,0.25,0.25
24126,0.25,0.25,0.25,0.25
24127,0.25,0.25,0.25,0.25
24128,0.25,0.25,0.25,0.25
24129,0.25,0.25,0.25,0.25
24130,0.25,0.25,0.25,0.25
24131,0.25,0.25,0.25,0.25
24132,0.25,0.25,0.25,0.25
24133,0.25,0.25,0.25,0.25
24134,0.25,0.25,0.25,0.25
24135,0.25,0.25,0.25,0.25
24136,0.25,0.25,0.25,0.25
24137,0.25,0.25,0.25,0.25
24138,0.25,0.25,0.25,0.25
24139,0.25,0.25,0.25,0.25
24140,0.25,0.25,0.25,0.25
24141,0.25,0.25,0.25,0.25
24142,0.25,0.25,0.25,0.25
24143,0.25,0.25,0.25,0.25
24144,0.25,0.25,0.25,0.25
24145,0.25,0.25,0.25,0.25
24146,0.25,0.25,0.25,0.25
24147,0.25,0.25,0.25,0.25
24148,0.25,0.25,0.25,0.25
24149,0.25,0.25,0.25,0.25
24150,0.25,0.25,0.25,0.25
24151,0.25,0.25,0.25,0.25
24152,0.25,0.25,0.25,0.25
24153,0.25,0.25,0.25,0.25
24154,0.25,0.25,0.25,0.25
24155,0.25,0.25,0.25,0.25
24156,0.25,0.25,0.25,0.25
24157,0.25,0.25,0.25,0.25
24158,0.25,0.25,0.25,0.25
24159,0.25,0.25,0.25,0.25
24160,0.25,0.25,0.25,0.25
24161,0.25,0.25,0.25,0.25
24162,0.25,0.25,0.25,0.25
24163,0.25,0.25,0.25,0.25
24164,0.25,0.25,0.25,0.25
24165,0.25,0.25,0.25,0.25
24166,0.25,0.25,0.25,0.25
24167,0.25,0.25,0.25,0.25
24168,0.25,0.25,0.25,0.25
24169,0.25,0.25,0.25,0.25
24170,0.25,0.25,0.25,0.25
24171,0.25,0.25,0.25,0.25
24172,0.25,0.25,0.25,0.25
24173,0.25,0.25,0.25,0.25
24174,0.25,0.25,0.25,0.25
24175,0.25,0.25,0.25,0.25
24176,0.25,0.25,0.25,0.25
24177,0.25,0.25,0.25,0.25
24178,0.25,0.25,0.25,0.25
24179,0.25,0.25,0.25,0.25
24180,0.25,0.25,0.25,0.25
24181,0.25,0.25,0.25,0.25
24182,0.25,0.25,0.25,0.25
24183,0.25,0.25,0.25,0.25
24184,0.25,0.25,0.25,0.25
24185,0.25,0.25,0.25,0.25
24186,0.25,0.25,0.25,0.25
24187,0.25,0.25,0.25,0.25
24188,0.25,0.25,0.25,0.25
24189,0.25,0.25,0.25,0.25
24190,0.25,0.25,0.25,0.25
24191,0.25,0.25,0.25,0.25
24192,0.25,0.25,0.25,0.25
24193,0.25,0.25,0.25,0.25
24194,0.25,0.25,0.25,0.25
24195,0.25,0.25,0.25,0.25
24196,0.25,0.25,0.25,0.25
24197,0.25,0.25,0.25,0.25
24198,0.25,0.25,0.25,0.25
24199,0.25,0.25,0.25,0.25
24200,0.25,0.25,0.25,0.25
24201,0.25,0.25,0.25,0.25
24202,0.25,0.25,0.25,0.25
24203,0.25,0.25,0.25,0.25
24204,0.25,0.25,0.25,0.25
24205,0.25,0.25,0.25,0.25
24206,0.25,0.25,0.25,0.25
24207,0.25,0.25,0.25,0.25
24208,0.25,0.25,0.25,0.25
24209,0.25,0.25,0.25,0.25
24210,0.25,0.25,0.25,0.25
24211,0.25,0.25,0.25,0.25
24212,0.25,0.25,0.25,0.25
24213,0.25,0.25,0.25,0.25
24214,0.25,0.25,0.25,0.25
24215,0.25,0.25,0.25,0.25
24216,0.25,0.25,0.25,0.25
24217,0.25,0.25,0.25,0.25
24218,0.25,0.25,0.25,0.25
24219,0.25,0.25,0.25,0.25
24220,0.25,0.25,0.25,0.25
24221,0.25,0.25,0.25,0.25
24222,0.25,0.25,0.25,0.25
24223,0.25,0.25,0.25,0.25
24224,0.25,0.25,0.25,0.25
24225,0.25,0.25,0.25,0.25
24226,0.25,0.25,0.25,0.25
24227,0.25,0.25,0.25,0.25
24228,0.25,0.25,0.25,0.25
24229,0.25,0.25,0.25,0.25
24230,0.25,0.25,0.25,0.25
24231,0.25,0.25,0.25,0.25
24232,0.25,0.25,0.25,0.25
24233,0.25,0.25,0.25,0.25
24234,0.25,0.25,0.25,0.25
24235,0.25,0.25,0.25,0.25
24236,0.25,0.25,0.25,0.25
24237,0.25,0.25,0.25,0.25
24238,0.25,0.25,0.25,0.25
24239,0.25,0.25,0.25,0.25
24240,0.25,0.25,0.25,0.25
24241,0.25,0.25,0.25,0.25
24242,0.25,0.25,0.25,0.25
24243,0.25,0.25,0.25,0.25
24244,0.25,0.25,0.25,0.25
24245,0.25,0.25,0.25,0.25
24246,0.25,0.25,0.25,0.25
24247,0.25,0.25,0.25,0.25
24248,0.25,0.25,0.25,0.25
24249,0.25,0.25,0.25,0.25
24250,0.25,0.25,0.25,0.25
24251,0.25,0.25,0.25,0.25
24252,0.25,0.25,0.25,0.25
24253,0.25,0.25,0.25,0.25
24254,0.25,0.25,0.25,0.25
24255,0.25,0.25,0.25,0.25
24256,0.25,0.25,0.25,0.25
24257,0.25,0.25,0.25,0.25
24258,0.25,0.25,0.25,0.25
24259,0.25,0.25,0.25,0.25
24260,0.25,0.25,0.25,0.25
24261,0.25,0.25,0.25,0.25
24262,0.25,0.25,0.25,0.25
24263,0.25,0.25,0.25,0.25
24264,0.25,0.25,0.25,0.25
24265,0.25,0.25,0.25,0.25
24266,0.25,0.25,0.25,0.25
24267,0.25,0.25,0.25,0.25
24268,0.25,0.25,0.25,0.25
24269,0.25,0.25,0.25,0.25
24270,0.25,0.25,0.25,0.25
24271,0.25,0.25,0.25,0.25
24272,0.25,0.25,0.25,0.25
24273,0.25,0.25,0.25,0.25
24274,0.25,0.25,0.25,0.25
24275,0.25,0.25,0.25,0.25
24276,0.25,0.25,0.25,0.25
24277,0.25,0.25,0.25,0.25
24278,0.25,0.25,0.25,0.25
24279,0.25,0.25,0.25,0.25
24280,0.25,0.25,0.25,0.25
24281,0.25,0.25,0.25,0.25
24282,0.25,0.25,0.25,0.25
24283,0.25,0.25,0.25,0.25
24284,0.25,0.25,0.25,0.25
24285,0.25,0.25,0.25,0.25
24286,0.25,0.25,0.25,0.25
24287,0.25,0.25,0.25,0.25
24288,0.25,0.25,0.25,0.25
24289,0.25,0.25,0.25,0.25
24290,0.25,0.25,0.25,0.25
24291,0.25,0.25,0.25,0.25
24292,0.25,0.25,0.25,0.25
24293,0.25,0.25,0.25,0.25
24294,0.25,0.25,0.25,0.25
24295,0.25,0.25,0.25,0.25
24296,0.25,0.25,0.25,0.25
24297,0.25,0.25,0.25,0.25
24298,0.25,0.25,0.25,0.25
24299,0.25,0.25,0.25,0.25
24300,0.25,0.25,0.25,0.25
24301,0.25,0.25,0.25,0.25
24302,0.25,0.25,0.25,0.25
24303,0.25,0.25,0.25,0.25
24304,0.25,0.25,0.25,0.25
24305,0.25,0.25,0.25,0.25
24306,0.25,0.25,0.25,0.25
24307,0.25,0.25,0.25,0.25
24308,0.25,0.25,0.25,0.25
24309,0.25,0.25,0.25,0.25
24310,0.25,0.25,0.25,0.25
24311,0.25,0.25,0.25,0.25
24312,0.25,0.25,0.25,0.25
24313,0.25,0.25,0.25,0.25
24314,0.25,0.25,0.25,0.25
24315,0.25,0.25,0.25,0.25
24316,0.25,0.25,0.25,0.25
24317,0.25,0.25,0.25,0.25
24318,0.25,0.25,0.25,0.25
24319,0.25,0.25,0.25,0.25
24320,0.25,0.25,0.25,0.25
24321,0.25,0.25,0.25,0.25
24322,0.25,0.25,0.25,0.25
24323,0.25,0.25,0.25,0.25
24324,0.25,0.25,0.25,0.25
24325,0.25,0.25,0.25,0.25
24326,0.25,0.25,0.25,0.25
24327,0.25,0.25,0.25,0.25
24328,0.25,0.25,0.25,0.25
24329,0.25,0.25,0.25,0.25
24330,0.25,0.25,0.25,0.25
24331,0.25,0.25,0.25,0.25
24332,0.25,0.25,0.25,0.25
24333,0.25,0.25,0.25,0.25
24334,0.25,0.25,0.25,0.25
24335,0.25,0.25,0.25,0.25
24336,0.25,0.25,0.25,0.25
24337,0.25,0.25,0.25,0.25
24338,0.25,0.25,0.25,0.25
24339,0.25,0.25,0.25,0.25
24340,0.25,0.25,0.25,0.25
24341,0.25,0.25,0.25,0.25
24342,0.25,0.25,0.25,0.25
24343,0.25,0.25,0.25,0.25
24344,0.25,0.25,0.25,0.25
24345,0.25,0.25,0.25,0.25
24346,0.25,0.25,0.25,0.25
24347,0.25,0.25,0.25,0.25
24348,0.25,0.25,0.25,0.25
24349,0.25,0.25,0.25,0.25
24350,0.25,0.25,0.25,0.25
24351,0.25,0.25,0.25,0.25
24352,0.25,0.25,0.25,0.25
24353,0.25,0.25,0.25,0.25
24354,0.25,0.25,0.25,0.25
24355,0.25,0.25,0.25,0.25
24356,0.25,0.25,0.25,0.25
24357,0.25,0.25,0.25,0.25
24358,0.25,0.25,0.25,0.25
24359,0.25,0.25,0.25,0.25
24360,0.25,0.25,0.25,0.25
24361,0.25,0.25,0.25,0.25
24362,0.25,0.25,0.25,0.25
24363,0.25,0.25,0.25,0.25
24364,0.25,0.25,0.25,0.25
24365,0.25,0.25,0.25,0.25
24366,0.25,0.25,0.25,0.25
24367,0.25,0.25,0.25,0.25
24368,0.25,0.25,0.25,0.25
24369,0.25,0.25,0.25,0.25
24370,0.25,0.25,0.25,0.25
24371,0.25,0.25,0.25,0.25
24372,0.25,0.25,0.25,0.25
24373,0.25,0.25,0.25,0.25
24374,0.25,0.25,0.25,0.25
24375,0.25,0.25,0.25,0.25
24376,0.25,0.25,0.25,0.25
24377,0.25,0.25,0.25,0.25
24378,0.25,0.25,0.25,0.25
24379,0.25,0.25,0.25,0.25
24380,0.25,0.25,0.25,0.25
24381,0.25,0.25,0.25,0.25
24382,0.25,0.25,0.25,0.25
24383,0.25,0.25,0.25,0.25
24384,0.25,0.25,0.25,0.25
24385,0.25,0.25,0.25,0.25
24386,0.25,0.25,0.25,0.25
24387,0.25,0.25,0.25,0.25
24388,0.25,0.25,0.25,0.25
24389,0.25,0.25,0.25,0.25
24390,0.25,0.25,0.25,0.25
24391,0.25,0.25,0.25,0.25
24392,0.25,0.25,0.25,0.25
24393,0.25,0.25,0.25,0.25
24394,0.25,0.25,0.25,0.25
24395,0.25,0.25,0.25,0.25
24396,0.25,0.25,0.25,0.25
24397,0.25,0.25,0.25,0.25
24398,0.25,0.25,0.25,0.25
24399,0.25,0.25,0.25,0.25
24400,0.25,0.25,0.25,0.25
24401,0.25,0.25,0.25,0.25
24402,0.25,0.25,0.25,0.25
24403,0.25,0.25,0.25,0.25
24404,0.25,0.25,0.25,0.25
24405,0.25,0.25,0.25,0.25
24406,0.25,0.25,0.25,0.25
24407,0.25,0.25,0.25,0.25
24408,0.25,0.25,0.25,0.25
24409,0.25,0.25,0.25,0.25
24410,0.25,0.25,0.25,0.25
24411,0.25,0.25,0.25,0.25
24412,0.25,0.25,0.25,0.25
24413,0.25,0.25,0.25,0.25
24414,0.25,0.25,0.25,0.25
24415,0.25,0.25,0.25,0.25
24416,0.25,0.25,0.25,0.25
24417,0.25,0.25,0.25,0.25
24418,0.25,0.25,0.25,0.25
24419,0.25,0.25,0.25,0.25
24420,0.25,0.25,0.25,0.25
24421,0.25,0.25,0.25,0.25
24422,0.25,0.25,0.25,0.25
24423,0.25,0.25,0.25,0.25
24424,0.25,0.25,0.25,0.25
24425,0.25,0.25,0.25,0.25
24426,0.25,0.25,0.25,0.25
24427,0.25,0.25,0.25,0.25
24428,0.25,0.25,0.25,0.25
24429,0.25,0.25,0.25,0.25
24430,0.25,0.25,0.25,0.25
24431,0.25,0.25,0.25,0.25
24432,0.25,0.25,0.25,0.25
24433,0.25,0.25,0.25,0.25
24434,0.25,0.25,0.25,0.25
24435,0.25,0.25,0.25,0.25
24436,0.25,0.25,0.25,0.25
24437,0.25,0.25,0.25,0.25
24438,0.25,0.25,0.25,0.25
24439,0.25,0.25,0.25,0.25
24440,0.25,0.25,0.25,0.25
24441,0.25,0.25,0.25,0.25
24442,0.25,0.25,0.25,0.25
24443,0.25,0.25,0.25,0.25
24444,0.25,0.25,0.25,0.25
24445,0.25,0.25,0.25,0.25
24446,0.25,0.25,0.25,0.25
24447,0.25,0.25,0.25,0.25
24448,0.25,0.25,0.25,0.25
24449,0.25,0.25,0.25,0.25
24450,0.25,0.25,0.25,0.25
24451,0.25,0.25,0.25,0.25
24452,0.25,0.25,0.25,0.25
24453,0.25,0.25,0.25,0.25
24454,0.25,0.25,0.25,0.25
24455,0.25,0.25,0.25,0.25
24456,0.25,0.25,0.25,0.25
24457,0.25,0.25,0.25,0.25
24458,0.25,0.25,0.25,0.25
24459,0.25,0.25,0.25,0.25
24460,0.25,0.25,0.25,0.25
24461,0.25,0.25,0.25,0.25
24462,0.25,0.25,0.25,0.25
24463,0.25,0.25,0.25,0.25
24464,0.25,0.25,0.25,0.25
24465,0.25,0.25,0.25,0.25
24466,0.25,0.25,0.25,0.25
24467,0.25,0.25,0.25,0.25
24468,0.25,0.25,0.25,0.25
24469,0.25,0.25,0.25,0.25
24470,0.25,0.25,0.25,0.25
24471,0.25,0.25,0.25,0.25
24472,0.25,0.25,0.25,0.25
24473,0.25,0.25,0.25,0.25
24474,0.25,0.25,0.25,0.25
24475,0.25,0.25,0.25,0.25
24476,0.25,0.25,0.25,0.25
24477,0.25,0.25,0.25,0.25
24478,0.25,0.25,0.25,0.25
24479,0.25,0.25,0.25,0.25
24480,0.25,0.25,0.25,0.25
24481,0.25,0.25,0.25,0.25
24482,0.25,0.25,0.25,0.25
24483,0.25,0.25,0.25,0.25
24484,0.25,0.25,0.25,0.25
24485,0.25,0.25,0.25,0.25
24486,0.25,0.25,0.25,0.25
24487,0.25,0.25,0.25,0.25
24488,0.25,0.25,0.25,0.25
24489,0.25,0.25,0.25,0.25
24490,0.25,0.25,0.25,0.25
24491,0.25,0.25,0.25,0.25
24492,0.25,0.25,0.25,0.25
24493,0.25,0.25,0.25,0.25
24494,0.25,0.25,0.25,0.25
24495,0.25,0.25,0.25,0.25
24496,0.25,0.25,0.25,0.25
24497,0.25,0.25,0.25,0.25
24498,0.25,0.25,0.25,0.25
24499,0.25,0.25,0.25,0.25
24500,0.25,0.25,0.25,0.25
24501,0.25,0.25,0.25,0.25
24502,0.25,0.25,0.25,0.25
24503,0.25,0.25,0.25,0.25
24504,0.25,0.25,0.25,0.25
24505,0.25,0.25,0.25,0.25
24506,0.25,0.25,0.25,0.25
24507,0.25,0.25,0.25,0.25
24508,0.25,0.25,0.25,0.25
24509,0.25,0.25,0.25,0.25
24510,0.25,0.25,0.25,0.25
24511,0.25,0.25,0.25,0.25
24512,0.25,0.25,0.25,0.25
24513,0.25,0.25,0.25,0.25
24514,0.25,0.25,0.25,0.25
24515,0.25,0.25,0.25,0.25
24516,0.25,0.25,0.25,0.25
24517,0.25,0.25,0.25,0.25
24518,0.25,0.25,0.25,0.25
24519,0.25,0.25,0.25,0.25
24520,0.25,0.25,0.25,0.25
24521,0.25,0.25,0.25,0.25
24522,0.25,0.25,0.25,0.25
24523,0.25,0.25,0.25,0.25
24524,0.25,0.25,0.25,0.25
24525,0.25,0.25,0.25,0.25
24526,0.25,0.25,0.25,0.25
24527,0.25,0.25,0.25,0.25
24528,0.25,0.25,0.25,0.25
24529,0.25,0.25,0.25,0.25
24530,0.25,0.25,0.25,0.25
24531,0.25,0.25,0.25,0.25
24532,0.25,0.25,0.25,0.25
24533,0.25,0.25,0.25,0.25
24534,0.25,0.25,0.25,0.25
24535,0.25,0.25,0.25,0.25
24536,0.25,0.25,0.25,0.25
24537,0.25,0.25,0.25,0.25
24538,0.25,0.25,0.25,0.25
24539,0.25,0.25,0.25,0.25
24540,0.25,0.25,0.25,0.25
24541,0.25,0.25,0.25,0.25
24542,0.25,0.25,0.25,0.25
24543,0.25,0.25,0.25,0.25
24544,0.25,0.25,0.25,0.25
24545,0.25,0.25,0.25,0.25
24546,0.25,0.25,0.25,0.25
24547,0.25,0.25,0.25,0.25
24548,0.25,0.25,0.25,0.25
24549,0.25,0.25,0.25,0.25
24550,0.25,0.25,0.25,0.25
24551,0.25,0.25,0.25,0.25
24552,0.25,0.25,0.25,0.25
24553,0.25,0.25,0.25,0.25
24554,0.25,0.25,0.25,0.25
24555,0.25,0.25,0.25,0.25
24556,0.25,0.25,0.25,0.25
24557,0.25,0.25,0.25,0.25
24558,0.25,0.25,0.25,0.25
24559,0.25,0.25,0.25,0.25
24560,0.25,0.25,0.25,0.25
24561,0.25,0.25,0.25,0.25
24562,0.25,0.25,0.25,0.25
24563,0.25,0.25,0.25,0.25
24564,0.25,0.25,0.25,0.25
24565,0.25,0.25,0.25,0.25
24566,0.25,0.25,0.25,0.25
24567,0.25,0.25,0.25,0.25
24568,0.25,0.25,0.25,0.25
24569,0.25,0.25,0.25,0.25
24570,0.25,0.25,0.25,0.25
24571,0.25,0.25,0.25,0.25
24572,0.25,0.25,0.25,0.25
24573,0.25,0.25,0.25,0.25
24574,0.25,0.25,0.25,0.25
24575,0.25,0.25,0.25,0.25
24576,0.25,0.25,0.25,0.25
24577,0.25,0.25,0.25,0.25
24578,0.25,0.25,0.25,0.25
24579,0.25,0.25,0.25,0.25
24580,0.25,0.25,0.25,0.25
24581,0.25,0.25,0.25,0.25
24582,0.25,0.25,0.25,0.25
24583,0.25,0.25,0.25,0.25
24584,0.25,0.25,0.25,0.25
24585,0.25,0.25,0.25,0.25
24586,0.25,0.25,0.25,0.25
24587,0.25,0.25,0.25,0.25
24588,0.25,0.25,0.25,0.25
24589,0.25,0.25,0.25,0.25
24590,0.25,0.25,0.25,0.25
24591,0.25,0.25,0.25,0.25
24592,0.25,0.25,0.25,0.25
24593,0.25,0.25,0.25,0.25
24594,0.25,0.25,0.25,0.25
24595,0.25,0.25,0.25,0.25
24596,0.25,0.25,0.25,0.25
24597,0.25,0.25,0.25,0.25
24598,0.25,0.25,0.25,0.25
24599,0.25,0.25,0.25,0.25
24600,0.25,0.25,0.25,0.25
24601,0.25,0.25,0.25,0.25
24602,0.25,0.25,0.25,0.25
24603,0.25,0.25,0.25,0.25
24604,0.25,0.25,0.25,0.25
24605,0.25,0.25,0.25,0.25
24606,0.25,0.25,0.25,0.25
24607,0.25,0.25,0.25,0.25
24608,0.25,0.25,0.25,0.25
24609,0.25,0.25,0.25,0.25
24610,0.25,0.25,0.25,0.25
24611,0.25,0.25,0.25,0.25
24612,0.25,0.25,0.25,0.25
24613,0.25,0.25,0.25,0.25
24614,0.25,0.25,0.25,0.25
24615,0.25,0.25,0.25,0.25
24616,0.25,0.25,0.25,0.25
24617,0.25,0.25,0.25,0.25
24618,0.25,0.25,0.25,0.25
24619,0.25,0.25,0.25,0.25
24620,0.25,0.25,0.25,0.25
24621,0.25,0.25,0.25,0.25
24622,0.25,0.25,0.25,0.25
24623,0.25,0.25,0.25,0.25
24624,0.25,0.25,0.25,0.25
24625,0.25,0.25,0.25,0.25
24626,0.25,0.25,0.25,0.25
24627,0.25,0.25,0.25,0.25
24628,0.25,0.25,0.25,0.25
24629,0.25,0.25,0.25,0.25
24630,0.25,0.25,0.25,0.25
24631,0.25,0.25,0.25,0.25
24632,0.25,0.25,0.25,0.25
24633,0.25,0.25,0.25,0.25
24634,0.25,0.25,0.25,0.25
24635,0.25,0.25,0.25,0.25
24636,0.25,0.25,0.25,0.25
24637,0.25,0.25,0.25,0.25
24638,0.25,0.25,0.25,0.25
24639,0.25,0.25,0.25,0.25
24640,0.25,0.25,0.25,0.25
24641,0.25,0.25,0.25,0.25
24642,0.25,0.25,0.25,0.25
24643,0.25,0.25,0.25,0.25
24644,0.25,0.25,0.25,0.25
24645,0.25,0.25,0.25,0.25
24646,0.25,0.25,0.25,0.25
24647,0.25,0.25,0.25,0.25
24648,0.25,0.25,0.25,0.25
24649,0.25,0.25,0.25,0.25
24650,0.25,0.25,0.25,0.25
24651,0.25,0.25,0.25,0.25
24652,0.25,0.25,0.25,0.25
24653,0.25,0.25,0.25,0.25
24654,0.25,0.25,0.25,0.25
24655,0.25,0.25,0.25,0.25
24656,0.25,0.25,0.25,0.25
24657,0.25,0.25,0.25,0.25
24658,0.25,0.25,0.25,0.25
24659,0.25,0.25,0.25,0.25
24660,0.25,0.25,0.25,0.25
24661,0.25,0.25,0.25,0.25
24662,0.25,0.25,0.25,0.25
24663,0.25,0.25,0.25,0.25
24664,0.25,0.25,0.25,0.25
24665,0.25,0.25,0.25,0.25
24666,0.25,0.25,0.25,0.25
24667,0.25,0.25,0.25,0.25
24668,0.25,0.25,0.25,0.25
24669,0.25,0.25,0.25,0.25
24670,0.25,0.25,0.25,0.25
24671,0.25,0.25,0.25,0.25
24672,0.25,0.25,0.25,0.25
24673,0.25,0.25,0.25,0.25
24674,0.25,0.25,0.25,0.25
24675,0.25,0.25,0.25,0.25
24676,0.25,0.25,0.25,0.25
24677,0.25,0.25,0.25,0.25
24678,0.25,0.25,0.25,0.25
24679,0.25,0.25,0.25,0.25
24680,0.25,0.25,0.25,0.25
24681,0.25,0.25,0.25,0.25
24682,0.25,0.25,0.25,0.25
24683,0.25,0.25,0.25,0.25
24684,0.25,0.25,0.25,0.25
24685,0.25,0.25,0.25,0.25
24686,0.25,0.25,0.25,0.25
24687,0.25,0.25,0.25,0.25
24688,0.25,0.25,0.25,0.25
24689,0.25,0.25,0.25,0.25
24690,0.25,0.25,0.25,0.25
24691,0.25,0.25,0.25,0.25
24692,0.25,0.25,0.25,0.25
24693,0.25,0.25,0.25,0.25
24694,0.25,0.25,0.25,0.25
24695,0.25,0.25,0.25,0.25
24696,0.25,0.25,0.25,0.25
24697,0.25,0.25,0.25,0.25
24698,0.25,0.25,0.25,0.25
24699,0.25,0.25,0.25,0.25
24700,0.25,0.25,0.25,0.25
24701,0.25,0.25,0.25,0.25
24702,0.25,0.25,0.25,0.25
24703,0.25,0.25,0.25,0.25
24704,0.25,0.25,0.25,0.25
24705,0.25,0.25,0.25,0.25
24706,0.25,0.25,0.25,0.25
24707,0.25,0.25,0.25,0.25
24708,0.25,0.25,0.25,0.25
24709,0.25,0.25,0.25,0.25
24710,0.25,0.25,0.25,0.25
24711,0.25,0.25,0.25,0.25
24712,0.25,0.25,0.25,0.25
24713,0.25,0.25,0.25,0.25
24714,0.25,0.25,0.25,0.25
24715,0.25,0.25,0.25,0.25
24716,0.25,0.25,0.25,0.25
24717,0.25,0.25,0.25,0.25
24718,0.25,0.25,0.25,0.25
24719,0.25,0.25,0.25,0.25
24720,0.25,0.25,0.25,0.25
24721,0.25,0.25,0.25,0.25
24722,0.25,0.25,0.25,0.25
24723,0.25,0.25,0.25,0.25
24724,0.25,0.25,0.25,0.25
24725,0.25,0.25,0.25,0.25
24726,0.25,0.25,0.25,0.25
24727,0.25,0.25,0.25,0.25
24728,0.25,0.25,0.25,0.25
24729,0.25,0.25,0.25,0.25
24730,0.25,0.25,0.25,0.25
24731,0.25,0.25,0.25,0.25
24732,0.25,0.25,0.25,0.25
24733,0.25,0.25,0.25,0.25
24734,0.25,0.25,0.25,0.25
24735,0.25,0.25,0.25,0.25
24736,0.25,0.25,0.25,0.25
24737,0.25,0.25,0.25,0.25
24738,0.25,0.25,0.25,0.25
24739,0.25,0.25,0.25,0.25
24740,0.25,0.25,0.25,0.25
24741,0.25,0.25,0.25,0.25
24742,0.25,0.25,0.25,0.25
24743,0.25,0.25,0.25,0.25
24744,0.25,0.25,0.25,0.25
24745,0.25,0.25,0.25,0.25
24746,0.25,0.25,0.25,0.25
24747,0.25,0.25,0.25,0.25
24748,0.25,0.25,0.25,0.25
24749,0.25,0.25,0.25,0.25
24750,0.25,0.25,0.25,0.25
24751,0.25,0.25,0.25,0.25
24752,0.25,0.25,0.25,0.25
24753,0.25,0.25,0.25,0.25
24754,0.25,0.25,0.25,0.25
24755,0.25,0.25,0.25,0.25
24756,0.25,0.25,0.25,0.25
24757,0.25,0.25,0.25,0.25
24758,0.25,0.25,0.25,0.25
24759,0.25,0.25,0.25,0.25
24760,0.25,0.25,0.25,0.25
24761,0.25,0.25,0.25,0.25
24762,0.25,0.25,0.25,0.25
24763,0.25,0.25,0.25,0.25
24764,0.25,0.25,0.25,0.25
24765,0.25,0.25,0.25,0.25
24766,0.25,0.25,0.25,0.25
24767,0.25,0.25,0.25,0.25
24768,0.25,0.25,0.25,0.25
24769,0.25,0.25,0.25,0.25
24770,0.25,0.25,0.25,0.25
24771,0.25,0.25,0.25,0.25
24772,0.25,0.25,0.25,0.25
24773,0.25,0.25,0.25,0.25
24774,0.25,0.25,0.25,0.25
24775,0.25,0.25,0.25,0.25
24776,0.25,0.25,0.25,0.25
24777,0.25,0.25,0.25,0.25
24778,0.25,0.25,0.25,0.25
24779,0.25,0.25,0.25,0.25
24780,0.25,0.25,0.25,0.25
24781,0.25,0.25,0.25,0.25
24782,0.25,0.25,0.25,0.25
24783,0.25,0.25,0.25,0.25
24784,0.25,0.25,0.25,0.25
24785,0.25,0.25,0.25,0.25
24786,0.25,0.25,0.25,0.25
24787,0.25,0.25,0.25,0.25
24788,0.25,0.25,0.25,0.25
24789,0.25,0.25,0.25,0.25
24790,0.25,0.25,0.25,0.25
24791,0.25,0.25,0.25,0.25
24792,0.25,0.25,0.25,0.25
24793,0.25,0.25,0.25,0.25
24794,0.25,0.25,0.25,0.25
24795,0.25,0.25,0.25,0.25
24796,0.25,0.25,0.25,0.25
24797,0.25,0.25,0.25,0.25
24798,0.25,0.25,0.25,0.25
24799,0.25,0.25,0.25,0.25
24800,0.25,0.25,0.25,0.25
24801,0.25,0.25,0.25,0.25
24802,0.25,0.25,0.25,0.25
24803,0.25,0.25,0.25,0.25
24804,0.25,0.25,0.25,0.25
24805,0.25,0.25,0.25,0.25
24806,0.25,0.25,0.25,0.25
24807,0.25,0.25,0.25,0.25
24808,0.25,0.25,0.25,0.25
24809,0.25,0.25,0.25,0.25
24810,0.25,0.25,0.25,0.25
24811,0.25,0.25,0.25,0.25
24812,0.25,0.25,0.25,0.25
24813,0.25,0.25,0.25,0.25
24814,0.25,0.25,0.25,0.25
24815,0.25,0.25,0.25,0.25
24816,0.25,0.25,0.25,0.25
24817,0.25,0.25,0.25,0.25
24818,0.25,0.25,0.25,0.25
24819,0.25,0.25,0.25,0.25
24820,0.25,0.25,0.25,0.25
24821,0.25,0.25,0.25,0.25
24822,0.25,0.25,0.25,0.25
24823,0.25,0.25,0.25,0.25
24824,0.25,0.25,0.25,0.25
24825,0.25,0.25,0.25,0.25
24826,0.25,0.25,0.25,0.25
24827,0.25,0.25,0.25,0.25
24828,0.25,0.25,0.25,0.25
24829,0.25,0.25,0.25,0.25
24830,0.25,0.25,0.25,0.25
24831,0.25,0.25,0.25,0.25
24832,0.25,0.25,0.25,0.25
24833,0.25,0.25,0.25,0.25
24834,0.25,0.25,0.25,0.25
24835,0.25,0.25,0.25,0.25
24836,0.25,0.25,0.25,0.25
24837,0.25,0.25,0.25,0.25
24838,0.25,0.25,0.25,0.25
24839,0.25,0.25,0.25,0.25
24840,0.25,0.25,0.25,0.25
24841,0.25,0.25,0.25,0.25
24842,0.25,0.25,0.25,0.25
24843,0.25,0.25,0.25,0.25
24844,0.25,0.25,0.25,0.25
24845,0.25,0.25,0.25,0.25
24846,0.25,0.25,0.25,0.25
24847,0.25,0.25,0.25,0.25
24848,0.25,0.25,0.25,0.25
24849,0.25,0.25,0.25,0.25
24850,0.25,0.25,0.25,0.25
24851,0.25,0.25,0.25,0.25
24852,0.25,0.25,0.25,0.25
24853,0.25,0.25,0.25,0.25
24854,0.25,0.25,0.25,0.25
24855,0.25,0.25,0.25,0.25
24856,0.25,0.25,0.25,0.25
24857,0.25,0.25,0.25,0.25
24858,0.25,0.25,0.25,0.25
24859,0.25,0.25,0.25,0.25
24860,0.25,0.25,0.25,0.25
24861,0.25,0.25,0.25,0.25
24862,0.25,0.25,0.25,0.25
24863,0.25,0.25,0.25,0.25
24864,0.25,0.25,0.25,0.25
24865,0.25,0.25,0.25,0.25
24866,0.25,0.25,0.25,0.25
24867,0.25,0.25,0.25,0.25
24868,0.25,0.25,0.25,0.25
24869,0.25,0.25,0.25,0.25
24870,0.25,0.25,0.25,0.25
24871,0.25,0.25,0.25,0.25
24872,0.25,0.25,0.25,0.25
24873,0.25,0.25,0.25,0.25
24874,0.25,0.25,0.25,0.25
24875,0.25,0.25,0.25,0.25
24876,0.25,0.25,0.25,0.25
24877,0.25,0.25,0.25,0.25
24878,0.25,0.25,0.25,0.25
24879,0.25,0.25,0.25,0.25
24880,0.25,0.25,0.25,0.25
24881,0.25,0.25,0.25,0.25
24882,0.25,0.25,0.25,0.25
24883,0.25,0.25,0.25,0.25
24884,0.25,0.25,0.25,0.25
24885,0.25,0.25,0.25,0.25
24886,0.25,0.25,0.25,0.25
24887,0.25,0.25,0.25,0.25
24888,0.25,0.25,0.25,0.25
24889,0.25,0.25,0.25,0.25
24890,0.25,0.25,0.25,0.25
24891,0.25,0.25,0.25,0.25
24892,0.25,0.25,0.25,0.25
24893,0.25,0.25,0.25,0.25
24894,0.25,0.25,0.25,0.25
24895,0.25,0.25,0.25,0.25
24896,0.25,0.25,0.25,0.25
24897,0.25,0.25,0.25,0.25
24898,0.25,0.25,0.25,0.25
24899,0.25,0.25,0.25,0.25
24900,0.25,0.25,0.25,0.25
24901,0.25,0.25,0.25,0.25
24902,0.25,0.25,0.25,0.25
24903,0.25,0.25,0.25,0.25
24904,0.25,0.25,0.25,0.25
24905,0.25,0.25,0.25,0.25
24906,0.25,0.25,0.25,0.25
24907,0.25,0.25,0.25,0.25
24908,0.25,0.25,0.25,0.25
24909,0.25,0.25,0.25,0.25
24910,0.25,0.25,0.25,0.25
24911,0.25,0.25,0.25,0.25
24912,0.25,0.25,0.25,0.25
24913,0.25,0.25,0.25,0.25
24914,0.25,0.25,0.25,0.25
24915,0.25,0.25,0.25,0.25
24916,0.25,0.25,0.25,0.25
24917,0.25,0.25,0.25,0.25
24918,0.25,0.25,0.25,0.25
24919,0.25,0.25,0.25,0.25
24920,0.25,0.25,0.25,0.25
24921,0.25,0.25,0.25,0.25
24922,0.25,0.25,0.25,0.25
24923,0.25,0.25,0.25,0.25
24924,0.25,0.25,0.25,0.25
24925,0.25,0.25,0.25,0.25
24926,0.25,0.25,0.25,0.25
24927,0.25,0.25,0.25,0.25
24928,0.25,0.25,0.25,0.25
24929,0.25,0.25,0.25,0.25
24930,0.25,0.25,0.25,0.25
24931,0.25,0.25,0.25,0.25
24932,0.25,0.25,0.25,0.25
24933,0.25,0.25,0.25,0.25
24934,0.25,0.25,0.25,0.25
24935,0.25,0.25,0.25,0.25
24936,0.25,0.25,0.25,0.25
24937,0.25,0.25,0.25,0.25
24938,0.25,0.25,0.25,0.25
24939,0.25,0.25,0.25,0.25
24940,0.25,0.25,0.25,0.25
24941,0.25,0.25,0.25,0.25
24942,0.25,0.25,0.25,0.25
24943,0.25,0.25,0.25,0.25
24944,0.25,0.25,0.25,0.25
24945,0.25,0.25,0.25,0.25
24946,0.25,0.25,0.25,0.25
24947,0.25,0.25,0.25,0.25
24948,0.25,0.25,0.25,0.25
24949,0.25,0.25,0.25,0.25
24950,0.25,0.25,0.25,0.25
24951,0.25,0.25,0.25,0.25
24952,0.25,0.25,0.25,0.25
24953,0.25,0.25,0.25,0.25
24954,0.25,0.25,0.25,0.25
24955,0.25,0.25,0.25,0.25
24956,0.25,0.25,0.25,0.25
24957,0.25,0.25,0.25,0.25
24958,0.25,0.25,0.25,0.25
24959,0.25,0.25,0.25,0.25
24960,0.25,0.25,0.25,0.25
24961,0.25,0.25,0.25,0.25
24962,0.25,0.25,0.25,0.25
24963,0.25,0.25,0.25,0.25
24964,0.25,0.25,0.25,0.25
24965,0.25,0.25,0.25,0.25
24966,0.25,0.25,0.25,0.25
24967,0.25,0.25,0.25,0.25
24968,0.25,0.25,0.25,0.25
24969,0.25,0.25,0.25,0.25
24970,0.25,0.25,0.25,0.25
24971,0.25,0.25,0.25,0.25
24972,0.25,0.25,0.25,0.25
24973,0.25,0.25,0.25,0.25
24974,0.25,0.25,0.25,0.25
24975,0.25,0.25,0.25,0.25
24976,0.25,0.25,0.25,0.25
24977,0.25,0.25,0.25,0.25
24978,0.25,0.25,0.25,0.25
24979,0.25,0.25,0.25,0.25
24980,0.25,0.25,0.25,0.25
24981,0.25,0.25,0.25,0.25
24982,0.25,0.25,0.25,0.25
24983,0.25,0.25,0.25,0.25
24984,0.25,0.25,0.25,0.25
24985,0.25,0.25,0.25,0.25
24986,0.25,0.25,0.25,0.25
24987,0.25,0.25,0.25,0.25
24988,0.25,0.25,0.25,0.25
24989,0.25,0.25,0.25,0.25
24990,0.25,0.25,0.25,0.25
24991,0.25,0.25,0.25,0.25
24992,0.25,0.25,0.25,0.25
24993,0.25,0.25,0.25,0.25
24994,0.25,0.25,0.25,0.25
24995,0.25,0.25,0.25,0.25
24996,0.25,0.25,0.25,0.25
24997,0.25,0.25,0.25,0.25
24998,0.25,0.25,0.25,0.25
24999,0.25,0.25,0.25,0.25
25000,0.25,0.25,0.25,0.25
25001,0.25,0.25,0.25,0.25
25002,0.25,0.25,0.25,0.25
25003,0.25,0.25,0.25,0.25
25004,0.25,0.25,0.25,0.25
25005,0.25,0.25,0.25,0.25
25006,0.25,0.25,0.25,0.25
25007,0.25,0.25,0.25,0.25
25008,0.25,0.25,0.25,0.25
25009,0.25,0.25,0.25,0.25
25010,0.25,0.25,0.25,0.25
25011,0.25,0.25,0.25,0.25
25012,0.25,0.25,0.25,0.25
25013,0.25,0.25,0.25,0.25
25014,0.25,0.25,0.25,0.25
25015,0.25,0.25,0.25,0.25
25016,0.25,0.25,0.25,0.25
25017,0.25,0.25,0.25,0.25
25018,0.25,0.25,0.25,0.25
25019,0.25,0.25,0.25,0.25
25020,0.25,0.25,0.25,0.25
25021,0.25,0.25,0.25,0.25
25022,0.25,0.25,0.25,0.25
25023,0.25,0.25,0.25,0.25
25024,0.25,0.25,0.25,0.25
25025,0.25,0.25,0.25,0.25
25026,0.25,0.25,0.25,0.25
25027,0.25,0.25,0.25,0.25
25028,0.25,0.25,0.25,0.25
25029,0.25,0.25,0.25,0.25
25030,0.25,0.25,0.25,0.25
25031,0.25,0.25,0.25,0.25
25032,0.25,0.25,0.25,0.25
25033,0.25,0.25,0.25,0.25
25034,0.25,0.25,0.25,0.25
25035,0.25,0.25,0.25,0.25
25036,0.25,0.25,0.25,0.25
25037,0.25,0.25,0.25,0.25
25038,0.25,0.25,0.25,0.25
25039,0.25,0.25,0.25,0.25
25040,0.25,0.25,0.25,0.25
25041,0.25,0.25,0.25,0.25
25042,0.25,0.25,0.25,0.25
25043,0.25,0.25,0.25,0.25
25044,0.25,0.25,0.25,0.25
25045,0.25,0.25,0.25,0.25
25046,0.25,0.25,0.25,0.25
25047,0.25,0.25,0.25,0.25
25048,0.25,0.25,0.25,0.25
25049,0.25,0.25,0.25,0.25
25050,0.25,0.25,0.25,0.25
25051,0.25,0.25,0.25,0.25
25052,0.25,0.25,0.25,0.25
25053,0.25,0.25,0.25,0.25
25054,0.25,0.25,0.25,0.25
25055,0.25,0.25,0.25,0.25
25056,0.25,0.25,0.25,0.25
25057,0.25,0.25,0.25,0.25
25058,0.25,0.25,0.25,0.25
25059,0.25,0.25,0.25,0.25
25060,0.25,0.25,0.25,0.25
25061,0.25,0.25,0.25,0.25
25062,0.25,0.25,0.25,0.25
25063,0.25,0.25,0.25,0.25
25064,0.25,0.25,0.25,0.25
25065,0.25,0.25,0.25,0.25
25066,0.25,0.25,0.25,0.25
25067,0.25,0.25,0.25,0.25
25068,0.25,0.25,0.25,0.25
25069,0.25,0.25,0.25,0.25
25070,0.25,0.25,0.25,0.25
25071,0.25,0.25,0.25,0.25
25072,0.25,0.25,0.25,0.25
25073,0.25,0.25,0.25,0.25
25074,0.25,0.25,0.25,0.25
25075,0.25,0.25,0.25,0.25
25076,0.25,0.25,0.25,0.25
25077,0.25,0.25,0.25,0.25
25078,0.25,0.25,0.25,0.25
25079,0.25,0.25,0.25,0.25
25080,0.25,0.25,0.25,0.25
25081,0.25,0.25,0.25,0.25
25082,0.25,0.25,0.25,0.25
25083,0.25,0.25,0.25,0.25
25084,0.25,0.25,0.25,0.25
25085,0.25,0.25,0.25,0.25
25086,0.25,0.25,0.25,0.25
25087,0.25,0.25,0.25,0.25
25088,0.25,0.25,0.25,0.25
25089,0.25,0.25,0.25,0.25
25090,0.25,0.25,0.25,0.25
25091,0.25,0.25,0.25,0.25
25092,0.25,0.25,0.25,0.25
25093,0.25,0.25,0.25,0.25
25094,0.25,0.25,0.25,0.25
25095,0.25,0.25,0.25,0.25
25096,0.25,0.25,0.25,0.25
25097,0.25,0.25,0.25,0.25
25098,0.25,0.25,0.25,0.25
25099,0.25,0.25,0.25,0.25
25100,0.25,0.25,0.25,0.25
25101,0.25,0.25,0.25,0.25
25102,0.25,0.25,0.25,0.25
25103,0.25,0.25,0.25,0.25
25104,0.25,0.25,0.25,0.25
25105,0.25,0.25,0.25,0.25
25106,0.25,0.25,0.25,0.25
25107,0.25,0.25,0.25,0.25
25108,0.25,0.25,0.25,0.25
25109,0.25,0.25,0.25,0.25
25110,0.25,0.25,0.25,0.25
25111,0.25,0.25,0.25,0.25
25112,0.25,0.25,0.25,0.25
25113,0.25,0.25,0.25,0.25
25114,0.25,0.25,0.25,0.25
25115,0.25,0.25,0.25,0.25
25116,0.25,0.25,0.25,0.25
25117,0.25,0.25,0.25,0.25
25118,0.25,0.25,0.25,0.25
25119,0.25,0.25,0.25,0.25
25120,0.25,0.25,0.25,0.25
25121,0.25,0.25,0.25,0.25
25122,0.25,0.25,0.25,0.25
25123,0.25,0.25,0.25,0.25
25124,0.25,0.25,0.25,0.25
25125,0.25,0.25,0.25,0.25
25126,0.25,0.25,0.25,0.25
25127,0.25,0.25,0.25,0.25
25128,0.25,0.25,0.25,0.25
25129,0.25,0.25,0.25,0.25
25130,0.25,0.25,0.25,0.25
25131,0.25,0.25,0.25,0.25
25132,0.25,0.25,0.25,0.25
25133,0.25,0.25,0.25,0.25
25134,0.25,0.25,0.25,0.25
25135,0.25,0.25,0.25,0.25
25136,0.25,0.25,0.25,0.25
25137,0.25,0.25,0.25,0.25
25138,0.25,0.25,0.25,0.25
25139,0.25,0.25,0.25,0.25
25140,0.25,0.25,0.25,0.25
25141,0.25,0.25,0.25,0.25
25142,0.25,0.25,0.25,0.25
25143,0.25,0.25,0.25,0.25
25144,0.25,0.25,0.25,0.25
25145,0.25,0.25,0.25,0.25
25146,0.25,0.25,0.25,0.25
25147,0.25,0.25,0.25,0.25
25148,0.25,0.25,0.25,0.25
25149,0.25,0.25,0.25,0.25
25150,0.25,0.25,0.25,0.25
25151,0.25,0.25,0.25,0.25
25152,0.25,0.25,0.25,0.25
25153,0.25,0.25,0.25,0.25
25154,0.25,0.25,0.25,0.25
25155,0.25,0.25,0.25,0.25
25156,0.25,0.25,0.25,0.25
25157,0.25,0.25,0.25,0.25
25158,0.25,0.25,0.25,0.25
25159,0.25,0.25,0.25,0.25
25160,0.25,0.25,0.25,0.25
25161,0.25,0.25,0.25,0.25
25162,0.25,0.25,0.25,0.25
25163,0.25,0.25,0.25,0.25
25164,0.25,0.25,0.25,0.25
25165,0.25,0.25,0.25,0.25
25166,0.25,0.25,0.25,0.25
25167,0.25,0.25,0.25,0.25
25168,0.25,0.25,0.25,0.25
25169,0.25,0.25,0.25,0.25
25170,0.25,0.25,0.25,0.25
25171,0.25,0.25,0.25,0.25
25172,0.25,0.25,0.25,0.25
25173,0.25,0.25,0.25,0.25
25174,0.25,0.25,0.25,0.25
25175,0.25,0.25,0.25,0.25
25176,0.25,0.25,0.25,0.25
25177,0.25,0.25,0.25,0.25
25178,0.25,0.25,0.25,0.25
25179,0.25,0.25,0.25,0.25
25180,0.25,0.25,0.25,0.25
25181,0.25,0.25,0.25,0.25
25182,0.25,0.25,0.25,0.25
25183,0.25,0.25,0.25,0.25
25184,0.25,0.25,0.25,0.25
25185,0.25,0.25,0.25,0.25
25186,0.25,0.25,0.25,0.25
25187,0.25,0.25,0.25,0.25
25188,0.25,0.25,0.25,0.25
25189,0.25,0.25,0.25,0.25
25190,0.25,0.25,0.25,0.25
25191,0.25,0.25,0.25,0.25
25192,0.25,0.25,0.25,0.25
25193,0.25,0.25,0.25,0.25
25194,0.25,0.25,0.25,0.25
25195,0.25,0.25,0.25,0.25
25196,0.25,0.25,0.25,0.25
25197,0.25,0.25,0.25,0.25
25198,0.25,0.25,0.25,0.25
25199,0.25,0.25,0.25,0.25
25200,0.25,0.25,0.25,0.25
25201,0.25,0.25,0.25,0.25
25202,0.25,0.25,0.25,0.25
25203,0.25,0.25,0.25,0.25
25204,0.25,0.25,0.25,0.25
25205,0.25,0.25,0.25,0.25
25206,0.25,0.25,0.25,0.25
25207,0.25,0.25,0.25,0.25
25208,0.25,0.25,0.25,0.25
25209,0.25,0.25,0.25,0.25
25210,0.25,0.25,0.25,0.25
25211,0.25,0.25,0.25,0.25
25212,0.25,0.25,0.25,0.25
25213,0.25,0.25,0.25,0.25
25214,0.25,0.25,0.25,0.25
25215,0.25,0.25,0.25,0.25
25216,0.25,0.25,0.25,0.25
25217,0.25,0.25,0.25,0.25
25218,0.25,0.25,0.25,0.25
25219,0.25,0.25,0.25,0.25
25220,0.25,0.25,0.25,0.25
25221,0.25,0.25,0.25,0.25
25222,0.25,0.25,0.25,0.25
25223,0.25,0.25,0.25,0.25
25224,0.25,0.25,0.25,0.25
25225,0.25,0.25,0.25,0.25
25226,0.25,0.25,0.25,0.25
25227,0.25,0.25,0.25,0.25
25228,0.25,0.25,0.25,0.25
25229,0.25,0.25,0.25,0.25
25230,0.25,0.25,0.25,0.25
25231,0.25,0.25,0.25,0.25
25232,0.25,0.25,0.25,0.25
25233,0.25,0.25,0.25,0.25
25234,0.25,0.25,0.25,0.25
25235,0.25,0.25,0.25,0.25
25236,0.25,0.25,0.25,0.25
25237,0.25,0.25,0.25,0.25
25238,0.25,0.25,0.25,0.25
25239,0.25,0.25,0.25,0.25
25240,0.25,0.25,0.25,0.25
25241,0.25,0.25,0.25,0.25
25242,0.25,0.25,0.25,0.25
25243,0.25,0.25,0.25,0.25
25244,0.25,0.25,0.25,0.25
25245,0.25,0.25,0.25,0.25
25246,0.25,0.25,0.25,0.25
25247,0.25,0.25,0.25,0.25
25248,0.25,0.25,0.25,0.25
25249,0.25,0.25,0.25,0.25
25250,0.25,0.25,0.25,0.25
25251,0.25,0.25,0.25,0.25
25252,0.25,0.25,0.25,0.25
25253,0.25,0.25,0.25,0.25
25254,0.25,0.25,0.25,0.25
25255,0.25,0.25,0.25,0.25
25256,0.25,0.25,0.25,0.25
25257,0.25,0.25,0.25,0.25
25258,0.25,0.25,0.25,0.25
25259,0.25,0.25,0.25,0.25
25260,0.25,0.25,0.25,0.25
25261,0.25,0.25,0.25,0.25
25262,0.25,0.25,0.25,0.25
25263,0.25,0.25,0.25,0.25
25264,0.25,0.25,0.25,0.25
25265,0.25,0.25,0.25,0.25
25266,0.25,0.25,0.25,0.25
25267,0.25,0.25,0.25,0.25
25268,0.25,0.25,0.25,0.25
25269,0.25,0.25,0.25,0.25
25270,0.25,0.25,0.25,0.25
25271,0.25,0.25,0.25,0.25
25272,0.25,0.25,0.25,0.25
25273,0.25,0.25,0.25,0.25
25274,0.25,0.25,0.25,0.25
25275,0.25,0.25,0.25,0.25
25276,0.25,0.25,0.25,0.25
25277,0.25,0.25,0.25,0.25
25278,0.25,0.25,0.25,0.25
25279,0.25,0.25,0.25,0.25
25280,0.25,0.25,0.25,0.25
25281,0.25,0.25,0.25,0.25
25282,0.25,0.25,0.25,0.25
25283,0.25,0.25,0.25,0.25
25284,0.25,0.25,0.25,0.25
25285,0.25,0.25,0.25,0.25
25286,0.25,0.25,0.25,0.25
25287,0.25,0.25,0.25,0.25
25288,0.25,0.25,0.25,0.25
25289,0.25,0.25,0.25,0.25
25290,0.25,0.25,0.25,0.25
25291,0.25,0.25,0.25,0.25
25292,0.25,0.25,0.25,0.25
25293,0.25,0.25,0.25,0.25
25294,0.25,0.25,0.25,0.25
25295,0.25,0.25,0.25,0.25
25296,0.25,0.25,0.25,0.25
25297,0.25,0.25,0.25,0.25
25298,0.25,0.25,0.25,0.25
25299,0.25,0.25,0.25,0.25
25300,0.25,0.25,0.25,0.25
25301,0.25,0.25,0.25,0.25
25302,0.25,0.25,0.25,0.25
25303,0.25,0.25,0.25,0.25
25304,0.25,0.25,0.25,0.25
25305,0.25,0.25,0.25,0.25
25306,0.25,0.25,0.25,0.25
25307,0.25,0.25,0.25,0.25
25308,0.25,0.25,0.25,0.25
25309,0.25,0.25,0.25,0.25
25310,0.25,0.25,0.25,0.25
25311,0.25,0.25,0.25,0.25
25312,0.25,0.25,0.25,0.25
25313,0.25,0.25,0.25,0.25
25314,0.25,0.25,0.25,0.25
25315,0.25,0.25,0.25,0.25
25316,0.25,0.25,0.25,0.25
25317,0.25,0.25,0.25,0.25
25318,0.25,0.25,0.25,0.25
25319,0.25,0.25,0.25,0.25
25320,0.25,0.25,0.25,0.25
25321,0.25,0.25,0.25,0.25
25322,0.25,0.25,0.25,0.25
25323,0.25,0.25,0.25,0.25
25324,0.25,0.25,0.25,0.25
25325,0.25,0.25,0.25,0.25
25326,0.25,0.25,0.25,0.25
25327,0.25,0.25,0.25,0.25
25328,0.25,0.25,0.25,0.25
25329,0.25,0.25,0.25,0.25
25330,0.25,0.25,0.25,0.25
25331,0.25,0.25,0.25,0.25
25332,0.25,0.25,0.25,0.25
25333,0.25,0.25,0.25,0.25
25334,0.25,0.25,0.25,0.25
25335,0.25,0.25,0.25,0.25
25336,0.25,0.25,0.25,0.25
25337,0.25,0.25,0.25,0.25
25338,0.25,0.25,0.25,0.25
25339,0.25,0.25,0.25,0.25
25340,0.25,0.25,0.25,0.25
25341,0.25,0.25,0.25,0.25
25342,0.25,0.25,0.25,0.25
25343,0.25,0.25,0.25,0.25
25344,0.25,0.25,0.25,0.25
25345,0.25,0.25,0.25,0.25
25346,0.25,0.25,0.25,0.25
25347,0.25,0.25,0.25,0.25
25348,0.25,0.25,0.25,0.25
25349,0.25,0.25,0.25,0.25
25350,0.25,0.25,0.25,0.25
25351,0.25,0.25,0.25,0.25
25352,0.25,0.25,0.25,0.25
25353,0.25,0.25,0.25,0.25
25354,0.25,0.25,0.25,0.25
25355,0.25,0.25,0.25,0.25
25356,0.25,0.25,0.25,0.25
25357,0.25,0.25,0.25,0.25
25358,0.25,0.25,0.25,0.25
25359,0.25,0.25,0.25,0.25
25360,0.25,0.25,0.25,0.25
25361,0.25,0.25,0.25,0.25
25362,0.25,0.25,0.25,0.25
25363,0.25,0.25,0.25,0.25
25364,0.25,0.25,0.25,0.25
25365,0.25,0.25,0.25,0.25
25366,0.25,0.25,0.25,0.25
25367,0.25,0.25,0.25,0.25
25368,0.25,0.25,0.25,0.25
25369,0.25,0.25,0.25,0.25
25370,0.25,0.25,0.25,0.25
25371,0.25,0.25,0.25,0.25
25372,0.25,0.25,0.25,0.25
25373,0.25,0.25,0.25,0.25
25374,0.25,0.25,0.25,0.25
25375,0.25,0.25,0.25,0.25
25376,0.25,0.25,0.25,0.25
25377,0.25,0.25,0.25,0.25
25378,0.25,0.25,0.25,0.25
25379,0.25,0.25,0.25,0.25
25380,0.25,0.25,0.25,0.25
25381,0.25,0.25,0.25,0.25
25382,0.25,0.25,0.25,0.25
25383,0.25,0.25,0.25,0.25
25384,0.25,0.25,0.25,0.25
25385,0.25,0.25,0.25,0.25
25386,0.25,0.25,0.25,0.25
25387,0.25,0.25,0.25,0.25
25388,0.25,0.25,0.25,0.25
25389,0.25,0.25,0.25,0.25
25390,0.25,0.25,0.25,0.25
25391,0.25,0.25,0.25,0.25
25392,0.25,0.25,0.25,0.25
25393,0.25,0.25,0.25,0.25
25394,0.25,0.25,0.25,0.25
25395,0.25,0.25,0.25,0.25
25396,0.25,0.25,0.25,0.25
25397,0.25,0.25,0.25,0.25
25398,0.25,0.25,0.25,0.25
25399,0.25,0.25,0.25,0.25
25400,0.25,0.25,0.25,0.25
25401,0.25,0.25,0.25,0.25
25402,0.25,0.25,0.25,0.25
25403,0.25,0.25,0.25,0.25
25404,0.25,0.25,0.25,0.25
25405,0.25,0.25,0.25,0.25
25406,0.25,0.25,0.25,0.25
25407,0.25,0.25,0.25,0.25
25408,0.25,0.25,0.25,0.25
25409,0.25,0.25,0.25,0.25
25410,0.25,0.25,0.25,0.25
25411,0.25,0.25,0.25,0.25
25412,0.25,0.25,0.25,0.25
25413,0.25,0.25,0.25,0.25
25414,0.25,0.25,0.25,0.25
25415,0.25,0.25,0.25,0.25
25416,0.25,0.25,0.25,0.25
25417,0.25,0.25,0.25,0.25
25418,0.25,0.25,0.25,0.25
25419,0.25,0.25,0.25,0.25
25420,0.25,0.25,0.25,0.25
25421,0.25,0.25,0.25,0.25
25422,0.25,0.25,0.25,0.25
25423,0.25,0.25,0.25,0.25
25424,0.25,0.25,0.25,0.25
25425,0.25,0.25,0.25,0.25
25426,0.25,0.25,0.25,0.25
25427,0.25,0.25,0.25,0.25
25428,0.25,0.25,0.25,0.25
25429,0.25,0.25,0.25,0.25
25430,0.25,0.25,0.25,0.25
25431,0.25,0.25,0.25,0.25
25432,0.25,0.25,0.25,0.25
25433,0.25,0.25,0.25,0.25
25434,0.25,0.25,0.25,0.25
25435,0.25,0.25,0.25,0.25
25436,0.25,0.25,0.25,0.25
25437,0.25,0.25,0.25,0.25
25438,0.25,0.25,0.25,0.25
25439,0.25,0.25,0.25,0.25
25440,0.25,0.25,0.25,0.25
25441,0.25,0.25,0.25,0.25
25442,0.25,0.25,0.25,0.25
25443,0.25,0.25,0.25,0.25
25444,0.25,0.25,0.25,0.25
25445,0.25,0.25,0.25,0.25
25446,0.25,0.25,0.25,0.25
25447,0.25,0.25,0.25,0.25
25448,0.25,0.25,0.25,0.25
25449,0.25,0.25,0.25,0.25
25450,0.25,0.25,0.25,0.25
25451,0.25,0.25,0.25,0.25
25452,0.25,0.25,0.25,0.25
25453,0.25,0.25,0.25,0.25
25454,0.25,0.25,0.25,0.25
25455,0.25,0.25,0.25,0.25
25456,0.25,0.25,0.25,0.25
25457,0.25,0.25,0.25,0.25
25458,0.25,0.25,0.25,0.25
25459,0.25,0.25,0.25,0.25
25460,0.25,0.25,0.25,0.25
25461,0.25,0.25,0.25,0.25
25462,0.25,0.25,0.25,0.25
25463,0.25,0.25,0.25,0.25
25464,0.25,0.25,0.25,0.25
25465,0.25,0.25,0.25,0.25
25466,0.25,0.25,0.25,0.25
25467,0.25,0.25,0.25,0.25
25468,0.25,0.25,0.25,0.25
25469,0.25,0.25,0.25,0.25
25470,0.25,0.25,0.25,0.25
25471,0.25,0.25,0.25,0.25
25472,0.25,0.25,0.25,0.25
25473,0.25,0.25,0.25,0.25
25474,0.25,0.25,0.25,0.25
25475,0.25,0.25,0.25,0.25
25476,0.25,0.25,0.25,0.25
25477,0.25,0.25,0.25,0.25
25478,0.25,0.25,0.25,0.25
25479,0.25,0.25,0.25,0.25
25480,0.25,0.25,0.25,0.25
25481,0.25,0.25,0.25,0.25
25482,0.25,0.25,0.25,0.25
25483,0.25,0.25,0.25,0.25
25484,0.25,0.25,0.25,0.25
25485,0.25,0.25,0.25,0.25
25486,0.25,0.25,0.25,0.25
25487,0.25,0.25,0.25,0.25
25488,0.25,0.25,0.25,0.25
25489,0.25,0.25,0.25,0.25
25490,0.25,0.25,0.25,0.25
25491,0.25,0.25,0.25,0.25
25492,0.25,0.25,0.25,0.25
25493,0.25,0.25,0.25,0.25
25494,0.25,0.25,0.25,0.25
25495,0.25,0.25,0.25,0.25
25496,0.25,0.25,0.25,0.25
25497,0.25,0.25,0.25,0.25
25498,0.25,0.25,0.25,0.25
25499,0.25,0.25,0.25,0.25
25500,0.25,0.25,0.25,0.25
25501,0.25,0.25,0.25,0.25
25502,0.25,0.25,0.25,0.25
25503,0.25,0.25,0.25,0.25
25504,0.25,0.25,0.25,0.25
25505,0.25,0.25,0.25,0.25
25506,0.25,0.25,0.25,0.25
25507,0.25,0.25,0.25,0.25
25508,0.25,0.25,0.25,0.25
25509,0.25,0.25,0.25,0.25
25510,0.25,0.25,0.25,0.25
25511,0.25,0.25,0.25,0.25
25512,0.25,0.25,0.25,0.25
25513,0.25,0.25,0.25,0.25
25514,0.25,0.25,0.25,0.25
25515,0.25,0.25,0.25,0.25
25516,0.25,0.25,0.25,0.25
25517,0.25,0.25,0.25,0.25
25518,0.25,0.25,0.25,0.25
25519,0.25,0.25,0.25,0.25
25520,0.25,0.25,0.25,0.25
25521,0.25,0.25,0.25,0.25
25522,0.25,0.25,0.25,0.25
25523,0.25,0.25,0.25,0.25
25524,0.25,0.25,0.25,0.25
25525,0.25,0.25,0.25,0.25
25526,0.25,0.25,0.25,0.25
25527,0.25,0.25,0.25,0.25
25528,0.25,0.25,0.25,0.25
25529,0.25,0.25,0.25,0.25
25530,0.25,0.25,0.25,0.25
25531,0.25,0.25,0.25,0.25
25532,0.25,0.25,0.25,0.25
25533,0.25,0.25,0.25,0.25
25534,0.25,0.25,0.25,0.25
25535,0.25,0.25,0.25,0.25
25536,0.25,0.25,0.25,0.25
25537,0.25,0.25,0.25,0.25
25538,0.25,0.25,0.25,0.25
25539,0.25,0.25,0.25,0.25
25540,0.25,0.25,0.25,0.25
25541,0.25,0.25,0.25,0.25
25542,0.25,0.25,0.25,0.25
25543,0.25,0.25,0.25,0.25
25544,0.25,0.25,0.25,0.25
25545,0.25,0.25,0.25,0.25
25546,0.25,0.25,0.25,0.25
25547,0.25,0.25,0.25,0.25
25548,0.25,0.25,0.25,0.25
25549,0.25,0.25,0.25,0.25
25550,0.25,0.25,0.25,0.25
25551,0.25,0.25,0.25,0.25
25552,0.25,0.25,0.25,0.25
25553,0.25,0.25,0.25,0.25
25554,0.25,0.25,0.25,0.25
25555,0.25,0.25,0.25,0.25
25556,0.25,0.25,0.25,0.25
25557,0.25,0.25,0.25,0.25
25558,0.25,0.25,0.25,0.25
25559,0.25,0.25,0.25,0.25
25560,0.25,0.25,0.25,0.25
25561,0.25,0.25,0.25,0.25
25562,0.25,0.25,0.25,0.25
25563,0.25,0.25,0.25,0.25
25564,0.25,0.25,0.25,0.25
25565,0.25,0.25,0.25,0.25
25566,0.25,0.25,0.25,0.25
25567,0.25,0.25,0.25,0.25
25568,0.25,0.25,0.25,0.25
25569,0.25,0.25,0.25,0.25
25570,0.25,0.25,0.25,0.25
25571,0.25,0.25,0.25,0.25
25572,0.25,0.25,0.25,0.25
25573,0.25,0.25,0.25,0.25
25574,0.25,0.25,0.25,0.25
25575,0.25,0.25,0.25,0.25
25576,0.25,0.25,0.25,0.25
25577,0.25,0.25,0.25,0.25
25578,0.25,0.25,0.25,0.25
25579,0.25,0.25,0.25,0.25
25580,0.25,0.25,0.25,0.25
25581,0.25,0.25,0.25,0.25
25582,0.25,0.25,0.25,0.25
25583,0.25,0.25,0.25,0.25
25584,0.25,0.25,0.25,0.25
25585,0.25,0.25,0.25,0.25
25586,0.25,0.25,0.25,0.25
25587,0.25,0.25,0.25,0.25
25588,0.25,0.25,0.25,0.25
25589,0.25,0.25,0.25,0.25
25590,0.25,0.25,0.25,0.25
25591,0.25,0.25,0.25,0.25
25592,0.25,0.25,0.25,0.25
25593,0.25,0.25,0.25,0.25
25594,0.25,0.25,0.25,0.25
25595,0.25,0.25,0.25,0.25
25596,0.25,0.25,0.25,0.25
25597,0.25,0.25,0.25,0.25
25598,0.25,0.25,0.25,0.25
25599,0.25,0.25,0.25,0.25
25600,0.25,0.25,0.25,0.25
25601,0.25,0.25,0.25,0.25
25602,0.25,0.25,0.25,0.25
25603,0.25,0.25,0.25,0.25
25604,0.25,0.25,0.25,0.25
25605,0.25,0.25,0.25,0.25
25606,0.25,0.25,0.25,0.25
25607,0.25,0.25,0.25,0.25
25608,0.25,0.25,0.25,0.25
25609,0.25,0.25,0.25,0.25
25610,0.25,0.25,0.25,0.25
25611,0.25,0.25,0.25,0.25
25612,0.25,0.25,0.25,0.25
25613,0.25,0.25,0.25,0.25
25614,0.25,0.25,0.25,0.25
25615,0.25,0.25,0.25,0.25
25616,0.25,0.25,0.25,0.25
25617,0.25,0.25,0.25,0.25
25618,0.25,0.25,0.25,0.25
25619,0.25,0.25,0.25,0.25
25620,0.25,0.25,0.25,0.25
25621,0.25,0.25,0.25,0.25
25622,0.25,0.25,0.25,0.25
25623,0.25,0.25,0.25,0.25
25624,0.25,0.25,0.25,0.25
25625,0.25,0.25,0.25,0.25
25626,0.25,0.25,0.25,0.25
25627,0.25,0.25,0.25,0.25
25628,0.25,0.25,0.25,0.25
25629,0.25,0.25,0.25,0.25
25630,0.25,0.25,0.25,0.25
25631,0.25,0.25,0.25,0.25
25632,0.25,0.25,0.25,0.25
25633,0.25,0.25,0.25,0.25
25634,0.25,0.25,0.25,0.25
25635,0.25,0.25,0.25,0.25
25636,0.25,0.25,0.25,0.25
25637,0.25,0.25,0.25,0.25
25638,0.25,0.25,0.25,0.25
25639,0.25,0.25,0.25,0.25
25640,0.25,0.25,0.25,0.25
25641,0.25,0.25,0.25,0.25
25642,0.25,0.25,0.25,0.25
25643,0.25,0.25,0.25,0.25
25644,0.25,0.25,0.25,0.25
25645,0.25,0.25,0.25,0.25
25646,0.25,0.25,0.25,0.25
25647,0.25,0.25,0.25,0.25
25648,0.25,0.25,0.25,0.25
25649,0.25,0.25,0.25,0.25
25650,0.25,0.25,0.25,0.25
25651,0.25,0.25,0.25,0.25
25652,0.25,0.25,0.25,0.25
25653,0.25,0.25,0.25,0.25
25654,0.25,0.25,0.25,0.25
25655,0.25,0.25,0.25,0.25
25656,0.25,0.25,0.25,0.25
25657,0.25,0.25,0.25,0.25
25658,0.25,0.25,0.25,0.25
25659,0.25,0.25,0.25,0.25
25660,0.25,0.25,0.25,0.25
25661,0.25,0.25,0.25,0.25
25662,0.25,0.25,0.25,0.25
25663,0.25,0.25,0.25,0.25
25664,0.25,0.25,0.25,0.25
25665,0.25,0.25,0.25,0.25
25666,0.25,0.25,0.25,0.25
25667,0.25,0.25,0.25,0.25
25668,0.25,0.25,0.25,0.25
25669,0.25,0.25,0.25,0.25
25670,0.25,0.25,0.25,0.25
25671,0.25,0.25,0.25,0.25
25672,0.25,0.25,0.25,0.25
25673,0.25,0.25,0.25,0.25
25674,0.25,0.25,0.25,0.25
25675,0.25,0.25,0.25,0.25
25676,0.25,0.25,0.25,0.25
25677,0.25,0.25,0.25,0.25
25678,0.25,0.25,0.25,0.25
25679,0.25,0.25,0.25,0.25
25680,0.25,0.25,0.25,0.25
25681,0.25,0.25,0.25,0.25
25682,0.25,0.25,0.25,0.25
25683,0.25,0.25,0.25,0.25
25684,0.25,0.25,0.25,0.25
25685,0.25,0.25,0.25,0.25
25686,0.25,0.25,0.25,0.25
25687,0.25,0.25,0.25,0.25
25688,0.25,0.25,0.25,0.25
25689,0.25,0.25,0.25,0.25
25690,0.25,0.25,0.25,0.25
25691,0.25,0.25,0.25,0.25
25692,0.25,0.25,0.25,0.25
25693,0.25,0.25,0.25,0.25
25694,0.25,0.25,0.25,0.25
25695,0.25,0.25,0.25,0.25
25696,0.25,0.25,0.25,0.25
25697,0.25,0.25,0.25,0.25
25698,0.25,0.25,0.25,0.25
25699,0.25,0.25,0.25,0.25
25700,0.25,0.25,0.25,0.25
25701,0.25,0.25,0.25,0.25
25702,0.25,0.25,0.25,0.25
25703,0.25,0.25,0.25,0.25
25704,0.25,0.25,0.25,0.25
25705,0.25,0.25,0.25,0.25
25706,0.25,0.25,0.25,0.25
25707,0.25,0.25,0.25,0.25
25708,0.25,0.25,0.25,0.25
25709,0.25,0.25,0.25,0.25
25710,0.25,0.25,0.25,0.25
25711,0.25,0.25,0.25,0.25
25712,0.25,0.25,0.25,0.25
25713,0.25,0.25,0.25,0.25
25714,0.25,0.25,0.25,0.25
25715,0.25,0.25,0.25,0.25
25716,0.25,0.25,0.25,0.25
25717,0.25,0.25,0.25,0.25
25718,0.25,0.25,0.25,0.25
25719,0.25,0.25,0.25,0.25
25720,0.25,0.25,0.25,0.25
25721,0.25,0.25,0.25,0.25
25722,0.25,0.25,0.25,0.25
25723,0.25,0.25,0.25,0.25
25724,0.25,0.25,0.25,0.25
25725,0.25,0.25,0.25,0.25
25726,0.25,0.25,0.25,0.25
25727,0.25,0.25,0.25,0.25
25728,0.25,0.25,0.25,0.25
25729,0.25,0.25,0.25,0.25
25730,0.25,0.25,0.25,0.25
25731,0.25,0.25,0.25,0.25
25732,0.25,0.25,0.25,0.25
25733,0.25,0.25,0.25,0.25
25734,0.25,0.25,0.25,0.25
25735,0.25,0.25,0.25,0.25
25736,0.25,0.25,0.25,0.25
25737,0.25,0.25,0.25,0.25
25738,0.25,0.25,0.25,0.25
25739,0.25,0.25,0.25,0.25
25740,0.25,0.25,0.25,0.25
25741,0.25,0.25,0.25,0.25
25742,0.25,0.25,0.25,0.25
25743,0.25,0.25,0.25,0.25
25744,0.25,0.25,0.25,0.25
25745,0.25,0.25,0.25,0.25
25746,0.25,0.25,0.25,0.25
25747,0.25,0.25,0.25,0.25
25748,0.25,0.25,0.25,0.25
25749,0.25,0.25,0.25,0.25
25750,0.25,0.25,0.25,0.25
25751,0.25,0.25,0.25,0.25
25752,0.25,0.25,0.25,0.25
25753,0.25,0.25,0.25,0.25
25754,0.25,0.25,0.25,0.25
25755,0.25,0.25,0.25,0.25
25756,0.25,0.25,0.25,0.25
25757,0.25,0.25,0.25,0.25
25758,0.25,0.25,0.25,0.25
25759,0.25,0.25,0.25,0.25
25760,0.25,0.25,0.25,0.25
25761,0.25,0.25,0.25,0.25
25762,0.25,0.25,0.25,0.25
25763,0.25,0.25,0.25,0.25
25764,0.25,0.25,0.25,0.25
25765,0.25,0.25,0.25,0.25
25766,0.25,0.25,0.25,0.25
25767,0.25,0.25,0.25,0.25
25768,0.25,0.25,0.25,0.25
25769,0.25,0.25,0.25,0.25
25770,0.25,0.25,0.25,0.25
25771,0.25,0.25,0.25,0.25
25772,0.25,0.25,0.25,0.25
25773,0.25,0.25,0.25,0.25
25774,0.25,0.25,0.25,0.25
25775,0.25,0.25,0.25,0.25
25776,0.25,0.25,0.25,0.25
25777,0.25,0.25,0.25,0.25
25778,0.25,0.25,0.25,0.25
25779,0.25,0.25,0.25,0.25
25780,0.25,0.25,0.25,0.25
25781,0.25,0.25,0.25,0.25
25782,0.25,0.25,0.25,0.25
25783,0.25,0.25,0.25,0.25
25784,0.25,0.25,0.25,0.25
25785,0.25,0.25,0.25,0.25
25786,0.25,0.25,0.25,0.25
25787,0.25,0.25,0.25,0.25
25788,0.25,0.25,0.25,0.25
25789,0.25,0.25,0.25,0.25
25790,0.25,0.25,0.25,0.25
25791,0.25,0.25,0.25,0.25
25792,0.25,0.25,0.25,0.25
25793,0.25,0.25,0.25,0.25
25794,0.25,0.25,0.25,0.25
25795,0.25,0.25,0.25,0.25
25796,0.25,0.25,0.25,0.25
25797,0.25,0.25,0.25,0.25
25798,0.25,0.25,0.25,0.25
25799,0.25,0.25,0.25,0.25
25800,0.25,0.25,0.25,0.25
25801,0.25,0.25,0.25,0.25
25802,0.25,0.25,0.25,0.25
25803,0.25,0.25,0.25,0.25
25804,0.25,0.25,0.25,0.25
25805,0.25,0.25,0.25,0.25
25806,0.25,0.25,0.25,0.25
25807,0.25,0.25,0.25,0.25
25808,0.25,0.25,0.25,0.25
25809,0.25,0.25,0.25,0.25
25810,0.25,0.25,0.25,0.25
25811,0.25,0.25,0.25,0.25
25812,0.25,0.25,0.25,0.25
25813,0.25,0.25,0.25,0.25
25814,0.25,0.25,0.25,0.25
25815,0.25,0.25,0.25,0.25
25816,0.25,0.25,0.25,0.25
25817,0.25,0.25,0.25,0.25
25818,0.25,0.25,0.25,0.25
25819,0.25,0.25,0.25,0.25
25820,0.25,0.25,0.25,0.25
25821,0.25,0.25,0.25,0.25
25822,0.25,0.25,0.25,0.25
25823,0.25,0.25,0.25,0.25
25824,0.25,0.25,0.25,0.25
25825,0.25,0.25,0.25,0.25
25826,0.25,0.25,0.25,0.25
25827,0.25,0.25,0.25,0.25
25828,0.25,0.25,0.25,0.25
25829,0.25,0.25,0.25,0.25
25830,0.25,0.25,0.25,0.25
25831,0.25,0.25,0.25,0.25
25832,0.25,0.25,0.25,0.25
25833,0.25,0.25,0.25,0.25
25834,0.25,0.25,0.25,0.25
25835,0.25,0.25,0.25,0.25
25836,0.25,0.25,0.25,0.25
25837,0.25,0.25,0.25,0.25
25838,0.25,0.25,0.25,0.25
25839,0.25,0.25,0.25,0.25
25840,0.25,0.25,0.25,0.25
25841,0.25,0.25,0.25,0.25
25842,0.25,0.25,0.25,0.25
25843,0.25,0.25,0.25,0.25
25844,0.25,0.25,0.25,0.25
25845,0.25,0.25,0.25,0.25
25846,0.25,0.25,0.25,0.25
25847,0.25,0.25,0.25,0.25
25848,0.25,0.25,0.25,0.25
25849,0.25,0.25,0.25,0.25
25850,0.25,0.25,0.25,0.25
25851,0.25,0.25,0.25,0.25
25852,0.25,0.25,0.25,0.25
25853,0.25,0.25,0.25,0.25
25854,0.25,0.25,0.25,0.25
25855,0.25,0.25,0.25,0.25
25856,0.25,0.25,0.25,0.25
25857,0.25,0.25,0.25,0.25
25858,0.25,0.25,0.25,0.25
25859,0.25,0.25,0.25,0.25
25860,0.25,0.25,0.25,0.25
25861,0.25,0.25,0.25,0.25
25862,0.25,0.25,0.25,0.25
25863,0.25,0.25,0.25,0.25
25864,0.25,0.25,0.25,0.25
25865,0.25,0.25,0.25,0.25
25866,0.25,0.25,0.25,0.25
25867,0.25,0.25,0.25,0.25
25868,0.25,0.25,0.25,0.25
25869,0.25,0.25,0.25,0.25
25870,0.25,0.25,0.25,0.25
25871,0.25,0.25,0.25,0.25
25872,0.25,0.25,0.25,0.25
25873,0.25,0.25,0.25,0.25
25874,0.25,0.25,0.25,0.25
25875,0.25,0.25,0.25,0.25
25876,0.25,0.25,0.25,0.25
25877,0.25,0.25,0.25,0.25
25878,0.25,0.25,0.25,0.25
25879,0.25,0.25,0.25,0.25
25880,0.25,0.25,0.25,0.25
25881,0.25,0.25,0.25,0.25
25882,0.25,0.25,0.25,0.25
25883,0.25,0.25,0.25,0.25
25884,0.25,0.25,0.25,0.25
25885,0.25,0.25,0.25,0.25
25886,0.25,0.25,0.25,0.25
25887,0.25,0.25,0.25,0.25
25888,0.25,0.25,0.25,0.25
25889,0.25,0.25,0.25,0.25
25890,0.25,0.25,0.25,0.25
25891,0.25,0.25,0.25,0.25
25892,0.25,0.25,0.25,0.25
25893,0.25,0.25,0.25,0.25
25894,0.25,0.25,0.25,0.25
25895,0.25,0.25,0.25,0.25
25896,0.25,0.25,0.25,0.25
25897,0.25,0.25,0.25,0.25
25898,0.25,0.25,0.25,0.25
25899,0.25,0.25,0.25,0.25
25900,0.25,0.25,0.25,0.25
25901,0.25,0.25,0.25,0.25
25902,0.25,0.25,0.25,0.25
25903,0.25,0.25,0.25,0.25
25904,0.25,0.25,0.25,0.25
25905,0.25,0.25,0.25,0.25
25906,0.25,0.25,0.25,0.25
25907,0.25,0.25,0.25,0.25
25908,0.25,0.25,0.25,0.25
25909,0.25,0.25,0.25,0.25
25910,0.25,0.25,0.25,0.25
25911,0.25,0.25,0.25,0.25
25912,0.25,0.25,0.25,0.25
25913,0.25,0.25,0.25,0.25
25914,0.25,0.25,0.25,0.25
25915,0.25,0.25,0.25,0.25
25916,0.25,0.25,0.25,0.25
25917,0.25,0.25,0.25,0.25
25918,0.25,0.25,0.25,0.25
25919,0.25,0.25,0.25,0.25
25920,0.25,0.25,0.25,0.25
25921,0.25,0.25,0.25,0.25
25922,0.25,0.25,0.25,0.25
25923,0.25,0.25,0.25,0.25
25924,0.25,0.25,0.25,0.25
25925,0.25,0.25,0.25,0.25
25926,0.25,0.25,0.25,0.25
25927,0.25,0.25,0.25,0.25
25928,0.25,0.25,0.25,0.25
25929,0.25,0.25,0.25,0.25
25930,0.25,0.25,0.25,0.25
25931,0.25,0.25,0.25,0.25
25932,0.25,0.25,0.25,0.25
25933,0.25,0.25,0.25,0.25
25934,0.25,0.25,0.25,0.25
25935,0.25,0.25,0.25,0.25
25936,0.25,0.25,0.25,0.25
25937,0.25,0.25,0.25,0.25
25938,0.25,0.25,0.25,0.25
25939,0.25,0.25,0.25,0.25
25940,0.25,0.25,0.25,0.25
25941,0.25,0.25,0.25,0.25
25942,0.25,0.25,0.25,0.25
25943,0.25,0.25,0.25,0.25
25944,0.25,0.25,0.25,0.25
25945,0.25,0.25,0.25,0.25
25946,0.25,0.25,0.25,0.25
25947,0.25,0.25,0.25,0.25
25948,0.25,0.25,0.25,0.25
25949,0.25,0.25,0.25,0.25
25950,0.25,0.25,0.25,0.25
25951,0.25,0.25,0.25,0.25
25952,0.25,0.25,0.25,0.25
25953,0.25,0.25,0.25,0.25
25954,0.25,0.25,0.25,0.25
25955,0.25,0.25,0.25,0.25
25956,0.25,0.25,0.25,0.25
25957,0.25,0.25,0.25,0.25
25958,0.25,0.25,0.25,0.25
25959,0.25,0.25,0.25,0.25
25960,0.25,0.25,0.25,0.25
25961,0.25,0.25,0.25,0.25
25962,0.25,0.25,0.25,0.25
25963,0.25,0.25,0.25,0.25
25964,0.25,0.25,0.25,0.25
25965,0.25,0.25,0.25,0.25
25966,0.25,0.25,0.25,0.25
25967,0.25,0.25,0.25,0.25
25968,0.25,0.25,0.25,0.25
25969,0.25,0.25,0.25,0.25
25970,0.25,0.25,0.25,0.25
25971,0.25,0.25,0.25,0.25
25972,0.25,0.25,0.25,0.25
25973,0.25,0.25,0.25,0.25
25974,0.25,0.25,0.25,0.25
25975,0.25,0.25,0.25,0.25
25976,0.25,0.25,0.25,0.25
25977,0.25,0.25,0.25,0.25
25978,0.25,0.25,0.25,0.25
25979,0.25,0.25,0.25,0.25
25980,0.25,0.25,0.25,0.25
25981,0.25,0.25,0.25,0.25
25982,0.25,0.25,0.25,0.25
25983,0.25,0.25,0.25,0.25
25984,0.25,0.25,0.25,0.25
25985,0.25,0.25,0.25,0.25
25986,0.25,0.25,0.25,0.25
25987,0.25,0.25,0.25,0.25
25988,0.25,0.25,0.25,0.25
25989,0.25,0.25,0.25,0.25
25990,0.25,0.25,0.25,0.25
25991,0.25,0.25,0.25,0.25
25992,0.25,0.25,0.25,0.25
25993,0.25,0.25,0.25,0.25
25994,0.25,0.25,0.25,0.25
25995,0.25,0.25,0.25,0.25
25996,0.25,0.25,0.25,0.25
25997,0.25,0.25,0.25,0.25
25998,0.25,0.25,0.25,0.25
25999,0.25,0.25,0.25,0.25
26000,0.25,0.25,0.25,0.25
26001,0.25,0.25,0.25,0.25
26002,0.25,0.25,0.25,0.25
26003,0.25,0.25,0.25,0.25
26004,0.25,0.25,0.25,0.25
26005,0.25,0.25,0.25,0.25
26006,0.25,0.25,0.25,0.25
26007,0.25,0.25,0.25,0.25
26008,0.25,0.25,0.25,0.25
26009,0.25,0.25,0.25,0.25
26010,0.25,0.25,0.25,0.25
26011,0.25,0.25,0.25,0.25
26012,0.25,0.25,0.25,0.25
26013,0.25,0.25,0.25,0.25
26014,0.25,0.25,0.25,0.25
26015,0.25,0.25,0.25,0.25
26016,0.25,0.25,0.25,0.25
26017,0.25,0.25,0.25,0.25
26018,0.25,0.25,0.25,0.25
26019,0.25,0.25,0.25,0.25
26020,0.25,0.25,0.25,0.25
26021,0.25,0.25,0.25,0.25
26022,0.25,0.25,0.25,0.25
26023,0.25,0.25,0.25,0.25
26024,0.25,0.25,0.25,0.25
26025,0.25,0.25,0.25,0.25
26026,0.25,0.25,0.25,0.25
26027,0.25,0.25,0.25,0.25
26028,0.25,0.25,0.25,0.25
26029,0.25,0.25,0.25,0.25
26030,0.25,0.25,0.25,0.25
26031,0.25,0.25,0.25,0.25
26032,0.25,0.25,0.25,0.25
26033,0.25,0.25,0.25,0.25
26034,0.25,0.25,0.25,0.25
26035,0.25,0.25,0.25,0.25
26036,0.25,0.25,0.25,0.25
26037,0.25,0.25,0.25,0.25
26038,0.25,0.25,0.25,0.25
26039,0.25,0.25,0.25,0.25
26040,0.25,0.25,0.25,0.25
26041,0.25,0.25,0.25,0.25
26042,0.25,0.25,0.25,0.25
26043,0.25,0.25,0.25,0.25
26044,0.25,0.25,0.25,0.25
26045,0.25,0.25,0.25,0.25
26046,0.25,0.25,0.25,0.25
26047,0.25,0.25,0.25,0.25
26048,0.25,0.25,0.25,0.25
26049,0.25,0.25,0.25,0.25
26050,0.25,0.25,0.25,0.25
26051,0.25,0.25,0.25,0.25
26052,0.25,0.25,0.25,0.25
26053,0.25,0.25,0.25,0.25
26054,0.25,0.25,0.25,0.25
26055,0.25,0.25,0.25,0.25
26056,0.25,0.25,0.25,0.25
26057,0.25,0.25,0.25,0.25
26058,0.25,0.25,0.25,0.25
26059,0.25,0.25,0.25,0.25
26060,0.25,0.25,0.25,0.25
26061,0.25,0.25,0.25,0.25
26062,0.25,0.25,0.25,0.25
26063,0.25,0.25,0.25,0.25
26064,0.25,0.25,0.25,0.25
26065,0.25,0.25,0.25,0.25
26066,0.25,0.25,0.25,0.25
26067,0.25,0.25,0.25,0.25
26068,0.25,0.25,0.25,0.25
26069,0.25,0.25,0.25,0.25
26070,0.25,0.25,0.25,0.25
26071,0.25,0.25,0.25,0.25
26072,0.25,0.25,0.25,0.25
26073,0.25,0.25,0.25,0.25
26074,0.25,0.25,0.25,0.25
26075,0.25,0.25,0.25,0.25
26076,0.25,0.25,0.25,0.25
26077,0.25,0.25,0.25,0.25
26078,0.25,0.25,0.25,0.25
26079,0.25,0.25,0.25,0.25
26080,0.25,0.25,0.25,0.25
26081,0.25,0.25,0.25,0.25
26082,0.25,0.25,0.25,0.25
26083,0.25,0.25,0.25,0.25
26084,0.25,0.25,0.25,0.25
26085,0.25,0.25,0.25,0.25
26086,0.25,0.25,0.25,0.25
26087,0.25,0.25,0.25,0.25
26088,0.25,0.25,0.25,0.25
26089,0.25,0.25,0.25,0.25
26090,0.25,0.25,0.25,0.25
26091,0.25,0.25,0.25,0.25
26092,0.25,0.25,0.25,0.25
26093,0.25,0.25,0.25,0.25
26094,0.25,0.25,0.25,0.25
26095,0.25,0.25,0.25,0.25
26096,0.25,0.25,0.25,0.25
26097,0.25,0.25,0.25,0.25
26098,0.25,0.25,0.25,0.25
26099,0.25,0.25,0.25,0.25
26100,0.25,0.25,0.25,0.25
26101,0.25,0.25,0.25,0.25
26102,0.25,0.25,0.25,0.25
26103,0.25,0.25,0.25,0.25
26104,0.25,0.25,0.25,0.25
26105,0.25,0.25,0.25,0.25
26106,0.25,0.25,0.25,0.25
26107,0.25,0.25,0.25,0.25
26108,0.25,0.25,0.25,0.25
26109,0.25,0.25,0.25,0.25
26110,0.25,0.25,0.25,0.25
26111,0.25,0.25,0.25,0.25
26112,0.25,0.25,0.25,0.25
26113,0.25,0.25,0.25,0.25
26114,0.25,0.25,0.25,0.25
26115,0.25,0.25,0.25,0.25
26116,0.25,0.25,0.25,0.25
26117,0.25,0.25,0.25,0.25
26118,0.25,0.25,0.25,0.25
26119,0.25,0.25,0.25,0.25
26120,0.25,0.25,0.25,0.25
26121,0.25,0.25,0.25,0.25
26122,0.25,0.25,0.25,0.25
26123,0.25,0.25,0.25,0.25
26124,0.25,0.25,0.25,0.25
26125,0.25,0.25,0.25,0.25
26126,0.25,0.25,0.25,0.25
26127,0.25,0.25,0.25,0.25
26128,0.25,0.25,0.25,0.25
26129,0.25,0.25,0.25,0.25
26130,0.25,0.25,0.25,0.25
26131,0.25,0.25,0.25,0.25
26132,0.25,0.25,0.25,0.25
26133,0.25,0.25,0.25,0.25
26134,0.25,0.25,0.25,0.25
26135,0.25,0.25,0.25,0.25
26136,0.25,0.25,0.25,0.25
26137,0.25,0.25,0.25,0.25
26138,0.25,0.25,0.25,0.25
26139,0.25,0.25,0.25,0.25
26140,0.25,0.25,0.25,0.25
26141,0.25,0.25,0.25,0.25
26142,0.25,0.25,0.25,0.25
26143,0.25,0.25,0.25,0.25
26144,0.25,0.25,0.25,0.25
26145,0.25,0.25,0.25,0.25
26146,0.25,0.25,0.25,0.25
26147,0.25,0.25,0.25,0.25
26148,0.25,0.25,0.25,0.25
26149,0.25,0.25,0.25,0.25
26150,0.25,0.25,0.25,0.25
26151,0.25,0.25,0.25,0.25
26152,0.25,0.25,0.25,0.25
26153,0.25,0.25,0.25,0.25
26154,0.25,0.25,0.25,0.25
26155,0.25,0.25,0.25,0.25
26156,0.25,0.25,0.25,0.25
26157,0.25,0.25,0.25,0.25
26158,0.25,0.25,0.25,0.25
26159,0.25,0.25,0.25,0.25
26160,0.25,0.25,0.25,0.25
26161,0.25,0.25,0.25,0.25
26162,0.25,0.25,0.25,0.25
26163,0.25,0.25,0.25,0.25
26164,0.25,0.25,0.25,0.25
26165,0.25,0.25,0.25,0.25
26166,0.25,0.25,0.25,0.25
26167,0.25,0.25,0.25,0.25
26168,0.25,0.25,0.25,0.25
26169,0.25,0.25,0.25,0.25
26170,0.25,0.25,0.25,0.25
26171,0.25,0.25,0.25,0.25
26172,0.25,0.25,0.25,0.25
26173,0.25,0.25,0.25,0.25
26174,0.25,0.25,0.25,0.25
26175,0.25,0.25,0.25,0.25
26176,0.25,0.25,0.25,0.25
26177,0.25,0.25,0.25,0.25
26178,0.25,0.25,0.25,0.25
26179,0.25,0.25,0.25,0.25
26180,0.25,0.25,0.25,0.25
26181,0.25,0.25,0.25,0.25
26182,0.25,0.25,0.25,0.25
26183,0.25,0.25,0.25,0.25
26184,0.25,0.25,0.25,0.25
26185,0.25,0.25,0.25,0.25
26186,0.25,0.25,0.25,0.25
26187,0.25,0.25,0.25,0.25
26188,0.25,0.25,0.25,0.25
26189,0.25,0.25,0.25,0.25
26190,0.25,0.25,0.25,0.25
26191,0.25,0.25,0.25,0.25
26192,0.25,0.25,0.25,0.25
26193,0.25,0.25,0.25,0.25
26194,0.25,0.25,0.25,0.25
26195,0.25,0.25,0.25,0.25
26196,0.25,0.25,0.25,0.25
26197,0.25,0.25,0.25,0.25
26198,0.25,0.25,0.25,0.25
26199,0.25,0.25,0.25,0.25
26200,0.25,0.25,0.25,0.25
26201,0.25,0.25,0.25,0.25
26202,0.25,0.25,0.25,0.25
26203,0.25,0.25,0.25,0.25
26204,0.25,0.25,0.25,0.25
26205,0.25,0.25,0.25,0.25
26206,0.25,0.25,0.25,0.25
26207,0.25,0.25,0.25,0.25
26208,0.25,0.25,0.25,0.25
26209,0.25,0.25,0.25,0.25
26210,0.25,0.25,0.25,0.25
26211,0.25,0.25,0.25,0.25
26212,0.25,0.25,0.25,0.25
26213,0.25,0.25,0.25,0.25
26214,0.25,0.25,0.25,0.25
26215,0.25,0.25,0.25,0.25
26216,0.25,0.25,0.25,0.25
26217,0.25,0.25,0.25,0.25
26218,0.25,0.25,0.25,0.25
26219,0.25,0.25,0.25,0.25
26220,0.25,0.25,0.25,0.25
26221,0.25,0.25,0.25,0.25
26222,0.25,0.25,0.25,0.25
26223,0.25,0.25,0.25,0.25
26224,0.25,0.25,0.25,0.25
26225,0.25,0.25,0.25,0.25
26226,0.25,0.25,0.25,0.25
26227,0.25,0.25,0.25,0.25
26228,0.25,0.25,0.25,0.25
26229,0.25,0.25,0.25,0.25
26230,0.25,0.25,0.25,0.25
26231,0.25,0.25,0.25,0.25
26232,0.25,0.25,0.25,0.25
26233,0.25,0.25,0.25,0.25
26234,0.25,0.25,0.25,0.25
26235,0.25,0.25,0.25,0.25
26236,0.25,0.25,0.25,0.25
26237,0.25,0.25,0.25,0.25
26238,0.25,0.25,0.25,0.25
26239,0.25,0.25,0.25,0.25
26240,0.25,0.25,0.25,0.25
26241,0.25,0.25,0.25,0.25
26242,0.25,0.25,0.25,0.25
26243,0.25,0.25,0.25,0.25
26244,0.25,0.25,0.25,0.25
26245,0.25,0.25,0.25,0.25
26246,0.25,0.25,0.25,0.25
26247,0.25,0.25,0.25,0.25
26248,0.25,0.25,0.25,0.25
26249,0.25,0.25,0.25,0.25
26250,0.25,0.25,0.25,0.25
26251,0.25,0.25,0.25,0.25
26252,0.25,0.25,0.25,0.25
26253,0.25,0.25,0.25,0.25
26254,0.25,0.25,0.25,0.25
26255,0.25,0.25,0.25,0.25
26256,0.25,0.25,0.25,0.25
26257,0.25,0.25,0.25,0.25
26258,0.25,0.25,0.25,0.25
26259,0.25,0.25,0.25,0.25
26260,0.25,0.25,0.25,0.25
26261,0.25,0.25,0.25,0.25
26262,0.25,0.25,0.25,0.25
26263,0.25,0.25,0.25,0.25
26264,0.25,0.25,0.25,0.25
26265,0.25,0.25,0.25,0.25
26266,0.25,0.25,0.25,0.25
26267,0.25,0.25,0.25,0.25
26268,0.25,0.25,0.25,0.25
26269,0.25,0.25,0.25,0.25
26270,0.25,0.25,0.25,0.25
26271,0.25,0.25,0.25,0.25
26272,0.25,0.25,0.25,0.25
26273,0.25,0.25,0.25,0.25
26274,0.25,0.25,0.25,0.25
26275,0.25,0.25,0.25,0.25
26276,0.25,0.25,0.25,0.25
26277,0.25,0.25,0.25,0.25
26278,0.25,0.25,0.25,0.25
26279,0.25,0.25,0.25,0.25
26280,0.25,0.25,0.25,0.25
26281,0.25,0.25,0.25,0.25
26282,0.25,0.25,0.25,0.25
26283,0.25,0.25,0.25,0.25
26284,0.25,0.25,0.25,0.25
26285,0.25,0.25,0.25,0.25
26286,0.25,0.25,0.25,0.25
26287,0.25,0.25,0.25,0.25
26288,0.25,0.25,0.25,0.25
26289,0.25,0.25,0.25,0.25
26290,0.25,0.25,0.25,0.25
26291,0.25,0.25,0.25,0.25
26292,0.25,0.25,0.25,0.25
26293,0.25,0.25,0.25,0.25
26294,0.25,0.25,0.25,0.25
26295,0.25,0.25,0.25,0.25
26296,0.25,0.25,0.25,0.25
26297,0.25,0.25,0.25,0.25
26298,0.25,0.25,0.25,0.25
26299,0.25,0.25,0.25,0.25
26300,0.25,0.25,0.25,0.25
26301,0.25,0.25,0.25,0.25
26302,0.25,0.25,0.25,0.25
26303,0.25,0.25,0.25,0.25
26304,0.25,0.25,0.25,0.25
26305,0.25,0.25,0.25,0.25
26306,0.25,0.25,0.25,0.25
26307,0.25,0.25,0.25,0.25
26308,0.25,0.25,0.25,0.25
26309,0.25,0.25,0.25,0.25
26310,0.25,0.25,0.25,0.25
26311,0.25,0.25,0.25,0.25
26312,0.25,0.25,0.25,0.25
26313,0.25,0.25,0.25,0.25
26314,0.25,0.25,0.25,0.25
26315,0.25,0.25,0.25,0.25
26316,0.25,0.25,0.25,0.25
26317,0.25,0.25,0.25,0.25
26318,0.25,0.25,0.25,0.25
26319,0.25,0.25,0.25,0.25
26320,0.25,0.25,0.25,0.25
26321,0.25,0.25,0.25,0.25
26322,0.25,0.25,0.25,0.25
26323,0.25,0.25,0.25,0.25
26324,0.25,0.25,0.25,0.25
26325,0.25,0.25,0.25,0.25
26326,0.25,0.25,0.25,0.25
26327,0.25,0.25,0.25,0.25
26328,0.25,0.25,0.25,0.25
26329,0.25,0.25,0.25,0.25
26330,0.25,0.25,0.25,0.25
26331,0.25,0.25,0.25,0.25
26332,0.25,0.25,0.25,0.25
26333,0.25,0.25,0.25,0.25
26334,0.25,0.25,0.25,0.25
26335,0.25,0.25,0.25,0.25
26336,0.25,0.25,0.25,0.25
26337,0.25,0.25,0.25,0.25
26338,0.25,0.25,0.25,0.25
26339,0.25,0.25,0.25,0.25
26340,0.25,0.25,0.25,0.25
26341,0.25,0.25,0.25,0.25
26342,0.25,0.25,0.25,0.25
26343,0.25,0.25,0.25,0.25
26344,0.25,0.25,0.25,0.25
26345,0.25,0.25,0.25,0.25
26346,0.25,0.25,0.25,0.25
26347,0.25,0.25,0.25,0.25
26348,0.25,0.25,0.25,0.25
26349,0.25,0.25,0.25,0.25
26350,0.25,0.25,0.25,0.25
26351,0.25,0.25,0.25,0.25
26352,0.25,0.25,0.25,0.25
26353,0.25,0.25,0.25,0.25
26354,0.25,0.25,0.25,0.25
26355,0.25,0.25,0.25,0.25
26356,0.25,0.25,0.25,0.25
26357,0.25,0.25,0.25,0.25
26358,0.25,0.25,0.25,0.25
26359,0.25,0.25,0.25,0.25
26360,0.25,0.25,0.25,0.25
26361,0.25,0.25,0.25,0.25
26362,0.25,0.25,0.25,0.25
26363,0.25,0.25,0.25,0.25
26364,0.25,0.25,0.25,0.25
26365,0.25,0.25,0.25,0.25
26366,0.25,0.25,0.25,0.25
26367,0.25,0.25,0.25,0.25
26368,0.25,0.25,0.25,0.25
26369,0.25,0.25,0.25,0.25
26370,0.25,0.25,0.25,0.25
26371,0.25,0.25,0.25,0.25
26372,0.25,0.25,0.25,0.25
26373,0.25,0.25,0.25,0.25
26374,0.25,0.25,0.25,0.25
26375,0.25,0.25,0.25,0.25
26376,0.25,0.25,0.25,0.25
26377,0.25,0.25,0.25,0.25
26378,0.25,0.25,0.25,0.25
26379,0.25,0.25,0.25,0.25
26380,0.25,0.25,0.25,0.25
26381,0.25,0.25,0.25,0.25
26382,0.25,0.25,0.25,0.25
26383,0.25,0.25,0.25,0.25
26384,0.25,0.25,0.25,0.25
26385,0.25,0.25,0.25,0.25
26386,0.25,0.25,0.25,0.25
26387,0.25,0.25,0.25,0.25
26388,0.25,0.25,0.25,0.25
26389,0.25,0.25,0.25,0.25
26390,0.25,0.25,0.25,0.25
26391,0.25,0.25,0.25,0.25
26392,0.25,0.25,0.25,0.25
26393,0.25,0.25,0.25,0.25
26394,0.25,0.25,0.25,0.25
26395,0.25,0.25,0.25,0.25
26396,0.25,0.25,0.25,0.25
26397,0.25,0.25,0.25,0.25
26398,0.25,0.25,0.25,0.25
26399,0.25,0.25,0.25,0.25
26400,0.25,0.25,0.25,0.25
26401,0.25,0.25,0.25,0.25
26402,0.25,0.25,0.25,0.25
26403,0.25,0.25,0.25,0.25
26404,0.25,0.25,0.25,0.25
26405,0.25,0.25,0.25,0.25
26406,0.25,0.25,0.25,0.25
26407,0.25,0.25,0.25,0.25
26408,0.25,0.25,0.25,0.25
26409,0.25,0.25,0.25,0.25
26410,0.25,0.25,0.25,0.25
26411,0.25,0.25,0.25,0.25
26412,0.25,0.25,0.25,0.25
26413,0.25,0.25,0.25,0.25
26414,0.25,0.25,0.25,0.25
26415,0.25,0.25,0.25,0.25
26416,0.25,0.25,0.25,0.25
26417,0.25,0.25,0.25,0.25
26418,0.25,0.25,0.25,0.25
26419,0.25,0.25,0.25,0.25
26420,0.25,0.25,0.25,0.25
26421,0.25,0.25,0.25,0.25
26422,0.25,0.25,0.25,0.25
26423,0.25,0.25,0.25,0.25
26424,0.25,0.25,0.25,0.25
26425,0.25,0.25,0.25,0.25
26426,0.25,0.25,0.25,0.25
26427,0.25,0.25,0.25,0.25
26428,0.25,0.25,0.25,0.25
26429,0.25,0.25,0.25,0.25
26430,0.25,0.25,0.25,0.25
26431,0.25,0.25,0.25,0.25
26432,0.25,0.25,0.25,0.25
26433,0.25,0.25,0.25,0.25
26434,0.25,0.25,0.25,0.25
26435,0.25,0.25,0.25,0.25
26436,0.25,0.25,0.25,0.25
26437,0.25,0.25,0.25,0.25
26438,0.25,0.25,0.25,0.25
26439,0.25,0.25,0.25,0.25
26440,0.25,0.25,0.25,0.25
26441,0.25,0.25,0.25,0.25
26442,0.25,0.25,0.25,0.25
26443,0.25,0.25,0.25,0.25
26444,0.25,0.25,0.25,0.25
26445,0.25,0.25,0.25,0.25
26446,0.25,0.25,0.25,0.25
26447,0.25,0.25,0.25,0.25
26448,0.25,0.25,0.25,0.25
26449,0.25,0.25,0.25,0.25
26450,0.25,0.25,0.25,0.25
26451,0.25,0.25,0.25,0.25
26452,0.25,0.25,0.25,0.25
26453,0.25,0.25,0.25,0.25
26454,0.25,0.25,0.25,0.25
26455,0.25,0.25,0.25,0.25
26456,0.25,0.25,0.25,0.25
26457,0.25,0.25,0.25,0.25
26458,0.25,0.25,0.25,0.25
26459,0.25,0.25,0.25,0.25
26460,0.25,0.25,0.25,0.25
26461,0.25,0.25,0.25,0.25
26462,0.25,0.25,0.25,0.25
26463,0.25,0.25,0.25,0.25
26464,0.25,0.25,0.25,0.25
26465,0.25,0.25,0.25,0.25
26466,0.25,0.25,0.25,0.25
26467,0.25,0.25,0.25,0.25
26468,0.25,0.25,0.25,0.25
26469,0.25,0.25,0.25,0.25
26470,0.25,0.25,0.25,0.25
26471,0.25,0.25,0.25,0.25
26472,0.25,0.25,0.25,0.25
26473,0.25,0.25,0.25,0.25
26474,0.25,0.25,0.25,0.25
26475,0.25,0.25,0.25,0.25
26476,0.25,0.25,0.25,0.25
26477,0.25,0.25,0.25,0.25
26478,0.25,0.25,0.25,0.25
26479,0.25,0.25,0.25,0.25
26480,0.25,0.25,0.25,0.25
26481,0.25,0.25,0.25,0.25
26482,0.25,0.25,0.25,0.25
26483,0.25,0.25,0.25,0.25
26484,0.25,0.25,0.25,0.25
26485,0.25,0.25,0.25,0.25
26486,0.25,0.25,0.25,0.25
26487,0.25,0.25,0.25,0.25
26488,0.25,0.25,0.25,0.25
26489,0.25,0.25,0.25,0.25
26490,0.25,0.25,0.25,0.25
26491,0.25,0.25,0.25,0.25
26492,0.25,0.25,0.25,0.25
26493,0.25,0.25,0.25,0.25
26494,0.25,0.25,0.25,0.25
26495,0.25,0.25,0.25,0.25
26496,0.25,0.25,0.25,0.25
26497,0.25,0.25,0.25,0.25
26498,0.25,0.25,0.25,0.25
26499,0.25,0.25,0.25,0.25
26500,0.25,0.25,0.25,0.25
26501,0.25,0.25,0.25,0.25
26502,0.25,0.25,0.25,0.25
26503,0.25,0.25,0.25,0.25
26504,0.25,0.25,0.25,0.25
26505,0.25,0.25,0.25,0.25
26506,0.25,0.25,0.25,0.25
26507,0.25,0.25,0.25,0.25
26508,0.25,0.25,0.25,0.25
26509,0.25,0.25,0.25,0.25
26510,0.25,0.25,0.25,0.25
26511,0.25,0.25,0.25,0.25
26512,0.25,0.25,0.25,0.25
26513,0.25,0.25,0.25,0.25
26514,0.25,0.25,0.25,0.25
26515,0.25,0.25,0.25,0.25
26516,0.25,0.25,0.25,0.25
26517,0.25,0.25,0.25,0.25
26518,0.25,0.25,0.25,0.25
26519,0.25,0.25,0.25,0.25
26520,0.25,0.25,0.25,0.25
26521,0.25,0.25,0.25,0.25
26522,0.25,0.25,0.25,0.25
26523,0.25,0.25,0.25,0.25
26524,0.25,0.25,0.25,0.25
26525,0.25,0.25,0.25,0.25
26526,0.25,0.25,0.25,0.25
26527,0.25,0.25,0.25,0.25
26528,0.25,0.25,0.25,0.25
26529,0.25,0.25,0.25,0.25
26530,0.25,0.25,0.25,0.25
26531,0.25,0.25,0.25,0.25
26532,0.25,0.25,0.25,0.25
26533,0.25,0.25,0.25,0.25
26534,0.25,0.25,0.25,0.25
26535,0.25,0.25,0.25,0.25
26536,0.25,0.25,0.25,0.25
26537,0.25,0.25,0.25,0.25
26538,0.25,0.25,0.25,0.25
26539,0.25,0.25,0.25,0.25
26540,0.25,0.25,0.25,0.25
26541,0.25,0.25,0.25,0.25
26542,0.25,0.25,0.25,0.25
26543,0.25,0.25,0.25,0.25
26544,0.25,0.25,0.25,0.25
26545,0.25,0.25,0.25,0.25
26546,0.25,0.25,0.25,0.25
26547,0.25,0.25,0.25,0.25
26548,0.25,0.25,0.25,0.25
26549,0.25,0.25,0.25,0.25
26550,0.25,0.25,0.25,0.25
26551,0.25,0.25,0.25,0.25
26552,0.25,0.25,0.25,0.25
26553,0.25,0.25,0.25,0.25
26554,0.25,0.25,0.25,0.25
26555,0.25,0.25,0.25,0.25
26556,0.25,0.25,0.25,0.25
26557,0.25,0.25,0.25,0.25
26558,0.25,0.25,0.25,0.25
26559,0.25,0.25,0.25,0.25
26560,0.25,0.25,0.25,0.25
26561,0.25,0.25,0.25,0.25
26562,0.25,0.25,0.25,0.25
