No,Ch1,Ch2,Ch3,Ch4
21566,0.181534364318865,0.0768436961430138,0.360227401361732,0.381394538176389
21567,0.0252948794191628,0.458721092236973,0.267331206918204,0.24865282142566
21568,0.341704985352276,0.399397855008859,0.0650358577467291,0.193861301892136
21569,0.549773923043683,0.0615944201695641,0.167361233115666,0.221270423671087
21570,0.168341741324947,0.31094169647565,0.36774416144674,0.152972400752662
21571,0.0603055249884297,0.634864695352336,0.144266695396681,0.160563084262554
21572,0.153144662207249,0.0222982928803652,0.523968460046909,0.300588584865477
21573,0.10604333521873,0.118720892831679,0.123249919546728,0.651985852402863
21574,0.176292870239924,0.239934916281438,0.378883103639762,0.204889109838876
21575,0.0280430242035499,0.0450186414542797,0.655935641815155,0.271002692527015
21576,0.192259292505306,0.143895371911365,0.289278324543929,0.3745670110394
21577,0.166320218109463,0.0589695527012033,0.58814858462691,0.186561644562424
21578,0.38244077734867,0.220084521475364,0.107621367647725,0.289853333528242
21579,0.0587762906615252,0.132338638550579,0.13141274584934,0.677472324938556
21580,0.041818945928397,0.450334542278862,0.204548053471944,0.303298458320797
21581,0.368090267148709,0.0464310439917531,0.179642079108643,0.405836609750895
21582,0.0958623589589825,0.128075554760849,0.305107708740773,0.470954377539395
21583,0.124462646526697,0.147400160721305,0.277803294284241,0.450333898467757
21584,0.184694331417844,0.170697767460673,0.0349827100036051,0.609625191117877
21585,0.405293255659415,0.25731217238186,0.131042234221863,0.206352337736861
21586,0.266849947621605,0.289628605444738,0.270766277341682,0.172755169591975
21587,0.0324454519535459,0.54642886263622,0.198994451732634,0.2221312336776
21588,0.0586829494210394,0.0759461618900691,0.550238612016983,0.315132276671909
21589,0.167991265849027,0.088724849130638,0.560841252361793,0.182442632658542
21590,0.0331898989309845,0.152473331482108,0.546465335585144,0.267871434001763
21591,0.0377145406695275,0.281527522202912,0.429234081417923,0.251523855709637
21592,0.0978796179258885,0.229283676287783,0.0997650894466116,0.573071616339717
21593,0.576637628592112,0.153797413553962,0.144411548768811,0.125153409085115
21594,0.191922631443561,0.246437755969196,0.217598537201505,0.344041075385738
21595,0.363751926637739,0.159901040646741,0.0972954724979434,0.379051560217576
21596,0.175177659603811,0.476270854485014,0.159298800952932,0.189252684958244
21597,0.402070538549078,0.225713915809836,0.0583606764477557,0.31385486919333
21598,0.131407699763618,0.321433489811783,0.340326296403809,0.20683251402079
21599,0.294330779572066,0.331326181288605,0.27564053032643,0.0987025088128998
21600,0.103694873278021,0.163935171045545,0.11566083104567,0.616709124630765
21601,0.0685642348820792,0.188323593463515,0.319736481953887,0.423375689700519
21602,0.027360689894368,0.321478081581499,0.466499104729171,0.184662123794962
21603,0.565440647117539,0.0364543637376395,0.144856915670318,0.253248073474503
21604,0.0461907131058102,0.288511580247626,0.308054222963847,0.357243483682717
21605,0.281240338948318,0.0615391601029708,0.421587518979497,0.235632981969215
21606,0.276867612852833,0.0418831583663753,0.332484055538917,0.348765173241874
21607,0.408587707548371,0.0993167465735123,0.101096724905504,0.390998820972613
21608,0.285224118384356,0.432756868495727,0.0382619693261647,0.243757043793752
21609,0.083067753412568,0.0712592037706618,0.376367788187102,0.469305254629668
21610,0.324682671500012,0.325906120878227,0.0361834003158159,0.313227807305945
21611,0.0900205487862242,0.0481745683381455,0.56384181426407,0.29796306861156
21612,0.502984497691296,0.178976164320782,0.193936755843914,0.124102582144008
21613,0.067838399215985,0.228989836154031,0.293430720537119,0.409741044092864
21614,0.1209137801758,0.355573010275819,0.314179580757815,0.209333628790566
21615,0.242758691495452,0.356671594719369,0.0518424643723021,0.348727249412877
21616,0.322512354387642,0.0204227997787774,0.525936335334811,0.13112851049877
21617,0.29381306547246,0.30742091853938,0.252703660650419,0.146062355337741
21618,0.181448288901366,0.117910684608134,0.28685190239669,0.413789124093811
21619,0.145256153616671,0.195877925143801,0.128326727375907,0.530539193863622
21620,0.110885456118395,0.606230675420651,0.0935817511555411,0.189302117305413
21621,0.272894641678371,0.283180272976404,0.221898370498654,0.222026714846572
21622,0.13908654122579,0.175915825730862,0.232857810676868,0.45213982236648
21623,0.476979138079907,0.230477141055001,0.0615910583182716,0.23095266254682
21624,0.525648130437117,0.0645788897337857,0.0515584241355245,0.358214555693573
21625,0.0607450508734208,0.0610769956548901,0.493669137337593,0.384508816134096
21626,0.564800744612922,0.0377373739251771,0.0975805531533498,0.299881328308551
21627,0.112554377194642,0.138297443183248,0.297530677642538,0.451617501979572
21628,0.0857697859461318,0.512312694257555,0.165845449981175,0.236072069815138
21629,0.38817650437358,0.120893175387686,0.0891436659242186,0.401786654314516
21630,0.172386445764265,0.132962208393366,0.11063252570246,0.584018820139909
21631,0.111158087410547,0.0271010622562647,0.742635549663232,0.119105300669956
21632,0.0613792772048644,0.129029809827202,0.469023062990837,0.340567849977096
21633,0.149494583894338,0.279602690276471,0.0863439839235859,0.484558741905606
21634,0.0746281293359333,0.722579959878262,0.0531638923666088,0.149628018419196
21635,0.0377749531370105,0.637398665984388,0.138747131512269,0.186079249366332
21636,0.570801149816196,0.048290364759746,0.0653702324656342,0.315538252958424
21637,0.505235010616999,0.193722392923686,0.0416857005082789,0.259356895951036
21638,0.061740636768994,0.240027742309938,0.405075168205039,0.293156452716029
21639,0.277225506909333,0.446851251767279,0.0927689354915204,0.183154305831867
21640,0.585846783790333,0.215337287826482,0.0395301155534826,0.159285812829702
21641,0.199459122806737,0.175474373253636,0.384154319813407,0.240912184126221
21642,0.382284687916579,0.291590779388574,0.122132379638525,0.203992153056322
21643,0.0451289242876619,0.28241530783672,0.382407289793404,0.290048478082214
21644,0.316106637440776,0.195777560307274,0.159926645395529,0.32818915685642
21645,0.0763731546262395,0.582707416224282,0.140430006397796,0.200489422751683
21646,0.237962451675881,0.165232661024583,0.426327528414642,0.170477358884894
21647,0.190902014127833,0.190589705900587,0.420631787411597,0.197876492559984
21648,0.353040715078822,0.0843730230173368,0.364752409216248,0.197833852687594
21649,0.464655831942048,0.0988167686203558,0.310364125307988,0.126163274129608
21650,0.274707808545374,0.324004931534215,0.196234596972317,0.205052662948094
21651,0.373020493705661,0.0759671671820567,0.142116536662334,0.408895802449948
21652,0.0538367963351332,0.0937563119943475,0.193339480666672,0.659067411003847
21653,0.579203887377599,0.138322530194752,0.0824101107685569,0.200063471659093
21654,0.649813809552007,0.0910830285542195,0.122728801008868,0.136374360884906
21655,0.348765966494855,0.0364822113783756,0.475686360048334,0.139065462078435
21656,0.471803875952374,0.108675715078797,0.235720135583212,0.183800273385617
21657,0.60185994345685,0.0468528228057511,0.097190290466032,0.254096943271367
21658,0.311160566491999,0.0968547259225968,0.364140873592892,0.227843833992513
21659,0.574011491267529,0.0928275900183171,0.0778326931122165,0.255328225601937
21660,0.128491903668683,0.101019942165499,0.311126011431356,0.459362142734462
21661,0.0899386676609067,0.266355021130417,0.204701929764307,0.43900438144437
21662,0.0348605930147279,0.563966023134748,0.080726632402946,0.320446751447578
21663,0.126991379338541,0.112145074718764,0.5117045883955,0.249158957547196
21664,0.0441427428642701,0.397543724608758,0.181495983951827,0.376817548575146
21665,0.336980610892049,0.212373275218039,0.163258588595846,0.287387525294067
21666,0.070809883255179,0.303992643144064,0.363666306383849,0.261531167216908
21667,0.03095838181543,0.473284745054068,0.285377008079443,0.210379865051059
21668,0.279152270688032,0.214041619272242,0.249935625288963,0.256870484750763
21669,0.350363411856698,0.175006303112772,0.0797615478144271,0.394868737216103
21670,0.131048158286019,0.396002115660171,0.095267052588425,0.377682673465385
21671,0.0995176947897965,0.437510537350781,0.318263718315558,0.144708049543865
21672,0.0423478094789109,0.197544685905933,0.500411542521852,0.259695962093304
21673,0.362150049899725,0.119861250267505,0.0359796617420836,0.482009038090687
21674,0.40604537564462,0.097031456756922,0.30255513268605,0.194368034912407
21675,0.387882896267611,0.128688104852212,0.113365496441597,0.370063502438579
21676,0.0673974737126257,0.528317461271277,0.136365039310398,0.267920025705699
21677,0.413518894000728,0.0382374234010287,0.360675784214027,0.187567898384217
21678,0.127522080332691,0.512003575539177,0.2364431270096,0.124031217118532
21679,0.175560121161005,0.474306800596608,0.0819468060522599,0.268186272190127
21680,0.300330555639869,0.111953146825692,0.378886149936281,0.208830147598158
21681,0.227611755975515,0.047890369085336,0.16261725675699,0.561880618182159
21682,0.343792190725134,0.231175258615943,0.0627285418892044,0.362304008769719
21683,0.265237440743441,0.0280584123547129,0.367285147432788,0.339418999469059
21684,0.39003431703829,0.0377647776126939,0.227092627147045,0.345108278201971
21685,0.152950167972013,0.217366617862211,0.0969609436278185,0.532722270537958
21686,0.0814886169879268,0.443277815306809,0.128952638879664,0.3462809288256
21687,0.154824259818339,0.125766028484714,0.34234943648875,0.377060275208198
21688,0.165298787745841,0.170733330619465,0.0628475775868762,0.601120304047818
21689,0.138736017546756,0.534796027334368,0.0724269574194446,0.254040997699432
21690,0.627595088072341,0.162054395587843,0.0232173551868525,0.187133161152964
21691,0.119991684554762,0.410021657894195,0.0894803413527718,0.380506316198272
21692,0.0310994872643398,0.348612066111498,0.437165629031794,0.183122817592368
21693,0.0499105337968031,0.608757232662886,0.070907863405204,0.270424370135107
21694,0.121230612722719,0.331815428129653,0.13935691134199,0.407597047805638
21695,0.326730495574861,0.320955222675558,0.13942722125334,0.212887060496241
21696,0.473989528261597,0.135934906041778,0.0318110029051948,0.35826456279143
21697,0.535556952637932,0.124718287647751,0.126510439058933,0.213214320655384
21698,0.139448395168195,0.0362271192928711,0.691189146445196,0.133135339093738
21699,0.229375236459043,0.546252398119462,0.0255010377799684,0.198871327641527
21700,0.224761897225988,0.268359199307265,0.224766003168788,0.282112900297959
21701,0.493015933321497,0.159389060160829,0.122503111867226,0.225091894650448
21702,0.0438226164071749,0.570665534059161,0.0760345635066141,0.30947728602705
21703,0.105956097725864,0.387898188705044,0.0827871363675134,0.423358577201578
21704,0.0841665163037175,0.195251560531752,0.461482376998135,0.259099546166396
21705,0.21741563678825,0.0350327971786776,0.345826657403026,0.401724908630047
21706,0.115820921618083,0.472849673827179,0.078071198002814,0.333258206551924
21707,0.103254855296038,0.48790510870261,0.181573851085357,0.227266184915996
21708,0.0474852380175939,0.447694107716957,0.151187878423568,0.353632775841881
21709,0.340524212964467,0.188072217348463,0.0454053720293954,0.425998197657675
21710,0.356632244536671,0.077600613036253,0.0737151640137262,0.49205197841335
21711,0.0388750858026523,0.576725600273533,0.16742229089103,0.216977023032785
21712,0.0809918790563625,0.362145458694041,0.0796360411214137,0.477226621128183
21713,0.63077178252144,0.0769182714298263,0.100988721049466,0.191321224999267
21714,0.0476006432392058,0.614580845490782,0.0499296282303208,0.287888883039692
21715,0.488506243589448,0.125165059576604,0.201480241152017,0.184848455681931
21716,0.140466482040513,0.129316415994645,0.221629911735944,0.508587190228899
21717,0.398910827678802,0.0243371245743134,0.369923910602491,0.206828137144394
21718,0.382873264348274,0.424512242137808,0.0141157141700805,0.178498779343837
21719,0.205232926866142,0.147845737776926,0.164845690000102,0.48207564535683
21720,0.355306050009207,0.267128794303195,0.0452266629190863,0.332338492768512
21721,0.129939156349664,0.181622082458951,0.389542166817885,0.2988965943735
21722,0.575255015966341,0.185590345709276,0.0238650143026527,0.21528962402173
21723,0.0446031100065429,0.296493296057349,0.233748810495602,0.425154783440506
21724,0.309660615422673,0.189512021706707,0.227789683311234,0.273037679559386
21725,0.079328053781547,0.148383637924232,0.267550272769225,0.504738035524996
21726,0.0303558027179594,0.373145971761684,0.39245295284552,0.204045272674837
21727,0.257862993605886,0.045626722566871,0.492357478374468,0.204152805452774
21728,0.104578523136534,0.131685416083129,0.324659588160968,0.439076472619369
21729,0.279458720513335,0.212458620771142,0.13873956578184,0.369343092933683
21730,0.456769781803143,0.0495539096890111,0.0898903699236712,0.403785938584175
21731,0.181294975932569,0.176142084868717,0.451704055383195,0.190858883815519
21732,0.329066388657179,0.17779762790709,0.0978026944423956,0.395333288993336
21733,0.436258911075616,0.310050687249625,0.0864564583233069,0.167233943351452
21734,0.0290978655525138,0.542969633742771,0.208320892915614,0.219611607789102
21735,0.210915051598221,0.324712420090496,0.0488487594840429,0.415523768827241
21736,0.688891521322564,0.0809593429979348,0.0853355373051084,0.144813598374393
21737,0.322661940977483,0.0568530207378449,0.422200190394306,0.198284847890366
21738,0.368202997117955,0.222861161384323,0.269179991846109,0.139755849651613
21739,0.102081783400238,0.308591688256809,0.371576708480414,0.217749819862539
21740,0.0477462853746162,0.577369658131108,0.183502744261135,0.191381312233141
21741,0.164218914019066,0.321710763531369,0.152943946306749,0.361126376142816
21742,0.204477972525392,0.0678062838532237,0.338092543192502,0.389623200428883
21743,0.277102820499821,0.356418943115903,0.0330832677597898,0.333394968624486
21744,0.292945731349806,0.10283840158944,0.415842217373387,0.188373649687366
21745,0.240811826036696,0.0953363059519641,0.320940721103888,0.342911146907452
21746,0.25274604164451,0.425271403755619,0.0641566005966281,0.257825954003243
21747,0.628705918117679,0.109208631677384,0.0769529940687405,0.185132456136197
21748,0.345413477956678,0.378824660928113,0.0771317380830781,0.198630123032131
21749,0.0594197004184116,0.384089411663532,0.286379864462912,0.270111023455144
21750,0.0584653048069543,0.0644383056578304,0.458411173053292,0.418685216481923
21751,0.618169969941119,0.0199640925080869,0.247222032166336,0.114643905384458
21752,0.457628156111001,0.048483795032476,0.152363928245217,0.341524120611307
21753,0.279212106009702,0.143189762555978,0.220617541555498,0.356980589878822
21754,0.0738169914455698,0.526173622561638,0.0788115616525611,0.321197824340231
21755,0.15790449664065,0.218193849434981,0.317204538622627,0.306697115301742
21756,0.0912372528616003,0.391277423436591,0.185314224621776,0.332171099080033
21757,0.137355412277486,0.632467559940263,0.0236707308032045,0.206506296979046
21758,0.247084695552485,0.238568005804387,0.266561560706124,0.247785737937005
21759,0.400523989701375,0.262730025056877,0.18425850832452,0.152487476917228
21760,0.149394804937163,0.0833358689568128,0.45253155430888,0.314737771797145
21761,0.151346535405363,0.172650238628983,0.449920615584708,0.226082610380946
21762,0.0473873446673437,0.777401159852466,0.0213481335026232,0.153863361977567
21763,0.577698908258749,0.0643913593740029,0.0398723506362751,0.318037381730973
21764,0.313126937523737,0.0546112985302817,0.424947487465272,0.207314276480709
21765,0.482248913810013,0.196592439015738,0.115508171249536,0.205650475924713
21766,0.0982224644375355,0.434742827228591,0.068103504137233,0.398931204196641
21767,0.0947472310296793,0.179541496065344,0.404476569922132,0.321234702982845
21768,0.277904969661525,0.287861819572719,0.260719072832673,0.173514137933083
21769,0.246334621457423,0.237254053750964,0.120104039106301,0.396307285685313
21770,0.10311930036995,0.396891207901184,0.275367328413854,0.224622163315012
21771,0.0384262418343214,0.13626335714651,0.429120973021529,0.396189427997639
21772,0.174286877541484,0.399276013792721,0.198545392592534,0.227891716073261
21773,0.171995187127315,0.328922445495675,0.0438742314011112,0.455208135975899
21774,0.0444375135363167,0.144569071850743,0.607813607279921,0.20317980733302
21775,0.191522874775954,0.261492391677732,0.231997952215769,0.314986781330545
21776,0.336529525496905,0.279467687738736,0.098994124678613,0.285008662085746
21777,0.0628507057328701,0.0280026662062491,0.652025265445615,0.257121362615266
21778,0.323604427069806,0.11351893265461,0.0922428521862257,0.470633788089358
21779,0.218388060802731,0.237735700299798,0.12961577633785,0.414260462559621
21780,0.185364530072288,0.114613715187071,0.417514436367106,0.282507318373535
21781,0.101629602063015,0.0613419588176977,0.562079787300826,0.274948651818462
21782,0.525560618163829,0.0108025618827103,0.259991812934875,0.203645007018586
21783,0.247225102722409,0.0779356394804408,0.202232890616513,0.472606367180636
21784,0.535914127755824,0.214483841726031,0.0472560782465022,0.202345952271643
21785,0.147034589022694,0.533007896690589,0.20951333112394,0.110444183162776
21786,0.0792384057718311,0.0622939984564306,0.217638873513776,0.640828722257963
21787,0.0601540894080389,0.572534604307627,0.0656596661641158,0.301651640120218
21788,0.281005662035161,0.340371324691141,0.0428879344858039,0.335735078787895
21789,0.0891777806535694,0.253904903955369,0.256483235540497,0.400434079850565
21790,0.589136714751731,0.097573549999118,0.0644064354425514,0.2488832998066
21791,0.323392101969165,0.128123171615586,0.150293847136272,0.398190879278977
21792,0.0658604677269685,0.316794404853543,0.360565236184316,0.256779891235173
21793,0.140418902298561,0.247759233561994,0.413537357250886,0.198284506888559
21794,0.0269770115241265,0.508523149509167,0.234274718770606,0.2302251201961
21795,0.262983198337997,0.0169377093908585,0.475500587166741,0.244578505104403
21796,0.272405504607134,0.217041201900437,0.17408213240325,0.33647116108918
21797,0.330431382217771,0.334233524473372,0.121809029809525,0.213526063499332
21798,0.481098266992774,0.041220009465203,0.291817850960818,0.185863872581205
21799,0.0695796466301598,0.0563512610147247,0.204005171433666,0.67006392092145
21800,0.0829043729786295,0.102386042767402,0.304524408018996,0.510185176234972
21801,0.18957301001131,0.146879750909617,0.15997299533855,0.503574243740522
21802,0.045438481122483,0.198879946783112,0.36243811446808,0.393243457626326
21803,0.0954683158186796,0.105329832977708,0.603369382198549,0.195832469005063
21804,0.213851835628896,0.475278254550275,0.130348404206462,0.180521505614367
21805,0.512576187144708,0.0674071866372552,0.0903040505190983,0.329712575698938
21806,0.116698372254366,0.338559492108968,0.200092410685733,0.344649724950933
21807,0.202815524688809,0.351041433946625,0.175174677163872,0.270968364200694
21808,0.248826560492442,0.100391183681509,0.166389329496574,0.484392926329475
21809,0.585135299792307,0.0399866932204363,0.071136575146877,0.30374143184038
21810,0.742846350966942,0.0312179943983065,0.117447580137868,0.108488074496883
21811,0.400885980168409,0.323560304951705,0.184553527619663,0.0910001872602229
21812,0.162146229487253,0.0507987424054256,0.480795818555754,0.306259209551567
21813,0.272022177611053,0.438574215069798,0.0599077455800362,0.229495861739113
21814,0.142738295591565,0.214271590485587,0.333862829629316,0.309127284293532
21815,0.324999169785981,0.0314546582581974,0.263968530110362,0.379577641845459
21816,0.301647507122105,0.42125352070074,0.0726486335245043,0.204450338652651
21817,0.0476615603239896,0.0582621574632748,0.660296228471553,0.233780053741183
21818,0.0628183796703905,0.0582797726070472,0.396776757047678,0.482125090674884
21819,0.255315583916675,0.155928502275458,0.0964107778039676,0.4923451360039
21820,0.690589601007298,0.0694468768365273,0.0681258888811837,0.17183763327499
21821,0.149715235728845,0.0731036032447974,0.547749696097494,0.229431464928864
21822,0.417120031518193,0.406296929892573,0.0483037693592008,0.128279269230033
21823,0.183491120037353,0.399099070786284,0.169025163509455,0.248384645666908
21824,0.150121637962448,0.423029435112645,0.292486203144285,0.134362723780622
21825,0.0543459781085123,0.398039024083882,0.112289986331608,0.435325011475997
21826,0.260822151042439,0.261954718910804,0.326876817500777,0.15034631254598
21827,0.0429039432058813,0.0424859526271627,0.755517197012444,0.159092907154512
21828,0.0697216680769451,0.433781025351435,0.133007361971653,0.363489944599968
21829,0.0922297187287059,0.0803419492664116,0.503385751336632,0.324042580668251
21830,0.0495751412060482,0.0400929249220041,0.57800818361575,0.332323750256198
21831,0.260162496153382,0.272207206604199,0.148330596965944,0.319299700276476
21832,0.250187643616879,0.342950778296534,0.0498313787988504,0.357030199287736
21833,0.511301748168457,0.0661111506651286,0.198607992373329,0.223979108793085
21834,0.596412148306282,0.145992853314178,0.0799811824259304,0.177613815953609
21835,0.122099507626785,0.322793224078822,0.0959780192946818,0.459129248999712
21836,0.0662124338359685,0.104820530037586,0.56502997893731,0.263937057189136
21837,0.0818371526693048,0.0381154693873616,0.520796035816212,0.359251342127122
21838,0.275774996916853,0.0589921998942392,0.437536421168715,0.227696382020193
21839,0.12107464531448,0.459226199729693,0.191009715862958,0.228689439092869
21840,0.634383000560386,0.0252605485077016,0.142223068973908,0.198133381958004
21841,0.507556666557987,0.127178109965469,0.0815726325318641,0.28369259094468
21842,0.0378624870632821,0.257938309036993,0.433117349711524,0.2710818541882
21843,0.540785425544007,0.0921990079357554,0.055366720360029,0.311648846160209
21844,0.036817576054208,0.53885765933941,0.118788197184167,0.305536567422215
21845,0.28226899338523,0.122000029855433,0.286759268297192,0.308971708462145
21846,0.0810438020219099,0.409807696963599,0.162124587701567,0.347023913312924
21847,0.284203758717851,0.0756239814340442,0.439354770413112,0.200817489434993
21848,0.0932644180374398,0.133054467496346,0.055561036217014,0.7181200782492
21849,0.643720580208378,0.185328629641116,0.0287831297859249,0.142167660364581
21850,0.489082233738965,0.0816666015861878,0.0576210873441485,0.371630077330699
21851,0.125111526048301,0.589666960470885,0.055832855744372,0.229388657736442
21852,0.400219444203314,0.0963563890113203,0.269553855040309,0.233870311745056
21853,0.0731015745393812,0.118366034917003,0.444230127038544,0.364302263505071
21854,0.34691616573233,0.105173317541419,0.151374354156253,0.396536162569998
21855,0.130493823771666,0.524197329534862,0.123381291610062,0.22192755508341
21856,0.411178469076536,0.130239907391466,0.320007688788169,0.13857393474383
21857,0.0899125658116379,0.678209990147446,0.0386154350027964,0.19326200903812
21858,0.516953239596954,0.0521627833826919,0.0473428169692175,0.383541160051137
21859,0.506881882954458,0.095249200973963,0.0957618323413634,0.302107083730216
21860,0.538179296198432,0.257454426044867,0.049506847631522,0.154859430125178
21861,0.281449918520011,0.103806709267435,0.420481974948212,0.194261397264343
21862,0.0258829513164025,0.343049175063628,0.415472322991599,0.21559555062837
21863,0.0674424360836705,0.309786876874865,0.235945931745888,0.386824755295576
21864,0.261063748173104,0.559942034205545,0.0240420223474844,0.154952195273867
21865,0.125274893682434,0.301173628252318,0.426700910603343,0.146850567461905
21866,0.185274124675821,0.173671284059138,0.391917609999847,0.249136981265193
21867,0.0888128726206194,0.128577228469959,0.284374036995106,0.498235861914316
21868,0.153936682018723,0.0734580386976363,0.564103810573505,0.208501468710136
21869,0.398179983495271,0.0724073399668825,0.154299797634154,0.375112878903693
21870,0.276969540570415,0.153052926267945,0.279298549279081,0.290678983882559
21871,0.633211674996263,0.0848470294471208,0.028606797744938,0.253334497811679
21872,0.0352248780941643,0.359034276620358,0.430674677273369,0.175066168012109
21873,0.332584247479112,0.311573905857653,0.226555112931448,0.129286733731788
21874,0.0949420238216593,0.608788908189354,0.10665413665355,0.189614931335437
21875,0.344742718585165,0.391120590946596,0.0335139373572305,0.230622753111009
21876,0.481601444907988,0.102329649353857,0.178382803671487,0.237686102066668
21877,0.0918350649893469,0.382890193599993,0.139883566878847,0.385391174531813
21878,0.343170614316042,0.461254798582587,0.0479085123367256,0.147666074764645
21879,0.410061065078436,0.271965439765256,0.0709071253435866,0.247066369812721
21880,0.283406960895826,0.122373624563213,0.402191565180459,0.192027849360501
21881,0.144651780712571,0.319599689113426,0.253944017061595,0.281804513112408
21882,0.23152543834709,0.217036621717808,0.251426669017667,0.300011270917435
21883,0.0785577096971147,0.330791268897273,0.260915212383197,0.329735809022415
21884,0.196956159078796,0.499621505646103,0.0205927977647423,0.282829537510358
21885,0.0862237986156719,0.411972481938335,0.0567717914738112,0.445031927972182
21886,0.250949460771198,0.277624404428565,0.130019967401769,0.341406167398468
21887,0.244222891055924,0.0548284452668659,0.370654196603863,0.330294467073347
21888,0.0491960351854629,0.349142037771643,0.335260913441358,0.266401013601536
21889,0.132544965994081,0.340788038054241,0.310449270570886,0.216217725380793
21890,0.197698404350305,0.231076674727669,0.221732916902895,0.349492004019131
21891,0.428830733771276,0.0212586240716497,0.422333998770295,0.12757664338678
21892,0.0673635922255406,0.326736827079436,0.0760476726218174,0.529851908073206
21893,0.101853232003788,0.488272143991499,0.0975205582827626,0.312354065721951
21894,0.184360536530532,0.0826476212307299,0.204362308159432,0.528629534079305
21895,0.0238056520514398,0.038925229908026,0.790458453318745,0.146810664721789
21896,0.383203534186436,0.206023194582925,0.272379167046026,0.138394104184613
21897,0.314388179289409,0.256792295738325,0.260044560241485,0.168774964730781
21898,0.230819505188778,0.279432506275603,0.279674229982653,0.210073758552967
21899,0.347879413531921,0.163359373647198,0.37115303102203,0.117608181798851
21900,0.0516092009847319,0.0661501425880578,0.0883013057354128,0.793939350691798
21901,0.18514053715853,0.633322095493772,0.0141656452086215,0.167371722139077
21902,0.0568193975424838,0.175218157621613,0.588599790988869,0.179362653847034
21903,0.0488324871522163,0.0952610901831344,0.593781678835007,0.262124743829642
21904,0.289855545454327,0.0675299310369692,0.264994973116842,0.377619550391862
21905,0.019280978139651,0.459934066775934,0.250972724888691,0.269812230195723
21906,0.107018493246208,0.204187281680361,0.109430220118353,0.579364004955078
21907,0.0649668385292389,0.447835587109454,0.151106878641465,0.336090695719842
21908,0.301417602748174,0.14670929587376,0.313213657367211,0.238659444010856
21909,0.317040125008828,0.0969205472665137,0.313819986096162,0.272219341628496
21910,0.476217862752732,0.103697080858142,0.120378634055118,0.299706422334008
21911,0.171802880741796,0.506656940416762,0.0882570573311762,0.233283121510266
21912,0.173183599517419,0.514308878370685,0.0381622959728807,0.274345226139016
21913,0.108195960232502,0.577703201627464,0.105920419992866,0.208180418147168
21914,0.140490678566593,0.109238279071489,0.178215297733201,0.572055744628717
21915,0.323796740935266,0.0417146555065956,0.294304673444182,0.340183930113957
21916,0.0577268395908062,0.0721665919980272,0.231466480297227,0.63864008811394
21917,0.156620689900087,0.120230656806719,0.236629597965115,0.486519055328079
21918,0.0640500066759444,0.0531197210614548,0.692484044631076,0.190346227631525
21919,0.186694306603979,0.0415957944848258,0.516804382259873,0.254905516651322
21920,0.264633334672177,0.106513902207507,0.149353864747755,0.479498898372561
21921,0.140525233034888,0.557693654664049,0.113464916677093,0.188316195623971
21922,0.47069152086398,0.17410363325425,0.0403221705844426,0.314882675297327
21923,0.217072019723018,0.0976281698261245,0.233261936261723,0.452037874189134
21924,0.234103544043157,0.0919931150208434,0.241447702251435,0.432455638684565
21925,0.489655348085599,0.0865346831885032,0.211290989094913,0.212518979630985
21926,0.451155669268239,0.0796862696096512,0.109072478797629,0.360085582324481
21927,0.127594687509142,0.172863606039176,0.530744573732999,0.168797132718683
21928,0.124255863323298,0.551459203898146,0.046111373119053,0.278173559659503
21929,0.124914306020077,0.142566371488672,0.161807736547625,0.570711585943625
21930,0.0295908802193863,0.447810714539584,0.300228711907907,0.222369693333123
21931,0.197016536977451,0.531099365228432,0.0805313604669212,0.191352737327196
21932,0.106465170647111,0.0565965961626524,0.55429727795219,0.282640955238046
21933,0.0891441103692115,0.580146457397032,0.0625238580399125,0.268185574193844
21934,0.123003643831064,0.418693812625463,0.222658251370319,0.235644292173155
21935,0.192840402996812,0.289853044305802,0.144187268473156,0.373119284224231
21936,0.218956699467276,0.403081590434093,0.16588897984317,0.212072730255462
21937,0.0753875897168408,0.161402663840436,0.491492016609817,0.271717729832906
21938,0.0347503778438368,0.524178444943434,0.165721911013578,0.275349266199152
21939,0.0779615897922593,0.457857184704291,0.109400406839102,0.354780818664347
21940,0.470033535049212,0.252595337183745,0.109048358755297,0.168322769011746
21941,0.179900088648983,0.0782927911173536,0.296232536431678,0.445574583801986
21942,0.1479494711902,0.657004212315114,0.108710172782688,0.0863361437119979
21943,0.0756322775144921,0.408271947148747,0.0841946892892817,0.431901086047479
21944,0.0595906789672446,0.289225553935762,0.38628376291437,0.264900004182624
21945,0.14956927030965,0.336801608718246,0.087191580465716,0.426437540506388
21946,0.566035530610973,0.121071377054398,0.0784285430773711,0.234464549257258
21947,0.477649998529001,0.160520685492621,0.126786003707589,0.235043312270788
21948,0.110860561846586,0.388260985836721,0.273672063031885,0.227206389284808
21949,0.126008204443167,0.339745838031724,0.12754173189679,0.406704225628319
21950,0.168544451526673,0.465685206803828,0.0976455165994819,0.268124825070017
21951,0.141493870091556,0.211286770093002,0.351508181877765,0.295711177937676
21952,0.368908731040135,0.05463083393187,0.0773127232945375,0.499147711733458
21953,0.49646860095245,0.237601694342445,0.0601200900038641,0.205809614701241
21954,0.187443871106097,0.0887075111064803,0.144995430023097,0.578853187764326
21955,0.403099928422533,0.0768599018538756,0.256012671653288,0.264027498070303
21956,0.0450831555894646,0.1134520910312,0.213058827469425,0.628405925909911
21957,0.466835461668738,0.102516854796124,0.182889246469801,0.247758437065337
21958,0.0269913025138094,0.632083847143744,0.117378863108855,0.223545987233591
21959,0.0971654014935922,0.0964109977103078,0.0906149707056171,0.715808630090483
21960,0.161854043424173,0.578652539516833,0.037459536180473,0.222033880878521
21961,0.232915609570696,0.162304302668157,0.315550235175016,0.289229852586131
21962,0.688923306128692,0.108236559641248,0.0554640610446473,0.147376073185413
21963,0.0837486806385856,0.314695935274573,0.398709684252733,0.202845699834108
21964,0.186783800761784,0.0187171635297186,0.62442485025163,0.170074185456868
21965,0.123475799341878,0.069917011699322,0.43539543594631,0.37121175301249
21966,0.125145958027153,0.0603294107097064,0.422844536163585,0.391680095099556
21967,0.534779006818805,0.0170153404536822,0.230676623187332,0.217529029540181
21968,0.199106815252985,0.57297461292843,0.0472092700345636,0.180709301784022
21969,0.0390293579391687,0.195401383012209,0.30393545973017,0.461633799318452
21970,0.16321198118768,0.240959830894428,0.182167419174101,0.413660768743791
21971,0.353224928552681,0.299595708849643,0.242639916421308,0.104539446176367
21972,0.402828889083122,0.177982087356624,0.206411141951526,0.212777881608727
21973,0.420644404392709,0.177198291110019,0.0507105797289708,0.351446724768301
21974,0.483046497559693,0.190842012566806,0.0656602678508854,0.260451222022615
21975,0.0738086155316086,0.128800598689317,0.388576481610613,0.408814304168461
21976,0.384200400137356,0.291577261524904,0.214329049391725,0.109893288946016
21977,0.207681785781191,0.343535661457908,0.247217229081933,0.201565323678969
21978,0.267867879529293,0.0718201417102966,0.323915175808878,0.336396802951532
21979,0.407118931427797,0.230814510776458,0.0798383381197372,0.282228219676007
21980,0.0879348855920823,0.599726130744996,0.103794557184392,0.208544426478529
21981,0.147563297942269,0.383419890959494,0.252185437606358,0.21683137349188
21982,0.210638231988445,0.294087725154052,0.264221052754217,0.231052990103287
21983,0.0752285858351895,0.0953737220993479,0.349350090578002,0.480047601487461
21984,0.0899386676609067,0.266355021130417,0.204701929764307,0.43900438144437
21985,0.0348605930147279,0.563966023134748,0.080726632402946,0.320446751447578
21986,0.126991379338541,0.112145074718764,0.5117045883955,0.249158957547196
21987,0.0441427428642701,0.397543724608758,0.181495983951827,0.376817548575146
21988,0.336980610892049,0.212373275218039,0.163258588595846,0.287387525294067
21989,0.070809883255179,0.303992643144064,0.363666306383849,0.261531167216908
21990,0.03095838181543,0.473284745054068,0.285377008079443,0.210379865051059
21991,0.279152270688032,0.214041619272242,0.249935625288963,0.256870484750763
21992,0.350363411856698,0.175006303112772,0.0797615478144271,0.394868737216103
21993,0.131048158286019,0.396002115660171,0.095267052588425,0.377682673465385
21994,0.0995176947897965,0.437510537350781,0.318263718315558,0.144708049543865
21995,0.0423478094789109,0.197544685905933,0.500411542521852,0.259695962093304
21996,0.362150049899725,0.119861250267505,0.0359796617420836,0.482009038090687
21997,0.40604537564462,0.097031456756922,0.30255513268605,0.194368034912407
21998,0.387882896267611,0.128688104852212,0.113365496441597,0.370063502438579
21999,0.0673974737126257,0.528317461271277,0.136365039310398,0.267920025705699
22000,0.413518894000728,0.0382374234010287,0.360675784214027,0.187567898384217
22001,0.127522080332691,0.512003575539177,0.2364431270096,0.124031217118532
22002,0.175560121161005,0.474306800596608,0.0819468060522599,0.268186272190127
22003,0.0644188713162151,0.173014060898031,0.538729737747971,0.223837330037783
22004,0.484545857999131,0.0887973215493427,0.0888822419190823,0.337774578532445
22005,0.359006625408564,0.118197499274049,0.168955453258945,0.353840422058442
22006,0.0654423180108389,0.236289646817768,0.218981083632506,0.479286951538887
22007,0.259880766749666,0.385267718940222,0.176639541647457,0.178211972662655
22008,0.060932497343143,0.142983400528711,0.498896612846036,0.29718748928211
22009,0.377703257994022,0.0987695787871475,0.144690003805123,0.378837159413708
22010,0.133248227478949,0.538527496579644,0.0457074935836613,0.282516782357746
22011,0.0937034593463146,0.41284201567903,0.179109598091772,0.314344926882884
22012,0.32141419353031,0.10964562278836,0.156827955952353,0.412112227728976
22013,0.372917141965283,0.126443521383883,0.288620143566751,0.212019193084083
22014,0.148154993189444,0.0830065089832206,0.556910972614964,0.211927525212371
22015,0.0960318547049291,0.105299675934293,0.367315908827093,0.431352560533684
22016,0.0633570153766793,0.469454674856836,0.055675903657528,0.411512406108957
22017,0.0695032286259696,0.676501671547534,0.0331154808790504,0.220879618947446
22018,0.311992892094484,0.145089635241497,0.290525294305939,0.25239217835808
22019,0.239707877460993,0.108819673409032,0.280066850053425,0.371405599076551
22020,0.181947768233928,0.116455744329001,0.368980604309523,0.332615883127548
22021,0.0616079695456893,0.321613960435256,0.337364081350773,0.279413988668282
22022,0.456866452010592,0.0524689280337827,0.196637243925838,0.294027376029787
22023,0.425545918058233,0.0464508800399415,0.298243794761016,0.229759407140809
22024,0.323586807514413,0.0751603355837416,0.189711793792611,0.411541063109234
22025,0.486677211232392,0.195271762026236,0.0629553530763572,0.255095673665015
22026,0.654865932351591,0.0905500558399317,0.0517977506738504,0.202786261134627
22027,0.269503267877012,0.302989815228962,0.0964809540155747,0.331025962878452
22028,0.417921398707063,0.109575289620711,0.0451225344017748,0.427380777270452
22029,0.0668375942952166,0.0969414316522859,0.0912257686430305,0.744995205409467
22030,0.482352271327166,0.0194065936939275,0.341603557305559,0.156637577673348
22031,0.231857886188904,0.228867029432278,0.115644100154837,0.423630984223981
22032,0.120373172527185,0.231840688774206,0.0832369718603551,0.564549166838254
22033,0.0562624637430426,0.105178484501584,0.668253045575467,0.170306006179906
22034,0.691013039031457,0.0847327919268741,0.0561217271092368,0.168132441932432
22035,0.221632583401854,0.140425099651732,0.16178524230732,0.476157074639094
22036,0.539716537766333,0.252257478588907,0.0895599097242681,0.118466073920492
22037,0.178597820995608,0.160646586232661,0.0812887522714714,0.579466840500259
22038,0.132964202430958,0.312375853825204,0.114589419220941,0.440070524522897
22039,0.372695482425261,0.462592314269156,0.013979595104465,0.150732608201118
22040,0.193428970054245,0.370675343655443,0.237129511910629,0.198766174379683
22041,0.131387291102783,0.0416988195764767,0.556193434669695,0.270720454651046
22042,0.250120687756131,0.183853121902373,0.226301403854814,0.339724786486682
22043,0.134600430218639,0.553161208010221,0.0694642391427935,0.242774122628347
22044,0.064022658081127,0.107202641802921,0.271226116543266,0.557548583572686
22045,0.105217277957285,0.301853155053278,0.0783753833801803,0.514554183609257
22046,0.161671769889511,0.229119327380839,0.219103412960668,0.390105489768983
22047,0.182048366710015,0.358775464215425,0.0378773536149582,0.421298815459602
22048,0.118808235670963,0.651456963420988,0.0204823597680122,0.209252441140036
22049,0.157489996373484,0.526188826669947,0.0455840558360096,0.27073712112056
22050,0.281051352084336,0.249571898901836,0.340655909703168,0.128720839310661
22051,0.0450470823931171,0.0670195209456564,0.572699753823422,0.315233642837804
22052,0.213399677711584,0.424792809257127,0.170664313055609,0.19114319997568
22053,0.0254642705076039,0.670900414943166,0.133895856235091,0.169739458314139
22054,0.0906320191528138,0.0454354042710521,0.575449414255939,0.288483162320195
22055,0.214383723254827,0.106353662460221,0.475775889686647,0.203486724598305
22056,0.290257802817562,0.0401126191173298,0.406844519067696,0.262785058997412
22057,0.227178818490177,0.21296532794192,0.183955918601834,0.375899934966069
22058,0.386250609420438,0.406118590957208,0.0697008371384211,0.137929962483933
22059,0.173199925691237,0.451864226810243,0.0906218665557888,0.284313980942731
22060,0.21876564699716,0.229533240241456,0.118163884759773,0.433537228001612
22061,0.120069371709869,0.189621755448076,0.390410920144573,0.299897952697482
22062,0.165480532385023,0.295739072610792,0.354897117778872,0.183883277225313
22063,0.0191757823176079,0.538015652368,0.259227126243528,0.183581439070865
22064,0.43160163428868,0.25170983334944,0.123505363972518,0.193183168389362
22065,0.13155698591512,0.156912674989258,0.438778486896008,0.272751852199615
22066,0.466140551958407,0.150461529256298,0.146292509977233,0.237105408808061
22067,0.397863186703038,0.226566392700328,0.0406504390383256,0.334919981558308
22068,0.188706575455845,0.675643585964197,0.0157957258327853,0.119854112747173
22069,0.0403407724316529,0.626848337486484,0.091065528126707,0.241745361955156
22070,0.431171268889308,0.0462607125954861,0.146663020765897,0.375904997749309
22071,0.399639359666197,0.155362828354566,0.111476185980879,0.333521625998359
22072,0.0346124711491563,0.519146959642456,0.286066952211821,0.160173616996567
22073,0.226323104174636,0.140540228989402,0.284195176453434,0.348941490382529
22074,0.0397475587220189,0.566301113892765,0.159938235758325,0.234013091626891
22075,0.0973127026404058,0.348235218904052,0.229106384433027,0.325345694022516
22076,0.586633992871115,0.15917564741843,0.0704170734612242,0.183773286249231
22077,0.208994675830138,0.11543064870785,0.111978953406331,0.563595722055682
22078,0.406661345732548,0.15944022999719,0.120696369295061,0.313202054975202
22079,0.478016559193471,0.0371091447803983,0.106063905003054,0.378810391023076
22080,0.139974855680025,0.0677741779336476,0.61639233369016,0.175858632696167
22081,0.167218047637738,0.412147834190725,0.148209660279152,0.272424457892386
22082,0.496548813969696,0.170168619419755,0.149166479459876,0.184116087150673
22083,0.0256786307178966,0.656648997128701,0.142693331251406,0.174979040901997
22084,0.206540533939406,0.125565057097415,0.0918682251987094,0.57602618376447
22085,0.346081690781157,0.200455535186386,0.197781422276053,0.255681351756405
22086,0.0664541283539941,0.494920125386553,0.0773840310111347,0.361241715248318
22087,0.0768781989114132,0.0831259723562617,0.552112195088675,0.28788363364365
22088,0.140635138368929,0.123580932825729,0.251441808668784,0.484342120136558
22089,0.0208361725413197,0.589226235242607,0.19702029954532,0.192917292670753
22090,0.206682384752998,0.257232226013916,0.252501988203926,0.283583401029161
22091,0.0885037357577557,0.17249235410951,0.565203462960561,0.173800447172174
22092,0.572213583706485,0.211774176925702,0.0414920273481698,0.174520212019643
22093,0.10919812286171,0.118171364060917,0.505666121444652,0.266964391632721
22094,0.172612976211346,0.12689982130383,0.353997837812448,0.346489364672375
22095,0.110775294176428,0.336412541629734,0.230324341411566,0.322487822782272
22096,0.25518543937899,0.0291029682081713,0.50559191092811,0.210119681484729
22097,0.55832851194361,0.0319420805087249,0.0902670013475893,0.319462406200076
22098,0.200990045463858,0.0288794147975828,0.553197129438891,0.216933410299668
22099,0.0447762681919087,0.251338723347394,0.190427182522159,0.513457825938539
22100,0.0552014687212635,0.158766938184635,0.573440855966401,0.212590737127701
22101,0.509646276429927,0.236583257776451,0.0774753311199521,0.17629513467367
22102,0.0952239563610801,0.307267209078946,0.123924707981563,0.473584126578412
22103,0.31915485728893,0.261152633097757,0.239424865490767,0.180267644122545
22104,0.393403910501393,0.242010938102181,0.0392468147010101,0.325338336695417
22105,0.0400496436080287,0.277101651330988,0.347706880900946,0.335141824160037
22106,0.6467629680052,0.14057592468565,0.0188966374512498,0.1937644698579
22107,0.125324829243405,0.0604326053004401,0.598778189075134,0.215464376381021
22108,0.30059817390555,0.0889727148640165,0.3098928690774,0.300536242153033
22109,0.268829625773431,0.452919361246877,0.0890429882081478,0.189208024771544
22110,0.0784350192471542,0.0760425202044778,0.160357802406144,0.685164658142224
22111,0.390290413381522,0.125143178303204,0.149772135628523,0.33479427268675
22112,0.0335544249933461,0.264938026229494,0.446816206386489,0.25469134239067
22113,0.0466044827621467,0.434734874015874,0.21481218699131,0.30384845623067
22114,0.192204209725477,0.134114184921473,0.189836855646515,0.483844749706534
22115,0.15034212776663,0.185136707554923,0.0701706076565179,0.594350557021929
22116,0.0522949769198492,0.254581998645777,0.452027719423826,0.241095305010547
22117,0.297848225718825,0.0788176334017371,0.449181018771575,0.174153122107863
22118,0.667540945619011,0.0480370296173379,0.0512143729850128,0.233207651778638
22119,0.0586816395346242,0.55748629530081,0.0809982326619452,0.30283383250262
22120,0.150279201033371,0.0832089523651722,0.436209577942467,0.330302268658989
22121,0.0762990235395358,0.266144050226659,0.150628868560346,0.506928057673459
22122,0.128742901572295,0.324596673673387,0.407797000063905,0.138863424690413
22123,0.11155435362308,0.334366150360466,0.309137256013674,0.244942240002781
22124,0.0593888859393551,0.369330748088093,0.288108684711496,0.283171681261057
22125,0.257008418427129,0.165289307874823,0.132485638277435,0.445216635420612
22126,0.252057703876105,0.148864142853065,0.288564738538418,0.310513414732412
22127,0.401039534658291,0.174446034340862,0.133810988943546,0.290703442057301
22128,0.347720944119201,0.242701475150848,0.229698145925012,0.179879434804939
22129,0.0640796819593538,0.151752844154445,0.18031915069405,0.603848323192151
22130,0.0534481759810758,0.292915727842083,0.380452662213243,0.273183433963599
22131,0.584280454658071,0.0709049062959449,0.134827023767257,0.209987615278727
22132,0.102379283912387,0.251368614780983,0.417428085857049,0.228824015449581
22133,0.0436441269312071,0.0911418825342251,0.553437941748544,0.311776048786024
22134,0.402446830496334,0.148664556013164,0.16494783086496,0.283940782625542
22135,0.619607265849221,0.024990257521245,0.0290479275765868,0.326354549052948
22136,0.368671112923273,0.168257822167355,0.0932615143416356,0.369809550567736
22137,0.344241105782285,0.087841829190199,0.218958423253851,0.348958641773665
22138,0.296299316718714,0.250057492982881,0.198450570740352,0.255192619558053
22139,0.173823189810541,0.415960579023323,0.176048223923765,0.234168007242371
22140,0.0477229143567095,0.0572932016304715,0.517230257998189,0.37775362601463
22141,0.0592588783397923,0.261021300200574,0.228125065371099,0.451594756088535
22142,0.216391771451529,0.0541781953195732,0.593668377342723,0.135761655886176
22143,0.373595875434894,0.122005518898473,0.28790208337536,0.216496522291273
22144,0.0221691277479185,0.268199625592572,0.525844812557996,0.183786434101514
22145,0.100370166687107,0.205912830327574,0.360547979489134,0.333169023496184
22146,0.354459969537891,0.0686604623377801,0.317679850874571,0.259199717249758
22147,0.441456616699564,0.0963604280292972,0.195416998935067,0.266765956336072
22148,0.303230196039738,0.123834282371337,0.198144128848019,0.374791392740907
22149,0.111592268945499,0.347082183520777,0.0333373264175457,0.507988221116178
22150,0.0763497153409167,0.0660090986139915,0.66588630424821,0.191754881796882
22151,0.247678728864071,0.0488747977336731,0.356123977214922,0.347322496187334
22152,0.249282580700515,0.159153055939686,0.0598936829223198,0.531670680437479
22153,0.0376258738203014,0.366526289969864,0.376327330003606,0.219520506206229
22154,0.140867583132483,0.477684318894616,0.168758368845017,0.212689729127885
22155,0.126281612858972,0.211303183457935,0.413300413866772,0.249114789816321
22156,0.0736615268973401,0.514028286589299,0.0643270937312943,0.347983092782066
22157,0.109089651746343,0.308020913887517,0.360688429277389,0.222201005088751
22158,0.0849297645026773,0.384819972277922,0.154689501842588,0.375560761376813
22159,0.107855526889303,0.227403168077848,0.477398803687551,0.187342501345298
22160,0.182218736703715,0.306730754265804,0.108828217484474,0.402222291546007
22161,0.0628818986093524,0.310069100444012,0.168653950234877,0.458395050711759
22162,0.114358863605904,0.336347234863304,0.242126935375892,0.307166966154899
22163,0.461967513601888,0.0756700516098686,0.0682561913948164,0.394106243393427
22164,0.0566396542284751,0.0341913342594705,0.546766331052114,0.362402680459941
22165,0.0870403106674575,0.510768878734122,0.130668725666081,0.27152208493234
22166,0.465175941881539,0.381747237856477,0.0472417033115749,0.105835116950409
22167,0.361898783503091,0.212523361025523,0.233026976799287,0.192550878672099
22168,0.202194911787943,0.201235554329466,0.298998339714968,0.297571194167623
22169,0.359152660231815,0.0425132791958591,0.212552253066205,0.385781807506121
22170,0.0877280500020731,0.213724740751448,0.509153433747975,0.189393775498505
22171,0.119971632920662,0.312217585402535,0.365406824300665,0.202403957376139
22172,0.0675077583736674,0.134946764688779,0.0863054086714463,0.711240068266108
22173,0.159346889397278,0.535792852019647,0.0721557466112999,0.232704511971776
22174,0.590990666599369,0.122011913238915,0.0707616790555339,0.216235741106183
22175,0.0913121271621578,0.481291781872169,0.181435396427215,0.245960694538458
22176,0.307723293367783,0.0906725019503109,0.35874111083224,0.242863093849666
22177,0.14060063185346,0.129082659147118,0.227658493887415,0.502658215112007
22178,0.230812153608491,0.381888653435253,0.160541041009459,0.226758151946796
22179,0.0690761556823213,0.40920051018709,0.0676098220527702,0.454113512077818
22180,0.30982955197317,0.0572085121101861,0.469285481629223,0.163676454287421
22181,0.125952257328464,0.401040271797938,0.0870829329737071,0.38592453789989
22182,0.330462659802094,0.091142593974872,0.357700806198591,0.220693940024443
22183,0.257100796612361,0.350495809446791,0.104297607830573,0.288105786110274
22184,0.397173357406958,0.0966485080715789,0.11131717544257,0.394860959078894
22185,0.187808000557372,0.345286569047266,0.0677407851312738,0.399164645264088
22186,0.0649863251510591,0.491900913347302,0.111211144014383,0.331901617487257
22187,0.105465442336114,0.193044461482146,0.111375764896091,0.590114331285648
22188,0.248207840899285,0.169620056274716,0.366677591268663,0.215494511557336
22189,0.258097363086459,0.041165288327599,0.531084714962493,0.169652633623449
22190,0.0612631128037409,0.488199723242325,0.189807055430579,0.260730108523355
22191,0.338142800392109,0.129130648396377,0.399891860504585,0.132834690706929
22192,0.186221955777259,0.200190781344287,0.262373912214857,0.351213350663597
22193,0.133100362579778,0.195335408110432,0.132996627155689,0.538567602154101
22194,0.319668865468642,0.360247423238707,0.0327871578029419,0.287296553489709
22195,0.262680397084362,0.4678548844774,0.179093913606826,0.0903708048314113
22196,0.324974256728831,0.041331756149865,0.11845555903379,0.515238428087514
22197,0.158618826185387,0.44267688621338,0.0606462271647198,0.338058060436513
22198,0.074557441020157,0.0408348484241019,0.108373903388169,0.776233807167572
22199,0.499691371952352,0.0852908877005419,0.0912588593342593,0.323758881012847
22200,0.437591560721403,0.126607572128927,0.127235867769372,0.308564999380298
22201,0.330120465227122,0.27575830201731,0.190013112532104,0.204108120223464
22202,0.449029831291766,0.283406046615219,0.0508166673015637,0.216747454791451
22203,0.340293653761461,0.414977583630991,0.0680023204580878,0.17672644214946
22204,0.125040789856725,0.325733647810002,0.0471207457171891,0.502104816616084
22205,0.301286371248451,0.357496831272548,0.136391769574333,0.204825027904668
22206,0.0834916539199936,0.194314861038365,0.490547187544626,0.231646297497015
22207,0.108661521729981,0.0848863139378459,0.364721684876587,0.441730479455585
22208,0.23353305597526,0.526838711701293,0.0550556725861138,0.184572559737333
22209,0.146719377436165,0.176166830194572,0.0607974958098984,0.616316296559365
22210,0.185127462058967,0.213701169628288,0.215038243170281,0.386133125142463
22211,0.127397223117639,0.420553128031246,0.0643343544147818,0.387715294436334
22212,0.0397222087282755,0.336271220321952,0.375916525697267,0.248090045252506
22213,0.0958239871322269,0.267081988684172,0.27514525448791,0.361948769695691
22214,0.0691756257434854,0.200453611514773,0.439763449022336,0.290607313719406
22215,0.0528854960742471,0.0692383477962484,0.636580220450078,0.241295935679427
22216,0.43128421866963,0.115374426055525,0.102830472343171,0.350510882931674
22217,0.143113883843024,0.0889442242299725,0.5612669399144,0.206674952012604
22218,0.119038300031285,0.40837674752589,0.0515320585867835,0.421052893856041
22219,0.4535184684223,0.0453316264801082,0.150765048016618,0.350384857080973
22220,0.767406960491757,0.0255958661947555,0.0562396145139243,0.150757558799564
22221,0.045434455282751,0.215297668850602,0.130084265170742,0.609183610695905
22222,0.668883134164568,0.062505886188871,0.0425217076530369,0.226089271993524
22223,0.234542346469698,0.397359514188024,0.0768535749728676,0.29124456436941
22224,0.314864562053613,0.0797113663865849,0.155988328511936,0.449435743047867
22225,0.487538032042931,0.235876846435137,0.141205886490612,0.135379235031321
22226,0.0950281635195455,0.0516909845187512,0.658947317383859,0.194333534577844
22227,0.4860325431964,0.185347216518525,0.162720290754737,0.165899949530338
22228,0.0324623457395741,0.618343980679118,0.112580841221129,0.236612832360179
22229,0.309518449167855,0.374267329148426,0.086586408300825,0.229627813382894
22230,0.120585978982021,0.0734327065957985,0.621227826284029,0.184753488138152
22231,0.481936471833738,0.147191092402461,0.149469675547607,0.221402760216195
22232,0.334986232717739,0.244349688190463,0.0561099184318822,0.364554160659916
22233,0.130765121388912,0.0798641128136079,0.273002904527996,0.516367861269485
22234,0.19243935515289,0.421548705005242,0.0516674527990846,0.334344487042784
22235,0.18201807758892,0.0643462189808093,0.144689536378142,0.608946167052129
22236,0.606687743668187,0.0956440707014168,0.059462921053462,0.238205264576934
22237,0.351171489906007,0.0569802932632733,0.300756850467515,0.291091366363205
22238,0.0375886261594841,0.223625776405645,0.425475845101229,0.313309752333642
22239,0.145759220577209,0.44765839862053,0.201041082620102,0.205541298182159
22240,0.162741280731375,0.189738289128724,0.261392264018043,0.386128166121857
22241,0.362747254340997,0.105910763971121,0.128645225010241,0.402696756677641
22242,0.473915059806441,0.137272456604941,0.0506381452044681,0.33817433838415
22243,0.0262167435865887,0.650555436139645,0.0321182758088011,0.291109544464966
22244,0.28807571945156,0.314071648058021,0.148198746191517,0.249653886298902
22245,0.481401539253348,0.0944870191096497,0.0684669801920353,0.355644461444967
22246,0.203833025729904,0.435418793082499,0.0787374240236355,0.282010757163961
22247,0.0859797596598606,0.0661448586481831,0.566130593955782,0.281744787736174
22248,0.568522420281067,0.0977388010635461,0.221803256534657,0.111935522120729
22249,0.0535176486138639,0.116539195424588,0.212737292834922,0.617205863126627
22250,0.440079700301048,0.0358041303853314,0.170137324938413,0.353978844375208
22251,0.1435797993799,0.128341307694714,0.482557927872802,0.245520965052585
22252,0.118293017061226,0.0541837975907698,0.516508985437288,0.311014199910716
22253,0.199109457936605,0.452614908517961,0.0473895710128896,0.300886062532544
22254,0.106152979807805,0.169990610358651,0.288458928153317,0.435397481680227
22255,0.0942459322727794,0.0373895366840843,0.533966725458696,0.334397805584441
22256,0.302994750877306,0.0447880998051434,0.261108881029887,0.391108268287663
22257,0.544588933147838,0.0469886761717002,0.216905898991921,0.191516491688541
22258,0.0636259029486349,0.536793550654738,0.212120706993635,0.187459839402992
22259,0.277671195308273,0.0930261523090784,0.194030457061599,0.43527219532105
22260,0.041513913808254,0.0608853259360166,0.488866704957631,0.408734055298098
22261,0.363904241597226,0.0790329625304919,0.243956941467502,0.313105854404781
22262,0.453456166114274,0.253323576089377,0.13112764437869,0.162092613417659
22263,0.127646692623756,0.495945198642812,0.0393823909190105,0.337025717814422
22264,0.436044556399665,0.255551835733628,0.100890461353369,0.207513146513338
22265,0.25220987070773,0.114097827628375,0.375808216034345,0.25788408562955
22266,0.121307395352797,0.0695908204540619,0.423406348944207,0.385695435248934
22267,0.0519406324392997,0.0359725021765715,0.610429875674552,0.301656989709577
22268,0.382424312833634,0.197487609108568,0.137230251219292,0.282857826838506
22269,0.255768631435782,0.547946482241938,0.0188580469545809,0.177426839367699
22270,0.0936283586478642,0.201718188299836,0.34805550395925,0.35659794909305
22271,0.158106730697354,0.286703712784339,0.378846075631768,0.176343480886539
22272,0.221569347172304,0.416866979242625,0.0860663287843512,0.27549734480072
22273,0.235831492470655,0.198819898906232,0.230047575602719,0.335301033020393
22274,0.161408130591299,0.525039117471899,0.0488865961805686,0.264666155756234
22275,0.0995874817912338,0.495251012799558,0.157193062133349,0.247968443275859
22276,0.0508988099166613,0.105322100296649,0.456150850177869,0.387628239608822
22277,0.31613343524173,0.118817115390668,0.424208280571863,0.140841168795739
22278,0.0748731812583621,0.306173240961066,0.322305140342387,0.296648437438186
22279,0.33506703025125,0.181199015490914,0.093776269922638,0.389957684335198
22280,0.188563180667547,0.077869871507857,0.319676569133499,0.413890378691098
22281,0.680242297590667,0.0367426465238186,0.083426772371087,0.199588283514428
22282,0.0540693639663906,0.303565044877354,0.514375095573296,0.12799049558296
22283,0.112376329170704,0.340351419574792,0.150189939779617,0.397082311474888
22284,0.349422447971595,0.0861258486747225,0.362501774259532,0.20194992909415
22285,0.0819528556606718,0.32800649940637,0.212500881213414,0.377539763719545
22286,0.124344717520079,0.0394350647650675,0.581528146459299,0.254692071255555
22287,0.353216794299912,0.232627439602186,0.0765918925365483,0.337563873561353
22288,0.371976381902789,0.182967028555162,0.123859433371399,0.32119715617065
22289,0.140942511262784,0.321190018638245,0.292236261087974,0.245631209010997
22290,0.513222599909189,0.0351013140593263,0.302999467163253,0.148676618868231
22291,0.705787084205458,0.0288801322118247,0.0598393136717989,0.205493469910919
22292,0.225667552084283,0.165094925781484,0.32749085220791,0.281746669926323
22293,0.235539199947091,0.357960404655259,0.0963947220181883,0.310105673379462
22294,0.250396544122321,0.115960371138809,0.0782536553629261,0.555389429375944
22295,0.0729338392648542,0.30570128335029,0.444502094739215,0.17686278264564
22296,0.22581419069652,0.041131745740372,0.1559506562709,0.577103407292208
22297,0.225987600080985,0.170257841934606,0.318819436324293,0.284935121660116
22298,0.0889624622915739,0.123265298034793,0.495961184031294,0.291811055642339
22299,0.0263277259329361,0.651342365879112,0.0374100361876776,0.284919872000274
22300,0.628100793067908,0.1645576976074,0.0477060722140239,0.159635437110668
22301,0.0747224356015347,0.187326765427369,0.532838115054854,0.205112683916242
22302,0.141133690257436,0.500804886676828,0.133673389074734,0.224388033991003
22303,0.458473799724994,0.083353581028787,0.130274201512405,0.327898417733814
22304,0.253719602223906,0.349171453225073,0.0362044665171401,0.360904478033881
22305,0.239093134893241,0.222290736007354,0.339738554232214,0.198877574867191
22306,0.254846100552396,0.159498226045976,0.430553173805337,0.155102499596291
22307,0.0948403893521203,0.288181969906157,0.0621158253568539,0.554861815384869
22308,0.163098052660894,0.260400894504436,0.232926098667477,0.343574954167194
22309,0.44556194523767,0.103441297430507,0.0411556141105218,0.409841143221301
22310,0.308794114269253,0.0544045052685278,0.199502361037535,0.437299019424685
22311,0.199514914530905,0.274641637747857,0.194954994455272,0.330888453265966
22312,0.550919995895255,0.0881433077899503,0.0588554282315819,0.302081268083213
22313,0.43211050580688,0.27274003235626,0.0742532764980217,0.220896185338838
22314,0.33757783555552,0.25022786905126,0.232193716982412,0.180000578410808
22315,0.149095077997566,0.320481856861422,0.235735932844716,0.294687132296296
22316,0.0621030259240704,0.361051268469937,0.184859177259601,0.391986528346392
22317,0.0973220206737046,0.450831719616937,0.13402601442611,0.317820245283248
22318,0.188897129112743,0.0366694966594204,0.496217285798854,0.278216088428983
22319,0.358750846302011,0.230323169031924,0.0784951999177941,0.332430784748271
22320,0.158461047615613,0.386127089933711,0.287295337649255,0.168116524801422
22321,0.220808793096053,0.197723672727648,0.173699171308677,0.407768362867622
22322,0.0672068116889985,0.131686845397494,0.545636048622929,0.255470294290578
22323,0.0475831810154485,0.336731361959537,0.161556521878869,0.454128935146146
22324,0.0706771186183469,0.435429840392442,0.316802792171512,0.177090248817699
22325,0.256215832904649,0.202792188244067,0.0889538629790878,0.452038115872196
22326,0.484326756853388,0.0569555912400652,0.105736576712679,0.352981075193867
22327,0.34717137583724,0.115885348158173,0.437074046994798,0.0998692290097884
22328,0.385361433819891,0.11887940549925,0.228243114649564,0.267516046031294
22329,0.307296267796264,0.176576766584257,0.206103313459875,0.310023652159604
22330,0.109906125089995,0.0916990059463767,0.418040369917997,0.380354499045632
22331,0.318998294322977,0.160545854771597,0.0460154760378937,0.474440374867532
22332,0.178294047389234,0.102167842780652,0.235351224882965,0.484186884947149
22333,0.579566736763793,0.00781810022283299,0.28856760638681,0.124047556626563
22334,0.231742767982105,0.104398012301259,0.357503691717868,0.306355527998768
22335,0.321833776462357,0.394326854336382,0.0310677243475668,0.252771644853694
22336,0.560709936617605,0.0769084732439209,0.164662609039608,0.197718981098866
22337,0.0653978508477137,0.319614858655765,0.40874051253878,0.206246777957741
22338,0.0878216629304641,0.144349848891631,0.154012285637543,0.613816202540361
22339,0.0985275365998894,0.0358671659908323,0.661076550118661,0.204528747290618
22340,0.0315582186342086,0.4989779028152,0.067290550162738,0.402173328387853
22341,0.241718858803364,0.0721904232947331,0.23280334599783,0.453287371904073
22342,0.222740769903749,0.0409103154726318,0.481607977517926,0.254740937105693
22343,0.158679340769058,0.656929440994603,0.0330196547203403,0.151371563515999
22344,0.175270189317811,0.288349597933009,0.421871954511925,0.114508258237254
22345,0.69533715218406,0.0289370481120053,0.0603980101988622,0.215327789505073
22346,0.411749506426716,0.0973773469294713,0.0463001367614869,0.444573009882326
22347,0.134363295064712,0.2629519896899,0.41479902825221,0.187885686993178
22348,0.0379302061047021,0.261305293301073,0.535246056684858,0.165518443909367
22349,0.200478300278741,0.25125902947272,0.433181427104758,0.11508124314378
22350,0.204481505165988,0.291637639822277,0.330185490922636,0.173695364089099
22351,0.168982791918738,0.242638383853628,0.443057713021914,0.14532111120572
22352,0.503548197970944,0.0592350631533907,0.22788105870781,0.209335680167856
22353,0.18406627721428,0.0929160467571559,0.345815755358468,0.377201920670096
22354,0.239988788627839,0.280092461699209,0.217887598542106,0.262031151130846
22355,0.16153769681512,0.304914999503935,0.302350397522531,0.231196906158415
22356,0.131174110114846,0.0570283201704333,0.388391801881413,0.423405767833308
22357,0.0806446319827301,0.423033201258524,0.106046218323112,0.390275948435633
22358,0.625833850865872,0.0559020711648041,0.137456701851102,0.180807376118223
22359,0.180567100291641,0.245991423991491,0.44369037550387,0.129751100212998
22360,0.187872472501435,0.449641293608694,0.0302084398477742,0.332277794042097
22361,0.281372411942337,0.230257750938883,0.110735518200618,0.377634318918161
22362,0.138121275682228,0.269308706583669,0.343806274384944,0.248763743349159
22363,0.0725856502220131,0.0891159920911688,0.422481994239678,0.41581636344714
22364,0.241827830429568,0.206452762210288,0.10630447430004,0.445414933060104
22365,0.256358531558826,0.203805294783349,0.216115977166835,0.323720196490991
22366,0.115196631790811,0.522515160714097,0.207017021647279,0.155271185847813
22367,0.481842333893472,0.066552484729779,0.19663080498274,0.254974376394009
22368,0.207543689472645,0.352102209815662,0.0910691371061069,0.349284963605586
22369,0.139223569974045,0.575312600656315,0.126085688847897,0.159378140521743
22370,0.0662424364578931,0.358606366407334,0.196730577906591,0.378420619228182
22371,0.415149212597528,0.0625834879619742,0.194663486559135,0.327603812881363
22372,0.405746252756339,0.337665388365595,0.0438160957914112,0.212772263086655
22373,0.182251742499137,0.0547543152924612,0.225322178220877,0.537671763987524
22374,0.296935994830712,0.530764481586142,0.0537174185507128,0.118582105032433
22375,0.0904291277856108,0.464480777683875,0.0718873819410289,0.373202712589485
22376,0.211098012602728,0.102342553725775,0.169944343110906,0.516615090560591
22377,0.378541694520022,0.287205540067265,0.10685210299178,0.227400662420934
22378,0.119213597359736,0.0831391658295772,0.612608586877439,0.185038649933248
22379,0.448156949130448,0.223173788324299,0.0267003362326861,0.301968926312567
22380,0.0746211334309609,0.185073848652157,0.172543066364219,0.567761951552663
22381,0.0913977673086505,0.36488126946126,0.176430772355893,0.367290190874197
22382,0.0512069256364752,0.50118137364244,0.139314718472924,0.308296982248161
22383,0.142920788332527,0.071580125630974,0.297456286445043,0.488042799591456
22384,0.107470605998781,0.613947842634332,0.0400955636364251,0.238485987730463
22385,0.310618274136473,0.152829959625731,0.308608397694392,0.227943368543404
22386,0.268638669676967,0.337532666982435,0.203007598865217,0.190821064475381
22387,0.218680152783685,0.061188245903373,0.193106553639188,0.527025047673754
22388,0.495073748817629,0.106038715342597,0.167367934775716,0.231519601064058
22389,0.224923571020361,0.200290967005988,0.327291600181782,0.247493861791869
22390,0.252485721375535,0.0810732290263987,0.14300049657798,0.523440553020086
22391,0.248883528775123,0.103916381691791,0.142047521636002,0.505152567897084
22392,0.261455845574163,0.288940253523567,0.17488573037459,0.27471817052768
22393,0.118231010695335,0.123514923923108,0.589612872809449,0.168641192572109
22394,0.112096493032329,0.312607226308505,0.12302763258055,0.452268648078617
22395,0.423695834591361,0.184253381320852,0.236974676557701,0.155076107530086
22396,0.0773295776087805,0.0862011497992163,0.217243811284283,0.619225461307721
22397,0.433802774673512,0.196345198907403,0.0680427155214878,0.301809310897597
22398,0.374546064767171,0.0834185568134349,0.26756830314289,0.274467075276505
22399,0.059063624211622,0.140819989442467,0.621488728824858,0.178627657521052
22400,0.0583837380431942,0.0419417042260746,0.658205847677594,0.241468710053137
22401,0.595097902327519,0.0444776283129634,0.0575591181254048,0.302865351234113
22402,0.132544965994081,0.340788038054241,0.310449270570886,0.216217725380793
22403,0.197698404350305,0.231076674727669,0.221732916902895,0.349492004019131
22404,0.428830733771276,0.0212586240716497,0.422333998770295,0.12757664338678
22405,0.0673635922255406,0.326736827079436,0.0760476726218174,0.529851908073206
22406,0.101853232003788,0.488272143991499,0.0975205582827626,0.312354065721951
22407,0.184360536530532,0.0826476212307299,0.204362308159432,0.528629534079305
22408,0.0238056520514398,0.038925229908026,0.790458453318745,0.146810664721789
22409,0.383203534186436,0.206023194582925,0.272379167046026,0.138394104184613
22410,0.314388179289409,0.256792295738325,0.260044560241485,0.168774964730781
22411,0.230819505188778,0.279432506275603,0.279674229982653,0.210073758552967
22412,0.347879413531921,0.163359373647198,0.37115303102203,0.117608181798851
22413,0.0516092009847319,0.0661501425880578,0.0883013057354128,0.793939350691798
22414,0.18514053715853,0.633322095493772,0.0141656452086215,0.167371722139077
22415,0.0568193975424838,0.175218157621613,0.588599790988869,0.179362653847034
22416,0.0488324871522163,0.0952610901831344,0.593781678835007,0.262124743829642
22417,0.289855545454327,0.0675299310369692,0.264994973116842,0.377619550391862
22418,0.019280978139651,0.459934066775934,0.250972724888691,0.269812230195723
22419,0.107018493246208,0.204187281680361,0.109430220118353,0.579364004955078
22420,0.0649668385292389,0.447835587109454,0.151106878641465,0.336090695719842
22421,0.200990045463858,0.0288794147975828,0.553197129438891,0.216933410299668
22422,0.0447762681919087,0.251338723347394,0.190427182522159,0.513457825938539
22423,0.0552014687212635,0.158766938184635,0.573440855966401,0.212590737127701
22424,0.509646276429927,0.236583257776451,0.0774753311199521,0.17629513467367
22425,0.0952239563610801,0.307267209078946,0.123924707981563,0.473584126578412
22426,0.31915485728893,0.261152633097757,0.239424865490767,0.180267644122545
22427,0.393403910501393,0.242010938102181,0.0392468147010101,0.325338336695417
22428,0.0400496436080287,0.277101651330988,0.347706880900946,0.335141824160037
22429,0.6467629680052,0.14057592468565,0.0188966374512498,0.1937644698579
22430,0.125324829243405,0.0604326053004401,0.598778189075134,0.215464376381021
22431,0.30059817390555,0.0889727148640165,0.3098928690774,0.300536242153033
22432,0.268829625773431,0.452919361246877,0.0890429882081478,0.189208024771544
22433,0.0784350192471542,0.0760425202044778,0.160357802406144,0.685164658142224
22434,0.390290413381522,0.125143178303204,0.149772135628523,0.33479427268675
22435,0.0335544249933461,0.264938026229494,0.446816206386489,0.25469134239067
22436,0.0466044827621467,0.434734874015874,0.21481218699131,0.30384845623067
22437,0.192204209725477,0.134114184921473,0.189836855646515,0.483844749706534
22438,0.15034212776663,0.185136707554923,0.0701706076565179,0.594350557021929
22439,0.0522949769198492,0.254581998645777,0.452027719423826,0.241095305010547
22440,0.128525861763971,0.30208353064618,0.117639620211306,0.451750987378544
22441,0.361606288037635,0.0417881407527638,0.357550324741837,0.239055246467765
22442,0.0797549169108447,0.158256701809755,0.561661981702918,0.200326399576483
22443,0.0324786246866751,0.762467434468514,0.016438778000846,0.188615162843965
22444,0.286115474726726,0.101095745861597,0.302910269858397,0.30987850955328
22445,0.0517326339580609,0.376122641588346,0.214903488271982,0.357241236181611
22446,0.0449663589913985,0.38011362277199,0.48633548745821,0.0885845307784019
22447,0.356687518962206,0.341294985719424,0.0485670438960066,0.253450451422363
22448,0.0713437446293937,0.301241134221986,0.29999470316959,0.327420417979031
22449,0.106206912144189,0.484345932473861,0.0813712493732438,0.328075906008706
22450,0.161382709801637,0.194495354558992,0.242139942849636,0.401981992789735
22451,0.0373128390150772,0.56388478625652,0.214667357079494,0.184135017648909
22452,0.0886697742717085,0.641706233982557,0.0593075903662339,0.2103164013795
22453,0.169889719957764,0.103363119872302,0.193944390775074,0.53280276939486
22454,0.208527730990169,0.50809479667449,0.0553500859729632,0.228027386362378
22455,0.495977302607077,0.208637736759287,0.0917441819830124,0.203640778650623
22456,0.308265188027096,0.0499843141242994,0.196219545193181,0.445530952655423
22457,0.137091705995641,0.314416864904233,0.276318354350415,0.272173074749712
22458,0.0661412553562834,0.36150822993952,0.243134845655782,0.329215669048414
22459,0.141646498332408,0.248070710280539,0.48402353156881,0.126259259818243
22460,0.0799945419094696,0.0747004098985873,0.626675149972305,0.218629898219639
22461,0.407601521953378,0.144294003000471,0.106349657837115,0.341754817209037
22462,0.47250046082787,0.138879894871124,0.173168889177707,0.215450755123299
22463,0.0841806303584809,0.361896988976699,0.0873734987038301,0.46654888196099
22464,0.229782205949717,0.358504859660971,0.112305166488898,0.299407767900414
22465,0.349924994418113,0.431948033920281,0.0585481296034339,0.159578842058172
22466,0.233015548900273,0.169786993491853,0.0668966324369866,0.530300825170887
22467,0.0857425005015136,0.509670519805368,0.135378852316745,0.269208127376374
22468,0.22788639052155,0.292238806401292,0.177377977191048,0.30249682588611
22469,0.483249952243047,0.046228899559943,0.216423323220817,0.254097824976193
22470,0.0954995327496567,0.64211559703184,0.036014058804896,0.226370811413608
22471,0.502064496300068,0.206772970121112,0.0574361795679038,0.233726354010917
22472,0.0479890834964608,0.300826387468906,0.366518439789388,0.284666089245245
22473,0.595576663068349,0.0423558123601799,0.16368893866618,0.198378585905292
22474,0.551047118259449,0.0171685603343165,0.297602887839951,0.134181433566284
22475,0.161256996260435,0.632091378346852,0.0208329843501561,0.185818641042557
22476,0.133269256502861,0.147848891722467,0.337338763663543,0.381543088111129
22477,0.094499590122505,0.13768678825228,0.50344478607202,0.264368835553195
22478,0.120935657775057,0.0621237355892374,0.590611641024899,0.226328965610807
22479,0.192361248982875,0.063539461075757,0.130646320705387,0.613452969235981
22480,0.0580099604724123,0.185234635162154,0.439432991305913,0.317322413059521
22481,0.205448557712756,0.373545253023339,0.0569730771244891,0.364033112139416
22482,0.242227367342872,0.210699406343883,0.0818708527006254,0.465202373612619
22483,0.117086119562156,0.328319330918151,0.100209370580216,0.454385178939477
22484,0.311674053412685,0.367288427363999,0.029519787280977,0.291517731942339
22485,0.0616490922544616,0.231990481259626,0.226301646048323,0.480058780437589
22486,0.056137166505886,0.231001432591466,0.425184878524667,0.287676522377981
22487,0.0981635392344364,0.0491651243867954,0.432607206657042,0.420064129721727
22488,0.110854864750216,0.106860097681508,0.472366280572626,0.309918756995651
22489,0.359100490889993,0.0400144387978092,0.334434857539708,0.26645021277249
22490,0.103869960698427,0.542800504995269,0.112234436186451,0.241095098119854
22491,0.0453800861440743,0.591196602844874,0.0761588407644425,0.28726447024661
22492,0.0446349699142492,0.252756173955259,0.461592541577568,0.241016314552924
22493,0.227208649790003,0.296787209484616,0.356783299562207,0.119220841163174
22494,0.251644070340062,0.153285461301858,0.417332897429864,0.177737570928217
22495,0.101553575678776,0.245731146291805,0.346014972165061,0.306700305864359
22496,0.354707179135244,0.055623683638467,0.30067681386458,0.288992323361709
22497,0.189222717053704,0.315996540355051,0.319006511724884,0.175774230866361
22498,0.0683013012220342,0.162386213600825,0.256455799355216,0.512856685821924
22499,0.473670542479062,0.113970580227589,0.107726552981432,0.304632324311917
22500,0.606438442781479,0.0871128578340592,0.0396065579271028,0.266842141457359
22501,0.354287821083487,0.135456948274223,0.168230538854768,0.342024691787522
22502,0.304361902115763,0.16724651027904,0.251284246235317,0.27710734136988
22503,0.217515907316046,0.198575247402277,0.0723386785153577,0.511570166766319
22504,0.193080028289828,0.400930528464443,0.102118460197995,0.303870983047734
22505,0.263909301522286,0.108795028720071,0.204784562548869,0.422511107208773
22506,0.195316715689946,0.307975949704923,0.320704512962476,0.176002821642654
22507,0.0246839122912759,0.483735683274596,0.113125480465265,0.378454923968864
22508,0.169138413031434,0.60685515116635,0.0542764121021229,0.169730023700094
22509,0.601114869036667,0.0366956921578861,0.0742202666352097,0.287969172170238
22510,0.0354812330000051,0.695771451070247,0.0438108358441681,0.22493648008558
22511,0.24964994176396,0.0591901143551111,0.505100213325343,0.186059730555585
22512,0.164223156328873,0.168458020042721,0.378390785427254,0.288928038201153
22513,0.232112525703894,0.0968794379446335,0.326394652396585,0.344613383954888
22514,0.149014989289019,0.446246120416614,0.0854564900525006,0.319282400241867
22515,0.056647484662869,0.0563724056165814,0.50871740072946,0.37826270899109
22516,0.0538976131949791,0.509867146879206,0.150689821779463,0.285545418146351
22517,0.274158114584811,0.112531309034758,0.384684216497279,0.228626359883152
22518,0.154975995149837,0.225807214036604,0.284252717121211,0.334964073692349
22519,0.180041086699941,0.368199206004685,0.0607804472909857,0.390979260004388
22520,0.360388140809422,0.297923673170031,0.188011180597292,0.153677005423254
22521,0.0628836755692346,0.368917969574316,0.365064063583939,0.203134291272511
22522,0.0240918766466176,0.0762466585954064,0.544493571645872,0.355167893112103
22523,0.0289367102872573,0.606943668442056,0.199878410698561,0.164241210572125
22524,0.0706547315411685,0.0666171099757548,0.310867025381912,0.551861133101165
22525,0.244691422558597,0.0729375906578285,0.588108153498838,0.0942628332847362
22526,0.449049785001809,0.358907651263295,0.0391680932747905,0.152874470460105
22527,0.123983270428248,0.34730187006941,0.212696335385188,0.316018524117154
22528,0.113554790114568,0.0621677617681125,0.578570118065334,0.245707330051986
22529,0.2055927964567,0.328323320897162,0.217062830531432,0.249021052114706
22530,0.239829819498554,0.0578456705670505,0.146742302602653,0.555582207331742
22531,0.0968979787673764,0.0574102026656972,0.602909561894437,0.242782256672489
22532,0.355556919002766,0.233029171668008,0.0775470343229026,0.333866875006324
22533,0.0781016186664364,0.478754713812201,0.0828901945556204,0.360253472965742
22534,0.193656221488428,0.36254026956752,0.128808904033404,0.314994604910648
22535,0.126281612858972,0.211303183457935,0.413300413866772,0.249114789816321
22536,0.0736615268973401,0.514028286589299,0.0643270937312943,0.347983092782066
22537,0.109089651746343,0.308020913887517,0.360688429277389,0.222201005088751
22538,0.0849297645026773,0.384819972277922,0.154689501842588,0.375560761376813
22539,0.107855526889303,0.227403168077848,0.477398803687551,0.187342501345298
22540,0.182218736703715,0.306730754265804,0.108828217484474,0.402222291546007
22541,0.0628818986093524,0.310069100444012,0.168653950234877,0.458395050711759
22542,0.114358863605904,0.336347234863304,0.242126935375892,0.307166966154899
22543,0.461967513601888,0.0756700516098686,0.0682561913948164,0.394106243393427
22544,0.0566396542284751,0.0341913342594705,0.546766331052114,0.362402680459941
22545,0.0870403106674575,0.510768878734122,0.130668725666081,0.27152208493234
22546,0.465175941881539,0.381747237856477,0.0472417033115749,0.105835116950409
22547,0.361898783503091,0.212523361025523,0.233026976799287,0.192550878672099
22548,0.202194911787943,0.201235554329466,0.298998339714968,0.297571194167623
22549,0.359152660231815,0.0425132791958591,0.212552253066205,0.385781807506121
22550,0.0877280500020731,0.213724740751448,0.509153433747975,0.189393775498505
22551,0.119971632920662,0.312217585402535,0.365406824300665,0.202403957376139
22552,0.0675077583736674,0.134946764688779,0.0863054086714463,0.711240068266108
22553,0.159346889397278,0.535792852019647,0.0721557466112999,0.232704511971776
22554,0.40216039816243,0.0805492661428917,0.129055155557763,0.388235180136915
22555,0.139681637801882,0.463970100464064,0.144315897066289,0.252032364667766
22556,0.347960147696836,0.369241618509757,0.0899693804042333,0.192828853389174
22557,0.0703516316294757,0.415646833343388,0.163025962663468,0.350975572363668
22558,0.218166964762453,0.0504856755748784,0.560311683476224,0.171035676186446
22559,0.115466265372831,0.148414524852629,0.136900357155906,0.599218852618634
22560,0.201154095151449,0.263270701996395,0.214987745380904,0.320587457471251
22561,0.143001649614811,0.283829768809421,0.425556404932363,0.147612176643405
22562,0.181692871319468,0.510143036756936,0.199601462218972,0.108562629704624
22563,0.453610448337647,0.0848080652347037,0.325098140797494,0.136483345630156
22564,0.532064327611114,0.0386483043623147,0.148465739222524,0.280821628804047
22565,0.0684184548516367,0.177260236471749,0.262700965550834,0.49162034312578
22566,0.0502916256617289,0.499347053608218,0.21890568693348,0.231455633796574
22567,0.26592781418513,0.0723589769099545,0.189207263599427,0.472505945305488
22568,0.200018077453418,0.0935334219506287,0.153767879892066,0.552680620703888
22569,0.183546786038987,0.0784588736630469,0.565800315175351,0.172194025122615
22570,0.36288980806473,0.153434296963322,0.0841245555252798,0.399551339446668
22571,0.189763779521187,0.40563932990609,0.0561311517448151,0.348465738827908
22572,0.193928833559898,0.158735391894069,0.180533824854278,0.466801949691755
22573,0.28505398666215,0.222334517779204,0.203776190868588,0.288835304690058
22574,0.212070470028854,0.0432429369633641,0.199148034315953,0.545538558691829
22575,0.0529416192227872,0.30702298105106,0.318216260361637,0.321819139364516
22576,0.225283052407838,0.325896693730489,0.0984992994969758,0.350320954364697
22577,0.420469516946771,0.238948528279109,0.178748587925929,0.161833366848191
22578,0.0432540617542509,0.306035286860321,0.433780757881164,0.216929893504264
22579,0.102207390956898,0.204085348357424,0.181675016144512,0.512032244541166
22580,0.523826871822514,0.123893200855329,0.15639007284619,0.195889854475968
22581,0.065565540211203,0.176263936617658,0.315745758054218,0.442424765116921
22582,0.441082204159261,0.159693822599489,0.230190075937044,0.169033897304207
22583,0.1982423385976,0.186636244780473,0.445937722410213,0.169183694211715
22584,0.0741529089542393,0.349017022110156,0.344946397173096,0.231883671762508
22585,0.161000812989104,0.447855640688931,0.1926123475416,0.198531198780365
22586,0.0779676379042206,0.596327149968339,0.0787482785690226,0.246956933558418
22587,0.278673017283555,0.0662219974909826,0.0596897554414134,0.595415229784049
22588,0.23503650417787,0.100864444315662,0.367899862232151,0.296199189274317
22589,0.341421751124953,0.392020644821007,0.164325999920419,0.102231604133622
22590,0.0965532070069795,0.0735815824091892,0.352215103551915,0.477650107031916
22591,0.267801789429525,0.0300700878199302,0.484733065453699,0.217395057296846
22592,0.247936310373125,0.421160548729003,0.178233133823699,0.152670007074174
22593,0.308554778003807,0.331350608948151,0.0746787178225488,0.285415895225493
22594,0.14275826779741,0.0511903713193516,0.502670481801872,0.303380879081366
22595,0.114799547719259,0.162253388133046,0.273570341932417,0.449376722215278
22596,0.333842788399708,0.41882869981708,0.120194185382853,0.127134326400359
22597,0.0766999933850439,0.176565019742882,0.533300061600517,0.213434925271558
22598,0.0972355940032076,0.463739185661142,0.0685767277399363,0.370448492595715
22599,0.168019999735926,0.136651524455576,0.0970010693259809,0.598327406482517
22600,0.144772894227355,0.251867967688391,0.193187244899459,0.410171893184794
22601,0.454131352065328,0.060648331748204,0.136887743057435,0.348332573129033
22602,0.693782649411047,0.0804779868612851,0.0561403764768718,0.169598987250796
22603,0.311187809914497,0.0441874684231789,0.239975092317799,0.404649629344525
22604,0.0645253113346,0.357492703638384,0.330270944641932,0.247711040385084
22605,0.591984029869588,0.0535325533118399,0.0597286044006376,0.294754812417934
22606,0.23791268165384,0.0644274872321628,0.462218218685033,0.235441612428965
22607,0.127102204533591,0.101646953208025,0.437611257338491,0.333639584919893
22608,0.131570975648095,0.493007902319624,0.165057857461439,0.210363264570841
22609,0.360032742507934,0.344381983608586,0.0740964378788987,0.221488836004582
22610,0.0154863587051684,0.655089808184128,0.173330633273167,0.156093199837537
22611,0.0973948447516369,0.215440698552368,0.349858264603273,0.337306192092723
22612,0.0557899176379927,0.0709636278144447,0.348508802173136,0.524737652374427
22613,0.53762951291855,0.161255316488127,0.0656561231608664,0.235459047432457
22614,0.405859248245029,0.221739271586738,0.0587800627186805,0.313621417449553
22615,0.0706412871451827,0.45221962780179,0.299344268979934,0.177794816073094
22616,0.559173968751057,0.0299986925357981,0.312787736643065,0.0980396020700801
22617,0.143256668086457,0.111406184034458,0.539086463566162,0.206250684312924
22618,0.446342430940877,0.0560674124202698,0.196229421604928,0.301360735033925
22619,0.0613049281363142,0.444881024673083,0.0727748301698731,0.42103921702073
22620,0.0380550242925575,0.680145464295561,0.0382273218272663,0.243572189584616
22621,0.0591530727874074,0.0321355853128655,0.665228771606834,0.243482570292893
22622,0.203453227763366,0.0574522791358312,0.153284635086236,0.585809858014566
22623,0.0935380607942169,0.60141612357287,0.0667871408761939,0.238258674756719
22624,0.185884819978603,0.365332130054527,0.0996614084101307,0.349121641556739
22625,0.218584331007849,0.167940656255836,0.132297935543257,0.481177077193058
22626,0.271851286634486,0.0893683931987482,0.182900661682889,0.455879658483877
22627,0.200851353459348,0.0512886936535705,0.392049461466899,0.355810491420183
22628,0.0842194904923958,0.267795978559574,0.439294176199169,0.208690354748861
22629,0.124511081919281,0.3190110032943,0.202471224398054,0.354006690388365
22630,0.361681155643129,0.382887333097155,0.113897195944601,0.141534315315115
22631,0.395007928286891,0.345674515050359,0.0309104855130614,0.228407071149689
22632,0.172605786878007,0.364641051781121,0.113660295961728,0.349092865379144
22633,0.13282480899776,0.112516370236734,0.242194254192446,0.51246456657306
22634,0.02769143278399,0.377309321626927,0.260272985338681,0.334726260250402
22635,0.0496697136068588,0.582715382645275,0.0386706691498762,0.32894423459799
22636,0.0291697153529201,0.572540121285574,0.170672563511092,0.227617599850414
22637,0.529315290422915,0.0392058670891216,0.0386062561269613,0.392872586361002
22638,0.136714552321091,0.218370539785756,0.139354436943687,0.505560470949466
22639,0.0637062514557421,0.191719230025094,0.114332392510809,0.630242126008354
22640,0.0879937454324971,0.102702614769296,0.495015127118737,0.31428851267947
22641,0.052148129140574,0.614458594451597,0.122318234725582,0.211075041682247
22642,0.115533648001412,0.241307309658451,0.145752157058102,0.497406885282035
22643,0.209903970530648,0.11868479405954,0.393504366282797,0.277906869127016
22644,0.0416856212106227,0.165311829590063,0.572151394924066,0.220851154275248
22645,0.247911148935842,0.0338129288588599,0.173143466687969,0.545132455517329
22646,0.279263235420308,0.257878157120791,0.15536763210952,0.307490975349382
22647,0.588387174481067,0.256169127002996,0.0205685231905748,0.134875175325362
22648,0.644168327419073,0.132402356359756,0.0188204290423202,0.20460888717885
22649,0.084854862088662,0.31359363175075,0.207275299771177,0.394276206389411
22650,0.167732017433405,0.309108410265175,0.10180099191634,0.421358580385081
22651,0.0967366838995927,0.073757419966609,0.500320376317875,0.329185519815924
22652,0.0665783972054274,0.109233740251734,0.212794291974387,0.611393570568452
22653,0.0444009318415194,0.173480852498899,0.622871617679734,0.159246597979847
22654,0.0746774963798408,0.125270777327987,0.164478176113862,0.635573550178311
22655,0.145400683569136,0.520251266226527,0.0602707335164994,0.274077316687838
22656,0.213094077386467,0.160149836809025,0.448878273232666,0.177877812571842
22657,0.321957261622165,0.22864378421318,0.130199690948826,0.319199263215829
22658,0.125923652183282,0.0571957021963389,0.160319199645464,0.656561445974915
22659,0.18219539191659,0.0938325122544592,0.480782604991249,0.243189490837702
22660,0.520433412189338,0.148142833896109,0.0294994882105775,0.301924265703976
22661,0.440093271557107,0.112166798645644,0.252823941750953,0.194915988046296
22662,0.0823062059307588,0.171241734313633,0.514846614120269,0.23160544563534
22663,0.213316542941566,0.545452876104648,0.071468853472587,0.1697617274812
22664,0.0946072079336628,0.458176176682823,0.0484519449551478,0.398764670428366
22665,0.292119624246382,0.246218115704427,0.288306364694539,0.173355895354652
22666,0.354986501412499,0.281854064688802,0.0551534819133144,0.308005951985384
22667,0.0653256953378189,0.201907879994425,0.565128917962103,0.167637506705653
22668,0.152643588130626,0.219530342209696,0.0595247989072223,0.568301270752456
22669,0.0893392052968052,0.0534264451351363,0.101043686653727,0.756190662914332
22670,0.18243384693758,0.316797308681234,0.124205925868562,0.376562918512623
22671,0.27798512739319,0.0967811979910901,0.41448437677202,0.210749297843699
22672,0.406704056371957,0.0983363685367112,0.147505335181517,0.347454239909815
22673,0.357695186983631,0.197364375935314,0.149212937454099,0.295727499626955
22674,0.194707894135107,0.199235455588022,0.441866127385838,0.164190522891034
22675,0.0817063622475972,0.435733002574505,0.20808886254105,0.274471772636847
22676,0.215647160300968,0.450539117932796,0.115190565218226,0.21862315654801
22677,0.457462558570862,0.134460040382636,0.242075068051822,0.16600233299468
22678,0.242735344415844,0.129092739993592,0.13890445682388,0.489267458766685
22679,0.0351419319107678,0.487573315766174,0.101740774883975,0.375543977439083
22680,0.0730798125110677,0.182038066839302,0.355238087301922,0.389644033347709
22681,0.135622658709634,0.277334030174089,0.139510131144501,0.447533179971776
22682,0.367264775586182,0.406853585798832,0.0528766605496682,0.173004978065317
22683,0.0746390256616315,0.0227747984349899,0.675208810713816,0.227377365189563
22684,0.196714177598996,0.517638311674117,0.143687741027274,0.141959769699613
22685,0.26290207810072,0.157133708199789,0.196134460683705,0.383829753015786
22686,0.697227158555334,0.0488245848926968,0.0340958563664406,0.219852400185529
22687,0.0517175251641689,0.458647420627361,0.0775267694989151,0.412108284709555
22688,0.34732099295208,0.257792574737175,0.264177123245905,0.13070930906484
22689,0.201620566720061,0.374803392611521,0.159191946203462,0.264384094464956
22690,0.0365322637130208,0.106667658888955,0.697131069186687,0.159669008211337
22691,0.0625815779022866,0.46667488612729,0.310820479986025,0.159923055984399
22692,0.186795699170163,0.155952356128404,0.207101180340676,0.450150764360757
22693,0.262780773861882,0.243013200729868,0.15399717220677,0.34020885320148
22694,0.417639595926734,0.0520206818883175,0.302543079087709,0.227796643097241
22695,0.21693653681436,0.0798064377722235,0.485068272291425,0.218188753121992
22696,0.108253851235067,0.299875023100607,0.108024471269572,0.483846654394755
22697,0.0570998807601561,0.324105690760484,0.141085340832325,0.477709087647035
22698,0.38451316952146,0.287687985810552,0.034695831351384,0.293103013316605
22699,0.378904810980281,0.0610415092373082,0.235929042561672,0.324124637220739
22700,0.15706865519347,0.0920769318672143,0.136940118922785,0.61391429401653
22701,0.0895948218465849,0.271041142780789,0.0410081104004613,0.598355924972165
22702,0.0397981580621111,0.100796648833683,0.489871178114546,0.36953401498966
22703,0.216473251903863,0.071455204245585,0.42519844293709,0.286873100913462
22704,0.0934269372569367,0.342292212655463,0.136622501940974,0.427658348146627
22705,0.0379854271784132,0.249014929861993,0.294291425743019,0.418708217216574
22706,0.182011038537302,0.094657236164202,0.375655741707685,0.347675983590811
22707,0.0535910081643002,0.627061744436945,0.114704713416535,0.204642533982219
22708,0.0926403258299255,0.0802211829608008,0.531421326809555,0.295717164399719
22709,0.0966583259829185,0.685936684857395,0.0343282633020239,0.183076725857663
22710,0.148356253539679,0.486847012317792,0.137572345251602,0.227224388890927
22711,0.614451767897914,0.0629006679638607,0.0804760354648237,0.242171528673402
22712,0.297544901779395,0.357693880641986,0.0505286206167999,0.294232596961819
22713,0.14034692999221,0.155388547619052,0.443793142613764,0.260471379774974
22714,0.112800471813165,0.165818251864674,0.531788479576995,0.189592796745166
22715,0.253325493690825,0.219172818274806,0.11743796646742,0.410063721566949
22716,0.177777824117779,0.267331757654333,0.234405916608958,0.32048450161893
22717,0.104039195130249,0.0830511618565112,0.53263940548455,0.280270237528689
22718,0.463445934567786,0.0811355888279964,0.136193063981595,0.319225412622623
22719,0.542300037461451,0.188429178773206,0.104086538782086,0.165184244983257
22720,0.0335287947102588,0.458869268620613,0.256457481220679,0.251144455448449
22721,0.429735788706078,0.358370436923576,0.0631492140068377,0.148744560363509
22722,0.186654468131733,0.205336405247269,0.257303980242333,0.350705146378664
22723,0.117605963765489,0.526543321841196,0.0335145993586634,0.322336115034652
22724,0.132629913457624,0.121893922550458,0.621086599069789,0.124389564922129
22725,0.0899386676609067,0.266355021130417,0.204701929764307,0.43900438144437
22726,0.0348605930147279,0.563966023134748,0.080726632402946,0.320446751447578
22727,0.126991379338541,0.112145074718764,0.5117045883955,0.249158957547196
22728,0.0441427428642701,0.397543724608758,0.181495983951827,0.376817548575146
22729,0.336980610892049,0.212373275218039,0.163258588595846,0.287387525294067
22730,0.070809883255179,0.303992643144064,0.363666306383849,0.261531167216908
22731,0.03095838181543,0.473284745054068,0.285377008079443,0.210379865051059
22732,0.279152270688032,0.214041619272242,0.249935625288963,0.256870484750763
22733,0.350363411856698,0.175006303112772,0.0797615478144271,0.394868737216103
22734,0.131048158286019,0.396002115660171,0.095267052588425,0.377682673465385
22735,0.0995176947897965,0.437510537350781,0.318263718315558,0.144708049543865
22736,0.0423478094789109,0.197544685905933,0.500411542521852,0.259695962093304
22737,0.362150049899725,0.119861250267505,0.0359796617420836,0.482009038090687
22738,0.40604537564462,0.097031456756922,0.30255513268605,0.194368034912407
22739,0.387882896267611,0.128688104852212,0.113365496441597,0.370063502438579
22740,0.0673974737126257,0.528317461271277,0.136365039310398,0.267920025705699
22741,0.413518894000728,0.0382374234010287,0.360675784214027,0.187567898384217
22742,0.127522080332691,0.512003575539177,0.2364431270096,0.124031217118532
22743,0.175560121161005,0.474306800596608,0.0819468060522599,0.268186272190127
22744,0.0911398191149278,0.482116970649993,0.0679265506924972,0.358816659542582
22745,0.211232578184626,0.138055177290675,0.129254816324208,0.52145742820049
22746,0.247582827538898,0.256647608200677,0.283753069048753,0.212016495211671
22747,0.536646714829243,0.0727805227220075,0.0387955235613218,0.351777238887428
22748,0.552922756016864,0.0707254795346758,0.252706092629321,0.12364567181914
22749,0.0664876674307402,0.0869286500183836,0.639093777268201,0.207489905282676
22750,0.124943274841219,0.158253744141237,0.606074393502515,0.11072858751503
22751,0.0656451640532731,0.3621032892044,0.425948677760481,0.146302868981846
22752,0.358209293073748,0.0669508489129093,0.211538746785444,0.363301111227899
22753,0.113141990858791,0.481198290554374,0.104242884170543,0.301416834416293
22754,0.33952289146239,0.328170948101741,0.236597364903323,0.095708795532546
22755,0.123272020970951,0.0480782233489037,0.555915048424434,0.272734707255711
22756,0.16985199647696,0.102793017854187,0.323117572803714,0.404237412865139
22757,0.350360241299278,0.12743859576414,0.0888610740304755,0.433340088906106
22758,0.217634085153922,0.173508870527565,0.408822262502296,0.200034781816217
22759,0.38081055491239,0.269853890402764,0.0470970188901697,0.302238535794676
22760,0.143155909818118,0.178053999943811,0.543018268891973,0.135771821346098
22761,0.0751929749664628,0.436976715474803,0.119708306289137,0.368122003269597
22762,0.0755922633023412,0.32471963981537,0.324758982405014,0.274929114477275
22763,0.0912372528616003,0.391277423436591,0.185314224621776,0.332171099080033
22764,0.137355412277486,0.632467559940263,0.0236707308032045,0.206506296979046
22765,0.247084695552485,0.238568005804387,0.266561560706124,0.247785737937005
22766,0.400523989701375,0.262730025056877,0.18425850832452,0.152487476917228
22767,0.149394804937163,0.0833358689568128,0.45253155430888,0.314737771797145
22768,0.151346535405363,0.172650238628983,0.449920615584708,0.226082610380946
22769,0.0473873446673437,0.777401159852466,0.0213481335026232,0.153863361977567
22770,0.577698908258749,0.0643913593740029,0.0398723506362751,0.318037381730973
22771,0.313126937523737,0.0546112985302817,0.424947487465272,0.207314276480709
22772,0.482248913810013,0.196592439015738,0.115508171249536,0.205650475924713
22773,0.0982224644375355,0.434742827228591,0.068103504137233,0.398931204196641
22774,0.0947472310296793,0.179541496065344,0.404476569922132,0.321234702982845
22775,0.277904969661525,0.287861819572719,0.260719072832673,0.173514137933083
22776,0.246334621457423,0.237254053750964,0.120104039106301,0.396307285685313
22777,0.10311930036995,0.396891207901184,0.275367328413854,0.224622163315012
22778,0.0384262418343214,0.13626335714651,0.429120973021529,0.396189427997639
22779,0.174286877541484,0.399276013792721,0.198545392592534,0.227891716073261
22780,0.171995187127315,0.328922445495675,0.0438742314011112,0.455208135975899
22781,0.0444375135363167,0.144569071850743,0.607813607279921,0.20317980733302
22782,0.0593720088552292,0.0620506223631644,0.449486162122296,0.42909120665931
22783,0.184983341078455,0.097957658862388,0.507135765743986,0.209923234315171
22784,0.0542517096804049,0.587760645136752,0.0464684149214089,0.311519230261435
22785,0.136261728219502,0.367780966697521,0.288666391976075,0.207290913106902
22786,0.335045987704014,0.0566147872900515,0.34792051783233,0.260418707173605
22787,0.361869970631597,0.19886091601008,0.178909085444233,0.26036002791409
22788,0.447466898743948,0.0296133801272513,0.247957522468461,0.274962198660339
22789,0.461439433418095,0.118079564826617,0.109864443159555,0.310616558595733
22790,0.0465008418955019,0.217212288455998,0.535267352730334,0.201019516918166
22791,0.139487637138891,0.277348882939287,0.10841639825588,0.474747081665942
22792,0.0677251537253483,0.0546020100156013,0.651572989048281,0.22609984721077
22793,0.630582134947485,0.0821245850911472,0.040061210424107,0.247232069537261
22794,0.115216165866918,0.260505968634885,0.432292258433195,0.191985607065003
22795,0.220386343089128,0.389243233610496,0.0837504617267182,0.306619961573658
22796,0.538210042659247,0.0433870261218055,0.130161322294642,0.288241608924306
22797,0.0365903875039514,0.0588416444132645,0.785061511954836,0.119506456127949
22798,0.080936609565255,0.115363669968203,0.295790970154991,0.507908750311551
22799,0.49727292566369,0.0560172453848498,0.0547649964750693,0.391944832476391
22800,0.262010736838003,0.125483444661525,0.258089183238335,0.354416635262137
22801,0.05765838941209,0.24717194090563,0.238612684568778,0.456556985113503
22802,0.0590851512334255,0.454255805564919,0.162179776003712,0.324479267197943
22803,0.349736086684161,0.463243610248095,0.0209077143203766,0.166112588747367
22804,0.337122000362915,0.0745820518170078,0.321464729038999,0.266831218781078
22805,0.143136294262587,0.280859919957643,0.224716985122165,0.351286800657605
22806,0.0968498779510791,0.609910100595326,0.0753321513132211,0.217907870140374
22807,0.431945547144871,0.0154422321627378,0.422945789876586,0.129666430815805
22808,0.0365925059254225,0.455905414292494,0.198634199447977,0.308867880334107
22809,0.0881117848809506,0.12142506870034,0.611771921454703,0.178691224964007
22810,0.0634399156962721,0.555135103526848,0.170725296773432,0.210699684003448
22811,0.234297752817301,0.142320616683061,0.285018269387092,0.338363361112546
22812,0.180166487370762,0.440618073561768,0.13072053466005,0.24849490440742
22813,0.421975872904022,0.0808514464675741,0.303721695239607,0.193450985388797
22814,0.161872903233546,0.528047044375646,0.0446143644798102,0.265465687910998
22815,0.108866893632437,0.519777078834093,0.110191277979006,0.261164749554464
22816,0.161777524912398,0.184128566269408,0.13471431060548,0.519379598212715
22817,0.493560175626033,0.103769205309234,0.07820071220611,0.324469906858622
22818,0.0375902689159202,0.663047977636736,0.169415869415237,0.129945884032107
22819,0.136902648209647,0.0774758049087437,0.386884528666355,0.398737018215255
22820,0.0904670652388812,0.25692632048203,0.478862290655974,0.173744323623115
22821,0.0962875081443953,0.145827089882999,0.376871035749824,0.381014366222782
22822,0.317009218344939,0.0685332846560939,0.409337134916784,0.205120362082183
22823,0.080269869893724,0.45283134776449,0.0584642174936227,0.408434564848163
22824,0.0334603424052948,0.524022162929246,0.113584084392051,0.328933410273408
22825,0.137405414791466,0.0158901884901887,0.733788971991272,0.112915424727073
22826,0.138637194059331,0.138447788878758,0.336815493564444,0.386099523497467
22827,0.525590274031266,0.0355961268057816,0.160617102493896,0.278196496669057
22828,0.0673083308637858,0.366939607033062,0.427008214897536,0.138743847205616
22829,0.0640010231905291,0.414757436989219,0.327695352593352,0.1935461872269
22830,0.0704249660362491,0.0244560837059859,0.695639086339917,0.209479863917848
22831,0.0798586135170358,0.655295006209114,0.0400883599151202,0.22475802035873
22832,0.118891688084723,0.0732498403868406,0.642829118928854,0.165029352599583
22833,0.205433751312651,0.464564401580069,0.0773278913211252,0.252673955786155
22834,0.0470397400660523,0.138879350520424,0.283136205155006,0.530944704258518
22835,0.233136392524039,0.236431513765401,0.138501630444505,0.391930463266054
22836,0.25118519236172,0.391612708048406,0.0491209232686037,0.308081176321271
22837,0.0574566029731653,0.424797544617174,0.122651803444722,0.395094048964938
22838,0.365367162344083,0.189810060951123,0.0419926493226473,0.402830127382146
22839,0.170503397668216,0.263079159475855,0.30641710253437,0.260000340321559
22840,0.484768600806314,0.0363329254442127,0.192008535892244,0.28688993785723
22841,0.223417763435981,0.143930965143079,0.149604317121029,0.483046954299911
22842,0.320048263266915,0.0679548374217637,0.2896529157139,0.322343983597422
22843,0.418141622557807,0.077682804580747,0.268140664283484,0.236034908577962
22844,0.522238474920949,0.063971500822428,0.233342198287342,0.180447825969282
22845,0.487752049332072,0.260315767166903,0.161785556461399,0.0901466270396255
22846,0.100647641182058,0.670613467084125,0.0316331027639448,0.197105788969871
22847,0.260024701630352,0.474806694282511,0.11399443688306,0.151174167204077
22848,0.248084252905149,0.255315922816037,0.146272483709055,0.350327340569759
22849,0.344799240659843,0.0239856051051248,0.463550460555563,0.167664693679469
22850,0.482061593108499,0.0952568777908442,0.24213016431311,0.180551364787546
22851,0.199987055787856,0.439603201889138,0.136363670244392,0.224046072078614
22852,0.54392571697029,0.0685355057274432,0.053067950300336,0.334470827001931
22853,0.457967513494592,0.121787955222453,0.27250077442281,0.147743756860145
22854,0.168027583528714,0.208240180525351,0.115487208011933,0.508245027934002
22855,0.418542193186285,0.218482858143077,0.0610805365802071,0.301894412090431
22856,0.0444418049423766,0.0472889677234077,0.508122092061076,0.40014713527314
22857,0.0478113830447957,0.101753190882186,0.362598590899851,0.487836835173167
22858,0.259267461992284,0.189175673047578,0.279081048356512,0.272475816603626
22859,0.0655434685677389,0.720102597627208,0.0294712825734025,0.18488265123165
22860,0.133754453448024,0.203868715135993,0.118893639278508,0.543483192137476
22861,0.163885685822051,0.361200478276968,0.272516126952697,0.202397708948283
22862,0.107962937547507,0.116850674231292,0.147539086758134,0.627647301463067
22863,0.133004776659095,0.566970869104686,0.0642296274089249,0.235794726827294
22864,0.0442448788360677,0.313327192429772,0.147590029332565,0.494837899401595
22865,0.216980873007282,0.252991282822329,0.144787368757039,0.38524047541335
22866,0.283513695704812,0.0284478972601507,0.531851662332679,0.156186744702358
22867,0.189855416562517,0.0417223839864299,0.505594888027882,0.262827311423171
22868,0.140211875084723,0.182754849684907,0.264023900703374,0.413009374526996
22869,0.314740359693836,0.0971718692811651,0.172750977563725,0.415336793461274
22870,0.317845144309166,0.197497074972809,0.168137733308212,0.316520047409813
22871,0.143735560345842,0.436096756807335,0.0866365899952735,0.33353109285155
22872,0.122567446548112,0.702265668792517,0.029863251437589,0.145303633221782
22873,0.0569192166813654,0.195618743181606,0.33399015630618,0.413471883830849
22874,0.165421289717367,0.554387144387314,0.0620539431226895,0.218137622772629
22875,0.0317572465493589,0.525319562001008,0.0412737012037804,0.401649490245853
22876,0.249797336461452,0.392846839233986,0.190582525249266,0.166773299055297
22877,0.342087647497026,0.150115686410138,0.15659514810417,0.351201517988666
22878,0.12908910613278,0.0593668175905124,0.410467549416602,0.401076526860106
22879,0.260244957721629,0.160317074223256,0.439846341427999,0.139591626627116
22880,0.191491301847325,0.200115060440933,0.491432908342515,0.116960729369226
22881,0.308838638281085,0.185139900617233,0.274331555163937,0.231689905937745
22882,0.0406922504498663,0.719399212773249,0.0292619290307639,0.210646607746121
22883,0.229753083327512,0.107281321646328,0.448251845105129,0.214713749921031
22884,0.107126112804491,0.319444610388314,0.350216338822182,0.223212937985012
22885,0.457460445558876,0.191923354953547,0.0524553312252553,0.298160868262322
22886,0.293186546910234,0.0642522298900238,0.217045419017993,0.425515804181749
22887,0.185139525686779,0.438163263488233,0.12747107075886,0.249226140066127
22888,0.425597644494609,0.354162744548694,0.0662837738633995,0.153955837093298
22889,0.0348149773229129,0.0473587101223262,0.673508197400925,0.244318115153836
22890,0.289020092717644,0.384475147496183,0.127700532333186,0.198804227452987
22891,0.223139378068789,0.318988678695801,0.290039682971346,0.167832260264064
22892,0.236082674749111,0.097648000219804,0.48145664304116,0.184812681989925
22893,0.322279113931081,0.274815951122508,0.225022746744733,0.177882188201678
22894,0.149132057627327,0.118245010737306,0.0724728760098839,0.660150055625483
22895,0.362035634881928,0.192944702532286,0.218597981368377,0.22642168121741
22896,0.423020948016948,0.437945486661611,0.0138552334135376,0.125178331907904
22897,0.0861272026803666,0.231728122564308,0.464769055116637,0.217375619638688
22898,0.065420355215376,0.11169628051716,0.548551313030903,0.274332051236561
22899,0.557267383373763,0.103669852947357,0.0868384264665863,0.252224337212294
22900,0.39182994379492,0.0990583415307528,0.0867158281969249,0.422395886477403
22901,0.244500202091101,0.259915966585396,0.201402906671562,0.294180924651941
22902,0.166423996947983,0.33385719781993,0.170778655345426,0.328940149886661
22903,0.227316049386437,0.20069231976921,0.443816931599494,0.128174699244859
22904,0.585127782730821,0.096757485257709,0.131551830509645,0.186562901501825
22905,0.410764587246446,0.287501952060963,0.055342775824282,0.24639068486831
22906,0.598289940295841,0.201644325895165,0.0208582419978585,0.179207491811136
22907,0.236610499209243,0.148788175389285,0.41249949676926,0.202101828632212
22908,0.160916500477397,0.2750843863552,0.291642799528144,0.272356313639258
22909,0.205886563676419,0.614527951018455,0.0410743016999862,0.13851118360514
22910,0.225567108358067,0.300056334955667,0.176746324061773,0.297630232624493
22911,0.144434697621414,0.17472719183166,0.297383107828387,0.383455002718539
22912,0.285978601043025,0.395591109936689,0.184457275765436,0.133973013254851
22913,0.181895690594063,0.046801443667094,0.640331144101113,0.13097172163773
22914,0.109640639966325,0.398437471156062,0.15026279501626,0.341659093861352
22915,0.692969890428076,0.0447217605748801,0.0441766665991926,0.218131682397852
22916,0.136835496537939,0.326912715496723,0.0503612931987481,0.485890494766591
22917,0.280498876652891,0.165108778270639,0.0425984062576191,0.511793938818852
22918,0.512483211784559,0.124323635263654,0.0332245060884482,0.329968646863338
22919,0.0412797885189321,0.764478457939454,0.0296717311406993,0.164570022400915
22920,0.158927283395607,0.107977661298514,0.390141025974864,0.342954029331015
22921,0.381395917315894,0.107245898875856,0.0658100424377879,0.445548141370462
22922,0.215742290486598,0.396542037022394,0.167772065738992,0.219943606752016
22923,0.0332352194195921,0.420688269369757,0.187886154441979,0.358190356768672
22924,0.483624805322549,0.165938048961047,0.176081694783441,0.174355450932962
22925,0.194395692820885,0.281353323528239,0.0434741709407236,0.480776812710152
22926,0.417357543015608,0.081841430841431,0.175875241260712,0.324925784882249
22927,0.107042954800947,0.131318031468748,0.343568944250592,0.418070069479713
22928,0.688415453572141,0.0949422354574103,0.018446516697065,0.198195794273384
22929,0.0808888972820853,0.508649128062109,0.133942562558193,0.276519412097613
22930,0.111317490234203,0.127966746593124,0.484585193117299,0.276130570055374
22931,0.08197368005125,0.323740802306512,0.436107958496769,0.158177559145469
22932,0.192955218463305,0.179717236650196,0.0927200358516582,0.53460750903484
22933,0.437597840536404,0.117814697035903,0.13234632596921,0.312241136458483
22934,0.0911563320824494,0.0629528413852692,0.214521359006798,0.631369467525483
22935,0.0573261626372026,0.604696778727027,0.117744354585356,0.220232704050414
22936,0.492110306172897,0.0653531078710897,0.183578794160983,0.25895779179503
22937,0.459724196938985,0.163019149291761,0.108162945683627,0.269093708085627
22938,0.517985528710483,0.144772225087499,0.058421416697136,0.278820829504882
22939,0.129227469072074,0.252313730514931,0.192168072547987,0.426290727865008
22940,0.157905099058265,0.034601778033929,0.550016491876934,0.257476631030873
22941,0.268958323913424,0.076495187383876,0.458892875000038,0.195653613702662
22942,0.0152451263300989,0.188500857625253,0.638866262199672,0.157387753844976
22943,0.0991561295879289,0.246885331422569,0.122924352620244,0.531034186369259
22944,0.0973805147997847,0.422233248370568,0.0524580416629316,0.427928195166716
22945,0.176914553448813,0.227306784449587,0.111259727121317,0.484518934980283
22946,0.0917108880804201,0.134890956321942,0.227268065111394,0.546130090486245
22947,0.227615342834589,0.517397538626167,0.0234697338833802,0.231517384655864
22948,0.206001810448269,0.119077786996003,0.104628245781818,0.57029215677391
22949,0.0761867141184627,0.296133699051518,0.347097206782196,0.280582380047824
22950,0.187387559539616,0.236696972207586,0.08121651830595,0.494698949946848
22951,0.139176411250059,0.464621061867129,0.143018065350517,0.253184461532296
22952,0.215538854464183,0.21978282841104,0.0814391933906138,0.483239123734164
22953,0.492173401803381,0.0738737665209615,0.120493380263134,0.313459451412524
22954,0.115515029187058,0.0944274642990568,0.135301308064298,0.654756198449587
22955,0.214445566692943,0.518728207810043,0.0876568102023588,0.179169415294655
22956,0.345072853011059,0.137228490622658,0.0735843511785572,0.444114305187726
22957,0.208925306254926,0.124330122975162,0.334949789246203,0.331794781523709
22958,0.641791333827292,0.103854373226896,0.0360654455786082,0.218288847367204
22959,0.0484038234588641,0.103963822965776,0.458142531383864,0.389489822191496
22960,0.372945883774699,0.279589884952069,0.148959391120214,0.198504840153018
22961,0.0673524996842222,0.226256443127688,0.355139436811555,0.351251620376535
22962,0.170615948018367,0.0602213139251082,0.613226933902587,0.155935804153938
22963,0.0774570812850978,0.243162005785482,0.0602673274917234,0.619113585437697
22964,0.0669593337658271,0.102846694138486,0.507565887987069,0.322628084108618
22965,0.331038520077454,0.336579163411962,0.0570019527519678,0.275380363758616
22966,0.113338696674822,0.0843643467454544,0.592455740981691,0.209841215598033
22967,0.0196540517065308,0.455245742946365,0.402498247394191,0.122601957952913
22968,0.207980888205668,0.0911560760210323,0.432043279722659,0.268819756050641
22969,0.403434361250002,0.2452776852796,0.151974321221487,0.19931363224891
22970,0.472460845939788,0.107628493768871,0.110231974345334,0.309678685946006
22971,0.202344091282557,0.186434405039424,0.497931588040469,0.11328991563755
22972,0.322629937495504,0.48557782597017,0.0565451838310482,0.135247052703278
22973,0.0583598461048682,0.391624076572672,0.0656455149412393,0.48437056238122
22974,0.0583170971109021,0.0677506032971762,0.439293466943588,0.434638832648334
22975,0.288217645842959,0.11606338670373,0.389536111047729,0.206182856405582
22976,0.043872248583849,0.191121480499698,0.45314994179807,0.311856329118383
22977,0.0573321068863935,0.262289858953561,0.45295944404401,0.227418590116036
22978,0.0298187835432196,0.183721665915804,0.568407634052638,0.218051916488338
22979,0.0638751927679337,0.292395733669275,0.414222290187005,0.229506783375786
22980,0.342279033743456,0.499194007112249,0.0379208161701127,0.120606142974182
22981,0.224581622656384,0.491876828224434,0.125485194141066,0.158056354978117
22982,0.206943779317696,0.077235613691899,0.257645869938198,0.458174737052207
22983,0.497378148882527,0.272229757698349,0.0242025451837255,0.206189548235398
22984,0.0188925050871216,0.372087794149674,0.353791299332004,0.2552284014312
22985,0.426112726039314,0.0664827778112558,0.147473379351814,0.359931116797616
22986,0.343886478060071,0.340853856575643,0.0904694990611443,0.224790166303142
22987,0.0761647717302848,0.128289592531074,0.406089001561904,0.389456634176737
22988,0.135684519167795,0.0548741923030466,0.617286831032143,0.192154457497015
22989,0.531732108313625,0.0673628853865334,0.157565550222654,0.243339456077188
22990,0.130224233179779,0.433491955007641,0.10048002897285,0.33580378283973
22991,0.553084040761413,0.0521962574560664,0.0349866709847738,0.359733030797747
22992,0.228499515182082,0.419599653407272,0.0759371003547576,0.275963731055888
22993,0.059593789026526,0.0332343916743352,0.698041928432436,0.209129890866703
22994,0.708752166150412,0.127154630450342,0.0200671993987619,0.144026004000484
22995,0.0669112212649978,0.253205862094682,0.291920803366239,0.387962113274081
22996,0.613859663595414,0.0757344294218277,0.0739629919091148,0.236442915073644
22997,0.276981791878267,0.332207591254379,0.157251444512107,0.233559172355247
22998,0.163346704789804,0.0994617229983521,0.112674061690924,0.62451751052092
22999,0.478267760499843,0.0917881216021375,0.152360446380258,0.277583671517762
23000,0.142367124232844,0.128043517378968,0.610212221176764,0.119377137211424
23001,0.238949178592136,0.390704556755492,0.124081997166939,0.246264267485433
23002,0.0586814867322001,0.359108755333567,0.207601591231434,0.374608166702799
23003,0.706938348966292,0.0349329659902913,0.114188921311878,0.143939763731539
23004,0.0574766091318871,0.283956797067941,0.417525870612655,0.241040723187517
23005,0.309255292845922,0.498971379690631,0.0198788415913626,0.171894485872084
23006,0.0569332053595015,0.0540313739704795,0.714214042930232,0.174821377739787
23007,0.0133405582079298,0.399401040843857,0.46729365176315,0.119964749185063
23008,0.0391987955628326,0.567057554541834,0.195687795064179,0.198055854831154
23009,0.276926356693042,0.0417980040536279,0.355055098981255,0.326220540272076
23010,0.487878473070486,0.240882898153555,0.0761950372554237,0.195043591520535
23011,0.342918808585046,0.0652064281920446,0.189791993345498,0.402082769877411
23012,0.292024684898019,0.0641479834111136,0.411135716735727,0.23269161495514
23013,0.31683876573114,0.0783201109679835,0.211019129718009,0.393821993582867
23014,0.0600409495278586,0.305152428479476,0.335847233132213,0.298959388860453
23015,0.130129287708657,0.1084400779347,0.474431896583201,0.286998737773442
23016,0.435780183534262,0.160339871832848,0.231942277056036,0.171937667576854
23017,0.254526868535157,0.170932325653533,0.381001960409825,0.193538845401485
23018,0.477888527353588,0.181975131183503,0.175194120912808,0.164942220550101
23019,0.0570587512357129,0.178373480811259,0.577976944238792,0.186590823714235
23020,0.244608122540393,0.0698922857556411,0.094407437618978,0.591092154084989
23021,0.42132947806966,0.251651223987739,0.0283993637767068,0.298619934165894
23022,0.162206038100771,0.184345712953576,0.0631998126956264,0.590248436250027
23023,0.474490804306227,0.128277847341694,0.132213180597029,0.26501816775505
23024,0.374136279271975,0.299955401715389,0.05257651249424,0.273331806518397
23025,0.084445587515175,0.443362692479494,0.228727857404371,0.24346386260096
23026,0.66776000428515,0.0744077088116919,0.0713571804943136,0.186475106408845
23027,0.2236675523164,0.285199784633199,0.112229256551782,0.37890340649862
23028,0.0876832482609046,0.572799162463498,0.0505677225067053,0.288949866768893
23029,0.0767107947852488,0.0541362690877628,0.575149338413386,0.294003597713603
23030,0.400719337718276,0.215946657898172,0.0641867755389671,0.319147228844585
23031,0.088876620741712,0.151801467388012,0.245491265160807,0.513830646709469
23032,0.204571888547179,0.437966994474379,0.141136906279452,0.216324210698991
23033,0.387640154368268,0.145545249365935,0.0713199463291167,0.39549464993668
23034,0.139389462149799,0.252081595165869,0.0993119194333477,0.509217023250984
23035,0.359503103378466,0.280085640329018,0.0625925705627619,0.297818685729755
23036,0.0778166393172426,0.431878092441852,0.0900586986368361,0.40024656960407
23037,0.512624079741135,0.160841499399507,0.163349218840139,0.163185202019219
23038,0.286793116577157,0.448343232076865,0.11230601438716,0.152557636958818
23039,0.60483172378968,0.131161741405392,0.0258512230760684,0.23815531172886
23040,0.112969181606821,0.122920495403853,0.173129396511841,0.590980926477484
23041,0.291243811615434,0.0847040460381953,0.374313247690218,0.249738894656153
23042,0.363752390531919,0.143241123984204,0.120195099259919,0.372811386223957
23043,0.175111399616569,0.126402206956636,0.164188120323104,0.534298273103691
23044,0.117192358630932,0.186060783568476,0.532895197849858,0.163851659950734
23045,0.462567762060349,0.0996414386940171,0.142933218221049,0.294857581024585
23046,0.726343395492802,0.0388245664335205,0.0927218027142347,0.142110235359442
23047,0.107965906818195,0.248765584413462,0.480574756847969,0.162693751920374
23048,0.537964863729504,0.0971899906510159,0.152660236745454,0.212184908874026
23049,0.458231442876729,0.220418433100125,0.073012087066402,0.248338036956744
23050,0.269995430300756,0.463387347184989,0.0794255121567923,0.187191710357462
23051,0.461952333731597,0.173783599591479,0.139346379534822,0.224917687142102
23052,0.111605167233059,0.655044321087049,0.0873608155746318,0.14598969610526
23053,0.486374790590171,0.0402310483805521,0.233857339429958,0.239536821599318
23054,0.427979087310484,0.0343634223182747,0.360935989905366,0.176721500465876
23055,0.608883326563993,0.212054538499134,0.0302417953561809,0.148820339580692
23056,0.191460460225746,0.139544952573458,0.181997606886507,0.486996980314289
23057,0.176390455696746,0.502835855188489,0.0364912714185609,0.284282417696204
23058,0.0303691186713557,0.433601437897196,0.385415306022239,0.15061413740921
23059,0.366249395388925,0.165741483870291,0.132472710550132,0.335536410190652
23060,0.467505308122007,0.0858960911909395,0.0377969149072673,0.408801685779786
23061,0.431399923883184,0.0695798046594903,0.347985324113757,0.151034947343568
23062,0.16949563311542,0.235972269511918,0.0744156179268203,0.520116479445842
23063,0.0585808013503934,0.0331000243888688,0.687357754859639,0.220961419401099
23064,0.0873448303591044,0.0309480698278384,0.583168940182906,0.298538159630151
23065,0.110341120726213,0.18655095285768,0.411933363981054,0.291174562435052
23066,0.0642805995978351,0.532397989229572,0.026687131329777,0.376634279842816
23067,0.175488235579197,0.12118704968493,0.251623317273359,0.451701397462515
23068,0.682329745347683,0.115329352441175,0.0145929862768396,0.187747915934302
23069,0.0618617838942306,0.399381420147171,0.249257657539745,0.289499138418853
23070,0.218035971730245,0.295875549458594,0.0744504672108934,0.411638011600268
23071,0.0320008478175324,0.482934680100206,0.289688110957556,0.195376361124706
23072,0.23748642185304,0.108427384598512,0.434936139447736,0.219150054100712
23073,0.140341796888694,0.0430940251662495,0.447291823553631,0.369272354391426
23074,0.465500937654152,0.121647973311011,0.0968430394278843,0.316008049606952
23075,0.351717592002461,0.196589267632794,0.20101793140772,0.250675208957025
23076,0.504818555059737,0.0473097283446101,0.0720411361103308,0.375830580485322
23077,0.740541153733407,0.0319502760922349,0.0418667606600976,0.18564180951426
23078,0.0718730264388069,0.165570796964098,0.473678999038683,0.288877177558412
23079,0.378061864038018,0.0934077146250223,0.31177965223845,0.216750769098509
23080,0.318331808907448,0.341924842197041,0.145947418686608,0.193795930208903
23081,0.0496428974395453,0.0772057795181565,0.63515612750979,0.237995195532508
23082,0.275456590087014,0.542148589213977,0.0312937591241055,0.151101061574904
23083,0.226061923732102,0.334062054645174,0.223409368222746,0.216466653399978
23084,0.0664712172825177,0.252369384054657,0.454058451538069,0.227100947124756
23085,0.0996932640669331,0.0717179516346423,0.151346508744125,0.677242275554299
23086,0.320999681286244,0.284402077641395,0.203944025909329,0.190654215163032
23087,0.0557137041005441,0.305373960512178,0.407604433696929,0.231307901690349
23088,0.448442786094157,0.0261169277425995,0.381688344021783,0.143751942141461
23089,0.620995673406943,0.173489931563083,0.0933847310388322,0.112129663991142
23090,0.0659512094571274,0.115435749690683,0.383857074846521,0.434755966005669
23091,0.341785847772946,0.259982177266952,0.119753488135632,0.27847848682447
23092,0.319777646344977,0.0773450674178129,0.258470600980503,0.344406685256708
23093,0.307435845913096,0.0960970374780929,0.110314784128649,0.486152332480162
23094,0.655149006845282,0.18154255498553,0.0540642290276705,0.109244209141518
23095,0.182852283851947,0.141403706203611,0.0568959992294571,0.618848010714985
23096,0.308510185794322,0.0932200737388739,0.256721992647837,0.341547747818967
23097,0.679902374008647,0.0275097305119163,0.196091764829327,0.0964961306501102
23098,0.346721472688765,0.0746396263386583,0.30143027013614,0.277208630836437
23099,0.560569972317914,0.0903861171902592,0.0842885075857754,0.264755402906052
23100,0.108892143498728,0.0418716347867175,0.730334871861217,0.118901349853337
23101,0.0951137132921172,0.50461341823038,0.0867450103605889,0.313527858116914
23102,0.381826972438934,0.0758061039725155,0.163639002787791,0.378727920800759
23103,0.216164195981181,0.362756634608917,0.265321942133913,0.15575722727599
23104,0.123306061533354,0.285195655348444,0.223042832972623,0.368455450145579
23105,0.0514731179715773,0.337225643361439,0.33037317377087,0.280928064896113
23106,0.356373148027223,0.13483938087362,0.184590703207211,0.324196767891946
23107,0.228524881566875,0.0571391275080075,0.54998361146349,0.164352379461627
23108,0.120619366938126,0.265303615740807,0.161379312587061,0.452697704734006
23109,0.0724202106140359,0.365081323210609,0.399451430167373,0.163047036007982
23110,0.608916222722001,0.0331249507542014,0.159256100839319,0.198702725684478
23111,0.0699222454673785,0.497290386374463,0.186143867648964,0.246643500509194
23112,0.103643499303336,0.124288430688672,0.647629447593111,0.124438622414882
23113,0.148241412573445,0.363354868728305,0.217756307719463,0.270647410978787
23114,0.059673545312996,0.321758740374891,0.441816487541914,0.176751226770199
23115,0.135529018735392,0.21381087497605,0.338485721874414,0.312174384414144
23116,0.0580009155666729,0.699513050862761,0.0155943629764626,0.226891670594104
23117,0.259961346112252,0.0756762591242093,0.471397567491829,0.19296482727171
23118,0.0294821991423543,0.0406698131532323,0.529112171492999,0.400735816211414
23119,0.0448467553077876,0.269026892341639,0.124875048471564,0.561251303879009
23120,0.509553562150283,0.169784942290638,0.0371516673573429,0.283509828201737
23121,0.326281162004243,0.198187760526569,0.0733444057209524,0.402186671748236
23122,0.293836396212008,0.14355950810954,0.161083144867481,0.401520950810972
23123,0.0208475127778046,0.494906933994636,0.169690027887275,0.314555525340284
23124,0.170541604353017,0.514788905496165,0.048616205164822,0.266053284985997
23125,0.194119108972849,0.483832489046272,0.0508349273282812,0.271213474652598
23126,0.365875216032967,0.233579882996164,0.182397106784697,0.218147794186172
23127,0.353970932174379,0.0427806174553972,0.461893186622712,0.141355263747511
23128,0.643755496389796,0.0824394264538432,0.039197675606246,0.234607401550115
23129,0.422853245131864,0.292415518780579,0.113651300034394,0.171079936053163
23130,0.187418355709864,0.51850241133207,0.0467119174080146,0.247367315550052
23131,0.233581400072287,0.112173199938802,0.468259387424911,0.185986012564001
23132,0.474457703112943,0.139283197117867,0.158327638568778,0.227931461200412
23133,0.17373725214138,0.147983389612172,0.516722596470112,0.161556761776336
23134,0.097745894295643,0.199908144794396,0.397669327797542,0.304676633112419
23135,0.149983919271326,0.389304843832536,0.323110219247413,0.137601017648725
23136,0.17324341217972,0.0175307679068573,0.536972659108465,0.272253160804957
23137,0.0929654473754653,0.202792229350884,0.126124949478934,0.578117373794717
23138,0.0633001387693427,0.152652770519064,0.566425090958775,0.217621999752818
23139,0.408694597025971,0.199882670135708,0.107540031703824,0.283882701134498
23140,0.0845554368088279,0.633196151419751,0.0398427570517737,0.242405654719648
23141,0.138323893612983,0.454369467971336,0.11996588426686,0.287340754148821
23142,0.24234792754929,0.0514476427996865,0.451830157397961,0.254374272253062
23143,0.268789084114378,0.171537894837243,0.424561744957918,0.135111276090462
23144,0.0279807694962384,0.325746889116184,0.411458730653147,0.234813610734431
23145,0.112906697156385,0.38296403734873,0.149175946304831,0.354953319190053
23146,0.0478923727884083,0.545265073510849,0.26575558864416,0.141086965056582
23147,0.214213296400513,0.0920150384734069,0.310010429292283,0.383761235833798
23148,0.052267141165786,0.623043595141766,0.0327202662894793,0.291968997402969
23149,0.367689297062193,0.33300286592756,0.0312463007572874,0.26806153625296
23150,0.14868899562908,0.324296827355776,0.0691967399235121,0.457817437091631
23151,0.307887207334198,0.0411430356980677,0.496414539633668,0.154555217334067
23152,0.160970131911001,0.0272003624397148,0.566968521744423,0.244860983904861
23153,0.480507907697331,0.060213767840486,0.0996296143351326,0.359648710127051
23154,0.0730597173178399,0.244165930353525,0.288444541411811,0.394329810916824
23155,0.553034906711738,0.191747786525273,0.0444274479487826,0.210789858814206
23156,0.501938608676992,0.0380456589673902,0.160720884019697,0.299294848335921
23157,0.0448609895000266,0.697845346797076,0.0510844655717313,0.206209198131166
23158,0.497204350731792,0.119945069942463,0.136300176545893,0.246550402779853
23159,0.397706401036376,0.137306239118605,0.154641065734991,0.310346294110029
23160,0.0662983900175043,0.106970847160139,0.31365469404505,0.513076068777307
23161,0.390547034517372,0.229189205749076,0.214209516266148,0.166054243467404
23162,0.177266983119817,0.238903106267967,0.083347583210283,0.500482327401934
23163,0.109370216735127,0.701013676440259,0.0296533924681266,0.159962714356487
23164,0.213741485169142,0.424269189326335,0.128991196500638,0.232998129003885
23165,0.0317649955997817,0.175196111141128,0.346389363039486,0.446649530219604
23166,0.545091854571113,0.117133883619886,0.0731152953769866,0.264658966432014
23167,0.330673682571647,0.139302668422782,0.204622672236034,0.325400976769538
23168,0.254310943528028,0.0435694132370159,0.205042473764603,0.497077169470353
23169,0.2435312228432,0.347695003495751,0.263324517560069,0.145449256100981
23170,0.179762639473952,0.118991245506262,0.191374550549226,0.509871564470561
23171,0.260724477131233,0.158841873620162,0.271268483053536,0.309165166195069
23172,0.32444871405696,0.335699736392922,0.134105933492179,0.205745616057939
23173,0.0706307226260921,0.103399728227901,0.283411204792592,0.542558344353415
23174,0.73678873346385,0.085313062701457,0.0173786609459727,0.16051954288872
23175,0.329255846219685,0.104537018183475,0.22421661443433,0.341990521162511
23176,0.0431780004385757,0.566757825041318,0.102876460075137,0.287187714444969
23177,0.311609672775906,0.25740519289225,0.338921016649364,0.0920641176824798
23178,0.212877667417,0.45005702978986,0.178460680193791,0.158604622599349
23179,0.158476503543037,0.537921854100445,0.0791517003806172,0.224449941975901
23180,0.0377645159778277,0.187947318623164,0.578802720311015,0.195485445087993
23181,0.100830838606468,0.558513794956012,0.0930793056861693,0.24757606075135
23182,0.456980526010663,0.336148172812055,0.0249280491579754,0.181943252019306
23183,0.119675638143719,0.42806184721501,0.137076242113676,0.315186272527595
23184,0.220028438981311,0.198097520217727,0.334688260274464,0.247185780526498
23185,0.310870745147414,0.0780851737557949,0.150699666636052,0.460344414460739
23186,0.341259405616623,0.119719396904972,0.0708228503198255,0.46819834715858
23187,0.113154993134154,0.0584133202076503,0.538512682267841,0.289919004390355
23188,0.51857561959432,0.312161101498417,0.0281414276725017,0.141121851234761
23189,0.162235226988861,0.100495409235012,0.124403464172032,0.612865899604096
23190,0.191779266171451,0.122818867880915,0.399259903825073,0.286141962122561
23191,0.346830866341598,0.341122218563562,0.042734024735427,0.269312890359413
23192,0.242585570797512,0.339283046209555,0.0464658968706897,0.371665486122243
23193,0.235754211759195,0.189617036649573,0.0833983808935114,0.49123037069772
23194,0.401543789956518,0.376610710965381,0.0216815681019913,0.200163930976109
23195,0.555447961985997,0.11432875139183,0.140004451605381,0.190218835016792
23196,0.168031745922239,0.438557993621252,0.194719535696814,0.198690724759696
23197,0.40851739052173,0.0466359928319638,0.241587175316384,0.303259441329921
23198,0.46180410505235,0.0406023764053722,0.218084022933794,0.279509495608484
23199,0.6781261019715,0.0604840242491254,0.0356625557729141,0.22572731800646
23200,0.322661940977483,0.0568530207378449,0.422200190394306,0.198284847890366
23201,0.368202997117955,0.222861161384323,0.269179991846109,0.139755849651613
23202,0.102081783400238,0.308591688256809,0.371576708480414,0.217749819862539
23203,0.0477462853746162,0.577369658131108,0.183502744261135,0.191381312233141
23204,0.164218914019066,0.321710763531369,0.152943946306749,0.361126376142816
23205,0.204477972525392,0.0678062838532237,0.338092543192502,0.389623200428883
23206,0.277102820499821,0.356418943115903,0.0330832677597898,0.333394968624486
23207,0.292945731349806,0.10283840158944,0.415842217373387,0.188373649687366
23208,0.240811826036696,0.0953363059519641,0.320940721103888,0.342911146907452
23209,0.25274604164451,0.425271403755619,0.0641566005966281,0.257825954003243
23210,0.628705918117679,0.109208631677384,0.0769529940687405,0.185132456136197
23211,0.345413477956678,0.378824660928113,0.0771317380830781,0.198630123032131
23212,0.0594197004184116,0.384089411663532,0.286379864462912,0.270111023455144
23213,0.0584653048069543,0.0644383056578304,0.458411173053292,0.418685216481923
23214,0.618169969941119,0.0199640925080869,0.247222032166336,0.114643905384458
23215,0.457628156111001,0.048483795032476,0.152363928245217,0.341524120611307
23216,0.279212106009702,0.143189762555978,0.220617541555498,0.356980589878822
23217,0.0738169914455698,0.526173622561638,0.0788115616525611,0.321197824340231
23218,0.15790449664065,0.218193849434981,0.317204538622627,0.306697115301742
23219,0.286026268659441,0.118643661163748,0.0849533898544117,0.510376680322399
23220,0.492417972483406,0.229865200314161,0.0908966923227482,0.186820134879685
23221,0.779763091169878,0.0238011980879129,0.0198458511323051,0.176589859609904
23222,0.0913509794148293,0.109366673926761,0.459000701672272,0.340281644986137
23223,0.168438516141863,0.402603863791594,0.10635058337139,0.322607036695153
23224,0.0787293252813587,0.31275042458077,0.250043593752029,0.358476656385842
23225,0.266852082223233,0.519759867680166,0.0284653384574058,0.184922711639195
23226,0.123362131822817,0.168274532864787,0.314965761200862,0.393397574111535
23227,0.543823690646049,0.181863726148127,0.0687397507470622,0.205572832458762
23228,0.131976037998046,0.0901270926077942,0.122151846279997,0.655745023114163
23229,0.183522877750616,0.186498382548323,0.399930291621464,0.230048448079597
23230,0.160370508376062,0.32642070602905,0.0655965509762619,0.447612234618626
23231,0.0861994106344891,0.304606336490414,0.141543962505488,0.467650290369608
23232,0.279726827244753,0.325678551718086,0.174923491586102,0.219671129451059
23233,0.129316961682196,0.116845996518014,0.323494161134665,0.430342880665124
23234,0.203678616964614,0.0642400054938637,0.157834432750184,0.574246944791338
23235,0.155244635656327,0.0328464168782142,0.487441717611841,0.324467229853618
23236,0.368554162010659,0.0318098018057467,0.395965605132786,0.203670431050809
23237,0.0587753753751109,0.190599045082617,0.415254063041461,0.335371516500811
23238,0.120063830017132,0.216133666309374,0.262422852308811,0.401379651364684
23239,0.246560654715344,0.459686769567989,0.0450512783739966,0.248701297342671
23240,0.156923926262942,0.523850489462547,0.0556423683953656,0.263583215879146
23241,0.419068164851636,0.113601162664834,0.20850594881861,0.25882472366492
23242,0.640725160148406,0.110184288879811,0.0434281157144934,0.205662435257289
23243,0.329792736813364,0.0521710229129952,0.319871659315248,0.298164580958393
23244,0.212921653598383,0.394506708967558,0.13021179995481,0.262359837479249
23245,0.576759144347341,0.0242292465227458,0.156046840944703,0.24296476818521
23246,0.349886627255577,0.264203679338315,0.107879335728708,0.278030357677401
23247,0.139557238592127,0.0919235156601118,0.265031462833799,0.503487782913962
23248,0.100417981614269,0.477741372076273,0.190604322796842,0.231236323512616
23249,0.303203597888431,0.241349301875913,0.225005444289138,0.230441655946518
23250,0.292018756363137,0.0731601092371974,0.425923326947135,0.208897807452532
23251,0.0930286400903865,0.492792854759264,0.089584786264553,0.324593718885796
23252,0.145469402952589,0.290440048892031,0.199721990881241,0.364368557274139
23253,0.0513599965584495,0.209717689387599,0.60065650540171,0.138265808652241
23254,0.439749578529545,0.0745694692904053,0.336531828575783,0.149149123604266
23255,0.363542608299728,0.248238707384823,0.0355045500693703,0.352714134246078
23256,0.536698084917805,0.0221650548422575,0.159320452189296,0.281816408050641
23257,0.264020612944311,0.488429730567609,0.0148786938769801,0.2326709626111
23258,0.595388885124962,0.0357735842708958,0.0849246590975784,0.283912871506564
23259,0.0560849421699104,0.16076835532948,0.349676602676513,0.433470099824096
23260,0.142749446424521,0.0372689327912971,0.596801891058803,0.223179729725379
23261,0.103162605068484,0.483910843233657,0.0851613012589706,0.327765250438889
23262,0.537281613534364,0.0663528230908946,0.104177019063222,0.292188544311519
23263,0.404075161754536,0.157128309873396,0.255780967828729,0.183015560543339
23264,0.0367596531470221,0.386588731422445,0.359002972873751,0.217648642556783
23265,0.586196979930643,0.153350210023031,0.086859654294844,0.173593155751483
23266,0.237694136200402,0.115837977813087,0.224689173742713,0.421778712243798
23267,0.271191979728492,0.22073189739062,0.318180200016595,0.189895922864293
23268,0.175424977722561,0.166527704662118,0.0822823012454329,0.575765016369888
23269,0.363383841949034,0.347476879593337,0.0295248382602872,0.259614440197341
23270,0.230061946103967,0.243113026098436,0.378876981200603,0.147948046596995
23271,0.334067471187846,0.0871741598920034,0.0864148849888421,0.492343483931309
23272,0.129700291834335,0.217900459170367,0.405302263821726,0.247096985173572
23273,0.142462547964225,0.511107933924544,0.105940413035864,0.240489105075367
23274,0.421516787207228,0.134757327206294,0.118832219747832,0.324893665838646
23275,0.122454880557352,0.242675597899739,0.292090206756638,0.342779314786272
23276,0.117625906428389,0.538603844841685,0.12156916158497,0.222201087144957
23277,0.427618501797471,0.355519560422711,0.0296751672591838,0.187186770520635
23278,0.0705916389860856,0.0905049364134067,0.319172512764197,0.519730911836311
23279,0.322409305769019,0.367914539759044,0.102170764568927,0.20750538990301
23280,0.270061071891297,0.18936272809316,0.216788112575713,0.32378808743983
23281,0.0928560168001795,0.528147826283898,0.160730521893086,0.218265635022836
23282,0.228129571043463,0.461504125132484,0.11910397357636,0.191262330247693
23283,0.117365796585204,0.359882290444072,0.262407045938202,0.260344867032522
23284,0.111964753435512,0.396119767948668,0.198283128917492,0.293632349698328
23285,0.415982737993762,0.176743848945002,0.119339320756345,0.287934092304891
23286,0.211939189801934,0.0429994634940652,0.443448984950617,0.301612361753383
23287,0.0832954518677333,0.180728999443736,0.281333113273396,0.454642435415135
23288,0.658419265732258,0.0573339065602814,0.0904462871970374,0.193800540510424
23289,0.186353303479778,0.457890759260717,0.210811154167642,0.144944783091863
23290,0.216812864951309,0.36867455342695,0.0959262171264313,0.31858636449531
23291,0.364075213059546,0.0987721826756873,0.206712249945426,0.330440354319341
23292,0.108445779985919,0.109791780567754,0.535761069805257,0.24600136964107
23293,0.588986970756626,0.140441783672915,0.035684153365131,0.234887092205328
23294,0.186496179373831,0.206638593595946,0.161565400623306,0.445299826406917
23295,0.367349373664736,0.00893185392465054,0.447438982678669,0.176279789731944
23296,0.226370927176165,0.186970292950539,0.399634063557744,0.187024716315552
23297,0.0831946294635314,0.0632502841583341,0.462579838874016,0.390975247504119
23298,0.360498492927608,0.0623678309901692,0.32204975301285,0.255083923069373
23299,0.380019249126431,0.142801564181286,0.10304052340436,0.374138663287924
23300,0.40783089759925,0.193279698891483,0.282880851658612,0.116008551850655
23301,0.344709193777379,0.106545119517296,0.1529372840046,0.395808402700725
23302,0.291950036405122,0.210106680128093,0.350163531357387,0.147779752109397
23303,0.204844882854039,0.172848887544254,0.366896329027902,0.255409900573805
23304,0.0672519518681658,0.34524147556296,0.102130402826512,0.485376169742363
23305,0.332862706014734,0.0606295433668486,0.0762749481611386,0.530232802457279
23306,0.42961823937996,0.305238751961999,0.0893249680546987,0.175818040603343
23307,0.158427911869111,0.267094679508485,0.206689431864887,0.367787976757517
23308,0.307935329034546,0.0421807597764613,0.486424568005578,0.163459343183415
23309,0.110018850845821,0.133920980952732,0.0683072067306096,0.687752961470837
23310,0.149783649704273,0.080411616602939,0.536671612960299,0.233133120732489
23311,0.2146486070286,0.0812889234566933,0.207236199027053,0.496826270487654
23312,0.279322579089589,0.122302567632736,0.408262893433648,0.190111959844027
23313,0.11656270423873,0.286924974772141,0.270145221514383,0.326367099474746
23314,0.484326756853388,0.0569555912400652,0.105736576712679,0.352981075193867
23315,0.34717137583724,0.115885348158173,0.437074046994798,0.0998692290097884
23316,0.385361433819891,0.11887940549925,0.228243114649564,0.267516046031294
23317,0.307296267796264,0.176576766584257,0.206103313459875,0.310023652159604
23318,0.109906125089995,0.0916990059463767,0.418040369917997,0.380354499045632
23319,0.318998294322977,0.160545854771597,0.0460154760378937,0.474440374867532
23320,0.178294047389234,0.102167842780652,0.235351224882965,0.484186884947149
23321,0.579566736763793,0.00781810022283299,0.28856760638681,0.124047556626563
23322,0.231742767982105,0.104398012301259,0.357503691717868,0.306355527998768
23323,0.321833776462357,0.394326854336382,0.0310677243475668,0.252771644853694
23324,0.560709936617605,0.0769084732439209,0.164662609039608,0.197718981098866
23325,0.0653978508477137,0.319614858655765,0.40874051253878,0.206246777957741
23326,0.0878216629304641,0.144349848891631,0.154012285637543,0.613816202540361
23327,0.0985275365998894,0.0358671659908323,0.661076550118661,0.204528747290618
23328,0.0315582186342086,0.4989779028152,0.067290550162738,0.402173328387853
23329,0.241718858803364,0.0721904232947331,0.23280334599783,0.453287371904073
23330,0.222740769903749,0.0409103154726318,0.481607977517926,0.254740937105693
23331,0.158679340769058,0.656929440994603,0.0330196547203403,0.151371563515999
23332,0.175270189317811,0.288349597933009,0.421871954511925,0.114508258237254
23333,0.59868228307181,0.0346633903857644,0.0941177793532581,0.272536547189167
23334,0.34218398685026,0.120277615553461,0.112163951936046,0.425374445660233
23335,0.422538294026013,0.174175727642686,0.14772867064982,0.255557307681481
23336,0.0448503064260693,0.174072674841303,0.31666386442139,0.464413154311237
23337,0.714477072662536,0.0471924286782136,0.108954153834408,0.129376344824842
23338,0.125224432769585,0.0877727841240725,0.612750172111072,0.17425261099527
23339,0.112530600914466,0.0410729156507935,0.537034091926057,0.309362391508683
23340,0.0672774323773752,0.0303159317314886,0.456390437452869,0.446016198438267
23341,0.0586883850213997,0.0221894120903305,0.76813801152946,0.15098419135881
23342,0.33147421364991,0.0966730237630811,0.314363638688788,0.257489123898221
23343,0.166645863835013,0.447252147184479,0.0954063545240905,0.290695634456418
23344,0.288399052481156,0.120523258505435,0.188724523029414,0.402353165983995
23345,0.107202337596702,0.140031752714157,0.199943198734403,0.552822710954738
23346,0.248968671270002,0.409740436881909,0.048662477212937,0.292628414635152
23347,0.326957417011132,0.231325841558764,0.181904668758857,0.259812072671247
23348,0.0764441459770554,0.260633444984166,0.304621434509939,0.35830097452884
23349,0.190798901932365,0.343758054936675,0.287019886230319,0.178423156900641
23350,0.216049810047237,0.527701694476639,0.0296524588971837,0.226596036578941
23351,0.0904247358990307,0.164418932287725,0.360723951330278,0.384432380482967
23352,0.121624618205983,0.177490237061482,0.39796343842348,0.302921706309056
23353,0.0774023400297128,0.319875611587936,0.211423817997714,0.391298230384637
23354,0.0697170233676165,0.562478674546022,0.103518488502466,0.264285813583895
23355,0.209212285380899,0.38578058899587,0.0665369884224016,0.33847013720083
23356,0.296701159345781,0.0735987211013254,0.418457609411034,0.21124251014186
23357,0.113317513948217,0.431185387552041,0.0844902936343675,0.371006804865375
23358,0.225959350799325,0.102650113919237,0.272142630813005,0.399247904468433
23359,0.23979242396599,0.0941679272017503,0.375376530367622,0.290663118464639
23360,0.340036735325435,0.390414876149932,0.106919708951805,0.162628679572829
23361,0.05719936879498,0.0864892770048233,0.525392112751201,0.330919241448996
23362,0.155485340643171,0.254510114584726,0.244091512363825,0.345913032408279
23363,0.18429520620001,0.389745577183324,0.201082420523547,0.224876796093119
23364,0.15249699214991,0.182635972004795,0.261427383099471,0.403439652745824
23365,0.280175148250824,0.242249459894228,0.286730170702858,0.19084522115209
23366,0.188312908862957,0.0387750351918918,0.480840039410249,0.292072016534903
23367,0.138525481569298,0.169682478882917,0.410521584621365,0.28127045492642
23368,0.0609644880903323,0.254755521477038,0.403503070055573,0.280776920377056
23369,0.359205181248535,0.198640444273905,0.190414103299847,0.251740271177713
23370,0.149556980387412,0.0831578140006933,0.474573892757008,0.292711312854887
23371,0.69533715218406,0.0289370481120053,0.0603980101988622,0.215327789505073
23372,0.411749506426716,0.0973773469294713,0.0463001367614869,0.444573009882326
23373,0.134363295064712,0.2629519896899,0.41479902825221,0.187885686993178
23374,0.0379302061047021,0.261305293301073,0.535246056684858,0.165518443909367
23375,0.200478300278741,0.25125902947272,0.433181427104758,0.11508124314378
23376,0.204481505165988,0.291637639822277,0.330185490922636,0.173695364089099
23377,0.168982791918738,0.242638383853628,0.443057713021914,0.14532111120572
23378,0.503548197970944,0.0592350631533907,0.22788105870781,0.209335680167856
23379,0.18406627721428,0.0929160467571559,0.345815755358468,0.377201920670096
23380,0.239988788627839,0.280092461699209,0.217887598542106,0.262031151130846
23381,0.16153769681512,0.304914999503935,0.302350397522531,0.231196906158415
23382,0.131174110114846,0.0570283201704333,0.388391801881413,0.423405767833308
23383,0.0806446319827301,0.423033201258524,0.106046218323112,0.390275948435633
23384,0.625833850865872,0.0559020711648041,0.137456701851102,0.180807376118223
23385,0.180567100291641,0.245991423991491,0.44369037550387,0.129751100212998
23386,0.187872472501435,0.449641293608694,0.0302084398477742,0.332277794042097
23387,0.281372411942337,0.230257750938883,0.110735518200618,0.377634318918161
23388,0.138121275682228,0.269308706583669,0.343806274384944,0.248763743349159
23389,0.0725856502220131,0.0891159920911688,0.422481994239678,0.41581636344714
23390,0.21876564699716,0.229533240241456,0.118163884759773,0.433537228001612
23391,0.120069371709869,0.189621755448076,0.390410920144573,0.299897952697482
23392,0.165480532385023,0.295739072610792,0.354897117778872,0.183883277225313
23393,0.0191757823176079,0.538015652368,0.259227126243528,0.183581439070865
23394,0.43160163428868,0.25170983334944,0.123505363972518,0.193183168389362
23395,0.13155698591512,0.156912674989258,0.438778486896008,0.272751852199615
23396,0.466140551958407,0.150461529256298,0.146292509977233,0.237105408808061
23397,0.397863186703038,0.226566392700328,0.0406504390383256,0.334919981558308
23398,0.188706575455845,0.675643585964197,0.0157957258327853,0.119854112747173
23399,0.0403407724316529,0.626848337486484,0.091065528126707,0.241745361955156
23400,0.431171268889308,0.0462607125954861,0.146663020765897,0.375904997749309
23401,0.399639359666197,0.155362828354566,0.111476185980879,0.333521625998359
23402,0.0346124711491563,0.519146959642456,0.286066952211821,0.160173616996567
23403,0.226323104174636,0.140540228989402,0.284195176453434,0.348941490382529
23404,0.0397475587220189,0.566301113892765,0.159938235758325,0.234013091626891
23405,0.0973127026404058,0.348235218904052,0.229106384433027,0.325345694022516
23406,0.586633992871115,0.15917564741843,0.0704170734612242,0.183773286249231
23407,0.208994675830138,0.11543064870785,0.111978953406331,0.563595722055682
23408,0.406661345732548,0.15944022999719,0.120696369295061,0.313202054975202
23409,0.358146098828557,0.19030256054096,0.208106680771622,0.243444659858861
23410,0.161504623434153,0.338248768243287,0.191607304744786,0.308639303577774
23411,0.204900059659361,0.328270144851359,0.243662579507644,0.223167215981636
23412,0.0718221832510012,0.534861946864551,0.133980532116349,0.259335337768099
23413,0.277154779832924,0.260419317273687,0.214243056199159,0.24818284669423
23414,0.173523114495323,0.43799113502332,0.0520169543753393,0.336468796106018
23415,0.230475673280125,0.466354472578174,0.0871264904113707,0.216043363730331
23416,0.11992264970339,0.544491769686109,0.0820134354558971,0.253572145154605
23417,0.441641035168988,0.0684325021120917,0.238101326468597,0.251825136250324
23418,0.0776830781784033,0.142749845853564,0.171293224865563,0.60827385110247
23419,0.133848049795461,0.283961382586416,0.16528307341881,0.416907494199313
23420,0.321182917706889,0.0362869650395861,0.416166321954906,0.226363795298618
23421,0.399234700359292,0.118849737133219,0.0365421842208264,0.445373378286662
23422,0.19197524693347,0.0666386755251516,0.39853403745459,0.342852040086789
23423,0.452002925160399,0.0410113201016112,0.326040250153599,0.180945504584391
23424,0.27223051878745,0.0646075226294766,0.225243785558784,0.437918173024289
23425,0.302496464776796,0.350801040333649,0.0569118644781152,0.289790630411439
23426,0.0947458182525859,0.492453011840759,0.135817418656769,0.276983751249886
23427,0.484601675291046,0.015614278833409,0.375348983326117,0.124435062549428
23428,0.142920788332527,0.071580125630974,0.297456286445043,0.488042799591456
23429,0.107470605998781,0.613947842634332,0.0400955636364251,0.238485987730463
23430,0.310618274136473,0.152829959625731,0.308608397694392,0.227943368543404
23431,0.268638669676967,0.337532666982435,0.203007598865217,0.190821064475381
23432,0.218680152783685,0.061188245903373,0.193106553639188,0.527025047673754
23433,0.495073748817629,0.106038715342597,0.167367934775716,0.231519601064058
23434,0.224923571020361,0.200290967005988,0.327291600181782,0.247493861791869
23435,0.252485721375535,0.0810732290263987,0.14300049657798,0.523440553020086
23436,0.248883528775123,0.103916381691791,0.142047521636002,0.505152567897084
23437,0.261455845574163,0.288940253523567,0.17488573037459,0.27471817052768
23438,0.118231010695335,0.123514923923108,0.589612872809449,0.168641192572109
23439,0.112096493032329,0.312607226308505,0.12302763258055,0.452268648078617
23440,0.423695834591361,0.184253381320852,0.236974676557701,0.155076107530086
23441,0.0773295776087805,0.0862011497992163,0.217243811284283,0.619225461307721
23442,0.433802774673512,0.196345198907403,0.0680427155214878,0.301809310897597
23443,0.374546064767171,0.0834185568134349,0.26756830314289,0.274467075276505
23444,0.059063624211622,0.140819989442467,0.621488728824858,0.178627657521052
23445,0.0583837380431942,0.0419417042260746,0.658205847677594,0.241468710053137
23446,0.595097902327519,0.0444776283129634,0.0575591181254048,0.302865351234113
23447,0.251031456899252,0.106913174114979,0.432402735998276,0.209652632987493
23448,0.18140705202617,0.315264918305834,0.173477652621596,0.329850377046401
23449,0.463737574604973,0.0667372528395015,0.193227959770873,0.276297212784653
23450,0.117545835943733,0.154259083752701,0.429470583678267,0.298724496625299
23451,0.239000741100267,0.231024818389836,0.331254388136494,0.198720052373403
23452,0.0667931642098846,0.572833709664945,0.0755605218905273,0.284812604234643
23453,0.444974391478021,0.129879601332367,0.226255116819797,0.198890890369815
23454,0.156434022281144,0.174181343373426,0.0844823010780544,0.584902333267376
23455,0.343479403425104,0.117011291738272,0.120975063994563,0.418534240842061
23456,0.141436298626112,0.412736156862759,0.0713083820327302,0.374519162478399
23457,0.15946775669905,0.0838480616957966,0.281733416508305,0.474950765096848
23458,0.0328035891946566,0.392490429951657,0.363928607165884,0.210777373687802
23459,0.33381127355311,0.376903010146243,0.0685826239409263,0.220703092359721
23460,0.256709343773906,0.467662958677776,0.0790155554930507,0.196612142055268
23461,0.0246214923790146,0.272322384455392,0.417781699887627,0.285274423277967
23462,0.493930884951877,0.228494049089907,0.0705583121190487,0.207016753839167
23463,0.0853217069250887,0.131892272130547,0.469468776444629,0.313317244499735
23464,0.106600867808727,0.0479822692262936,0.632999506556681,0.212417356408299
23465,0.232206224105451,0.417438930077267,0.111168510785519,0.239186335031763
23466,0.282774224632899,0.0796665950311355,0.102322410119646,0.53523677021632
23467,0.033443683357198,0.606788608882213,0.0515707165411922,0.308196991219396
23468,0.436020959614693,0.0879484871525489,0.0837339636341675,0.39229658959859
23469,0.0909398370115026,0.0340953757220431,0.721555424205387,0.153409363061068
23470,0.446026169562367,0.202148853921449,0.192572980169095,0.159251996347089
23471,0.0497966914812336,0.284612984722372,0.441414976730147,0.224175347066247
23472,0.297487961892283,0.275023448729589,0.266644897863802,0.160843691514326
23473,0.197173462376611,0.087989465996944,0.473493753001028,0.241343318625417
23474,0.231592548819026,0.0891821337130792,0.29760822368388,0.381617093784014
23475,0.0851903994263138,0.487615237801763,0.062401368893224,0.3647929938787
23476,0.165833661195348,0.589277515935141,0.0694641825714912,0.17542464029802
23477,0.378914838539064,0.0740976505610281,0.348656857082741,0.198330653817167
23478,0.249653928711702,0.324721825417607,0.181911005020124,0.243713240850566
23479,0.0617665560438059,0.163123904546325,0.254451067666978,0.520658471742892
23480,0.0391264466130777,0.390098447680659,0.34778753065626,0.222987575050004
23481,0.369873635907297,0.396781462201005,0.078247864874283,0.155097037017415
23482,0.680489293840509,0.0368426309966946,0.0777237700027307,0.204944305160066
23483,0.130010206356413,0.305052413285779,0.237877440445127,0.327059939912681
23484,0.0314899663914799,0.284994846367959,0.580710130534081,0.10280505670648
23485,0.27821792020183,0.428633444533915,0.0541928335555166,0.238955801708739
23486,0.0497054900086116,0.366008812379678,0.278899338713573,0.305386358898137
23487,0.315057701966001,0.37910825179216,0.0550297754368999,0.250804270804939
23488,0.220872538837898,0.474139315507374,0.0797193846054833,0.225268761049245
23489,0.329154242986533,0.0780275342423789,0.235631630330864,0.357186592440224
23490,0.172055647823548,0.0584381594043701,0.30128581660469,0.468220376167392
23491,0.0999364845010657,0.176782604775678,0.368130780894292,0.355150129828964
23492,0.068593173641975,0.277946412064584,0.404925833843851,0.248534580449591
23493,0.13043962008505,0.11230902342031,0.148686848742623,0.608564507752018
23494,0.205936400989707,0.490554392855288,0.0648809666168556,0.238628239538149
23495,0.135237654126462,0.603956453589362,0.0671898180266227,0.193616074257553
23496,0.125200471918957,0.515256769285197,0.0399200300999365,0.31962272869591
23497,0.15086542841788,0.543761237353033,0.12921718928505,0.176156144944037
23498,0.247216359616054,0.0683101197564651,0.4206478513684,0.263825669259081
23499,0.0747732547868945,0.129222773801535,0.319360276667198,0.476643694744372
23500,0.0454520263152103,0.212013821688629,0.508751436810828,0.233782715185332
23501,0.485346064740951,0.0424374997099293,0.253622243765169,0.218594191783951
23502,0.210302483834872,0.0590037004339663,0.427717022061439,0.302976793669722
23503,0.548961691419859,0.0871991304872821,0.0752530470938932,0.288586130998966
23504,0.320999681286244,0.284402077641395,0.203944025909329,0.190654215163032
23505,0.0557137041005441,0.305373960512178,0.407604433696929,0.231307901690349
23506,0.448442786094157,0.0261169277425995,0.381688344021783,0.143751942141461
23507,0.620995673406943,0.173489931563083,0.0933847310388322,0.112129663991142
23508,0.0659512094571274,0.115435749690683,0.383857074846521,0.434755966005669
23509,0.341785847772946,0.259982177266952,0.119753488135632,0.27847848682447
23510,0.319777646344977,0.0773450674178129,0.258470600980503,0.344406685256708
23511,0.307435845913096,0.0960970374780929,0.110314784128649,0.486152332480162
23512,0.655149006845282,0.18154255498553,0.0540642290276705,0.109244209141518
23513,0.182852283851947,0.141403706203611,0.0568959992294571,0.618848010714985
23514,0.308510185794322,0.0932200737388739,0.256721992647837,0.341547747818967
23515,0.679902374008647,0.0275097305119163,0.196091764829327,0.0964961306501102
23516,0.346721472688765,0.0746396263386583,0.30143027013614,0.277208630836437
23517,0.560569972317914,0.0903861171902592,0.0842885075857754,0.264755402906052
23518,0.108892143498728,0.0418716347867175,0.730334871861217,0.118901349853337
23519,0.0951137132921172,0.50461341823038,0.0867450103605889,0.313527858116914
23520,0.381826972438934,0.0758061039725155,0.163639002787791,0.378727920800759
23521,0.216164195981181,0.362756634608917,0.265321942133913,0.15575722727599
23522,0.123306061533354,0.285195655348444,0.223042832972623,0.368455450145579
23523,0.134149518166163,0.571414722781754,0.16651479952036,0.127920959531723
23524,0.0401103292628387,0.633706590498814,0.0580496319228154,0.268133448315532
23525,0.243327704549542,0.181794870469749,0.167712277171694,0.407165147809015
23526,0.150328717833982,0.276256326090182,0.420470082729039,0.152944873346797
23527,0.143032811056195,0.25439342929207,0.353566415018268,0.249007344633467
23528,0.058248528770256,0.57555865413771,0.156188864590256,0.210003952501779
23529,0.242714147816157,0.469430400463874,0.0430603651220925,0.244795086597877
23530,0.0999865395624938,0.0573323915104434,0.634680351566754,0.208000717360309
23531,0.528630248510523,0.0651023845710217,0.0645233843008925,0.341743982617563
23532,0.229003440861251,0.208954558398107,0.126266748763181,0.435775251977461
23533,0.319352805263793,0.147216203007916,0.212319423208362,0.321111568519929
23534,0.155458912284837,0.0995561998104618,0.342197323002094,0.402787564902607
23535,0.201395691939408,0.0932338327630357,0.14971562686152,0.555654848436037
23536,0.216489828353501,0.0936881429042543,0.273167127972163,0.416654900770082
23537,0.246479607061657,0.234257240654094,0.0738272296297919,0.445435922654458
23538,0.492523082894844,0.107037117755766,0.0208200596102187,0.379619739739171
23539,0.0861399146528488,0.1388718902429,0.178495620567593,0.596492574536658
23540,0.0854438859537704,0.0398013064706318,0.432366927281023,0.442387880294575
23541,0.170113690275211,0.296459585079416,0.072067693323067,0.461359031322306
23542,0.0490640203162123,0.160944981936133,0.466991512032976,0.322999485714679
23543,0.251537014622606,0.263900072491971,0.119567138811612,0.364995774073811
23544,0.0401931299128544,0.118607099946214,0.674877574648576,0.166322195492356
23545,0.214744508736079,0.0460124752780622,0.0719117755813751,0.667331240404484
23546,0.0409072850688856,0.05158259273349,0.636854115316259,0.270656006881366
23547,0.390457009403986,0.364511725330564,0.0156086064086453,0.229422658856805
23548,0.258014119462145,0.0749191044709577,0.0568289076999525,0.610237868366945
23549,0.231613714261126,0.0914419713098779,0.18692121888215,0.490023095546847
23550,0.0584994035564008,0.201582801173928,0.128662661801898,0.611255133467773
23551,0.448754951046546,0.0969469544384859,0.238772945204919,0.21552514931005
23552,0.0287008688977714,0.444582434590304,0.453751823213324,0.0729648732986009
23553,0.0903592806172147,0.604923685095676,0.099228058443437,0.205488975843672
23554,0.578466621592152,0.154005427186536,0.0836476340476909,0.183880317173621
23555,0.0257542509808437,0.13553801494556,0.626969953303883,0.211737780769714
23556,0.392120114142168,0.128837494177825,0.13121309127512,0.347829300404888
23557,0.0676903118805242,0.0527831482167011,0.535440271545661,0.344086268357113
23558,0.25575581040975,0.139674596101137,0.385293968491239,0.219275624997875
23559,0.211218028150771,0.0713835248022887,0.421939726521793,0.295458720525148
23560,0.0852535314883406,0.081468815183889,0.483995327385508,0.349282325942262
23561,0.417691746416203,0.315856098011033,0.167512838538859,0.0989393170339059
23562,0.474448972062276,0.0943321134002203,0.0669083179118004,0.364310596625704
23563,0.135431625370622,0.334113217867966,0.341288251005885,0.189166905755527
23564,0.0649910143681344,0.505018405809066,0.245421731410213,0.184568848412586
23565,0.0770282187092873,0.0639928147304432,0.684310734123832,0.174668232436437
23566,0.402258236453993,0.257633977741024,0.0775062341312687,0.262601551673715
23567,0.235756449461046,0.366737939661776,0.102417827150116,0.295087783727062
23568,0.358383740239768,0.376534779497393,0.0449222630374967,0.220159217225343
23569,0.510838512062013,0.103318345428172,0.207714995776257,0.178128146733558
23570,0.181277437075244,0.577539471168837,0.0626436448533726,0.178539446902546
23571,0.196624819064062,0.0596927775877082,0.322857862257075,0.420824541091156
23572,0.402488487139425,0.348226554175297,0.024960450933174,0.224324507752104
23573,0.142482517066471,0.0973177496139294,0.203140406412495,0.557059326907104
23574,0.0309681381184481,0.493921902733041,0.274304613046048,0.200805346102463
23575,0.0481203125847439,0.318404773822954,0.299055646278201,0.334419267314101
23576,0.159301779595449,0.118744453199087,0.244960784760507,0.476992982444957
23577,0.691512663122754,0.0434348483639927,0.0835775716568924,0.181474916856361
23578,0.217030417054886,0.145899774975432,0.0585540688024683,0.578515739167213
23579,0.048831624634735,0.480258933182105,0.12466648136554,0.34624296081762
23580,0.143070580503512,0.608101896784143,0.022910620912984,0.225916901799361
23581,0.22938717152139,0.268884907357136,0.27458559757693,0.227142323544545
23582,0.091398928028381,0.193840049688545,0.541416037215936,0.173344985067138
23583,0.626404461801466,0.0524022580274106,0.0667806782345977,0.254412601936526
23584,0.460378806859561,0.115622737290647,0.0692530664200519,0.35474538942974
23585,0.556865492043789,0.233905621831209,0.0633688109470214,0.14586007517798
23586,0.331190882662845,0.235487027619732,0.30271356978465,0.130608519932773
23587,0.165790581180543,0.0940780273931736,0.361274450519471,0.378856940906812
23588,0.387268904360957,0.0604351304215833,0.278824119789773,0.273471845427687
23589,0.707238378736307,0.0441446227835622,0.0477120302251769,0.200904968254954
23590,0.239179252680598,0.125155386912873,0.294447222990191,0.341218137416338
23591,0.595303771926667,0.04307957239697,0.0906684326439268,0.270948223032437
23592,0.429670707987839,0.0817500348328292,0.068320130675676,0.420259126503656
23593,0.05193832406578,0.46160734961105,0.138425538509951,0.348028787813218
23594,0.608729567649854,0.0271322197592643,0.242267232906207,0.121870979684675
23595,0.236124460346134,0.0716308632137006,0.5213137702274,0.170930906212765
23596,0.0643632182107404,0.331939953688519,0.311150103028956,0.292546725071784
23597,0.388615237765865,0.0710833462241345,0.291335498928544,0.248965917081456
23598,0.717090194062411,0.0554406759631827,0.0328047776491836,0.194664352325223
23599,0.166077293933364,0.26635670512854,0.139385226348663,0.428180774589433
23600,0.147418445473405,0.425120804097671,0.15809876249992,0.269361987929005
23601,0.0902709480595358,0.486718630218756,0.171931849118997,0.251078572602711
23602,0.0703592403743111,0.520018604849438,0.0510102740870718,0.358611880689179
23603,0.0680301574019734,0.190348008220278,0.445186730613643,0.296435103764105
23604,0.172176882757947,0.659119134091417,0.0321138291365556,0.136590154014081
23605,0.433266089328369,0.0393791667745039,0.0870478730623733,0.440306870834754
23606,0.301276790804691,0.258193091356747,0.0695851087023733,0.370945009136188
23607,0.142878745940689,0.198796935634765,0.180560353904634,0.477763964519913
23608,0.404075049117834,0.0912565453159189,0.0562656160907646,0.448402789475482
23609,0.326768006610325,0.0790336680627459,0.209750501110776,0.384447824216153
23610,0.250464160434263,0.416277766504285,0.148295240595265,0.184962832466187
23611,0.0459398601058385,0.0539327821157457,0.656193944093947,0.243933413684469
23612,0.126122684076438,0.297795538890265,0.156716131882596,0.419365645150701
23613,0.34412300139044,0.119033009345321,0.382925874401226,0.153918114863014
23614,0.124303494957119,0.563563615374391,0.0535361342370672,0.258596755431423
23615,0.225301013314382,0.193506447777816,0.110143083930188,0.471049454977615
23616,0.299013800964851,0.0581821493760923,0.472672089917395,0.170131959741662
23617,0.127203087049847,0.457379565558051,0.0803256979978642,0.335091649394238
23618,0.342082002236954,0.0234145217434465,0.428279042064766,0.206224433954833
23619,0.0914789832180618,0.396105581515908,0.23034421846795,0.28207121679808
23620,0.178456433408401,0.322885753808419,0.0437168914008917,0.454940921382288
23621,0.377071820741266,0.119071629497648,0.0993944117354406,0.404462138025646
23622,0.29430835014102,0.435594869818362,0.0562354049689281,0.213861375071691
23623,0.0694377741129626,0.240334283799711,0.118505445807112,0.571722496280214
23624,0.0599596983143849,0.759201246834404,0.085971562396377,0.0948674924548338
23625,0.228101473633322,0.221627479102357,0.238420477457817,0.311850569806504
23626,0.0855686153860218,0.517185881612443,0.141411758798154,0.255833744203381
23627,0.220334285887333,0.0325821322284399,0.515427068469803,0.231656513414424
23628,0.371010859747543,0.150343330548911,0.0657473765905735,0.412898433112972
23629,0.223769085728081,0.294184692744243,0.19332102193247,0.288725199595207
23630,0.395553903962585,0.320894701826134,0.134039085642021,0.14951230856926
23631,0.0593037911112873,0.266030380584839,0.43097877965463,0.243687048649244
23632,0.110498863447703,0.0666769981978848,0.385126960520697,0.437697177833715
23633,0.202919334482991,0.433456343748476,0.152539084599691,0.211085237168842
23634,0.659731274894514,0.123196677028933,0.0170520072353003,0.200020040841253
23635,0.0542663006635732,0.389344755539379,0.159103047062685,0.397285896734362
23636,0.0771344919796921,0.39456713273209,0.282767018683447,0.245531356604771
23637,0.361727862466695,0.424054797347926,0.0418340689860662,0.172383271199313
23638,0.661059747544346,0.0455948483751135,0.0521762672336071,0.241169136846933
23639,0.194896149868065,0.0610571669733056,0.457737455844144,0.286309227314486
23640,0.363979020026127,0.0217534406983346,0.402300140934275,0.211967398341263
23641,0.0416124310653455,0.37807776367987,0.235765098100102,0.344544707154682
23642,0.123357129619589,0.0599290982259519,0.40914395713501,0.40756981501945
23643,0.387017663151918,0.370419295002917,0.0832776758321579,0.159285366013008
23644,0.240647614796825,0.361158428143009,0.0846914844366211,0.313502472623546
23645,0.114363343713644,0.362940892482471,0.105739544667425,0.41695621913646
23646,0.243465592133301,0.320777683901592,0.186232678691815,0.249524045273291
23647,0.105185396332022,0.628500832675248,0.0853198193327427,0.180993951659987
23648,0.267191525652646,0.551968202193465,0.0190125623298922,0.161827709823996
23649,0.209718623556433,0.300517353840163,0.166683846802087,0.323080175801316
23650,0.221969992458594,0.197648464964505,0.0631902131706847,0.517191329406216
23651,0.0883016946431474,0.595168252416911,0.0807776925361335,0.235752360403809
23652,0.0650853990125029,0.124670821846266,0.651643913199594,0.158599865941638
23653,0.0935151700082548,0.0343447664353116,0.597302791032767,0.274837272523667
23654,0.0531456163255085,0.0586876358910418,0.646472535239474,0.241694212543976
23655,0.233246903448927,0.405510776012458,0.0636282179661134,0.297614102572501
23656,0.104720437511572,0.10298994215408,0.180377325984545,0.611912294349803
23657,0.440768245594372,0.295376275321744,0.0689393349343665,0.194916144149518
23658,0.304159863090249,0.058245399278175,0.245054453159594,0.392540284471982
23659,0.53369791282383,0.294174405057143,0.082106519960318,0.0900211621587093
23660,0.261714563196469,0.155935950449319,0.0459528229607231,0.536396663393489
23661,0.188711689243646,0.0558214641969821,0.111673473094361,0.643793373465011
23662,0.132536517080674,0.35960576286873,0.136692063310431,0.371165656740165
23663,0.22218353861009,0.153340031025493,0.235250177858422,0.389226252505995
23664,0.0729244986766309,0.272001033574983,0.121488740186081,0.533585727562304
23665,0.281878422599561,0.257272923754281,0.0395795696266733,0.421269084019484
23666,0.296467651687938,0.101365004418302,0.248338888735855,0.353828455157905
23667,0.390578286285195,0.047601115100306,0.375682680577229,0.18613791803727
23668,0.534726770571204,0.0574572065392294,0.125231171925282,0.282584850964284
23669,0.252453976075788,0.241250076194041,0.0993042096591111,0.40699173807106
23670,0.24936168404131,0.0762834832936928,0.43255534747649,0.241799485188508
23671,0.0490974988077719,0.287426911384165,0.460788842073869,0.202686747734195
23672,0.191650531537149,0.151503026204042,0.329703672209224,0.327142770049586
23673,0.279142010156813,0.442606945266967,0.0506194774940151,0.227631567082205
23674,0.0181539543992807,0.306207820601923,0.495080664375373,0.180557560623424
23675,0.0911398191149278,0.482116970649993,0.0679265506924972,0.358816659542582
23676,0.211232578184626,0.138055177290675,0.129254816324208,0.52145742820049
23677,0.247582827538898,0.256647608200677,0.283753069048753,0.212016495211671
23678,0.536646714829243,0.0727805227220075,0.0387955235613218,0.351777238887428
23679,0.552922756016864,0.0707254795346758,0.252706092629321,0.12364567181914
23680,0.0664876674307402,0.0869286500183836,0.639093777268201,0.207489905282676
23681,0.124943274841219,0.158253744141237,0.606074393502515,0.11072858751503
23682,0.0656451640532731,0.3621032892044,0.425948677760481,0.146302868981846
23683,0.358209293073748,0.0669508489129093,0.211538746785444,0.363301111227899
23684,0.113141990858791,0.481198290554374,0.104242884170543,0.301416834416293
23685,0.33952289146239,0.328170948101741,0.236597364903323,0.095708795532546
23686,0.123272020970951,0.0480782233489037,0.555915048424434,0.272734707255711
23687,0.16985199647696,0.102793017854187,0.323117572803714,0.404237412865139
23688,0.350360241299278,0.12743859576414,0.0888610740304755,0.433340088906106
23689,0.217634085153922,0.173508870527565,0.408822262502296,0.200034781816217
23690,0.38081055491239,0.269853890402764,0.0470970188901697,0.302238535794676
23691,0.143155909818118,0.178053999943811,0.543018268891973,0.135771821346098
23692,0.0751929749664628,0.436976715474803,0.119708306289137,0.368122003269597
23693,0.0755922633023412,0.32471963981537,0.324758982405014,0.274929114477275
23694,0.05765838941209,0.24717194090563,0.238612684568778,0.456556985113503
23695,0.0590851512334255,0.454255805564919,0.162179776003712,0.324479267197943
23696,0.349736086684161,0.463243610248095,0.0209077143203766,0.166112588747367
23697,0.337122000362915,0.0745820518170078,0.321464729038999,0.266831218781078
23698,0.143136294262587,0.280859919957643,0.224716985122165,0.351286800657605
23699,0.0968498779510791,0.609910100595326,0.0753321513132211,0.217907870140374
23700,0.431945547144871,0.0154422321627378,0.422945789876586,0.129666430815805
23701,0.0365925059254225,0.455905414292494,0.198634199447977,0.308867880334107
23702,0.0881117848809506,0.12142506870034,0.611771921454703,0.178691224964007
23703,0.0634399156962721,0.555135103526848,0.170725296773432,0.210699684003448
23704,0.234297752817301,0.142320616683061,0.285018269387092,0.338363361112546
23705,0.180166487370762,0.440618073561768,0.13072053466005,0.24849490440742
23706,0.421975872904022,0.0808514464675741,0.303721695239607,0.193450985388797
23707,0.161872903233546,0.528047044375646,0.0446143644798102,0.265465687910998
23708,0.108866893632437,0.519777078834093,0.110191277979006,0.261164749554464
23709,0.161777524912398,0.184128566269408,0.13471431060548,0.519379598212715
23710,0.493560175626033,0.103769205309234,0.07820071220611,0.324469906858622
23711,0.0375902689159202,0.663047977636736,0.169415869415237,0.129945884032107
23712,0.136902648209647,0.0774758049087437,0.386884528666355,0.398737018215255
23713,0.0461907131058102,0.288511580247626,0.308054222963847,0.357243483682717
23714,0.281240338948318,0.0615391601029708,0.421587518979497,0.235632981969215
23715,0.276867612852833,0.0418831583663753,0.332484055538917,0.348765173241874
23716,0.408587707548371,0.0993167465735123,0.101096724905504,0.390998820972613
23717,0.285224118384356,0.432756868495727,0.0382619693261647,0.243757043793752
23718,0.083067753412568,0.0712592037706618,0.376367788187102,0.469305254629668
23719,0.324682671500012,0.325906120878227,0.0361834003158159,0.313227807305945
23720,0.0900205487862242,0.0481745683381455,0.56384181426407,0.29796306861156
23721,0.502984497691296,0.178976164320782,0.193936755843914,0.124102582144008
23722,0.067838399215985,0.228989836154031,0.293430720537119,0.409741044092864
23723,0.1209137801758,0.355573010275819,0.314179580757815,0.209333628790566
23724,0.242758691495452,0.356671594719369,0.0518424643723021,0.348727249412877
23725,0.322512354387642,0.0204227997787774,0.525936335334811,0.13112851049877
23726,0.29381306547246,0.30742091853938,0.252703660650419,0.146062355337741
23727,0.181448288901366,0.117910684608134,0.28685190239669,0.413789124093811
23728,0.145256153616671,0.195877925143801,0.128326727375907,0.530539193863622
23729,0.110885456118395,0.606230675420651,0.0935817511555411,0.189302117305413
23730,0.272894641678371,0.283180272976404,0.221898370498654,0.222026714846572
23731,0.13908654122579,0.175915825730862,0.232857810676868,0.45213982236648
23732,0.476979138079907,0.230477141055001,0.0615910583182716,0.23095266254682
23733,0.525648130437117,0.0645788897337857,0.0515584241355245,0.358214555693573
23734,0.0607450508734208,0.0610769956548901,0.493669137337593,0.384508816134096
23735,0.564800744612922,0.0377373739251771,0.0975805531533498,0.299881328308551
23736,0.112554377194642,0.138297443183248,0.297530677642538,0.451617501979572
23737,0.0857697859461318,0.512312694257555,0.165845449981175,0.236072069815138
23738,0.38817650437358,0.120893175387686,0.0891436659242186,0.401786654314516
23739,0.172386445764265,0.132962208393366,0.11063252570246,0.584018820139909
23740,0.111158087410547,0.0271010622562647,0.742635549663232,0.119105300669956
23741,0.0613792772048644,0.129029809827202,0.469023062990837,0.340567849977096
23742,0.149494583894338,0.279602690276471,0.0863439839235859,0.484558741905606
23743,0.0746281293359333,0.722579959878262,0.0531638923666088,0.149628018419196
23744,0.0377749531370105,0.637398665984388,0.138747131512269,0.186079249366332
23745,0.570801149816196,0.048290364759746,0.0653702324656342,0.315538252958424
23746,0.505235010616999,0.193722392923686,0.0416857005082789,0.259356895951036
23747,0.061740636768994,0.240027742309938,0.405075168205039,0.293156452716029
23748,0.277225506909333,0.446851251767279,0.0927689354915204,0.183154305831867
23749,0.585846783790333,0.215337287826482,0.0395301155534826,0.159285812829702
23750,0.199459122806737,0.175474373253636,0.384154319813407,0.240912184126221
23751,0.282115584393261,0.161848899257496,0.352053663102498,0.203981853246745
23752,0.222314612735105,0.27266004256082,0.0886429129571297,0.416382431746946
23753,0.16212509621303,0.134515463772527,0.139854935555544,0.563504504458899
23754,0.313981898946802,0.199899460324043,0.200609744339141,0.285508896390014
23755,0.430875583507368,0.159144411601809,0.217148546863868,0.192831458026955
23756,0.121707790478372,0.282327006769226,0.11693311136053,0.479032091391872
23757,0.240880965987385,0.366671510815594,0.0559147455540208,0.336532777643
23758,0.403994737877593,0.137967041900014,0.0556993127512801,0.402338907471113
23759,0.121043277333113,0.338051423414442,0.279495407826428,0.261409891426018
23760,0.264075338065491,0.0286896218517662,0.517764424807541,0.189470615275201
23761,0.250416909251996,0.134711461783086,0.336420456949966,0.278451172014952
23762,0.192808819101545,0.27619112643062,0.222191588984903,0.308808465482932
23763,0.473469338348255,0.204049222331869,0.0839596565484486,0.238521782771428
23764,0.469182674775504,0.0549136406959959,0.165491260648324,0.310412423880176
23765,0.0505886716826297,0.046149862605098,0.423834157705702,0.479427308006571
23766,0.0480846224372102,0.0408909703869988,0.808625136737438,0.102399270438353
23767,0.365055137294465,0.21476891771944,0.194948870665754,0.225227074320341
23768,0.0798935995154805,0.0496013049460537,0.202182094176918,0.668323001361548
23769,0.139018219414133,0.107915402554927,0.378786204666887,0.374280173364052
23770,0.227414773123428,0.0717928081171708,0.509455257106461,0.191337161652941
23771,0.0920130508731694,0.417296113802535,0.0813393551256401,0.409351480198656
23772,0.0941833316694469,0.156180121869384,0.130507127221452,0.619129419239718
23773,0.0704307843422494,0.271582702335576,0.408524575663911,0.249461937658263
23774,0.155327616754886,0.291346618161243,0.135156316173323,0.418169448910548
23775,0.501739134110254,0.133648214875239,0.0638302275228245,0.300782423491683
23776,0.282767572887722,0.0673804177757244,0.263844534089565,0.386007475246988
23777,0.318216111881234,0.229481849579939,0.280157906520666,0.172144132018161
23778,0.107048550430712,0.425865698977638,0.0842601209200744,0.382825629671576
23779,0.500128863646734,0.261502716604591,0.134785266961404,0.103583152787271
23780,0.485479673526264,0.28641635049259,0.0515571593624872,0.176546816618658
23781,0.426363376282975,0.17236229566474,0.0675618227672959,0.33371250528499
23782,0.164528585866738,0.243622564622115,0.349142884630464,0.242705964880684
23783,0.423121308742144,0.0288074485272394,0.28121769841723,0.266853544313387
23784,0.118024562789547,0.0668897356334773,0.477185256580469,0.337900444996507
23785,0.60532831315574,0.182938319396426,0.0357206146750034,0.17601275277283
23786,0.276723005364826,0.308677758516774,0.117912450816241,0.296686785302159
23787,0.450192276483418,0.178875659257004,0.12958944728716,0.241342616972418
23788,0.168481429555364,0.49419906106816,0.134713410420214,0.202606098956262
23789,0.643069912186517,0.0317324651405285,0.0293950460798888,0.295802576593066
23790,0.0306495923110325,0.11825617922628,0.577938152116727,0.27315607634596
23791,0.216687795922642,0.0402197972575203,0.553855286235404,0.189237120584434
23792,0.215565866813475,0.521428751266719,0.0672025771919524,0.195802804727853
23793,0.229816524350083,0.104036019160133,0.254986293913158,0.411161162576626
23794,0.293930853721379,0.145816805584256,0.151383071488918,0.408869269205447
23795,0.289573234097711,0.275511840390636,0.0625996493231495,0.372315276188504
23796,0.174031837504257,0.231763852795391,0.171808047165295,0.422396262535058
23797,0.345326320475808,0.184367902009728,0.329541086324069,0.140764691190395
23798,0.326753418236792,0.0303601629391385,0.221364753167248,0.421521665656822
23799,0.593137209450613,0.0464319684271561,0.0550595949096395,0.305371227212591
23800,0.195180661730351,0.577155902748559,0.0407233289871327,0.186940106533957
23801,0.0339686216645203,0.0838538937180371,0.669324259116345,0.212853225501098
23802,0.0730090808766487,0.574662813234502,0.083233783938634,0.269094321950216
23803,0.318233970714097,0.204760618297806,0.0747890802378894,0.402216330750207
23804,0.29047571051326,0.0725732535160906,0.336918580827038,0.300032455143612
23805,0.32073751191048,0.0411583369843029,0.448747366519455,0.189356784585762
23806,0.158266816530878,0.332193915983911,0.195486936509416,0.314052330975795
23807,0.451166961354874,0.105299886467761,0.0968563235825719,0.346676828594793
23808,0.176560727007441,0.443056002727792,0.133995775938365,0.246387494326403
23809,0.383551702574372,0.214990501543213,0.0690657583455809,0.332392037536834
23810,0.0568006963269567,0.563329071604291,0.141215343195357,0.238654888873396
23811,0.485020414550944,0.214778248411009,0.131058543638669,0.169142793399378
23812,0.176043841260386,0.273067291261508,0.321387570420876,0.229501297057229
23813,0.509002406621374,0.139221774051343,0.0937055890693731,0.25807023025791
23814,0.309713696046389,0.190667036371231,0.25223036505025,0.24738890253213
23815,0.0903728933755225,0.0636044754276069,0.267830414723095,0.578192216473775
23816,0.414161270563509,0.273064312243848,0.062052762194404,0.250721654998239
23817,0.221795553298432,0.0689911802030357,0.376424888508087,0.332788377990445
23818,0.0938423885347313,0.0823826850464591,0.347988962731709,0.475785963687101
23819,0.0792370413590877,0.572030919443603,0.126067672309222,0.222664366888088
23820,0.239141161309206,0.0864251811657196,0.372069549373919,0.302364108151156
23821,0.0690922576570059,0.157822136532361,0.135761909592575,0.637323696218058
23822,0.152733562775451,0.247753797022802,0.064076963387615,0.535435676814132
23823,0.0803017240154078,0.092941389199901,0.345193668933632,0.481563217851059
23824,0.201360557068788,0.515341512879853,0.0873446248427693,0.19595330520859
23825,0.49776995673538,0.0921655756865749,0.152883546773321,0.257180920804724
23826,0.0431727363073054,0.510919521855933,0.0818660328520319,0.36404170898473
23827,0.382284687916579,0.291590779388574,0.122132379638525,0.203992153056322
23828,0.0451289242876619,0.28241530783672,0.382407289793404,0.290048478082214
23829,0.316106637440776,0.195777560307274,0.159926645395529,0.32818915685642
23830,0.0763731546262395,0.582707416224282,0.140430006397796,0.200489422751683
23831,0.237962451675881,0.165232661024583,0.426327528414642,0.170477358884894
23832,0.190902014127833,0.190589705900587,0.420631787411597,0.197876492559984
23833,0.353040715078822,0.0843730230173368,0.364752409216248,0.197833852687594
23834,0.464655831942048,0.0988167686203558,0.310364125307988,0.126163274129608
23835,0.274707808545374,0.324004931534215,0.196234596972317,0.205052662948094
23836,0.373020493705661,0.0759671671820567,0.142116536662334,0.408895802449948
23837,0.0538367963351332,0.0937563119943475,0.193339480666672,0.659067411003847
23838,0.579203887377599,0.138322530194752,0.0824101107685569,0.200063471659093
23839,0.649813809552007,0.0910830285542195,0.122728801008868,0.136374360884906
23840,0.348765966494855,0.0364822113783756,0.475686360048334,0.139065462078435
23841,0.471803875952374,0.108675715078797,0.235720135583212,0.183800273385617
23842,0.60185994345685,0.0468528228057511,0.097190290466032,0.254096943271367
23843,0.311160566491999,0.0968547259225968,0.364140873592892,0.227843833992513
23844,0.574011491267529,0.0928275900183171,0.0778326931122165,0.255328225601937
23845,0.128491903668683,0.101019942165499,0.311126011431356,0.459362142734462
23846,0.492221256067444,0.275092668277221,0.131984606695067,0.100701468960269
23847,0.105205644173791,0.507081037671062,0.144907447774065,0.242805870381082
23848,0.0332022371312653,0.0645086872458849,0.601710723213894,0.300578352408956
23849,0.273812566271582,0.090295497880537,0.288024912323461,0.347867023524421
23850,0.0398977294996654,0.134073165928908,0.596793440833708,0.229235663737719
23851,0.483546875167464,0.21656683210138,0.14864774826917,0.151238544461986
23852,0.269398465169235,0.23754157213808,0.155925198477072,0.337134764215613
23853,0.0617797405030671,0.0811289803992334,0.583795002062325,0.273296277035374
23854,0.495524706980372,0.0796021830173033,0.0838305297871179,0.341042580215207
23855,0.206713857811026,0.216713054756743,0.0832155079760141,0.493357579456217
23856,0.210237779835563,0.409958311119569,0.0519134050067248,0.327890504038143
23857,0.419324242993341,0.417569235103303,0.0225212203252293,0.140585301578127
23858,0.420915165861122,0.119800054793564,0.235775435723237,0.223509343622077
23859,0.661412833448209,0.0376068416562735,0.0686165726065398,0.232363752288978
23860,0.142177507308695,0.278013505921433,0.228456759097183,0.351352227672689
23861,0.210918188525994,0.0205920468586126,0.588088636120309,0.180401128495085
23862,0.0548968180587773,0.0532805112745313,0.682879830923314,0.208942839743378
23863,0.28718868898346,0.0466752491632281,0.393230430542256,0.272905631311056
23864,0.237865355940957,0.418761461790269,0.0302183119864233,0.313154870282351
23865,0.0615833030713399,0.136143696551202,0.381715287996372,0.420557712381086
23866,0.374410512514051,0.259867866248084,0.125970917199453,0.239750704038412
23867,0.0592587969212629,0.236020351746043,0.118302964521286,0.586417886811408
23868,0.0393963973915336,0.0900858125527681,0.475648317696998,0.3948694723587
23869,0.232217948958323,0.0779422571439737,0.184631042725746,0.505208751171957
23870,0.142749072815561,0.0502734274882219,0.614209292096197,0.19276820760002
23871,0.0435346876709335,0.155972851384112,0.53622139432996,0.264271066614995
23872,0.0219138994570333,0.120416245789938,0.575204743532349,0.28246511122068
23873,0.129992738866908,0.264347254951943,0.371161034910274,0.234498971270876
23874,0.488344387092117,0.317305532185218,0.048509623352102,0.145840457370563
23875,0.0235540982359546,0.504521171919769,0.301154796422106,0.170769933422171
23876,0.228035331313801,0.273785695333559,0.113550150837321,0.384628822515319
23877,0.253763463915535,0.203905563107439,0.0464048012204813,0.495926171756544
23878,0.13733329487738,0.289103706942385,0.108615520574954,0.464947477605282
23879,0.130116407936632,0.377498574697614,0.256773637664524,0.235611379701231
23880,0.416997030003499,0.255697311703882,0.0391666959606703,0.288138962331948
23881,0.507383718688224,0.0517970672305186,0.267977343093987,0.172841870987271
23882,0.0817163208925474,0.582515914685352,0.0416924931869691,0.294075271235132
23883,0.377770832042546,0.0630720025279752,0.356988011755878,0.202169153673602
23884,0.27756183710632,0.380000629338407,0.244285318431808,0.0981522151234648
23885,0.298533667093772,0.193473265620927,0.0334337856019186,0.474559281683383
23886,0.294316547741973,0.113830766681066,0.257713476345218,0.334139209231743
23887,0.362034162913806,0.136416105529657,0.0974338472015626,0.404115884354974
23888,0.242679709224807,0.251196839106373,0.357483341896538,0.148640109772282
23889,0.650889877872485,0.115843619298499,0.0444220205978642,0.188844482231152
23890,0.217882845229118,0.562678129490551,0.0221168811982796,0.197322144082051
23891,0.538267476099689,0.0386407680463653,0.0896092522901237,0.333482503563822
23892,0.0790092656461304,0.386348516748296,0.142270466770821,0.392371750834753
23893,0.193291405589079,0.394390086961603,0.0433591413030488,0.36895936614627
23894,0.195291805008093,0.317280391135923,0.184960665311475,0.302467138544509
23895,0.0764148826108793,0.164729672124337,0.543158938118454,0.215696507146329
23896,0.0908543090401893,0.111177580482385,0.463152797968193,0.334815312509233
23897,0.162860856573247,0.260345601692774,0.0933650083795977,0.483428533354381
23898,0.154872794533716,0.562933100511077,0.0801363553446472,0.20205774961056
23899,0.214855645122739,0.227904541066224,0.11784607522161,0.439393738589427
23900,0.106654178346533,0.267636546224688,0.125691046851989,0.50001822857679
23901,0.194348191703915,0.443412447897541,0.0669952132149919,0.295244147183552
23902,0.065267103561125,0.356230682400661,0.349355562922809,0.229146651115405
23903,0.371976381902789,0.182967028555162,0.123859433371399,0.32119715617065
23904,0.140942511262784,0.321190018638245,0.292236261087974,0.245631209010997
23905,0.513222599909189,0.0351013140593263,0.302999467163253,0.148676618868231
23906,0.705787084205458,0.0288801322118247,0.0598393136717989,0.205493469910919
23907,0.225667552084283,0.165094925781484,0.32749085220791,0.281746669926323
23908,0.235539199947091,0.357960404655259,0.0963947220181883,0.310105673379462
23909,0.250396544122321,0.115960371138809,0.0782536553629261,0.555389429375944
23910,0.0729338392648542,0.30570128335029,0.444502094739215,0.17686278264564
23911,0.22581419069652,0.041131745740372,0.1559506562709,0.577103407292208
23912,0.225987600080985,0.170257841934606,0.318819436324293,0.284935121660116
23913,0.0889624622915739,0.123265298034793,0.495961184031294,0.291811055642339
23914,0.0263277259329361,0.651342365879112,0.0374100361876776,0.284919872000274
23915,0.628100793067908,0.1645576976074,0.0477060722140239,0.159635437110668
23916,0.0747224356015347,0.187326765427369,0.532838115054854,0.205112683916242
23917,0.141133690257436,0.500804886676828,0.133673389074734,0.224388033991003
23918,0.458473799724994,0.083353581028787,0.130274201512405,0.327898417733814
23919,0.253719602223906,0.349171453225073,0.0362044665171401,0.360904478033881
23920,0.239093134893241,0.222290736007354,0.339738554232214,0.198877574867191
23921,0.254846100552396,0.159498226045976,0.430553173805337,0.155102499596291
23922,0.0616445617772163,0.1580510257748,0.556169796387213,0.22413461606077
23923,0.405958412819686,0.342540565428225,0.044689631099917,0.206811390652172
23924,0.233641587639065,0.537291685752031,0.108657342965424,0.12040938364348
23925,0.190695120763505,0.243491351055877,0.097395859174282,0.468417669006335
23926,0.377815342496578,0.366594533509595,0.0996741717178476,0.155915952275979
23927,0.195842046582892,0.132768817636467,0.350751269662954,0.320637866117688
23928,0.100540617819755,0.289729987757637,0.329190583705843,0.280538810716765
23929,0.0452536292284383,0.392211182623262,0.0880096229861553,0.474525565162145
23930,0.0984343610782769,0.220772016973084,0.185317979974233,0.495475641974407
23931,0.0964699661320435,0.647092295299219,0.0754788182095383,0.180958920359199
23932,0.326368561033323,0.342575980761264,0.0684524213777723,0.262603036827641
23933,0.0911519874622542,0.54906380914072,0.164212900519648,0.195571302877378
23934,0.0259768399083668,0.666606565155884,0.108656690195325,0.198759904740424
23935,0.283504867993362,0.154316225149303,0.202532532208125,0.35964637464921
23936,0.485843513168016,0.112698349140563,0.118014677738084,0.283443459953337
23937,0.0938696577199497,0.149812047340795,0.485187153343392,0.271131141595863
23938,0.476611629015317,0.0863001051595548,0.0301457344193366,0.406942531405792
23939,0.368679692335543,0.112998303705999,0.333546744073699,0.184775259884759
23940,0.266183323595205,0.0549167545835751,0.186240124194736,0.492659797626484
23941,0.0734417956706387,0.150055258622869,0.529851576287354,0.246651369419138
23942,0.686059830845793,0.0368435564962903,0.106948898576117,0.170147714081799
23943,0.133465384678056,0.530608973316481,0.118357865839099,0.217567776166364
23944,0.340919488750602,0.0377026722488027,0.413038413480948,0.208339425519648
23945,0.0746771124966551,0.108325838365287,0.51511636562382,0.301880683514237
23946,0.309352843488642,0.497389976696792,0.0253631028897147,0.167894076924852
23947,0.0599143544669237,0.349116821747478,0.271885275311841,0.319083548473757
23948,0.217111974131982,0.168127095267735,0.377467188569858,0.237293742030425
23949,0.128416019791325,0.216400357041757,0.0801695494934844,0.575014073673433
23950,0.0208901278639638,0.583272518872047,0.242742401186972,0.153094952077018
23951,0.44607991715988,0.0647639445393375,0.171642480517197,0.317513657783585
23952,0.270671134463911,0.141868133674377,0.284045911614648,0.303414820247064
23953,0.665429981235528,0.0480977402469095,0.0386551523950181,0.247817126122545
23954,0.465605432922595,0.0607974237511859,0.262091814171945,0.211505329154275
23955,0.0968405776727239,0.228721205937846,0.178370314057152,0.496067902332278
23956,0.0995340068604365,0.284536640073053,0.370500978273794,0.245428374792717
23957,0.102699614492856,0.403799910788021,0.0965688846601823,0.39693159005894
23958,0.189523170379325,0.474499689114017,0.0332080665246145,0.302769073982044
23959,0.303144314414314,0.125306038536633,0.240791654100309,0.330757992948744
23960,0.175488235579197,0.12118704968493,0.251623317273359,0.451701397462515
23961,0.682329745347683,0.115329352441175,0.0145929862768396,0.187747915934302
23962,0.0618617838942306,0.399381420147171,0.249257657539745,0.289499138418853
23963,0.218035971730245,0.295875549458594,0.0744504672108934,0.411638011600268
23964,0.0320008478175324,0.482934680100206,0.289688110957556,0.195376361124706
23965,0.23748642185304,0.108427384598512,0.434936139447736,0.219150054100712
23966,0.140341796888694,0.0430940251662495,0.447291823553631,0.369272354391426
23967,0.465500937654152,0.121647973311011,0.0968430394278843,0.316008049606952
23968,0.351717592002461,0.196589267632794,0.20101793140772,0.250675208957025
23969,0.504818555059737,0.0473097283446101,0.0720411361103308,0.375830580485322
23970,0.740541153733407,0.0319502760922349,0.0418667606600976,0.18564180951426
23971,0.0718730264388069,0.165570796964098,0.473678999038683,0.288877177558412
23972,0.378061864038018,0.0934077146250223,0.31177965223845,0.216750769098509
23973,0.318331808907448,0.341924842197041,0.145947418686608,0.193795930208903
23974,0.0496428974395453,0.0772057795181565,0.63515612750979,0.237995195532508
23975,0.275456590087014,0.542148589213977,0.0312937591241055,0.151101061574904
23976,0.226061923732102,0.334062054645174,0.223409368222746,0.216466653399978
23977,0.0664712172825177,0.252369384054657,0.454058451538069,0.227100947124756
23978,0.0996932640669331,0.0717179516346423,0.151346508744125,0.677242275554299
23979,0.265236682374359,0.118470941289572,0.0940751972517666,0.522217179084302
23980,0.0990042784334128,0.558114005578098,0.0875434568886801,0.255338259099809
23981,0.0455094060183356,0.215477389086843,0.542206750278652,0.196806454616169
23982,0.134581774584095,0.0318279391648982,0.564701638111267,0.26888864813974
23983,0.215348559315905,0.25343734823692,0.14061635408233,0.390597738364846
23984,0.212941810017166,0.38457235764464,0.115124373156033,0.287361459182161
23985,0.139981162102575,0.0782330636553633,0.118718073542957,0.663067700699105
23986,0.464467697742375,0.274729361888251,0.074798575629467,0.186004364739907
23987,0.27506112933678,0.339715545238294,0.0845724572435286,0.300650868181397
23988,0.231829143051953,0.280799369189446,0.360914077807213,0.126457409951387
23989,0.071439938602049,0.146634855918994,0.517702520427739,0.264222685051218
23990,0.166507869247684,0.489560416322669,0.136697664687737,0.207234049741911
23991,0.0452808964803571,0.131941990208607,0.256388532598226,0.56638858071281
23992,0.112608479475277,0.544655073352176,0.124988767154263,0.217747680018284
23993,0.155635159863008,0.216117342201055,0.433810313428203,0.194437184507734
23994,0.0687583083759351,0.35193700043874,0.161187059945194,0.418117631240131
23995,0.0333573559469981,0.187831490523231,0.454321630436297,0.324489523093474
23996,0.0474145842680817,0.210436761281242,0.589423272187693,0.152725382262983
23997,0.351987709023568,0.0887719311796344,0.297537158948442,0.261703200848356
23998,0.15237182418701,0.204687268142725,0.285246775430997,0.357694132239267
23999,0.382948522445648,0.114979586279175,0.0907654507791223,0.411306440496054
24000,0.346628736331794,0.36108224072247,0.0691985668257237,0.223090456120012
24001,0.499854530532312,0.338669651227045,0.0279929868306904,0.133482831409953
24002,0.347321852991223,0.355219166166058,0.0380222107646331,0.259436770078085
24003,0.177639683195834,0.535131683882994,0.0290016995382232,0.25822693338295
24004,0.117461398623342,0.0608833867036547,0.439169425850077,0.382485788822926
24005,0.193386261975987,0.596737439376907,0.0520403848829144,0.157835913764192
24006,0.182890861563601,0.272122632995267,0.388020522929697,0.156965982511435
24007,0.130518770105549,0.334469301989888,0.123639575533146,0.411372352371417
24008,0.0499718333254161,0.716581492257512,0.0684905234707053,0.164956150946367
24009,0.410446140453852,0.0571734894665041,0.17116673887008,0.361213631209564
24010,0.619129745414544,0.13421767701465,0.118464154956543,0.128188422614262
24011,0.0347310531064022,0.698864921612817,0.0441385895673525,0.222265435713428
24012,0.101426818513205,0.0998122882070814,0.550389377864798,0.248371515414916
24013,0.0526694896319729,0.0874091059468947,0.542924719145189,0.316996685275943
24014,0.213963067959925,0.0757426629815497,0.544359933681898,0.165934335376628
24015,0.0383318478134047,0.526288654240511,0.202684557271594,0.232694940674489
24016,0.194457055212904,0.416121326840423,0.0536905717862978,0.335731046160376
24017,0.417691746416203,0.315856098011033,0.167512838538859,0.0989393170339059
24018,0.474448972062276,0.0943321134002203,0.0669083179118004,0.364310596625704
24019,0.135431625370622,0.334113217867966,0.341288251005885,0.189166905755527
24020,0.0649910143681344,0.505018405809066,0.245421731410213,0.184568848412586
24021,0.0770282187092873,0.0639928147304432,0.684310734123832,0.174668232436437
24022,0.402258236453993,0.257633977741024,0.0775062341312687,0.262601551673715
24023,0.235756449461046,0.366737939661776,0.102417827150116,0.295087783727062
24024,0.358383740239768,0.376534779497393,0.0449222630374967,0.220159217225343
24025,0.510838512062013,0.103318345428172,0.207714995776257,0.178128146733558
24026,0.181277437075244,0.577539471168837,0.0626436448533726,0.178539446902546
24027,0.196624819064062,0.0596927775877082,0.322857862257075,0.420824541091156
24028,0.402488487139425,0.348226554175297,0.024960450933174,0.224324507752104
24029,0.142482517066471,0.0973177496139294,0.203140406412495,0.557059326907104
24030,0.0309681381184481,0.493921902733041,0.274304613046048,0.200805346102463
24031,0.0481203125847439,0.318404773822954,0.299055646278201,0.334419267314101
24032,0.159301779595449,0.118744453199087,0.244960784760507,0.476992982444957
24033,0.691512663122754,0.0434348483639927,0.0835775716568924,0.181474916856361
24034,0.217030417054886,0.145899774975432,0.0585540688024683,0.578515739167213
24035,0.048831624634735,0.480258933182105,0.12466648136554,0.34624296081762
24036,0.349240600270997,0.029646403603076,0.449746916106678,0.171366080019249
24037,0.217072357969807,0.575212627097536,0.0679495543038853,0.139765460628772
24038,0.191509094940888,0.0998149159112994,0.349491472059652,0.35918451708816
24039,0.408060882261852,0.347461200551255,0.023658949798266,0.220818967388627
24040,0.0413723182737755,0.0933067109662692,0.575955265568313,0.289365705191642
24041,0.250664654696666,0.340908962560532,0.11942926379057,0.288997118952231
24042,0.0821749365951965,0.284001591701887,0.376517004513783,0.257306467189134
24043,0.299348571271172,0.307627480137153,0.057685766186061,0.335338182405615
24044,0.278977606742727,0.367567288491942,0.174090826062379,0.179364278702953
24045,0.428997656255055,0.0697391996260851,0.154067757530855,0.347195386588005
24046,0.218793490147596,0.261903686112224,0.378798799876575,0.140504023863605
24047,0.39629123075389,0.0150000780284752,0.454376850202675,0.13433184101496
24048,0.0871759657379649,0.157137672650918,0.457355179394472,0.298331182216645
24049,0.446915102010157,0.0909448762873558,0.230900160512478,0.231239861190009
24050,0.118183629705939,0.0893187244293381,0.258367466914824,0.534130178949899
24051,0.116132980279852,0.361721260306142,0.104817233462741,0.417328525951264
24052,0.681180284022969,0.108367949309787,0.0767749998116538,0.13367676685559
24053,0.376730546843704,0.0332867350550547,0.373359478912871,0.21662323918837
24054,0.342420839513187,0.121909823309515,0.104155764713085,0.431513572464214
24055,0.331095187024837,0.333797990539992,0.0866250617506959,0.248481760684475
24056,0.240064490149277,0.447771477982275,0.11274138290432,0.199422648964128
24057,0.172743202348424,0.109708220014303,0.190380316005,0.527168261632273
24058,0.0610826544561262,0.230178051226822,0.268665922293629,0.440073372023423
24059,0.272759689047681,0.42020141753324,0.0455610714958455,0.261477821923234
24060,0.389971280470651,0.125281311847714,0.0608086963554396,0.423938711326195
24061,0.0986882938554788,0.360008536433142,0.201583638879562,0.339719530831818
24062,0.300200863446287,0.0809457865353616,0.336144759227497,0.282708590790854
24063,0.0794268989408237,0.481646881292962,0.30870270610275,0.130223513663465
24064,0.556241342421363,0.112401532091379,0.19337063233108,0.137986493156178
24065,0.0934684277297962,0.121421385263389,0.506735125059702,0.278375061947113
24066,0.367926732688489,0.356622606872446,0.0474487702754894,0.228001890163575
24067,0.232653659409247,0.304060092927672,0.126050483715199,0.337235763947881
24068,0.544702662478206,0.112559134028909,0.102806123206255,0.23993208028663
24069,0.224446810382184,0.0752621262436291,0.124219101560569,0.576071961813618
24070,0.468928865897893,0.168203681900927,0.114438875099399,0.248428577101781
24071,0.100344712255381,0.0638435317830732,0.266840911219142,0.568970844742404
24072,0.0683362602128121,0.190231028056189,0.0916615747334252,0.649771136997574
24073,0.330526381970728,0.108893708709476,0.231105283854536,0.329474625465259
24074,0.492279217965201,0.155982607992619,0.134815914069535,0.216922259972646
24075,0.307869323602487,0.0612566644177703,0.322875671393891,0.307998340585852
24076,0.131734090100716,0.473940517383784,0.19179172251328,0.20253367000222
24077,0.450498370744531,0.29517005911539,0.0892313063537962,0.165100263786282
24078,0.404547610885118,0.246190492542175,0.0874264032375072,0.2618354933352
24079,0.338792704135038,0.252090586206233,0.0621382343967854,0.346978475261943
24080,0.535820645053399,0.115010819160698,0.0583236260769603,0.290844909708942
24081,0.162013963742994,0.175140550755338,0.173191678014514,0.489653807487155
24082,0.173875884272277,0.349595353454971,0.33846567541257,0.138063086860182
24083,0.350602466997135,0.223252765752884,0.0302901734278326,0.395854593822149
24084,0.391811539642507,0.303482766718061,0.0555648014499564,0.249140892189476
24085,0.425147986241038,0.0539290480006784,0.0335367411702691,0.487386224588015
24086,0.318375866718667,0.219914693196653,0.196774480234375,0.264934959850305
24087,0.278069260201942,0.274298528052559,0.187995691447536,0.259636520297962
24088,0.0494499968007831,0.0393093230129317,0.694671413813902,0.216569266372383
24089,0.259390514755931,0.507713568330431,0.0528824057971402,0.180013511116498
24090,0.0825892088375367,0.0688970760556984,0.305520618669478,0.542993096437287
24091,0.23766231861087,0.209972132387889,0.357884706583323,0.194480842417919
24092,0.399996671580951,0.0891502071002442,0.116999993924576,0.393853127394229
24093,0.367006359866899,0.260622746295155,0.0857718209267214,0.286599072911225
24094,0.0593499966616262,0.640011929819574,0.168589780841395,0.132048292677405
24095,0.257609074302821,0.0341651228234003,0.454719255168233,0.253506547705546
24096,0.141099423962393,0.387222635369436,0.0870414364058593,0.384636504262312
24097,0.0554851369599884,0.0948309410372133,0.524049287918009,0.325634634084789
24098,0.653999660912906,0.0608778378474308,0.0489021044034019,0.236220396836262
24099,0.181837182702563,0.349739933387241,0.141015133409932,0.327407750500264
24100,0.416009770931569,0.31475498856183,0.0272292035194213,0.24200603698718
24101,0.151210640793283,0.218722559294084,0.145047178419483,0.48501962149315
24102,0.231852978484095,0.0942782947043544,0.405443698063554,0.268425028747997
24103,0.0789381368481455,0.496647194297882,0.211860168581944,0.212554500272029
24104,0.511726626744902,0.0521119365619557,0.187021996487743,0.249139440205399
24105,0.461577528137318,0.0568264055896006,0.121021228421072,0.36057483785201
24106,0.0313425841207871,0.659612168207754,0.101199206957752,0.207846040713706
24107,0.197370487274754,0.0774760852293035,0.234573060345034,0.490580367150908
24108,0.16292861006927,0.0443574506875042,0.481545016244477,0.311168922998749
24109,0.393076214263378,0.149657351930597,0.0824075393275432,0.374858894478482
24110,0.288957947734421,0.177285321431197,0.194951072817903,0.33880565801648
24111,0.0979255456161169,0.16338535923382,0.0640521309372798,0.674636964212783
24112,0.215173983278062,0.0920298066579228,0.147140218855532,0.545655991208483
24113,0.0649440426917993,0.500197700230002,0.280009908726167,0.154848348352032
24114,0.174440562811945,0.121001075701061,0.397239516843692,0.307318844643302
24115,0.0329398351698359,0.57326328559656,0.203241475546275,0.190555403687329
24116,0.321231749716975,0.0609073155023517,0.454559543356353,0.16330139142432
24117,0.537006217419469,0.171918938062237,0.0788688365613757,0.212206007956918
24118,0.136123405694974,0.197623783561058,0.455935261194909,0.210317549549059
24119,0.171430053262331,0.584812664976136,0.050297196035504,0.19346008572603
24120,0.0757790270246905,0.585791951737522,0.0908779508977529,0.247551070340035
24121,0.638910006031539,0.0861604122264166,0.125533633187302,0.149395948554742
24122,0.046669341627258,0.255700252703404,0.491649325763581,0.205981079905757
24123,0.20125541709458,0.101772417358479,0.164820931696659,0.532151233850282
24124,0.187190059432287,0.416367299704481,0.10319549734804,0.293247143515192
24125,0.0487753018535385,0.0423522737265894,0.721346192621084,0.187526231798788
24126,0.0662439267121269,0.405745303888806,0.33639502927297,0.191615740126097
24127,0.308290102054833,0.319162213950924,0.204758327974124,0.167789356020119
24128,0.323374971425326,0.106225959290859,0.0514602437305232,0.518938825553292
24129,0.335201263839795,0.228635622879845,0.200832309570334,0.235330803710026
24130,0.349470107281144,0.244188887819417,0.0372801027271238,0.369060902172315
24131,0.0912372528616003,0.391277423436591,0.185314224621776,0.332171099080033
24132,0.137355412277486,0.632467559940263,0.0236707308032045,0.206506296979046
24133,0.247084695552485,0.238568005804387,0.266561560706124,0.247785737937005
24134,0.400523989701375,0.262730025056877,0.18425850832452,0.152487476917228
24135,0.149394804937163,0.0833358689568128,0.45253155430888,0.314737771797145
24136,0.151346535405363,0.172650238628983,0.449920615584708,0.226082610380946
24137,0.0473873446673437,0.777401159852466,0.0213481335026232,0.153863361977567
24138,0.577698908258749,0.0643913593740029,0.0398723506362751,0.318037381730973
24139,0.313126937523737,0.0546112985302817,0.424947487465272,0.207314276480709
24140,0.482248913810013,0.196592439015738,0.115508171249536,0.205650475924713
24141,0.0982224644375355,0.434742827228591,0.068103504137233,0.398931204196641
24142,0.0947472310296793,0.179541496065344,0.404476569922132,0.321234702982845
24143,0.277904969661525,0.287861819572719,0.260719072832673,0.173514137933083
24144,0.246334621457423,0.237254053750964,0.120104039106301,0.396307285685313
24145,0.10311930036995,0.396891207901184,0.275367328413854,0.224622163315012
24146,0.0384262418343214,0.13626335714651,0.429120973021529,0.396189427997639
24147,0.174286877541484,0.399276013792721,0.198545392592534,0.227891716073261
24148,0.171995187127315,0.328922445495675,0.0438742314011112,0.455208135975899
24149,0.0444375135363167,0.144569071850743,0.607813607279921,0.20317980733302
24150,0.405293255659415,0.25731217238186,0.131042234221863,0.206352337736861
24151,0.266849947621605,0.289628605444738,0.270766277341682,0.172755169591975
24152,0.0324454519535459,0.54642886263622,0.198994451732634,0.2221312336776
24153,0.0586829494210394,0.0759461618900691,0.550238612016983,0.315132276671909
24154,0.167991265849027,0.088724849130638,0.560841252361793,0.182442632658542
24155,0.0331898989309845,0.152473331482108,0.546465335585144,0.267871434001763
24156,0.0377145406695275,0.281527522202912,0.429234081417923,0.251523855709637
24157,0.0978796179258885,0.229283676287783,0.0997650894466116,0.573071616339717
24158,0.576637628592112,0.153797413553962,0.144411548768811,0.125153409085115
24159,0.191922631443561,0.246437755969196,0.217598537201505,0.344041075385738
24160,0.363751926637739,0.159901040646741,0.0972954724979434,0.379051560217576
24161,0.175177659603811,0.476270854485014,0.159298800952932,0.189252684958244
24162,0.402070538549078,0.225713915809836,0.0583606764477557,0.31385486919333
24163,0.131407699763618,0.321433489811783,0.340326296403809,0.20683251402079
24164,0.294330779572066,0.331326181288605,0.27564053032643,0.0987025088128998
24165,0.103694873278021,0.163935171045545,0.11566083104567,0.616709124630765
24166,0.0685642348820792,0.188323593463515,0.319736481953887,0.423375689700519
24167,0.027360689894368,0.321478081581499,0.466499104729171,0.184662123794962
24168,0.565440647117539,0.0364543637376395,0.144856915670318,0.253248073474503
24169,0.144750243503642,0.10793964554878,0.420200519880623,0.327109591066955
24170,0.0320493006707534,0.162472222704413,0.639175191219205,0.166303285405628
24171,0.0511926392389025,0.510989721013315,0.197017313065705,0.240800326682077
24172,0.118443535885669,0.0657289235579706,0.404882425618095,0.410945114938266
24173,0.172836820606114,0.357578791255946,0.142042665139286,0.327541722998654
24174,0.0964990245757529,0.696328382333903,0.0507103386950395,0.156462254395304
24175,0.337629741266559,0.310814946203426,0.0891952778216405,0.262360034708375
24176,0.148085872067502,0.0876425042666483,0.430926907948108,0.333344715717741
24177,0.58074530652207,0.156260029685398,0.0354175936518675,0.227577070140664
24178,0.26907674680773,0.0860786071962376,0.128608921504788,0.516235724491245
24179,0.039033231760269,0.504212709053564,0.330661954601915,0.126092104584252
24180,0.306399086653865,0.0676259933245741,0.145372850588583,0.480602069432978
24181,0.048957649983635,0.342651144629089,0.119207612308133,0.489183593079143
24182,0.0821149503740664,0.235019824430716,0.479016696095927,0.203848529099291
24183,0.47939996431597,0.26564128564827,0.0840735338569276,0.170885216178832
24184,0.228023305234154,0.450608540967706,0.178752936851643,0.142615216946496
24185,0.178243392757034,0.355949120591322,0.207591901412651,0.258215585238993
24186,0.0456374756583982,0.404166882328789,0.176294219978709,0.373901422034104
24187,0.41557483554688,0.119046702285535,0.0881448802617029,0.377233581905882
24188,0.0397222087282755,0.336271220321952,0.375916525697267,0.248090045252506
24189,0.0958239871322269,0.267081988684172,0.27514525448791,0.361948769695691
24190,0.0691756257434854,0.200453611514773,0.439763449022336,0.290607313719406
24191,0.0528854960742471,0.0692383477962484,0.636580220450078,0.241295935679427
24192,0.43128421866963,0.115374426055525,0.102830472343171,0.350510882931674
24193,0.143113883843024,0.0889442242299725,0.5612669399144,0.206674952012604
24194,0.119038300031285,0.40837674752589,0.0515320585867835,0.421052893856041
24195,0.4535184684223,0.0453316264801082,0.150765048016618,0.350384857080973
24196,0.767406960491757,0.0255958661947555,0.0562396145139243,0.150757558799564
24197,0.045434455282751,0.215297668850602,0.130084265170742,0.609183610695905
24198,0.668883134164568,0.062505886188871,0.0425217076530369,0.226089271993524
24199,0.234542346469698,0.397359514188024,0.0768535749728676,0.29124456436941
24200,0.314864562053613,0.0797113663865849,0.155988328511936,0.449435743047867
24201,0.487538032042931,0.235876846435137,0.141205886490612,0.135379235031321
24202,0.0950281635195455,0.0516909845187512,0.658947317383859,0.194333534577844
24203,0.4860325431964,0.185347216518525,0.162720290754737,0.165899949530338
24204,0.0324623457395741,0.618343980679118,0.112580841221129,0.236612832360179
24205,0.309518449167855,0.374267329148426,0.086586408300825,0.229627813382894
24206,0.120585978982021,0.0734327065957985,0.621227826284029,0.184753488138152
24207,0.566610510005516,0.0720857221248517,0.164071327723971,0.197232440145661
24208,0.243196249474726,0.451202113132055,0.0994756430400289,0.20612599435319
24209,0.143631967401505,0.270247150645396,0.39469782832487,0.191423053628228
24210,0.204995601446764,0.0827839162618334,0.325950668143867,0.386269814147535
24211,0.0794468464360882,0.125583467400888,0.33343778085132,0.461531905311704
24212,0.345087588242667,0.0722836607162453,0.126848910237019,0.455779840804069
24213,0.0434187738648342,0.123088089268494,0.539553224766583,0.293939912100089
24214,0.191225623323675,0.0577689714795189,0.324225698893067,0.42677970630374
24215,0.117562044882413,0.0953643502800535,0.51615594514706,0.270917659690474
24216,0.156140255292271,0.158697481336355,0.345483976352168,0.339678287019206
24217,0.176904245592012,0.432481011938804,0.0630622053674436,0.32755253710174
24218,0.127531819950011,0.0652491943857823,0.418530496965755,0.388688488698451
24219,0.38798839735681,0.0921425582278124,0.321539612660191,0.198329431755187
24220,0.286708891976738,0.222021089957179,0.156418622353096,0.334851395712987
24221,0.333475500486768,0.350426813052136,0.184364971064377,0.131732715396719
24222,0.54486703604996,0.149904004596333,0.145410502402501,0.159818456951205
24223,0.42427460202158,0.103195137688125,0.107105091448404,0.365425168841891
24224,0.120937092449059,0.0943353822429951,0.389201147727633,0.395526377580314
24225,0.29356739076966,0.296279703460089,0.171551511375519,0.238601394394732
24226,0.220058427679233,0.0460841924711187,0.331973407940222,0.401883971909426
24227,0.22770322862086,0.187381078383851,0.339615545577748,0.245300147417541
24228,0.121388965415762,0.404170939122819,0.0598927766669884,0.414547318794431
24229,0.172179484163333,0.45930339223213,0.0971918597672581,0.271325263837279
24230,0.0704559283570362,0.35085868577265,0.10504783583658,0.473637550033734
24231,0.26455059056694,0.169773740514928,0.244753833589422,0.32092183532871
24232,0.0692516860389895,0.439643561512059,0.09195061221096,0.399154140237992
24233,0.287668587928441,0.283995756791065,0.0873513958055023,0.340984259474993
24234,0.154688794877804,0.272008050617259,0.368820546914963,0.204482607589973
24235,0.556892128913761,0.124441354156029,0.0550951964644892,0.263571320465721
24236,0.090457658041028,0.240593073336571,0.476480381993807,0.192468886628594
24237,0.481352865315859,0.0324712677486229,0.175108771765146,0.311067095170372
24238,0.036575521139517,0.266267380789359,0.40049229500854,0.296664803062584
24239,0.210069801751264,0.33903157252955,0.123747710680835,0.327150915038352
24240,0.161100018632626,0.443511099701185,0.108745170666942,0.286643710999247
24241,0.0747830619901124,0.130432191768794,0.194249716067374,0.60053503017372
24242,0.339824241275615,0.170939824531343,0.296321767331018,0.192914166862025
24243,0.0750943307371701,0.499266684181358,0.0825063593424608,0.343132625739011
24244,0.391761934829539,0.0873336359795357,0.267949176766063,0.252955252424863
24245,0.058365807337141,0.275200629688529,0.505552860071144,0.160880702903186
24246,0.141829612204556,0.350004912431897,0.310345404506039,0.197820070857508
24247,0.307037924168855,0.0395170437951064,0.435409119742128,0.218035912293911
24248,0.273568168566159,0.0459434541210226,0.149294287498404,0.531194089814415
24249,0.372613869694609,0.37348104537367,0.0288946413308183,0.225010443600903
24250,0.152697877375848,0.265594899863564,0.13795366827916,0.443753554481428
24251,0.0859124091088308,0.447937595799874,0.106987317405136,0.359162677686159
24252,0.162921912913827,0.277973079377517,0.077516400620079,0.481588607088577
24253,0.0571817366296409,0.094190415603263,0.626295769275574,0.222332078491522
24254,0.191053340065869,0.0919038923657008,0.398164366455049,0.318878401113381
24255,0.0518963194023157,0.29913855003885,0.255408021725338,0.393557108833497
24256,0.136106193819507,0.214715622502405,0.152048848205859,0.497129335472229
24257,0.291062620840393,0.197418656704435,0.312692519902592,0.19882620255258
24258,0.378941227183115,0.241680368885559,0.049519243018164,0.329859160913163
24259,0.172950113995426,0.163305233861134,0.165448746794176,0.498295905349265
24260,0.195327796171176,0.357870637635918,0.196835485195961,0.249966080996945
24261,0.348671714013859,0.0512271814002863,0.127296195586195,0.47280490899966
24262,0.397573971503736,0.0649470043754626,0.306111675565375,0.231367348555427
24263,0.324049119638682,0.175505932869684,0.137341513876701,0.363103433614933
24264,0.117625906428389,0.538603844841685,0.12156916158497,0.222201087144957
24265,0.427618501797471,0.355519560422711,0.0296751672591838,0.187186770520635
24266,0.0705916389860856,0.0905049364134067,0.319172512764197,0.519730911836311
24267,0.322409305769019,0.367914539759044,0.102170764568927,0.20750538990301
24268,0.270061071891297,0.18936272809316,0.216788112575713,0.32378808743983
24269,0.0928560168001795,0.528147826283898,0.160730521893086,0.218265635022836
24270,0.228129571043463,0.461504125132484,0.11910397357636,0.191262330247693
24271,0.117365796585204,0.359882290444072,0.262407045938202,0.260344867032522
24272,0.111964753435512,0.396119767948668,0.198283128917492,0.293632349698328
24273,0.415982737993762,0.176743848945002,0.119339320756345,0.287934092304891
24274,0.211939189801934,0.0429994634940652,0.443448984950617,0.301612361753383
24275,0.0832954518677333,0.180728999443736,0.281333113273396,0.454642435415135
24276,0.658419265732258,0.0573339065602814,0.0904462871970374,0.193800540510424
24277,0.186353303479778,0.457890759260717,0.210811154167642,0.144944783091863
24278,0.216812864951309,0.36867455342695,0.0959262171264313,0.31858636449531
24279,0.364075213059546,0.0987721826756873,0.206712249945426,0.330440354319341
24280,0.108445779985919,0.109791780567754,0.535761069805257,0.24600136964107
24281,0.588986970756626,0.140441783672915,0.035684153365131,0.234887092205328
24282,0.186496179373831,0.206638593595946,0.161565400623306,0.445299826406917
24283,0.19862842143178,0.40486085349402,0.119258824949724,0.277251900124476
24284,0.148160696872832,0.0874736987411691,0.589419251696922,0.174946352689077
24285,0.0225602629473199,0.531869023349351,0.114856864254874,0.330713849448455
24286,0.0967784805014873,0.0500720228022785,0.663189223477326,0.189960273218908
24287,0.122949748969067,0.49190694493285,0.0280014642241346,0.357141841873949
24288,0.0462849912746104,0.615814333619069,0.113007262718938,0.224893412387382
24289,0.0420270403245895,0.439493413711679,0.276819743688013,0.241659802275719
24290,0.171283186243365,0.29477942686646,0.148174338362778,0.385763048527396
24291,0.29563983436486,0.0692487952502019,0.274451613604355,0.360659756780584
24292,0.0954187911681068,0.0875112779884521,0.499658298665888,0.317411632177553
24293,0.373126637063673,0.228641425600345,0.285063759233785,0.113168178102198
24294,0.239518945758296,0.4987304987174,0.0504965942326244,0.211253961291679
24295,0.129045954826885,0.281278407810845,0.277248174768887,0.312427462593383
24296,0.268580311189876,0.295259982745355,0.0483316840517726,0.387828022012997
24297,0.410123396288341,0.120993772996515,0.0928648861207763,0.376017944594368
24298,0.315366367683709,0.378003570946186,0.156476032777974,0.150154028592131
24299,0.23534063161045,0.119299027133679,0.103207799510077,0.542152541745795
24300,0.287580094976426,0.177809313078361,0.199315026662509,0.335295565282704
24301,0.216369251111145,0.0726564569461904,0.233709452790952,0.477264839151713
24302,0.481936471833738,0.147191092402461,0.149469675547607,0.221402760216195
24303,0.334986232717739,0.244349688190463,0.0561099184318822,0.364554160659916
24304,0.130765121388912,0.0798641128136079,0.273002904527996,0.516367861269485
24305,0.19243935515289,0.421548705005242,0.0516674527990846,0.334344487042784
24306,0.18201807758892,0.0643462189808093,0.144689536378142,0.608946167052129
24307,0.606687743668187,0.0956440707014168,0.059462921053462,0.238205264576934
24308,0.351171489906007,0.0569802932632733,0.300756850467515,0.291091366363205
24309,0.0375886261594841,0.223625776405645,0.425475845101229,0.313309752333642
24310,0.145759220577209,0.44765839862053,0.201041082620102,0.205541298182159
24311,0.162741280731375,0.189738289128724,0.261392264018043,0.386128166121857
24312,0.362747254340997,0.105910763971121,0.128645225010241,0.402696756677641
24313,0.473915059806441,0.137272456604941,0.0506381452044681,0.33817433838415
24314,0.0262167435865887,0.650555436139645,0.0321182758088011,0.291109544464966
24315,0.28807571945156,0.314071648058021,0.148198746191517,0.249653886298902
24316,0.481401539253348,0.0944870191096497,0.0684669801920353,0.355644461444967
24317,0.203833025729904,0.435418793082499,0.0787374240236355,0.282010757163961
24318,0.0859797596598606,0.0661448586481831,0.566130593955782,0.281744787736174
24319,0.568522420281067,0.0977388010635461,0.221803256534657,0.111935522120729
24320,0.0535176486138639,0.116539195424588,0.212737292834922,0.617205863126627
24321,0.550734341995877,0.0947010314099126,0.0391259889678551,0.315438637626355
24322,0.558331364886162,0.180114801660631,0.0885407292260841,0.173013104227123
24323,0.0847346820180045,0.0357666411446933,0.718079214933777,0.161419461903525
24324,0.180764868719599,0.0812482190203947,0.433128562666291,0.304858349593715
24325,0.388727878142801,0.146564641960913,0.0605215216411798,0.404185958255106
24326,0.11498185523556,0.12878957221291,0.474581878236206,0.281646694315324
24327,0.179163531590035,0.330146554726443,0.195867756980161,0.294822156703361
24328,0.0680298873614755,0.0587686268485783,0.615376345316226,0.257825140473721
24329,0.205706138425319,0.566298966310279,0.0372639597717386,0.190730935492664
24330,0.559534159068415,0.0428122846406613,0.199016679134625,0.198636877156299
24331,0.101666430439041,0.113292434317503,0.395993466368769,0.389047668874687
24332,0.397731022822363,0.1502070802239,0.269646517239497,0.18241537971424
24333,0.49264554929554,0.159030708608668,0.106937716668927,0.241386025426865
24334,0.361711328958014,0.226087193309983,0.17609796023036,0.236103517501643
24335,0.0863519310848748,0.568794698737709,0.0576177034942856,0.287235666683131
24336,0.1324595210992,0.21018819107472,0.211771087206295,0.445581200619786
24337,0.535229756224143,0.033160477384073,0.289138772329785,0.142470994061999
24338,0.623319021974038,0.0268545586531812,0.155211961924634,0.194614457448147
24339,0.465077088162206,0.344244101858215,0.0219979415387382,0.168680868440841
24340,0.250187643616879,0.342950778296534,0.0498313787988504,0.357030199287736
24341,0.511301748168457,0.0661111506651286,0.198607992373329,0.223979108793085
24342,0.596412148306282,0.145992853314178,0.0799811824259304,0.177613815953609
24343,0.122099507626785,0.322793224078822,0.0959780192946818,0.459129248999712
24344,0.0662124338359685,0.104820530037586,0.56502997893731,0.263937057189136
24345,0.0818371526693048,0.0381154693873616,0.520796035816212,0.359251342127122
24346,0.275774996916853,0.0589921998942392,0.437536421168715,0.227696382020193
24347,0.12107464531448,0.459226199729693,0.191009715862958,0.228689439092869
24348,0.634383000560386,0.0252605485077016,0.142223068973908,0.198133381958004
24349,0.507556666557987,0.127178109965469,0.0815726325318641,0.28369259094468
24350,0.0378624870632821,0.257938309036993,0.433117349711524,0.2710818541882
24351,0.540785425544007,0.0921990079357554,0.055366720360029,0.311648846160209
24352,0.036817576054208,0.53885765933941,0.118788197184167,0.305536567422215
24353,0.28226899338523,0.122000029855433,0.286759268297192,0.308971708462145
24354,0.0810438020219099,0.409807696963599,0.162124587701567,0.347023913312924
24355,0.284203758717851,0.0756239814340442,0.439354770413112,0.200817489434993
24356,0.0932644180374398,0.133054467496346,0.055561036217014,0.7181200782492
24357,0.643720580208378,0.185328629641116,0.0287831297859249,0.142167660364581
24358,0.489082233738965,0.0816666015861878,0.0576210873441485,0.371630077330699
24359,0.100757133218564,0.65904162727939,0.0287744570521608,0.211426782449885
24360,0.0587586779152973,0.248899179200571,0.308271564085651,0.384070578798481
24361,0.186931883542705,0.235065771801986,0.0563333472308967,0.521668997424412
24362,0.512052934965437,0.0223192561122403,0.272009629630714,0.19361817929161
24363,0.0408554418359397,0.0868951884130535,0.595675623571295,0.276573746179712
24364,0.0343557144946042,0.677149886739527,0.135624093907719,0.15287030485815
24365,0.331560441889771,0.0972086576830098,0.1491491261312,0.422081774296019
24366,0.0882201603144214,0.332815419387175,0.217660166162581,0.361304254135823
24367,0.13177611987925,0.133407785934343,0.0856809663476867,0.649135127838721
24368,0.0469057742963617,0.276450391243363,0.451665374554416,0.22497845990586
24369,0.383585516557349,0.264081843307804,0.132502711542536,0.219829928592311
24370,0.060953367411142,0.411028285658529,0.402279782839653,0.125738564090676
24371,0.267327273188098,0.142501287353717,0.402445460448052,0.187725979010133
24372,0.0591438224462487,0.056040105330459,0.441583742860485,0.443232329362808
24373,0.33486919586232,0.304496967403916,0.230789372397288,0.129844464336475
24374,0.352259460375193,0.158018163759961,0.219956266445822,0.269766109419023
24375,0.128963270726184,0.0475485468633009,0.361598482338557,0.461889700071958
24376,0.132080590651379,0.142753032957161,0.53713544140475,0.18803093498671
24377,0.076942588893937,0.488110392816523,0.281642191558026,0.153304826731514
24378,0.0437126211897319,0.502935997210139,0.0612515928079406,0.392099788792189
24379,0.0539314659415942,0.471413297948532,0.148567493630431,0.326087742479443
24380,0.0875855622668599,0.332438161068408,0.0854189302858421,0.49455734637889
24381,0.403910464048591,0.125672746748502,0.102556413163712,0.367860376039195
24382,0.412186126109696,0.0783079348783262,0.362655702832151,0.146850236179827
24383,0.0744953627345211,0.0395815013561435,0.661926765578844,0.223996370330492
24384,0.115749129331221,0.13694083714891,0.516983213663738,0.230326819856131
24385,0.409065917068113,0.0521141490907143,0.218770980680881,0.320048953160291
24386,0.0521848745319329,0.0820520068180062,0.556680132549389,0.309082986100672
24387,0.519079380336349,0.0526110947635432,0.131366559872284,0.296942965027823
24388,0.389346925924188,0.0512889813287174,0.235387025298444,0.323977067448651
24389,0.354770975156153,0.0892499053007964,0.230788373181819,0.325190746361232
24390,0.272253813074365,0.0738313213855215,0.516400275675817,0.137514589864298
24391,0.145846053774509,0.167554532862914,0.0828626017204614,0.603736811642115
24392,0.0487640811213656,0.310560468802581,0.316093328151712,0.324582121924341
24393,0.0310004631249708,0.078275375368553,0.61379188149067,0.276932280015806
24394,0.104434814718325,0.539899359086322,0.162041125145383,0.193624701049971
24395,0.232365469377547,0.217549584306165,0.455595587980495,0.0944893583357939
24396,0.489137459666679,0.183975460700796,0.0460069762650414,0.280880103367484
24397,0.0615833030713399,0.136143696551202,0.381715287996372,0.420557712381086
24398,0.374410512514051,0.259867866248084,0.125970917199453,0.239750704038412
24399,0.0592587969212629,0.236020351746043,0.118302964521286,0.586417886811408
24400,0.0393963973915336,0.0900858125527681,0.475648317696998,0.3948694723587
24401,0.232217948958323,0.0779422571439737,0.184631042725746,0.505208751171957
24402,0.142749072815561,0.0502734274882219,0.614209292096197,0.19276820760002
24403,0.0435346876709335,0.155972851384112,0.53622139432996,0.264271066614995
24404,0.0219138994570333,0.120416245789938,0.575204743532349,0.28246511122068
24405,0.129992738866908,0.264347254951943,0.371161034910274,0.234498971270876
24406,0.488344387092117,0.317305532185218,0.048509623352102,0.145840457370563
24407,0.0235540982359546,0.504521171919769,0.301154796422106,0.170769933422171
24408,0.228035331313801,0.273785695333559,0.113550150837321,0.384628822515319
24409,0.253763463915535,0.203905563107439,0.0464048012204813,0.495926171756544
24410,0.13733329487738,0.289103706942385,0.108615520574954,0.464947477605282
24411,0.130116407936632,0.377498574697614,0.256773637664524,0.235611379701231
24412,0.416997030003499,0.255697311703882,0.0391666959606703,0.288138962331948
24413,0.507383718688224,0.0517970672305186,0.267977343093987,0.172841870987271
24414,0.0817163208925474,0.582515914685352,0.0416924931869691,0.294075271235132
24415,0.377770832042546,0.0630720025279752,0.356988011755878,0.202169153673602
24416,0.526744858974881,0.0858421629440337,0.146999071941807,0.240413906139278
24417,0.231267124046632,0.0913324312995797,0.331739117125436,0.345661327528352
24418,0.140571129278351,0.16855042785684,0.120861132197014,0.570017310667795
24419,0.264280989650979,0.311892769796234,0.241815555498365,0.182010685054422
24420,0.140407026128783,0.404377938493726,0.222268802339894,0.232946233037596
24421,0.288499172486854,0.091283544752554,0.05700212176307,0.563215160997522
24422,0.459226647571146,0.145791289280073,0.0506288295957955,0.344353233552986
24423,0.0893294667617171,0.531430572869266,0.0586260149095346,0.320613945459483
24424,0.155392718636524,0.332913038520084,0.253540892459116,0.258153350384276
24425,0.115995350833938,0.0634770533753618,0.209147142627139,0.611380453163561
24426,0.426768551468685,0.190033614926962,0.0464957681453655,0.336702065458988
24427,0.0762715356236046,0.0683403379965462,0.633581262267274,0.221806864112575
24428,0.266121170736789,0.461899116251412,0.0328852434126135,0.239094469599186
24429,0.138519898512961,0.676007534328954,0.0444256790008983,0.141046888157187
24430,0.130258031144111,0.120333182774383,0.101946129838444,0.647462656243062
24431,0.201639336685622,0.388394573190128,0.192641689874057,0.217324400250194
24432,0.0591943265461008,0.435098078191227,0.195810090787053,0.309897504475619
24433,0.158709675955205,0.188311370309818,0.206143662008376,0.446835291726601
24434,0.349656206760443,0.197830985151488,0.260515934613372,0.191996873474698
24435,0.347696950626711,0.298209156111854,0.172907171679412,0.181186721582023
24436,0.227717826856934,0.0842148409829726,0.306952571976312,0.381114760183781
24437,0.295226678366704,0.195481180392995,0.135539718339886,0.373752422900415
24438,0.45906616630572,0.125420937828143,0.195691154188757,0.21982174167738
24439,0.146766865619231,0.02881104088499,0.559747846217649,0.26467424727813
24440,0.0406666112163296,0.600321906826018,0.0438642859653674,0.315147195992285
24441,0.538001512132819,0.0949197991275844,0.028300545945299,0.338778142794297
24442,0.4929857195319,0.161789992087215,0.160730514703233,0.184493773677652
24443,0.258432577503751,0.12514261778669,0.453273977944986,0.163150826764574
24444,0.0720701846788355,0.204952922071066,0.386397794975144,0.336579098274954
24445,0.2983900741243,0.158371098143655,0.169695895629555,0.37354293210249
24446,0.264729102939279,0.0886103514803023,0.0818682102888444,0.564792335291574
24447,0.151841780840059,0.622736577070426,0.0336851005708855,0.191736541518629
24448,0.210684451883697,0.417096211925443,0.102653114089547,0.269566222101314
24449,0.387437495095317,0.0280219773765968,0.20378013806491,0.380760389463177
24450,0.0899930908133213,0.118966787157903,0.257142342532663,0.533897779496113
24451,0.067715206671445,0.0890304765801211,0.405551127767566,0.437703188980868
24452,0.158616652965496,0.0579770406698837,0.355326285991253,0.428080020373367
24453,0.40485775396555,0.060315334832226,0.34937411453261,0.185452796669615
24454,0.305761807446723,0.317435971219078,0.1257147347757,0.251087486558498
24455,0.169818381425026,0.0544273470131923,0.561098571918086,0.214655699643696
24456,0.115707954686662,0.143566128533834,0.345692882736306,0.395033034043199
24457,0.233851968256075,0.0613650436250013,0.231795458315229,0.472987529803695
24458,0.0812962113604211,0.300721943015426,0.100706670494798,0.517275175129354
24459,0.128737056837492,0.161183807209156,0.45936919333061,0.250709942622742
24460,0.0651779752653435,0.284623364483122,0.318186308107754,0.332012352143781
24461,0.0490714417959358,0.0696620772595951,0.446207225779822,0.435059255164647
24462,0.140604767298741,0.296456220628441,0.143390523076619,0.419548488996199
24463,0.305879588443602,0.400204825724575,0.165972966937448,0.127942618894376
24464,0.197838241898895,0.175831237065231,0.328091768004122,0.298238753031752
24465,0.142861740582131,0.485509813495865,0.0560895232739821,0.315538922648022
24466,0.407117365297045,0.363548231117836,0.0452879418308061,0.184046461754313
24467,0.139481989698503,0.405840096208329,0.0389273628235723,0.415750551269595
24468,0.0373318881800096,0.487404562246683,0.235536623490967,0.239726926082341
24469,0.128063190828179,0.464003781935103,0.0891064851117044,0.318826542125014
24470,0.199948457425769,0.141682320198,0.109502916491068,0.548866305885163
24471,0.220923186046166,0.55072585419232,0.0799075867137045,0.148443373047809
24472,0.514449236472181,0.0618220043143581,0.286507928439439,0.137220830774023
24473,0.175488235579197,0.12118704968493,0.251623317273359,0.451701397462515
24474,0.682329745347683,0.115329352441175,0.0145929862768396,0.187747915934302
24475,0.0618617838942306,0.399381420147171,0.249257657539745,0.289499138418853
24476,0.218035971730245,0.295875549458594,0.0744504672108934,0.411638011600268
24477,0.0320008478175324,0.482934680100206,0.289688110957556,0.195376361124706
24478,0.23748642185304,0.108427384598512,0.434936139447736,0.219150054100712
24479,0.140341796888694,0.0430940251662495,0.447291823553631,0.369272354391426
24480,0.465500937654152,0.121647973311011,0.0968430394278843,0.316008049606952
24481,0.351717592002461,0.196589267632794,0.20101793140772,0.250675208957025
24482,0.504818555059737,0.0473097283446101,0.0720411361103308,0.375830580485322
24483,0.740541153733407,0.0319502760922349,0.0418667606600976,0.18564180951426
24484,0.0718730264388069,0.165570796964098,0.473678999038683,0.288877177558412
24485,0.378061864038018,0.0934077146250223,0.31177965223845,0.216750769098509
24486,0.318331808907448,0.341924842197041,0.145947418686608,0.193795930208903
24487,0.0496428974395453,0.0772057795181565,0.63515612750979,0.237995195532508
24488,0.275456590087014,0.542148589213977,0.0312937591241055,0.151101061574904
24489,0.226061923732102,0.334062054645174,0.223409368222746,0.216466653399978
24490,0.0664712172825177,0.252369384054657,0.454058451538069,0.227100947124756
24491,0.0996932640669331,0.0717179516346423,0.151346508744125,0.677242275554299
24492,0.147396849151527,0.0360192534244041,0.465589795891528,0.350994101532541
24493,0.0433109884747985,0.1922446345233,0.549048853228909,0.215395523772992
24494,0.0206983113862846,0.46502825338815,0.31898467796216,0.195288757263405
24495,0.119469360629343,0.581437102538398,0.0607835067003626,0.238310030131895
24496,0.110651498085644,0.132001152017924,0.332966491238568,0.424380858657865
24497,0.157060498320742,0.045093515616337,0.621297327161919,0.176548658901002
24498,0.339467389409206,0.240479500947564,0.295573748274493,0.124479361368738
24499,0.439622969684354,0.0785771920194571,0.282677031823107,0.199122806473081
24500,0.0533787979749863,0.638965900760327,0.0539268576712774,0.25372844359341
24501,0.277735734267532,0.311259385945172,0.0658480603301114,0.345156819457185
24502,0.488006516468729,0.0984524813226093,0.111671909370228,0.301869092838434
24503,0.0767404716331063,0.0713721553720186,0.179590450306676,0.672296922688199
24504,0.0728843387534633,0.619364783875753,0.0613588793426574,0.246391998028126
24505,0.126577595373131,0.322638439301415,0.152748312598978,0.398035652726475
24506,0.120153628339632,0.0399382155689538,0.607494550160948,0.232413605930466
24507,0.0900239635894312,0.182390420167342,0.183340559825438,0.54424505641779
24508,0.341051292042025,0.122302846314311,0.288668120437811,0.247977741205854
24509,0.174483474312914,0.0596767493548636,0.39587432913774,0.369965447194482
24510,0.0778239366264135,0.135982818549273,0.570083128639372,0.216110116184942
24511,0.322631180386193,0.42456155301542,0.0776357596111231,0.175171506987264
24512,0.316840234744831,0.0805172141284134,0.250538618083314,0.352103933043442
24513,0.56052119926211,0.0845868118317542,0.11340299044047,0.241488998465666
24514,0.309148684036367,0.323488459921564,0.0897553415447314,0.277607514497338
24515,0.157846524412324,0.229570344360521,0.319604848420074,0.29297828280708
24516,0.381538177575542,0.11469675379855,0.179149793334577,0.324615275291331
24517,0.419498313386885,0.281351280693396,0.169575771637693,0.129574634282026
24518,0.0946768693234248,0.18045053178917,0.125613026201565,0.59925957268584
24519,0.100255793135915,0.181699897324239,0.548395722051797,0.169648587488048
24520,0.0449088768792007,0.288836834808738,0.359486474269865,0.306767814042195
24521,0.163228018216158,0.358105278451077,0.0737377739356575,0.404928929397108
24522,0.036470110349326,0.114062342462709,0.57151288248319,0.277954664704775
24523,0.105305935378171,0.264875152392239,0.382385680942671,0.247433231286919
24524,0.153974451724589,0.133068158723696,0.490462861251422,0.222494528300293
24525,0.240501688360031,0.157370797426301,0.125854124655423,0.476273389558245
24526,0.40400082919827,0.112096760571571,0.29257495319305,0.191327457037109
24527,0.163405898014081,0.0463802663526975,0.445120089908952,0.345093745724269
24528,0.593135599055174,0.224448613825379,0.0327856145826254,0.149630172536822
24529,0.18819836932432,0.116730945858536,0.239236041723259,0.455834643093885
24530,0.365285773659193,0.193612282828761,0.166317581209016,0.27478436230303
24531,0.090042039714783,0.368488810160081,0.295937176035613,0.245531974089523
24532,0.16463458255886,0.245270365599459,0.421381420224262,0.168713631617419
24533,0.251264718516451,0.215562196274953,0.0797703746073682,0.453402710601228
24534,0.0787198743949135,0.419219604527059,0.0791977968997786,0.422862724178249
24535,0.671009413932056,0.0298148418672542,0.0612592042555731,0.237916539945116
24536,0.159564699309087,0.172600367145622,0.331057891893289,0.336777041652002
24537,0.343517518819131,0.159931413043904,0.0755049210910596,0.421046147045906
24538,0.253349365344053,0.517761529520194,0.0384160791387927,0.19047302599696
24539,0.36591141031506,0.157184955652667,0.135043908655768,0.341859725376505
24540,0.40590609625128,0.0808120652553265,0.263375305306301,0.249906533187092
24541,0.489826877693901,0.0748035931869256,0.23512772118836,0.200241807930814
24542,0.16100327148258,0.493587198401834,0.0695794993291883,0.275830030786398
24543,0.0215652237738905,0.118946005561914,0.719318088373655,0.14017068229054
24544,0.142355581576218,0.481279330760632,0.229356306730113,0.147008780933038
24545,0.279113471613467,0.068336667779263,0.474236314655372,0.178313545951898
24546,0.0617722253145105,0.548326105536918,0.118137105252631,0.27176456389594
24547,0.306334690419513,0.363251359390574,0.0271058557118192,0.303308094478094
24548,0.0621293492073275,0.317196270709881,0.357372596753369,0.263301783329423
24549,0.486991396903443,0.264555727814234,0.0520329056742695,0.196419969608054
24550,0.154407566403427,0.430526305953399,0.278085784330046,0.136980343313128
24551,0.0587703570441497,0.396105964615679,0.138350032311311,0.406773646028861
24552,0.0682890488011016,0.436872627576603,0.0947148623025202,0.400123461319775
24553,0.458848842531127,0.126559975334065,0.15640030758436,0.258190874550448
24554,0.304351596808154,0.109220858810583,0.309088648953466,0.277338895427798
24555,0.134118146986408,0.61572856031949,0.0428284390611913,0.20732485363291
24556,0.501715214714498,0.217435839570306,0.0234220980810754,0.257426847634121
24557,0.141246964676675,0.25884404878781,0.32374265080721,0.276166335728305
24558,0.0897803537388517,0.605769615260456,0.0387514146468144,0.265698616353878
24559,0.046565707782029,0.70105099718382,0.11262271469835,0.139760580335801
24560,0.07707308090509,0.347773155539421,0.147460994338012,0.427692769217478
24561,0.245560097221147,0.168740972472253,0.182651301733414,0.403047628573187
24562,0.373237163963514,0.284772511200214,0.134587759237171,0.2074025655991
24563,0.0298829658371868,0.56379204467592,0.0998952917925406,0.306429697694353
24564,0.110937102428658,0.421723884350036,0.0723408005610034,0.394998212660303
24565,0.0605518672298475,0.334319214969838,0.362723533471492,0.242405384328822
24566,0.109877716000283,0.692297958364733,0.0421767181191183,0.155647607515866
24567,0.182690222032255,0.314511815590531,0.322121168760231,0.180676793616983
24568,0.378750424723416,0.316382426658046,0.0868818491746285,0.217985299443909
24569,0.271660760315069,0.131575002578847,0.251500541838635,0.345263695267449
24570,0.0595801741491962,0.488628418330794,0.140219302974428,0.311572104545582
24571,0.0962258876747789,0.248829834999297,0.361600507887646,0.293343769438278
24572,0.253481079258942,0.131039509451673,0.302374643437195,0.31310476785219
24573,0.195130149872235,0.15767594672088,0.456131841514393,0.191062061892492
24574,0.0762695511650809,0.302508425194068,0.440534991090719,0.180687032550132
24575,0.212056288950944,0.131628675331462,0.182695702849023,0.473619332868571
24576,0.0459196103319989,0.206820759563135,0.473024950318525,0.274234679786341
24577,0.114660761339329,0.225440892198818,0.345098900118529,0.314799446343324
24578,0.236896776003584,0.155786397404309,0.315451240747154,0.291865585844953
24579,0.285226612166998,0.418823958142495,0.114351670203934,0.181597759486573
24580,0.165099439322708,0.0928019726696525,0.411270862066571,0.330827725941069
24581,0.256716248504418,0.0402123233979745,0.490369838954095,0.212701589143512
24582,0.0933737013089241,0.180597603151134,0.521305157796201,0.204723537743741
24583,0.0415157049105885,0.15109756920795,0.551725348357625,0.255661377523837
24584,0.0526748424738956,0.0540860428548602,0.712182875950311,0.181056238720933
24585,0.124754026761302,0.271826977830941,0.0569678702431678,0.54645112516459
24586,0.105810317476291,0.160421202976265,0.401842356964279,0.331926122583165
24587,0.492279217965201,0.155982607992619,0.134815914069535,0.216922259972646
24588,0.307869323602487,0.0612566644177703,0.322875671393891,0.307998340585852
24589,0.131734090100716,0.473940517383784,0.19179172251328,0.20253367000222
24590,0.450498370744531,0.29517005911539,0.0892313063537962,0.165100263786282
24591,0.404547610885118,0.246190492542175,0.0874264032375072,0.2618354933352
24592,0.338792704135038,0.252090586206233,0.0621382343967854,0.346978475261943
24593,0.535820645053399,0.115010819160698,0.0583236260769603,0.290844909708942
24594,0.162013963742994,0.175140550755338,0.173191678014514,0.489653807487155
24595,0.173875884272277,0.349595353454971,0.33846567541257,0.138063086860182
24596,0.350602466997135,0.223252765752884,0.0302901734278326,0.395854593822149
24597,0.391811539642507,0.303482766718061,0.0555648014499564,0.249140892189476
24598,0.425147986241038,0.0539290480006784,0.0335367411702691,0.487386224588015
24599,0.318375866718667,0.219914693196653,0.196774480234375,0.264934959850305
24600,0.278069260201942,0.274298528052559,0.187995691447536,0.259636520297962
24601,0.0494499968007831,0.0393093230129317,0.694671413813902,0.216569266372383
24602,0.259390514755931,0.507713568330431,0.0528824057971402,0.180013511116498
24603,0.0825892088375367,0.0688970760556984,0.305520618669478,0.542993096437287
24604,0.23766231861087,0.209972132387889,0.357884706583323,0.194480842417919
24605,0.399996671580951,0.0891502071002442,0.116999993924576,0.393853127394229
24606,0.0344778591947904,0.356323117061712,0.409382088197207,0.199816935546291
24607,0.48560077513355,0.185650397958338,0.109987791728479,0.218761035179634
24608,0.133747509307936,0.425038950834538,0.0516170460654692,0.389596493792057
24609,0.498370265054599,0.135487768460226,0.207319504908541,0.158822461576635
24610,0.0723429434242792,0.150471763023891,0.143833002854768,0.633352290697062
24611,0.157049827541479,0.20286051488564,0.166766995029445,0.473322662543437
24612,0.110045049966993,0.679400618419359,0.0559463186394864,0.154608012974161
24613,0.0363345986633801,0.212971631773275,0.555430305014398,0.195263464548947
24614,0.0429760880559694,0.0382478549999058,0.693796945436869,0.224979111507256
24615,0.421514868646412,0.230513465890702,0.0505695953355541,0.297402070127332
24616,0.184330825652244,0.0743718334357635,0.459393783354695,0.281903557557298
24617,0.272217659517609,0.184987668962807,0.406541664606149,0.136253006913435
24618,0.303667860051903,0.0398551424189489,0.54257107745623,0.113905920072918
24619,0.0583825484474858,0.4960288128335,0.287833719492899,0.157754919226115
24620,0.219206667385534,0.154295861935086,0.0768864125271232,0.549611058152257
24621,0.132915236599576,0.153880902374139,0.343591880622466,0.36961198040382
24622,0.0439826017455236,0.305106240257226,0.324787223319351,0.3261239346779
24623,0.228020134064566,0.0644900300232376,0.282035154772858,0.425454681139338
24624,0.259832809846763,0.0928909922892288,0.472545114095144,0.174731083768864
24625,0.446133909351858,0.0395526840600193,0.285140650257845,0.229172756330277
24626,0.375324660568477,0.140030212463664,0.0988792523249925,0.385765874642867
24627,0.15467225572831,0.151686549595773,0.071854892764156,0.621786301911761
24628,0.638594771805901,0.0497601290329861,0.0439476563050531,0.26769744285606
24629,0.0848287078069986,0.520114889387404,0.0927831516150168,0.302273251190581
24630,0.170984647436869,0.108651515459878,0.295881540673895,0.424482296429358
24631,0.254949696404097,0.170040808865982,0.12494641601083,0.450063078719091
24632,0.208702842709304,0.16644851615676,0.232981634256014,0.391867006877922
24633,0.279747595348203,0.0274526326718788,0.456097197895057,0.236702574084861
24634,0.219690323763298,0.0179394797486559,0.546147794969757,0.216222401518289
24635,0.329885158965762,0.100386803317084,0.15939752739676,0.410330510320394
24636,0.321277066544609,0.36325680544241,0.127905704945679,0.187560423067303
24637,0.281585382284133,0.0788438931206913,0.48102013465355,0.158550589941626
24638,0.116738119917094,0.516408700528623,0.0713748627601065,0.295478316794176
24639,0.369998311073745,0.187679720551096,0.155141255745957,0.287180712629202
24640,0.554947338709969,0.0807583389749748,0.151681220885078,0.212613101429978
24641,0.0613616141654936,0.685867682477571,0.022322398661447,0.230448304695489
24642,0.227509216268939,0.0996863612425012,0.358977073668535,0.313827348820025
24643,0.0432493972742186,0.0416946913234728,0.431149288247297,0.483906623155011
24644,0.0912372528616003,0.391277423436591,0.185314224621776,0.332171099080033
24645,0.137355412277486,0.632467559940263,0.0236707308032045,0.206506296979046
24646,0.247084695552485,0.238568005804387,0.266561560706124,0.247785737937005
24647,0.400523989701375,0.262730025056877,0.18425850832452,0.152487476917228
24648,0.149394804937163,0.0833358689568128,0.45253155430888,0.314737771797145
24649,0.151346535405363,0.172650238628983,0.449920615584708,0.226082610380946
24650,0.0473873446673437,0.777401159852466,0.0213481335026232,0.153863361977567
24651,0.577698908258749,0.0643913593740029,0.0398723506362751,0.318037381730973
24652,0.313126937523737,0.0546112985302817,0.424947487465272,0.207314276480709
24653,0.482248913810013,0.196592439015738,0.115508171249536,0.205650475924713
24654,0.0982224644375355,0.434742827228591,0.068103504137233,0.398931204196641
24655,0.0947472310296793,0.179541496065344,0.404476569922132,0.321234702982845
24656,0.277904969661525,0.287861819572719,0.260719072832673,0.173514137933083
24657,0.246334621457423,0.237254053750964,0.120104039106301,0.396307285685313
24658,0.10311930036995,0.396891207901184,0.275367328413854,0.224622163315012
24659,0.0384262418343214,0.13626335714651,0.429120973021529,0.396189427997639
24660,0.174286877541484,0.399276013792721,0.198545392592534,0.227891716073261
24661,0.171995187127315,0.328922445495675,0.0438742314011112,0.455208135975899
24662,0.0444375135363167,0.144569071850743,0.607813607279921,0.20317980733302
24663,0.0904670652388812,0.25692632048203,0.478862290655974,0.173744323623115
24664,0.0962875081443953,0.145827089882999,0.376871035749824,0.381014366222782
24665,0.317009218344939,0.0685332846560939,0.409337134916784,0.205120362082183
24666,0.080269869893724,0.45283134776449,0.0584642174936227,0.408434564848163
24667,0.0334603424052948,0.524022162929246,0.113584084392051,0.328933410273408
24668,0.137405414791466,0.0158901884901887,0.733788971991272,0.112915424727073
24669,0.138637194059331,0.138447788878758,0.336815493564444,0.386099523497467
24670,0.525590274031266,0.0355961268057816,0.160617102493896,0.278196496669057
24671,0.0673083308637858,0.366939607033062,0.427008214897536,0.138743847205616
24672,0.0640010231905291,0.414757436989219,0.327695352593352,0.1935461872269
24673,0.0704249660362491,0.0244560837059859,0.695639086339917,0.209479863917848
24674,0.0798586135170358,0.655295006209114,0.0400883599151202,0.22475802035873
24675,0.118891688084723,0.0732498403868406,0.642829118928854,0.165029352599583
24676,0.205433751312651,0.464564401580069,0.0773278913211252,0.252673955786155
24677,0.0470397400660523,0.138879350520424,0.283136205155006,0.530944704258518
24678,0.233136392524039,0.236431513765401,0.138501630444505,0.391930463266054
24679,0.25118519236172,0.391612708048406,0.0491209232686037,0.308081176321271
24680,0.0574566029731653,0.424797544617174,0.122651803444722,0.395094048964938
24681,0.365367162344083,0.189810060951123,0.0419926493226473,0.402830127382146
24682,0.423020948016948,0.437945486661611,0.0138552334135376,0.125178331907904
24683,0.0861272026803666,0.231728122564308,0.464769055116637,0.217375619638688
24684,0.065420355215376,0.11169628051716,0.548551313030903,0.274332051236561
24685,0.557267383373763,0.103669852947357,0.0868384264665863,0.252224337212294
24686,0.39182994379492,0.0990583415307528,0.0867158281969249,0.422395886477403
24687,0.244500202091101,0.259915966585396,0.201402906671562,0.294180924651941
24688,0.166423996947983,0.33385719781993,0.170778655345426,0.328940149886661
24689,0.227316049386437,0.20069231976921,0.443816931599494,0.128174699244859
24690,0.585127782730821,0.096757485257709,0.131551830509645,0.186562901501825
24691,0.410764587246446,0.287501952060963,0.055342775824282,0.24639068486831
24692,0.598289940295841,0.201644325895165,0.0208582419978585,0.179207491811136
24693,0.236610499209243,0.148788175389285,0.41249949676926,0.202101828632212
24694,0.160916500477397,0.2750843863552,0.291642799528144,0.272356313639258
24695,0.205886563676419,0.614527951018455,0.0410743016999862,0.13851118360514
24696,0.225567108358067,0.300056334955667,0.176746324061773,0.297630232624493
24697,0.144434697621414,0.17472719183166,0.297383107828387,0.383455002718539
24698,0.285978601043025,0.395591109936689,0.184457275765436,0.133973013254851
24699,0.181895690594063,0.046801443667094,0.640331144101113,0.13097172163773
24700,0.109640639966325,0.398437471156062,0.15026279501626,0.341659093861352
24701,0.0385300663928853,0.0401739356563358,0.717968035526012,0.203327962424766
24702,0.19203086277492,0.545477837607794,0.0472935961825588,0.215197703434727
24703,0.211740158530051,0.273038456927804,0.290407872551112,0.224813511991033
24704,0.0275996030887019,0.468748992748674,0.260788228281797,0.242863175880827
24705,0.5165251779308,0.148270860688692,0.0515864005748948,0.283617560805614
24706,0.237137483617407,0.351795554727382,0.221820705716968,0.189246255938243
24707,0.206018213146341,0.0528969622789123,0.153094545049334,0.587990279525413
24708,0.616279904261227,0.0181296984325293,0.10543187276465,0.260158524541594
24709,0.032312515804303,0.0715787341648935,0.583210364713449,0.312898385317355
24710,0.344676327915187,0.220731814380103,0.219657179036946,0.214934678667764
24711,0.319669588766339,0.115713023908454,0.298968596063791,0.265648791261416
24712,0.34765832952993,0.376082752112913,0.0474002063921614,0.228858711964996
24713,0.0383626606083567,0.558349425503366,0.0548255961281717,0.348462317760106
24714,0.319359827748338,0.300610096511211,0.0658275925946701,0.314202483145781
24715,0.104730796819486,0.35669533953668,0.103493603415133,0.435080260228701
24716,0.395449424102569,0.279142335386176,0.0451954292886834,0.280212811222572
24717,0.141118115578496,0.441554871864533,0.202231246886534,0.215095765670438
24718,0.0735173407427364,0.631469020997342,0.0412980181174635,0.253715620142458
24719,0.216831321223023,0.074343689366596,0.093966403401732,0.614858586008649
24720,0.176560727007441,0.443056002727792,0.133995775938365,0.246387494326403
24721,0.383551702574372,0.214990501543213,0.0690657583455809,0.332392037536834
24722,0.0568006963269567,0.563329071604291,0.141215343195357,0.238654888873396
24723,0.485020414550944,0.214778248411009,0.131058543638669,0.169142793399378
24724,0.176043841260386,0.273067291261508,0.321387570420876,0.229501297057229
24725,0.509002406621374,0.139221774051343,0.0937055890693731,0.25807023025791
24726,0.309713696046389,0.190667036371231,0.25223036505025,0.24738890253213
24727,0.0903728933755225,0.0636044754276069,0.267830414723095,0.578192216473775
24728,0.414161270563509,0.273064312243848,0.062052762194404,0.250721654998239
24729,0.221795553298432,0.0689911802030357,0.376424888508087,0.332788377990445
24730,0.0938423885347313,0.0823826850464591,0.347988962731709,0.475785963687101
24731,0.0792370413590877,0.572030919443603,0.126067672309222,0.222664366888088
24732,0.239141161309206,0.0864251811657196,0.372069549373919,0.302364108151156
24733,0.0690922576570059,0.157822136532361,0.135761909592575,0.637323696218058
24734,0.152733562775451,0.247753797022802,0.064076963387615,0.535435676814132
24735,0.0803017240154078,0.092941389199901,0.345193668933632,0.481563217851059
24736,0.201360557068788,0.515341512879853,0.0873446248427693,0.19595330520859
24737,0.49776995673538,0.0921655756865749,0.152883546773321,0.257180920804724
24738,0.0431727363073054,0.510919521855933,0.0818660328520319,0.36404170898473
24739,0.402156185805578,0.0413084297474009,0.259658930827816,0.296876453619205
24740,0.172965144844759,0.483547918364745,0.131643321672345,0.211843615118151
24741,0.0921617750282779,0.223949781831503,0.573709635783306,0.110178807356913
24742,0.295600015847694,0.345167050088852,0.0589671812425674,0.300265752820887
24743,0.158722085030124,0.357428246207947,0.097289158655222,0.386560510106708
24744,0.451324330080503,0.0483517652851031,0.286561348771721,0.213762555862674
24745,0.17552110821285,0.127915354401211,0.356819253842868,0.339744283543071
24746,0.212536350348693,0.342209067849757,0.0520780812094416,0.393176500592108
24747,0.0431724601540814,0.349175258333004,0.333737671066836,0.273914610446079
24748,0.0166342264858859,0.0438315090888963,0.649629435686358,0.28990482873886
24749,0.097830092039425,0.353371565631191,0.27855565086212,0.270242691467265
24750,0.273068605562741,0.148743956521085,0.335796016890335,0.242391421025839
24751,0.558186633162813,0.0860798989734964,0.063136515965169,0.292596951898521
24752,0.108574326636245,0.548557783205654,0.0735373840574954,0.269330506100605
24753,0.244505590611888,0.0263104502697026,0.540625250245274,0.188558708873136
24754,0.335854785272156,0.235830862526776,0.135637397859256,0.292676954341813
24755,0.0641739189536627,0.354253783367122,0.35523089541018,0.226341402269035
24756,0.156477724894738,0.361758041979655,0.236532780556695,0.245231452568912
24757,0.222863423493957,0.0929665411511198,0.239705638030842,0.444464397324081
24758,0.149811287886593,0.0378810603897419,0.463776002112611,0.348531649611054
24759,0.142616029361481,0.255612178228508,0.253012284092274,0.348759508317737
24760,0.272012348216868,0.340499508299681,0.0706078202149391,0.316880323268512
24761,0.295373357589469,0.101421956420879,0.361275364528403,0.241929321461248
24762,0.148214760913738,0.341269061526456,0.0592642967352248,0.451251880824581
24763,0.0722508607535547,0.64528842354015,0.0351932755563593,0.247267440149936
24764,0.520058362244984,0.0364606955137279,0.0353311955822273,0.408149746659061
24765,0.24185879423497,0.256119713490243,0.325289994239713,0.176731498035073
24766,0.034998583252549,0.407305051268416,0.228179692843098,0.329516672635938
24767,0.156726525352437,0.124539546553532,0.138254670282939,0.580479257811092
24768,0.145409067374587,0.386293635158553,0.107017181026636,0.361280116440224
24769,0.230682937206763,0.116961368264579,0.504115341407695,0.148240353120962
24770,0.148527533445102,0.161484411647703,0.0650044450135271,0.624983609893667
24771,0.105537103211566,0.041027368923539,0.45839407060251,0.395041457262385
24772,0.172006400610108,0.370284218398949,0.0681708087237409,0.389538572267203
24773,0.100495119703525,0.344276203543536,0.396457117396128,0.158771559356811
24774,0.345858231553554,0.201873421728982,0.176110927621911,0.276157419095554
24775,0.14242170773655,0.530269538951983,0.0484026154137029,0.278906137897764
24776,0.657964624408189,0.0251724160574686,0.154233428333913,0.16262953120043
24777,0.266012999379922,0.339327282512107,0.253828856038761,0.14083086206921
24778,0.452524385392769,0.238152238120237,0.114372743818627,0.194950632668367
24779,0.0603828077731425,0.39967906112426,0.195133660183268,0.344804470919329
24780,0.518854205492868,0.101491778734699,0.25001566175105,0.129638354021382
24781,0.0419725223129248,0.0772375131872349,0.763027754175251,0.117762210324589
24782,0.605085028040924,0.0591254516684015,0.0877340041069963,0.248055516183679
24783,0.0312196966994665,0.171175046310286,0.494705815682023,0.302899441308225
24784,0.36272378655547,0.0721860606434515,0.139384504972698,0.425705647828381
24785,0.0676212727899386,0.252598855079328,0.209148782642464,0.470631089488269
24786,0.132451496329238,0.172639302129192,0.47307365641481,0.221835545126759
24787,0.283433513761839,0.256061723896156,0.199383534618908,0.261121227723098
24788,0.108735371890341,0.173874561961579,0.422749321445502,0.294640744702578
24789,0.38692946066786,0.307871823202757,0.0752288440181145,0.229969872111269
24790,0.114360886477136,0.14411660698614,0.403082698622231,0.338439807914493
24791,0.249484470665292,0.0961343914836513,0.43415128498786,0.220229852863197
24792,0.259755232488124,0.0979852062264147,0.261194893286715,0.381064667998747
24793,0.15776407947484,0.0423820670209236,0.54318937926002,0.256664474244216
24794,0.0820091902162198,0.585378867805931,0.0695235246829614,0.263088417294888
24795,0.203047075988142,0.145243549905788,0.0968614833755594,0.554847890730511
24796,0.492221256067444,0.275092668277221,0.131984606695067,0.100701468960269
24797,0.105205644173791,0.507081037671062,0.144907447774065,0.242805870381082
24798,0.0332022371312653,0.0645086872458849,0.601710723213894,0.300578352408956
24799,0.273812566271582,0.090295497880537,0.288024912323461,0.347867023524421
24800,0.0398977294996654,0.134073165928908,0.596793440833708,0.229235663737719
24801,0.483546875167464,0.21656683210138,0.14864774826917,0.151238544461986
24802,0.269398465169235,0.23754157213808,0.155925198477072,0.337134764215613
24803,0.0617797405030671,0.0811289803992334,0.583795002062325,0.273296277035374
24804,0.495524706980372,0.0796021830173033,0.0838305297871179,0.341042580215207
24805,0.206713857811026,0.216713054756743,0.0832155079760141,0.493357579456217
24806,0.210237779835563,0.409958311119569,0.0519134050067248,0.327890504038143
24807,0.419324242993341,0.417569235103303,0.0225212203252293,0.140585301578127
24808,0.420915165861122,0.119800054793564,0.235775435723237,0.223509343622077
24809,0.661412833448209,0.0376068416562735,0.0686165726065398,0.232363752288978
24810,0.142177507308695,0.278013505921433,0.228456759097183,0.351352227672689
24811,0.210918188525994,0.0205920468586126,0.588088636120309,0.180401128495085
24812,0.0548968180587773,0.0532805112745313,0.682879830923314,0.208942839743378
24813,0.28718868898346,0.0466752491632281,0.393230430542256,0.272905631311056
24814,0.237865355940957,0.418761461790269,0.0302183119864233,0.313154870282351
24815,0.526744858974881,0.0858421629440337,0.146999071941807,0.240413906139278
24816,0.231267124046632,0.0913324312995797,0.331739117125436,0.345661327528352
24817,0.140571129278351,0.16855042785684,0.120861132197014,0.570017310667795
24818,0.264280989650979,0.311892769796234,0.241815555498365,0.182010685054422
24819,0.140407026128783,0.404377938493726,0.222268802339894,0.232946233037596
24820,0.288499172486854,0.091283544752554,0.05700212176307,0.563215160997522
24821,0.459226647571146,0.145791289280073,0.0506288295957955,0.344353233552986
24822,0.0893294667617171,0.531430572869266,0.0586260149095346,0.320613945459483
24823,0.155392718636524,0.332913038520084,0.253540892459116,0.258153350384276
24824,0.115995350833938,0.0634770533753618,0.209147142627139,0.611380453163561
24825,0.426768551468685,0.190033614926962,0.0464957681453655,0.336702065458988
24826,0.0762715356236046,0.0683403379965462,0.633581262267274,0.221806864112575
24827,0.266121170736789,0.461899116251412,0.0328852434126135,0.239094469599186
24828,0.138519898512961,0.676007534328954,0.0444256790008983,0.141046888157187
24829,0.130258031144111,0.120333182774383,0.101946129838444,0.647462656243062
24830,0.201639336685622,0.388394573190128,0.192641689874057,0.217324400250194
24831,0.0591943265461008,0.435098078191227,0.195810090787053,0.309897504475619
24832,0.158709675955205,0.188311370309818,0.206143662008376,0.446835291726601
24833,0.349656206760443,0.197830985151488,0.260515934613372,0.191996873474698
24834,0.127115751914941,0.107579078811257,0.193685801951276,0.571619367322526
24835,0.243243463763262,0.266737210640072,0.201754946498748,0.288264379097919
24836,0.142626017361302,0.17987655522094,0.221137334066415,0.456360093351344
24837,0.661599095892577,0.0258819667553492,0.0735153386485795,0.239003598703494
24838,0.112047958600465,0.220562929832552,0.104177457825585,0.563211653741399
24839,0.424187944597814,0.177408417494308,0.172685796897924,0.225717841009954
24840,0.327291350828117,0.234562872075997,0.284242590726239,0.153903186369648
24841,0.0622458329033555,0.609225254755357,0.143562524017963,0.184966388323325
24842,0.164829973361841,0.224944858901595,0.151241049029168,0.458984118707397
24843,0.251622787734328,0.0645884011855048,0.422533214317328,0.261255596762839
24844,0.562328437544411,0.113106814929979,0.22576850473074,0.0987962427948705
24845,0.63081458077574,0.0513177919657634,0.0400353604532495,0.277832266805247
24846,0.253596609444883,0.504977317377596,0.0426525308479924,0.198773542329529
24847,0.142825047291471,0.0944547997449953,0.491435806672949,0.271284346290585
24848,0.131244432237794,0.218387553147111,0.194369855460265,0.455998159154831
24849,0.372361839836626,0.102343794323278,0.156789128012726,0.368505237827369
24850,0.159448153132122,0.527250523191897,0.0871700795664882,0.226131244109493
24851,0.24361386714037,0.107764885751677,0.253113635505816,0.395507611602138
24852,0.515871806431095,0.102421784523255,0.0602295030983971,0.321476905947252
24853,0.434533691936194,0.0696311569898014,0.207231486494849,0.288603664579156
24854,0.32486229170618,0.0772028611552624,0.295533639699077,0.30240120743948
24855,0.152727787579322,0.11464473845636,0.368229542178928,0.364397931785389
24856,0.142799865881924,0.401816161283958,0.0806860623055719,0.374697910528546
24857,0.183663241766933,0.112464399609433,0.432402037613137,0.271470321010496
24858,0.0770344425538207,0.487333323088855,0.194004847349521,0.241627387007804
24859,0.175075581094209,0.217084937604143,0.0780904921700973,0.529748989131551
24860,0.206229298091137,0.0522307998073455,0.637830738166483,0.103709163935035
24861,0.41787799565805,0.143969314220827,0.106188674344795,0.331964015776328
24862,0.114044987070829,0.491964110799076,0.0908787840526576,0.303112118077438
24863,0.212554035304047,0.0791717319671572,0.221858228459832,0.486416004268964
24864,0.121801891807287,0.112865196461,0.447990541934103,0.31734236979761
24865,0.158455069731423,0.0320374659734411,0.447977823867007,0.361529640428128
24866,0.683224917686396,0.0933451772088868,0.0906184867580518,0.132811418346665
24867,0.483736579355937,0.0891930866598012,0.142728630833604,0.284341703150658
24868,0.533973856491179,0.0771079557668156,0.101484829191118,0.287433358550888
24869,0.21683874021704,0.0690940274748859,0.213800106962384,0.50026712534569
24870,0.568907549333029,0.0449601677491119,0.0798717758707747,0.306260507047084
24871,0.160189030544166,0.0418035136163378,0.322086605938082,0.475920849901414
24872,0.175488235579197,0.12118704968493,0.251623317273359,0.451701397462515
24873,0.682329745347683,0.115329352441175,0.0145929862768396,0.187747915934302
24874,0.0618617838942306,0.399381420147171,0.249257657539745,0.289499138418853
24875,0.218035971730245,0.295875549458594,0.0744504672108934,0.411638011600268
24876,0.0320008478175324,0.482934680100206,0.289688110957556,0.195376361124706
24877,0.23748642185304,0.108427384598512,0.434936139447736,0.219150054100712
24878,0.140341796888694,0.0430940251662495,0.447291823553631,0.369272354391426
24879,0.465500937654152,0.121647973311011,0.0968430394278843,0.316008049606952
24880,0.351717592002461,0.196589267632794,0.20101793140772,0.250675208957025
24881,0.504818555059737,0.0473097283446101,0.0720411361103308,0.375830580485322
24882,0.740541153733407,0.0319502760922349,0.0418667606600976,0.18564180951426
24883,0.0718730264388069,0.165570796964098,0.473678999038683,0.288877177558412
24884,0.378061864038018,0.0934077146250223,0.31177965223845,0.216750769098509
24885,0.318331808907448,0.341924842197041,0.145947418686608,0.193795930208903
24886,0.0496428974395453,0.0772057795181565,0.63515612750979,0.237995195532508
24887,0.275456590087014,0.542148589213977,0.0312937591241055,0.151101061574904
24888,0.226061923732102,0.334062054645174,0.223409368222746,0.216466653399978
24889,0.0664712172825177,0.252369384054657,0.454058451538069,0.227100947124756
24890,0.0996932640669331,0.0717179516346423,0.151346508744125,0.677242275554299
24891,0.368671112923273,0.168257822167355,0.0932615143416356,0.369809550567736
24892,0.344241105782285,0.087841829190199,0.218958423253851,0.348958641773665
24893,0.296299316718714,0.250057492982881,0.198450570740352,0.255192619558053
24894,0.173823189810541,0.415960579023323,0.176048223923765,0.234168007242371
24895,0.0477229143567095,0.0572932016304715,0.517230257998189,0.37775362601463
24896,0.0592588783397923,0.261021300200574,0.228125065371099,0.451594756088535
24897,0.216391771451529,0.0541781953195732,0.593668377342723,0.135761655886176
24898,0.373595875434894,0.122005518898473,0.28790208337536,0.216496522291273
24899,0.0221691277479185,0.268199625592572,0.525844812557996,0.183786434101514
24900,0.100370166687107,0.205912830327574,0.360547979489134,0.333169023496184
24901,0.354459969537891,0.0686604623377801,0.317679850874571,0.259199717249758
24902,0.441456616699564,0.0963604280292972,0.195416998935067,0.266765956336072
24903,0.303230196039738,0.123834282371337,0.198144128848019,0.374791392740907
24904,0.111592268945499,0.347082183520777,0.0333373264175457,0.507988221116178
24905,0.0763497153409167,0.0660090986139915,0.66588630424821,0.191754881796882
24906,0.247678728864071,0.0488747977336731,0.356123977214922,0.347322496187334
24907,0.249282580700515,0.159153055939686,0.0598936829223198,0.531670680437479
24908,0.0376258738203014,0.366526289969864,0.376327330003606,0.219520506206229
24909,0.140867583132483,0.477684318894616,0.168758368845017,0.212689729127885
24910,0.115018434778053,0.287297120742793,0.266715596594509,0.330968847884645
24911,0.0989264766232214,0.722811093754969,0.0231146066375938,0.155147822984216
24912,0.053707040344085,0.157284370279413,0.167124816156776,0.621883773219726
24913,0.0452089598689878,0.643472087418659,0.0394395266103554,0.271879426101998
24914,0.342587289115083,0.0815092632941248,0.29102845503114,0.284874992559652
24915,0.040911384614527,0.296241460959643,0.267471389493807,0.395375764932023
24916,0.532573520475528,0.0810953807812482,0.06803739986987,0.318293698873354
24917,0.0995809418340218,0.0594508406073623,0.346480402519398,0.494487815039218
24918,0.145290875666895,0.0380227970603306,0.141891068660538,0.674795258612237
24919,0.0969472688135443,0.286251472323249,0.363016273733897,0.25378498512931
24920,0.0134006740462553,0.44389667243419,0.390332406225418,0.152370247294137
24921,0.665379746445447,0.0990116105450073,0.0299103208671589,0.205698322142387
24922,0.592589290240077,0.0770043382544026,0.0674588992280676,0.262947472277453
24923,0.148517274036016,0.125521880298804,0.59286178441902,0.133099061246161
24924,0.149701642193402,0.148892472118349,0.36931660636319,0.33208927932506
24925,0.250808416497896,0.543236070950302,0.0382287327109658,0.167726779840837
24926,0.311268355106531,0.0374671304128221,0.387926866619064,0.263337647861582
24927,0.174354018581332,0.321073784459683,0.0850344399661163,0.419537756992869
24928,0.069960415175703,0.255835338123266,0.329266812675184,0.344937434025847
24929,0.331095187024837,0.333797990539992,0.0866250617506959,0.248481760684475
24930,0.240064490149277,0.447771477982275,0.11274138290432,0.199422648964128
24931,0.172743202348424,0.109708220014303,0.190380316005,0.527168261632273
24932,0.0610826544561262,0.230178051226822,0.268665922293629,0.440073372023423
24933,0.272759689047681,0.42020141753324,0.0455610714958455,0.261477821923234
24934,0.389971280470651,0.125281311847714,0.0608086963554396,0.423938711326195
24935,0.0986882938554788,0.360008536433142,0.201583638879562,0.339719530831818
24936,0.300200863446287,0.0809457865353616,0.336144759227497,0.282708590790854
24937,0.0794268989408237,0.481646881292962,0.30870270610275,0.130223513663465
24938,0.556241342421363,0.112401532091379,0.19337063233108,0.137986493156178
24939,0.0934684277297962,0.121421385263389,0.506735125059702,0.278375061947113
24940,0.367926732688489,0.356622606872446,0.0474487702754894,0.228001890163575
24941,0.232653659409247,0.304060092927672,0.126050483715199,0.337235763947881
24942,0.544702662478206,0.112559134028909,0.102806123206255,0.23993208028663
24943,0.224446810382184,0.0752621262436291,0.124219101560569,0.576071961813618
24944,0.468928865897893,0.168203681900927,0.114438875099399,0.248428577101781
24945,0.100344712255381,0.0638435317830732,0.266840911219142,0.568970844742404
24946,0.0683362602128121,0.190231028056189,0.0916615747334252,0.649771136997574
24947,0.330526381970728,0.108893708709476,0.231105283854536,0.329474625465259
24948,0.486991396903443,0.264555727814234,0.0520329056742695,0.196419969608054
24949,0.154407566403427,0.430526305953399,0.278085784330046,0.136980343313128
24950,0.0587703570441497,0.396105964615679,0.138350032311311,0.406773646028861
24951,0.0682890488011016,0.436872627576603,0.0947148623025202,0.400123461319775
24952,0.458848842531127,0.126559975334065,0.15640030758436,0.258190874550448
24953,0.304351596808154,0.109220858810583,0.309088648953466,0.277338895427798
24954,0.134118146986408,0.61572856031949,0.0428284390611913,0.20732485363291
24955,0.501715214714498,0.217435839570306,0.0234220980810754,0.257426847634121
24956,0.141246964676675,0.25884404878781,0.32374265080721,0.276166335728305
24957,0.0897803537388517,0.605769615260456,0.0387514146468144,0.265698616353878
24958,0.046565707782029,0.70105099718382,0.11262271469835,0.139760580335801
24959,0.07707308090509,0.347773155539421,0.147460994338012,0.427692769217478
24960,0.245560097221147,0.168740972472253,0.182651301733414,0.403047628573187
24961,0.373237163963514,0.284772511200214,0.134587759237171,0.2074025655991
24962,0.0298829658371868,0.56379204467592,0.0998952917925406,0.306429697694353
24963,0.110937102428658,0.421723884350036,0.0723408005610034,0.394998212660303
24964,0.0605518672298475,0.334319214969838,0.362723533471492,0.242405384328822
24965,0.109877716000283,0.692297958364733,0.0421767181191183,0.155647607515866
24966,0.182690222032255,0.314511815590531,0.322121168760231,0.180676793616983
24967,0.342082002236954,0.0234145217434465,0.428279042064766,0.206224433954833
24968,0.0914789832180618,0.396105581515908,0.23034421846795,0.28207121679808
24969,0.178456433408401,0.322885753808419,0.0437168914008917,0.454940921382288
24970,0.377071820741266,0.119071629497648,0.0993944117354406,0.404462138025646
24971,0.29430835014102,0.435594869818362,0.0562354049689281,0.213861375071691
24972,0.0694377741129626,0.240334283799711,0.118505445807112,0.571722496280214
24973,0.0599596983143849,0.759201246834404,0.085971562396377,0.0948674924548338
24974,0.228101473633322,0.221627479102357,0.238420477457817,0.311850569806504
24975,0.0855686153860218,0.517185881612443,0.141411758798154,0.255833744203381
24976,0.220334285887333,0.0325821322284399,0.515427068469803,0.231656513414424
24977,0.371010859747543,0.150343330548911,0.0657473765905735,0.412898433112972
24978,0.223769085728081,0.294184692744243,0.19332102193247,0.288725199595207
24979,0.395553903962585,0.320894701826134,0.134039085642021,0.14951230856926
24980,0.0593037911112873,0.266030380584839,0.43097877965463,0.243687048649244
24981,0.110498863447703,0.0666769981978848,0.385126960520697,0.437697177833715
24982,0.202919334482991,0.433456343748476,0.152539084599691,0.211085237168842
24983,0.659731274894514,0.123196677028933,0.0170520072353003,0.200020040841253
24984,0.0542663006635732,0.389344755539379,0.159103047062685,0.397285896734362
24985,0.0771344919796921,0.39456713273209,0.282767018683447,0.245531356604771
24986,0.357587486499245,0.0810989299217522,0.135973572600808,0.425340010978195
24987,0.0349743486970291,0.489814125309033,0.322681857820168,0.15252966817377
24988,0.166108680776434,0.199675816448902,0.126533166304882,0.507682336469781
24989,0.27176088771178,0.336086989902797,0.234905095328496,0.157247027056927
24990,0.0611934943236989,0.485659851022412,0.227284819450728,0.225861835203162
24991,0.23123965989794,0.0567642342359185,0.476353466122017,0.235642639744124
24992,0.10577782352078,0.161735793340963,0.539054872053908,0.193431511084349
24993,0.631827453228763,0.0736509733172628,0.105592990336858,0.188928583117117
24994,0.532360335643083,0.158421011440288,0.0930419137250424,0.216176739191587
24995,0.529384249420855,0.199010999738593,0.0916902453022833,0.179914505538268
24996,0.22073468434532,0.187610323117923,0.149749175688055,0.441905816848701
24997,0.264816244156833,0.374120597728355,0.104824119686854,0.256239038427958
24998,0.212996470166589,0.112380727784961,0.384484087667589,0.290138714380862
24999,0.131472850100012,0.382983771849256,0.0556401826541959,0.429903195396536
25000,0.16265602184808,0.123349792348232,0.341518998952847,0.37247518685084
25001,0.181934414680147,0.424584816325054,0.0612457215549179,0.332235047439881
25002,0.152178478873017,0.0920540660479064,0.569915173400753,0.185852281678323
25003,0.230172062135628,0.130271396394002,0.308438268124414,0.331118273345956
25004,0.0332868321899538,0.0546631135429582,0.677673328024403,0.234376726242685
25005,0.158773068928775,0.349864717809873,0.212940195825545,0.278422017435807
25006,0.508482947016341,0.171113199161912,0.172687202907213,0.147716650914534
25007,0.401718232637603,0.309743308648619,0.0562016856911285,0.23233677302265
25008,0.0731833661806226,0.0362592370108159,0.585672331920561,0.304885064888
25009,0.42686708808776,0.0365975878864561,0.239944202508448,0.296591121517336
25010,0.348375745238991,0.0234961793924655,0.402058952434328,0.226069122934216
25011,0.074926129618412,0.757173872683828,0.0438801384675451,0.124019859230215
25012,0.0615550860027605,0.325024153602767,0.173646533614122,0.439774226780351
25013,0.33561519341881,0.0651920259249414,0.271058956874511,0.328133823781738
25014,0.155772524483747,0.102291508712909,0.570108248037462,0.171827718765883
25015,0.351676303471435,0.153317789302021,0.196097554821283,0.298908352405261
25016,0.139116679554612,0.255670189450342,0.0713718774230811,0.533841253571965
25017,0.0530046834991105,0.125338723002049,0.619000864534273,0.202655728964568
25018,0.6230540350488,0.161132173362203,0.0496732902713773,0.16614050131762
25019,0.240160166556528,0.531454757738731,0.056520852647475,0.171864223057266
25020,0.228422466394858,0.142704594627728,0.138761214115831,0.490111724861584
25021,0.18951314535848,0.0892104113305912,0.361758007409321,0.359518435901608
25022,0.106141587733595,0.219982241789496,0.315087069483719,0.35878910099319
25023,0.0857198420819614,0.224178743198891,0.474769286809895,0.215332127909252
25024,0.59868228307181,0.0346633903857644,0.0941177793532581,0.272536547189167
25025,0.34218398685026,0.120277615553461,0.112163951936046,0.425374445660233
25026,0.422538294026013,0.174175727642686,0.14772867064982,0.255557307681481
25027,0.0448503064260693,0.174072674841303,0.31666386442139,0.464413154311237
25028,0.714477072662536,0.0471924286782136,0.108954153834408,0.129376344824842
25029,0.125224432769585,0.0877727841240725,0.612750172111072,0.17425261099527
25030,0.112530600914466,0.0410729156507935,0.537034091926057,0.309362391508683
25031,0.0672774323773752,0.0303159317314886,0.456390437452869,0.446016198438267
25032,0.0586883850213997,0.0221894120903305,0.76813801152946,0.15098419135881
25033,0.33147421364991,0.0966730237630811,0.314363638688788,0.257489123898221
25034,0.166645863835013,0.447252147184479,0.0954063545240905,0.290695634456418
25035,0.288399052481156,0.120523258505435,0.188724523029414,0.402353165983995
25036,0.107202337596702,0.140031752714157,0.199943198734403,0.552822710954738
25037,0.248968671270002,0.409740436881909,0.048662477212937,0.292628414635152
25038,0.326957417011132,0.231325841558764,0.181904668758857,0.259812072671247
25039,0.0764441459770554,0.260633444984166,0.304621434509939,0.35830097452884
25040,0.190798901932365,0.343758054936675,0.287019886230319,0.178423156900641
25041,0.216049810047237,0.527701694476639,0.0296524588971837,0.226596036578941
25042,0.0904247358990307,0.164418932287725,0.360723951330278,0.384432380482967
25043,0.128525861763971,0.30208353064618,0.117639620211306,0.451750987378544
25044,0.361606288037635,0.0417881407527638,0.357550324741837,0.239055246467765
25045,0.0797549169108447,0.158256701809755,0.561661981702918,0.200326399576483
25046,0.0324786246866751,0.762467434468514,0.016438778000846,0.188615162843965
25047,0.286115474726726,0.101095745861597,0.302910269858397,0.30987850955328
25048,0.0517326339580609,0.376122641588346,0.214903488271982,0.357241236181611
25049,0.0449663589913985,0.38011362277199,0.48633548745821,0.0885845307784019
25050,0.356687518962206,0.341294985719424,0.0485670438960066,0.253450451422363
25051,0.0713437446293937,0.301241134221986,0.29999470316959,0.327420417979031
25052,0.106206912144189,0.484345932473861,0.0813712493732438,0.328075906008706
25053,0.161382709801637,0.194495354558992,0.242139942849636,0.401981992789735
25054,0.0373128390150772,0.56388478625652,0.214667357079494,0.184135017648909
25055,0.0886697742717085,0.641706233982557,0.0593075903662339,0.2103164013795
25056,0.169889719957764,0.103363119872302,0.193944390775074,0.53280276939486
25057,0.208527730990169,0.50809479667449,0.0553500859729632,0.228027386362378
25058,0.495977302607077,0.208637736759287,0.0917441819830124,0.203640778650623
25059,0.308265188027096,0.0499843141242994,0.196219545193181,0.445530952655423
25060,0.137091705995641,0.314416864904233,0.276318354350415,0.272173074749712
25061,0.0661412553562834,0.36150822993952,0.243134845655782,0.329215669048414
25062,0.27821792020183,0.428633444533915,0.0541928335555166,0.238955801708739
25063,0.0497054900086116,0.366008812379678,0.278899338713573,0.305386358898137
25064,0.315057701966001,0.37910825179216,0.0550297754368999,0.250804270804939
25065,0.220872538837898,0.474139315507374,0.0797193846054833,0.225268761049245
25066,0.329154242986533,0.0780275342423789,0.235631630330864,0.357186592440224
25067,0.172055647823548,0.0584381594043701,0.30128581660469,0.468220376167392
25068,0.0999364845010657,0.176782604775678,0.368130780894292,0.355150129828964
25069,0.068593173641975,0.277946412064584,0.404925833843851,0.248534580449591
25070,0.13043962008505,0.11230902342031,0.148686848742623,0.608564507752018
25071,0.205936400989707,0.490554392855288,0.0648809666168556,0.238628239538149
25072,0.135237654126462,0.603956453589362,0.0671898180266227,0.193616074257553
25073,0.125200471918957,0.515256769285197,0.0399200300999365,0.31962272869591
25074,0.15086542841788,0.543761237353033,0.12921718928505,0.176156144944037
25075,0.247216359616054,0.0683101197564651,0.4206478513684,0.263825669259081
25076,0.0747732547868945,0.129222773801535,0.319360276667198,0.476643694744372
25077,0.0454520263152103,0.212013821688629,0.508751436810828,0.233782715185332
25078,0.485346064740951,0.0424374997099293,0.253622243765169,0.218594191783951
25079,0.210302483834872,0.0590037004339663,0.427717022061439,0.302976793669722
25080,0.548961691419859,0.0871991304872821,0.0752530470938932,0.288586130998966
25081,0.380796368286089,0.0753352072980421,0.181048435035795,0.362819989380074
25082,0.0406344587690224,0.41006744840935,0.260130839447616,0.289167253374012
25083,0.051571176695854,0.247539735642934,0.165777011139671,0.535112076521541
25084,0.441094380768565,0.0672230907890375,0.34136857554609,0.150313952896307
25085,0.224408164475613,0.495502761723104,0.174162296756781,0.105926777044502
25086,0.682000576922009,0.0312407949425357,0.06914194959966,0.217616678535795
25087,0.0962267775467039,0.4118135189336,0.342490645009453,0.149469058510243
25088,0.471515799518039,0.0986661959627411,0.262460194680175,0.167357809839045
25089,0.120303206175781,0.0308744793751212,0.636184671777038,0.21263764267206
25090,0.487117174384165,0.0979795015423374,0.223774882645359,0.191128441428139
25091,0.35431860763627,0.0689969513905464,0.275039404499613,0.301645036473571
25092,0.146050938501542,0.0899586571897143,0.0531729179507365,0.710817486358007
25093,0.459275963698548,0.0427304686223085,0.184474139475593,0.31351942820355
25094,0.0398498305750205,0.0517950904084803,0.707398612630913,0.200956466385586
25095,0.0516920040415535,0.390324215979733,0.381343337582125,0.176640442396588
25096,0.046610472306024,0.098696060217047,0.109508600556224,0.745184866920705
25097,0.0298333745500409,0.065931963292028,0.597126534700416,0.307108127457515
25098,0.221557292940408,0.0777329458570963,0.194862585441025,0.50584717576147
25099,0.0288995973246346,0.213536261863193,0.540135019521621,0.217429121290552
25100,0.0712187805437521,0.0871722516470532,0.62951588733768,0.212093080471514
25101,0.387136187453023,0.126149313293314,0.268722649888641,0.217991849365022
25102,0.205433418295789,0.120392910626347,0.0858261765249106,0.588347494552953
25103,0.356500165924023,0.349243020180338,0.0914712872926003,0.20278552660304
25104,0.142445737564023,0.0833320700395394,0.596518939407632,0.177703252988805
25105,0.0774509059846556,0.304764520277942,0.42053183883508,0.197252734902323
25106,0.365422690877448,0.297520575938617,0.17181493784788,0.165241795336055
25107,0.163810402790143,0.316552566722882,0.0893596131061236,0.430277417380852
25108,0.088575340701342,0.41948739930662,0.275991178513544,0.215946081478494
25109,0.154173708910031,0.38887087101443,0.206720653459637,0.250234766615902
25110,0.154006074576546,0.0982015729571661,0.1276855045341,0.620106847932188
25111,0.183279002256523,0.0817283808193615,0.157819747251621,0.577172869672494
25112,0.137990335021123,0.207574933838921,0.355718739467067,0.298715991672889
25113,0.511852737247253,0.222866939858841,0.0476949050505151,0.217585417843391
25114,0.315483604076439,0.233303952956933,0.24059950055991,0.210612942406719
25115,0.0657766645597992,0.0739894450674163,0.490612943887041,0.369620946485743
25116,0.264520846354829,0.340175435473865,0.130243668561627,0.26506004960968
25117,0.6003766016999,0.126985616913752,0.12302816762826,0.149609613758088
25118,0.472626124939147,0.0602418085649753,0.191207274070012,0.275924792425865
25119,0.0629365504045687,0.224182245036795,0.46137183778289,0.251509366775747
25120,0.255556144540744,0.168620334743623,0.0543266873018581,0.521496833413774
25121,0.454480518479251,0.0597298831476617,0.0965110842746357,0.389278514098452
25122,0.461301619270417,0.186925938463393,0.157526679354691,0.194245762911499
25123,0.428601546014996,0.0303915207305737,0.377915972746074,0.163090960508356
25124,0.0924342395554229,0.0953934936605922,0.62492071738686,0.187251549397125
25125,0.774261926208474,0.0650837883170808,0.0286917540911122,0.131962531383334
25126,0.0370229058137745,0.393263223640619,0.276362129430722,0.293351741114885
25127,0.304173128786525,0.110075517672117,0.140995526288178,0.44475582725318
25128,0.206437543903254,0.11465333999673,0.132338867951519,0.546570248148498
25129,0.295900911341964,0.189079979056536,0.421446382999816,0.0935727266016834
25130,0.152989410405125,0.107240787317784,0.120193311819474,0.619576490457618
25131,0.216785447625665,0.328581426445212,0.0289952063672171,0.425637919561906
25132,0.406746497346554,0.21148750435837,0.108636424428363,0.273129573866713
25133,0.717812658725081,0.0207840111813849,0.0705877853911801,0.190815544702354
25134,0.240609389216908,0.250701184254414,0.0665337630977716,0.442155663430907
25135,0.0445864020072141,0.614096798437947,0.0601030615041268,0.281213738050712
25136,0.239003955756788,0.230092229479669,0.315628641204211,0.215275173559332
25137,0.117274136410867,0.471580031176157,0.126468040003863,0.284677792409113
25138,0.114787949340978,0.307469323240225,0.160403316707103,0.417339410711694
25139,0.174863180102228,0.243600400823197,0.142021807862407,0.439514611212168
25140,0.0854868615461756,0.0629534627219369,0.349609480596808,0.50195019513508
25141,0.304839524996015,0.347111702050494,0.137073401609587,0.210975371343905
25142,0.235916328252289,0.270714898338191,0.083404142457169,0.409964630952351
25143,0.117306160592004,0.200760342453515,0.10214337045586,0.579790126498621
25144,0.20160124694081,0.238659363759744,0.0897048493908975,0.470034539908549
25145,0.306857343773728,0.118883992669153,0.085721939623364,0.488536723933755
25146,0.305551566080716,0.459581075251677,0.0249585821881892,0.209908776479418
25147,0.204797355812508,0.119626846560847,0.382292008029553,0.293283789597091
25148,0.255797525501925,0.248452047635646,0.0380020290541542,0.457748397808275
25149,0.104502896643792,0.524809628818262,0.118269999626759,0.252417474911187
25150,0.11826712428345,0.11529184558267,0.481914897358146,0.284526132775735
25151,0.0329188106579129,0.45691945910476,0.130087803064069,0.380073927173259
25152,0.446976506337857,0.0994900941505793,0.0984467891040228,0.355086610407541
25153,0.388190442839009,0.474736044488245,0.0385781974457912,0.0984953152269549
25154,0.25053867626734,0.111866265334738,0.392873458065527,0.244721600332394
25155,0.0614660199793315,0.598591533350124,0.0250898699920167,0.314852576678528
25156,0.118381295177883,0.611334398680175,0.0511416613608166,0.219142644781126
25157,0.100830838606468,0.558513794956012,0.0930793056861693,0.24757606075135
25158,0.456980526010663,0.336148172812055,0.0249280491579754,0.181943252019306
25159,0.119675638143719,0.42806184721501,0.137076242113676,0.315186272527595
25160,0.220028438981311,0.198097520217727,0.334688260274464,0.247185780526498
25161,0.310870745147414,0.0780851737557949,0.150699666636052,0.460344414460739
25162,0.341259405616623,0.119719396904972,0.0708228503198255,0.46819834715858
25163,0.113154993134154,0.0584133202076503,0.538512682267841,0.289919004390355
25164,0.51857561959432,0.312161101498417,0.0281414276725017,0.141121851234761
25165,0.162235226988861,0.100495409235012,0.124403464172032,0.612865899604096
25166,0.191779266171451,0.122818867880915,0.399259903825073,0.286141962122561
25167,0.346830866341598,0.341122218563562,0.042734024735427,0.269312890359413
25168,0.242585570797512,0.339283046209555,0.0464658968706897,0.371665486122243
25169,0.235754211759195,0.189617036649573,0.0833983808935114,0.49123037069772
25170,0.401543789956518,0.376610710965381,0.0216815681019913,0.200163930976109
25171,0.555447961985997,0.11432875139183,0.140004451605381,0.190218835016792
25172,0.168031745922239,0.438557993621252,0.194719535696814,0.198690724759696
25173,0.40851739052173,0.0466359928319638,0.241587175316384,0.303259441329921
25174,0.46180410505235,0.0406023764053722,0.218084022933794,0.279509495608484
25175,0.6781261019715,0.0604840242491254,0.0356625557729141,0.22572731800646
25176,0.0508781925341848,0.273463966580589,0.482044345073659,0.193613495811567
25177,0.19865103702416,0.136406833756758,0.273758090253734,0.391184038965349
25178,0.307169178972097,0.0988016228803978,0.425277452283085,0.16875174586442
25179,0.696952796503749,0.107677009381272,0.068977932182214,0.126392261932766
25180,0.412616907879081,0.0246764597343318,0.318144168468941,0.244562463917646
25181,0.0489584898128826,0.0261725464704946,0.776156954957744,0.148712008758879
25182,0.224909187428474,0.153131947731879,0.164462605758559,0.457496259081087
25183,0.375198322137356,0.203919442601588,0.222725850238816,0.19815638502224
25184,0.12620950169559,0.20624772120159,0.418076079689887,0.249466697412933
25185,0.322292658566575,0.157918022488247,0.271676882957743,0.248112435987435
25186,0.127805970352659,0.617886709602087,0.0175980738862501,0.236709246159004
25187,0.218395702356922,0.196410826889461,0.130492707403796,0.454700763349821
25188,0.132319836489477,0.0732422471705867,0.523564470830039,0.270873445509898
25189,0.407637883582481,0.144108882865265,0.222149314762746,0.226103918789509
25190,0.412047157019626,0.280931363905566,0.0223311200085121,0.284690359066296
25191,0.0512175252817235,0.597969681806762,0.0895456727202591,0.261267120191255
25192,0.106228475169859,0.309188846076783,0.201184300207538,0.383398378545821
25193,0.402064735202838,0.294338704622833,0.0418416771036149,0.261754883070714
25194,0.14856666391847,0.377937389475442,0.246510576700045,0.226985369906043
25195,0.121624618205983,0.177490237061482,0.39796343842348,0.302921706309056
25196,0.0774023400297128,0.319875611587936,0.211423817997714,0.391298230384637
25197,0.0697170233676165,0.562478674546022,0.103518488502466,0.264285813583895
25198,0.209212285380899,0.38578058899587,0.0665369884224016,0.33847013720083
25199,0.296701159345781,0.0735987211013254,0.418457609411034,0.21124251014186
25200,0.113317513948217,0.431185387552041,0.0844902936343675,0.371006804865375
25201,0.225959350799325,0.102650113919237,0.272142630813005,0.399247904468433
25202,0.23979242396599,0.0941679272017503,0.375376530367622,0.290663118464639
25203,0.340036735325435,0.390414876149932,0.106919708951805,0.162628679572829
25204,0.05719936879498,0.0864892770048233,0.525392112751201,0.330919241448996
25205,0.155485340643171,0.254510114584726,0.244091512363825,0.345913032408279
25206,0.18429520620001,0.389745577183324,0.201082420523547,0.224876796093119
25207,0.15249699214991,0.182635972004795,0.261427383099471,0.403439652745824
25208,0.280175148250824,0.242249459894228,0.286730170702858,0.19084522115209
25209,0.188312908862957,0.0387750351918918,0.480840039410249,0.292072016534903
25210,0.138525481569298,0.169682478882917,0.410521584621365,0.28127045492642
25211,0.0609644880903323,0.254755521477038,0.403503070055573,0.280776920377056
25212,0.359205181248535,0.198640444273905,0.190414103299847,0.251740271177713
25213,0.149556980387412,0.0831578140006933,0.474573892757008,0.292711312854887
25214,0.15237182418701,0.204687268142725,0.285246775430997,0.357694132239267
25215,0.382948522445648,0.114979586279175,0.0907654507791223,0.411306440496054
25216,0.346628736331794,0.36108224072247,0.0691985668257237,0.223090456120012
25217,0.499854530532312,0.338669651227045,0.0279929868306904,0.133482831409953
25218,0.347321852991223,0.355219166166058,0.0380222107646331,0.259436770078085
25219,0.177639683195834,0.535131683882994,0.0290016995382232,0.25822693338295
25220,0.117461398623342,0.0608833867036547,0.439169425850077,0.382485788822926
25221,0.193386261975987,0.596737439376907,0.0520403848829144,0.157835913764192
25222,0.182890861563601,0.272122632995267,0.388020522929697,0.156965982511435
25223,0.130518770105549,0.334469301989888,0.123639575533146,0.411372352371417
25224,0.0499718333254161,0.716581492257512,0.0684905234707053,0.164956150946367
25225,0.410446140453852,0.0571734894665041,0.17116673887008,0.361213631209564
25226,0.619129745414544,0.13421767701465,0.118464154956543,0.128188422614262
25227,0.0347310531064022,0.698864921612817,0.0441385895673525,0.222265435713428
25228,0.101426818513205,0.0998122882070814,0.550389377864798,0.248371515414916
25229,0.0526694896319729,0.0874091059468947,0.542924719145189,0.316996685275943
25230,0.213963067959925,0.0757426629815497,0.544359933681898,0.165934335376628
25231,0.0383318478134047,0.526288654240511,0.202684557271594,0.232694940674489
25232,0.194457055212904,0.416121326840423,0.0536905717862978,0.335731046160376
25233,0.0461907131058102,0.288511580247626,0.308054222963847,0.357243483682717
25234,0.281240338948318,0.0615391601029708,0.421587518979497,0.235632981969215
25235,0.276867612852833,0.0418831583663753,0.332484055538917,0.348765173241874
25236,0.408587707548371,0.0993167465735123,0.101096724905504,0.390998820972613
25237,0.285224118384356,0.432756868495727,0.0382619693261647,0.243757043793752
25238,0.083067753412568,0.0712592037706618,0.376367788187102,0.469305254629668
25239,0.324682671500012,0.325906120878227,0.0361834003158159,0.313227807305945
25240,0.0900205487862242,0.0481745683381455,0.56384181426407,0.29796306861156
25241,0.502984497691296,0.178976164320782,0.193936755843914,0.124102582144008
25242,0.067838399215985,0.228989836154031,0.293430720537119,0.409741044092864
25243,0.1209137801758,0.355573010275819,0.314179580757815,0.209333628790566
25244,0.242758691495452,0.356671594719369,0.0518424643723021,0.348727249412877
25245,0.322512354387642,0.0204227997787774,0.525936335334811,0.13112851049877
25246,0.29381306547246,0.30742091853938,0.252703660650419,0.146062355337741
25247,0.181448288901366,0.117910684608134,0.28685190239669,0.413789124093811
25248,0.145256153616671,0.195877925143801,0.128326727375907,0.530539193863622
25249,0.110885456118395,0.606230675420651,0.0935817511555411,0.189302117305413
25250,0.272894641678371,0.283180272976404,0.221898370498654,0.222026714846572
25251,0.13908654122579,0.175915825730862,0.232857810676868,0.45213982236648
25252,0.692969890428076,0.0447217605748801,0.0441766665991926,0.218131682397852
25253,0.136835496537939,0.326912715496723,0.0503612931987481,0.485890494766591
25254,0.280498876652891,0.165108778270639,0.0425984062576191,0.511793938818852
25255,0.512483211784559,0.124323635263654,0.0332245060884482,0.329968646863338
25256,0.0412797885189321,0.764478457939454,0.0296717311406993,0.164570022400915
25257,0.158927283395607,0.107977661298514,0.390141025974864,0.342954029331015
25258,0.381395917315894,0.107245898875856,0.0658100424377879,0.445548141370462
25259,0.215742290486598,0.396542037022394,0.167772065738992,0.219943606752016
25260,0.0332352194195921,0.420688269369757,0.187886154441979,0.358190356768672
25261,0.483624805322549,0.165938048961047,0.176081694783441,0.174355450932962
25262,0.194395692820885,0.281353323528239,0.0434741709407236,0.480776812710152
25263,0.417357543015608,0.081841430841431,0.175875241260712,0.324925784882249
25264,0.107042954800947,0.131318031468748,0.343568944250592,0.418070069479713
25265,0.688415453572141,0.0949422354574103,0.018446516697065,0.198195794273384
25266,0.0808888972820853,0.508649128062109,0.133942562558193,0.276519412097613
25267,0.111317490234203,0.127966746593124,0.484585193117299,0.276130570055374
25268,0.08197368005125,0.323740802306512,0.436107958496769,0.158177559145469
25269,0.192955218463305,0.179717236650196,0.0927200358516582,0.53460750903484
25270,0.437597840536404,0.117814697035903,0.13234632596921,0.312241136458483
25271,0.0172426889287359,0.26985712936058,0.571189730401424,0.141710451309261
25272,0.193459269346577,0.237551737855199,0.253586873913468,0.315402118884756
25273,0.24807782981835,0.180296611303534,0.217804870641856,0.35382068823626
25274,0.261077022096872,0.148359200903678,0.261466028957529,0.32909774804192
25275,0.461652250988652,0.275400410386645,0.0511263845742509,0.211820954050452
25276,0.386526630449741,0.321822340612509,0.0880865976365583,0.203564431301192
25277,0.085670192960141,0.0496811840843026,0.520594992982859,0.344053629972698
25278,0.402670971004195,0.338928201186994,0.0581542371722111,0.200246590636599
25279,0.502015333376185,0.0813375694613761,0.0229867007975491,0.39366039636489
25280,0.104207625981054,0.128035417067049,0.619136393876003,0.148620563075894
25281,0.314247610118476,0.0225731337644099,0.514750880675397,0.148428375441718
25282,0.500957326244038,0.0357824733417278,0.0777233234935429,0.385536876920692
25283,0.209083931246702,0.0706529169733286,0.378951665467436,0.341311486312534
25284,0.243501267763932,0.52091115140885,0.0764282828923602,0.159159297934858
25285,0.44171184087974,0.18314928694098,0.132486252873565,0.242652619305714
25286,0.532896401866313,0.0847527242617249,0.0831258253411677,0.299225048530794
25287,0.0941027868731273,0.622615705463078,0.118400113280172,0.164881394383623
25288,0.119491928140717,0.0891647399466861,0.273848553487075,0.517494778425523
25289,0.0622780789209962,0.389102361283531,0.241607756688967,0.307011803106506
25290,0.201228857017311,0.373031584025439,0.0966190283905567,0.329120530566693
25291,0.435255950767638,0.129936486745606,0.08420178502156,0.350605777465197
25292,0.121295268399005,0.0828693706920546,0.241160342468156,0.554675018440785
25293,0.0766822477881413,0.287524451645763,0.179239057674419,0.456554242891676
25294,0.142604803746009,0.450579885655916,0.0576972157924964,0.349118094805579
25295,0.140529932957998,0.11204296796454,0.284551149098782,0.462875949978681
25296,0.103614930759369,0.68454638047189,0.03917538249024,0.172663306278502
25297,0.0583226148675323,0.5916267138212,0.0976842742483507,0.252366397062917
25298,0.678757425286738,0.0475999114464179,0.0251024933978754,0.248540169868969
25299,0.407761969891865,0.074604067015544,0.301207539695066,0.216426423397526
25300,0.270692787642453,0.52494278277922,0.0316990219451973,0.17266540763313
25301,0.473943147261954,0.0416638083389666,0.131962007915577,0.352431036483502
25302,0.49973270766892,0.0889698960957733,0.164379217343346,0.246918178891961
25303,0.063071478791433,0.458755529125994,0.211922090474341,0.266250901608231
25304,0.051530722669237,0.113354743755149,0.633701734388702,0.201412799186912
25305,0.637152940601302,0.0583827976420809,0.0762876972240033,0.228176564532614
25306,0.232265116169128,0.366263322853763,0.0570283816109067,0.344443179366203
25307,0.118457167558392,0.266126314537004,0.11503840252995,0.500378115374654
25308,0.16870790665041,0.582261956204885,0.0588049648314998,0.190225172313205
25309,0.126258351816652,0.119162730705803,0.173527232542064,0.581051684935481
25310,0.536482668032942,0.183317627651849,0.0267191549004272,0.253480549414782
25311,0.34958759432501,0.146731172180717,0.292409970700536,0.211271262793738
25312,0.135920771462453,0.0227376158566624,0.622834682210346,0.218506930470539
25313,0.358392937454962,0.117670517952558,0.238883518201626,0.285053026390855
25314,0.44174145561106,0.0578920273894468,0.0344571626916973,0.465909354307796
25315,0.527027382861573,0.113077106500498,0.168578359480808,0.191317151157122
25316,0.228623557076237,0.172193952296933,0.107526456325101,0.491656034301728
25317,0.138026809844627,0.285201046266245,0.245362610441501,0.331409533447627
25318,0.618278060155344,0.118372185991623,0.0577852854534133,0.20556446839962
25319,0.200267624556395,0.515739494469632,0.0361669727974568,0.247825908176516
25320,0.143539022416715,0.161101897844985,0.433721041190103,0.261638038548197
25321,0.0437430640391555,0.0558016105698968,0.568597436436389,0.331857888954559
25322,0.44518091187674,0.0264453149339162,0.367947505056573,0.16042626813277
25323,0.446167884882594,0.0389374870965988,0.311684110152965,0.203210517867842
25324,0.344629752814111,0.382712613106062,0.0522490423748381,0.220408591704989
25325,0.238122498178419,0.470195455479044,0.0195757740868177,0.27210627225572
25326,0.121650299043986,0.0646152793172037,0.279096720204909,0.534637701433902
25327,0.0678103235208244,0.350879098342944,0.158510502905701,0.42280007523053
25328,0.120935657775057,0.0621237355892374,0.590611641024899,0.226328965610807
25329,0.192361248982875,0.063539461075757,0.130646320705387,0.613452969235981
25330,0.0580099604724123,0.185234635162154,0.439432991305913,0.317322413059521
25331,0.205448557712756,0.373545253023339,0.0569730771244891,0.364033112139416
25332,0.242227367342872,0.210699406343883,0.0818708527006254,0.465202373612619
25333,0.117086119562156,0.328319330918151,0.100209370580216,0.454385178939477
25334,0.311674053412685,0.367288427363999,0.029519787280977,0.291517731942339
25335,0.0616490922544616,0.231990481259626,0.226301646048323,0.480058780437589
25336,0.056137166505886,0.231001432591466,0.425184878524667,0.287676522377981
25337,0.0981635392344364,0.0491651243867954,0.432607206657042,0.420064129721727
25338,0.110854864750216,0.106860097681508,0.472366280572626,0.309918756995651
25339,0.359100490889993,0.0400144387978092,0.334434857539708,0.26645021277249
25340,0.103869960698427,0.542800504995269,0.112234436186451,0.241095098119854
25341,0.0453800861440743,0.591196602844874,0.0761588407644425,0.28726447024661
25342,0.0446349699142492,0.252756173955259,0.461592541577568,0.241016314552924
25343,0.227208649790003,0.296787209484616,0.356783299562207,0.119220841163174
25344,0.251644070340062,0.153285461301858,0.417332897429864,0.177737570928217
25345,0.101553575678776,0.245731146291805,0.346014972165061,0.306700305864359
25346,0.354707179135244,0.055623683638467,0.30067681386458,0.288992323361709
25347,0.521950352394213,0.207337708648604,0.0487764734866807,0.221935465470502
25348,0.352532123176965,0.112724191623762,0.111919530086248,0.422824155113026
25349,0.0914788148334581,0.112914947602715,0.596774804771856,0.19883143279197
25350,0.496959238911246,0.147804913243291,0.115454279383543,0.239781568461921
25351,0.18528611655207,0.0712253617704739,0.353226085036263,0.390262436641194
25352,0.270387939970311,0.146654054860554,0.0972811384239453,0.48567686674519
25353,0.156986654658978,0.0693485034572603,0.223303171209655,0.550361670674107
25354,0.503549127240858,0.0385339950530119,0.274416758683158,0.183500119022972
25355,0.0847146807056572,0.346821024207944,0.0607710033882544,0.507693291698144
25356,0.107539673839557,0.166902024068146,0.126202803479319,0.599355498612979
25357,0.144702004414466,0.370420509256866,0.303759844313067,0.181117642015601
25358,0.369491534536667,0.13733004267468,0.256638129342672,0.236540293445981
25359,0.43660364555931,0.0367634481250858,0.340500949057596,0.186131957258008
25360,0.119658390781433,0.165053673985189,0.368775977614134,0.346511957619244
25361,0.340300562014767,0.0553435724056403,0.364615086841007,0.239740778738585
25362,0.0488109078868742,0.0446148202237513,0.568697735726576,0.337876536162799
25363,0.13031323957304,0.177272405929908,0.205602478043318,0.486811876453734
25364,0.111603761426718,0.102383553722267,0.454787328238363,0.331225356612652
25365,0.322219897815651,0.0337121530883743,0.129080456536074,0.514987492559901
25366,0.05765838941209,0.24717194090563,0.238612684568778,0.456556985113503
25367,0.0590851512334255,0.454255805564919,0.162179776003712,0.324479267197943
25368,0.349736086684161,0.463243610248095,0.0209077143203766,0.166112588747367
25369,0.337122000362915,0.0745820518170078,0.321464729038999,0.266831218781078
25370,0.143136294262587,0.280859919957643,0.224716985122165,0.351286800657605
25371,0.0968498779510791,0.609910100595326,0.0753321513132211,0.217907870140374
25372,0.431945547144871,0.0154422321627378,0.422945789876586,0.129666430815805
25373,0.0365925059254225,0.455905414292494,0.198634199447977,0.308867880334107
25374,0.0881117848809506,0.12142506870034,0.611771921454703,0.178691224964007
25375,0.0634399156962721,0.555135103526848,0.170725296773432,0.210699684003448
25376,0.234297752817301,0.142320616683061,0.285018269387092,0.338363361112546
25377,0.180166487370762,0.440618073561768,0.13072053466005,0.24849490440742
25378,0.421975872904022,0.0808514464675741,0.303721695239607,0.193450985388797
25379,0.161872903233546,0.528047044375646,0.0446143644798102,0.265465687910998
25380,0.108866893632437,0.519777078834093,0.110191277979006,0.261164749554464
25381,0.161777524912398,0.184128566269408,0.13471431060548,0.519379598212715
25382,0.493560175626033,0.103769205309234,0.07820071220611,0.324469906858622
25383,0.0375902689159202,0.663047977636736,0.169415869415237,0.129945884032107
25384,0.136902648209647,0.0774758049087437,0.386884528666355,0.398737018215255
25385,0.0676879112217109,0.145911477112861,0.47502181366604,0.311378797999388
25386,0.296700040775911,0.0985206701713286,0.0667231102800225,0.538056178772738
25387,0.203563213336171,0.0875173223522175,0.124495027646358,0.584424436665254
25388,0.133293804881168,0.13057657493052,0.487602866275034,0.248526753913277
25389,0.288062127856292,0.362182012971181,0.0542801501351984,0.295475709037329
25390,0.0573195947537498,0.109224814878465,0.601271526208818,0.232184064158968
25391,0.188789035673198,0.171819090568333,0.237580401573109,0.40181147218536
25392,0.105917185736096,0.0302402980951164,0.569743044950732,0.294099471218055
25393,0.105020863579155,0.559503869907284,0.12604660131751,0.20942866519605
25394,0.0377685466273811,0.239896328494659,0.615857194417532,0.106477930460428
25395,0.0608990035400621,0.164089132201089,0.298017103178992,0.476994761079857
25396,0.159600716118175,0.553083659645903,0.104096308925873,0.183219315310049
25397,0.168162814477169,0.0868924800819956,0.546899716555758,0.198044988885077
25398,0.264274845925145,0.0934477992117501,0.280154274338469,0.362123080524636
25399,0.148772210185699,0.202859730860757,0.167944393193716,0.480423665759828
25400,0.0947631238934227,0.366107331229144,0.215535534246018,0.323594010631415
25401,0.223940034275615,0.187254169154497,0.218248568320995,0.370557228248894
25402,0.470967199913808,0.0556638966843377,0.110591041997316,0.362777861404538
25403,0.119726696200367,0.311026742854374,0.363994088116151,0.205252472829108
25404,0.359832483687547,0.151332988622345,0.147085619353584,0.341748908336524
25405,0.51573539659415,0.107807262408351,0.085402376075607,0.291054964921892
25406,0.093488724235826,0.293492423296335,0.153557213038693,0.459461639429146
25407,0.157334585427963,0.0688169843212054,0.340105310684306,0.433743119566526
25408,0.1628546513346,0.317288740511607,0.0820508521167455,0.437805756037047
25409,0.283454910499843,0.0543698383010329,0.513537347537825,0.148637903661299
25410,0.0213536841509661,0.278497781130765,0.504393877788594,0.195754656929675
25411,0.121858242674739,0.138018468545434,0.122074838090476,0.618048450689351
25412,0.578806739350779,0.0799145239299854,0.060782708846204,0.280496027873032
25413,0.715830622638046,0.0582446064176977,0.0652054467083343,0.160719324235922
25414,0.0839748005119161,0.036138409247994,0.640182910412895,0.239703879827195
25415,0.0489085850204338,0.196117794753109,0.36833121746597,0.386642402760488
25416,0.216259741412289,0.226642709355991,0.335745828540958,0.221351720690762
25417,0.0323430756844948,0.164080375261187,0.592701828270265,0.210874720784053
25418,0.0453111030058542,0.572258813932527,0.0531839085065043,0.329246174555115
25419,0.13097430002214,0.277881982203853,0.459708377191055,0.131435340582953
25420,0.101460975929061,0.320501638456858,0.180623879022611,0.397413506591471
25421,0.366655819326105,0.233773285797109,0.267376244039936,0.132194650836849
25422,0.267068547993758,0.117192473382393,0.0623100048819033,0.553428973741946
25423,0.440079700301048,0.0358041303853314,0.170137324938413,0.353978844375208
25424,0.1435797993799,0.128341307694714,0.482557927872802,0.245520965052585
25425,0.118293017061226,0.0541837975907698,0.516508985437288,0.311014199910716
25426,0.199109457936605,0.452614908517961,0.0473895710128896,0.300886062532544
25427,0.106152979807805,0.169990610358651,0.288458928153317,0.435397481680227
25428,0.0942459322727794,0.0373895366840843,0.533966725458696,0.334397805584441
25429,0.302994750877306,0.0447880998051434,0.261108881029887,0.391108268287663
25430,0.544588933147838,0.0469886761717002,0.216905898991921,0.191516491688541
25431,0.0636259029486349,0.536793550654738,0.212120706993635,0.187459839402992
25432,0.277671195308273,0.0930261523090784,0.194030457061599,0.43527219532105
25433,0.041513913808254,0.0608853259360166,0.488866704957631,0.408734055298098
25434,0.363904241597226,0.0790329625304919,0.243956941467502,0.313105854404781
25435,0.453456166114274,0.253323576089377,0.13112764437869,0.162092613417659
25436,0.127646692623756,0.495945198642812,0.0393823909190105,0.337025717814422
25437,0.436044556399665,0.255551835733628,0.100890461353369,0.207513146513338
25438,0.25220987070773,0.114097827628375,0.375808216034345,0.25788408562955
25439,0.121307395352797,0.0695908204540619,0.423406348944207,0.385695435248934
25440,0.0519406324392997,0.0359725021765715,0.610429875674552,0.301656989709577
25441,0.382424312833634,0.197487609108568,0.137230251219292,0.282857826838506
25442,0.0767107947852488,0.0541362690877628,0.575149338413386,0.294003597713603
25443,0.400719337718276,0.215946657898172,0.0641867755389671,0.319147228844585
25444,0.088876620741712,0.151801467388012,0.245491265160807,0.513830646709469
25445,0.204571888547179,0.437966994474379,0.141136906279452,0.216324210698991
25446,0.387640154368268,0.145545249365935,0.0713199463291167,0.39549464993668
25447,0.139389462149799,0.252081595165869,0.0993119194333477,0.509217023250984
25448,0.359503103378466,0.280085640329018,0.0625925705627619,0.297818685729755
25449,0.0778166393172426,0.431878092441852,0.0900586986368361,0.40024656960407
25450,0.512624079741135,0.160841499399507,0.163349218840139,0.163185202019219
25451,0.286793116577157,0.448343232076865,0.11230601438716,0.152557636958818
25452,0.60483172378968,0.131161741405392,0.0258512230760684,0.23815531172886
25453,0.112969181606821,0.122920495403853,0.173129396511841,0.590980926477484
25454,0.291243811615434,0.0847040460381953,0.374313247690218,0.249738894656153
25455,0.363752390531919,0.143241123984204,0.120195099259919,0.372811386223957
25456,0.175111399616569,0.126402206956636,0.164188120323104,0.534298273103691
25457,0.117192358630932,0.186060783568476,0.532895197849858,0.163851659950734
25458,0.462567762060349,0.0996414386940171,0.142933218221049,0.294857581024585
25459,0.726343395492802,0.0388245664335205,0.0927218027142347,0.142110235359442
25460,0.107965906818195,0.248765584413462,0.480574756847969,0.162693751920374
25461,0.0794239321586987,0.0936482480030284,0.351015090742626,0.475912729095647
25462,0.14114411669671,0.360926683160059,0.0568441930644192,0.441085007078812
25463,0.387570007301434,0.0803839301163133,0.198722229697885,0.333323832884368
25464,0.0439460472518169,0.434740979414427,0.209612517820587,0.31170045551317
25465,0.626451622261111,0.170662007640344,0.0734668511079947,0.12941951899055
25466,0.104178887083409,0.171204394131916,0.58287989182411,0.141736826960565
25467,0.191591526366964,0.208212645091036,0.0905008556028933,0.509694972939107
25468,0.145427183516932,0.283105628030451,0.31678474462759,0.254682443825027
25469,0.20352081558911,0.491803002816448,0.0503996091077307,0.254276572486711
25470,0.206452255452042,0.21205711457274,0.441908578581844,0.139582051393374
25471,0.0746615627256579,0.34538087494153,0.0932856714420774,0.486671890890735
25472,0.192423675886812,0.222741282698027,0.172725375768084,0.412109665647076
25473,0.331214917862948,0.162515904818728,0.30245691809501,0.203812259223314
25474,0.190495783928179,0.47923764130158,0.0541756480576415,0.276090926712599
25475,0.144519758584548,0.38567623050682,0.167573989642769,0.302230021265863
25476,0.271092219769564,0.382303080137754,0.0345532130737802,0.312051487018902
25477,0.180761485141965,0.151148919819632,0.335721328568628,0.332368266469775
25478,0.133291443659718,0.338535135508899,0.0779382544339461,0.450235166397436
25479,0.0511013074226676,0.03791752037113,0.671192020294689,0.239789151911514
25480,0.142920788332527,0.071580125630974,0.297456286445043,0.488042799591456
25481,0.107470605998781,0.613947842634332,0.0400955636364251,0.238485987730463
25482,0.310618274136473,0.152829959625731,0.308608397694392,0.227943368543404
25483,0.268638669676967,0.337532666982435,0.203007598865217,0.190821064475381
25484,0.218680152783685,0.061188245903373,0.193106553639188,0.527025047673754
25485,0.495073748817629,0.106038715342597,0.167367934775716,0.231519601064058
25486,0.224923571020361,0.200290967005988,0.327291600181782,0.247493861791869
25487,0.252485721375535,0.0810732290263987,0.14300049657798,0.523440553020086
25488,0.248883528775123,0.103916381691791,0.142047521636002,0.505152567897084
25489,0.261455845574163,0.288940253523567,0.17488573037459,0.27471817052768
25490,0.118231010695335,0.123514923923108,0.589612872809449,0.168641192572109
25491,0.112096493032329,0.312607226308505,0.12302763258055,0.452268648078617
25492,0.423695834591361,0.184253381320852,0.236974676557701,0.155076107530086
25493,0.0773295776087805,0.0862011497992163,0.217243811284283,0.619225461307721
25494,0.433802774673512,0.196345198907403,0.0680427155214878,0.301809310897597
25495,0.374546064767171,0.0834185568134349,0.26756830314289,0.274467075276505
25496,0.059063624211622,0.140819989442467,0.621488728824858,0.178627657521052
25497,0.0583837380431942,0.0419417042260746,0.658205847677594,0.241468710053137
25498,0.595097902327519,0.0444776283129634,0.0575591181254048,0.302865351234113
25499,0.0734417956706387,0.150055258622869,0.529851576287354,0.246651369419138
25500,0.686059830845793,0.0368435564962903,0.106948898576117,0.170147714081799
25501,0.133465384678056,0.530608973316481,0.118357865839099,0.217567776166364
25502,0.340919488750602,0.0377026722488027,0.413038413480948,0.208339425519648
25503,0.0746771124966551,0.108325838365287,0.51511636562382,0.301880683514237
25504,0.309352843488642,0.497389976696792,0.0253631028897147,0.167894076924852
25505,0.0599143544669237,0.349116821747478,0.271885275311841,0.319083548473757
25506,0.217111974131982,0.168127095267735,0.377467188569858,0.237293742030425
25507,0.128416019791325,0.216400357041757,0.0801695494934844,0.575014073673433
25508,0.0208901278639638,0.583272518872047,0.242742401186972,0.153094952077018
25509,0.44607991715988,0.0647639445393375,0.171642480517197,0.317513657783585
25510,0.270671134463911,0.141868133674377,0.284045911614648,0.303414820247064
25511,0.665429981235528,0.0480977402469095,0.0386551523950181,0.247817126122545
25512,0.465605432922595,0.0607974237511859,0.262091814171945,0.211505329154275
25513,0.0968405776727239,0.228721205937846,0.178370314057152,0.496067902332278
25514,0.0995340068604365,0.284536640073053,0.370500978273794,0.245428374792717
25515,0.102699614492856,0.403799910788021,0.0965688846601823,0.39693159005894
25516,0.189523170379325,0.474499689114017,0.0332080665246145,0.302769073982044
25517,0.303144314414314,0.125306038536633,0.240791654100309,0.330757992948744
25518,0.365285773659193,0.193612282828761,0.166317581209016,0.27478436230303
25519,0.090042039714783,0.368488810160081,0.295937176035613,0.245531974089523
25520,0.16463458255886,0.245270365599459,0.421381420224262,0.168713631617419
25521,0.251264718516451,0.215562196274953,0.0797703746073682,0.453402710601228
25522,0.0787198743949135,0.419219604527059,0.0791977968997786,0.422862724178249
25523,0.671009413932056,0.0298148418672542,0.0612592042555731,0.237916539945116
25524,0.159564699309087,0.172600367145622,0.331057891893289,0.336777041652002
25525,0.343517518819131,0.159931413043904,0.0755049210910596,0.421046147045906
25526,0.253349365344053,0.517761529520194,0.0384160791387927,0.19047302599696
25527,0.36591141031506,0.157184955652667,0.135043908655768,0.341859725376505
25528,0.40590609625128,0.0808120652553265,0.263375305306301,0.249906533187092
25529,0.489826877693901,0.0748035931869256,0.23512772118836,0.200241807930814
25530,0.16100327148258,0.493587198401834,0.0695794993291883,0.275830030786398
25531,0.0215652237738905,0.118946005561914,0.719318088373655,0.14017068229054
25532,0.142355581576218,0.481279330760632,0.229356306730113,0.147008780933038
25533,0.279113471613467,0.068336667779263,0.474236314655372,0.178313545951898
25534,0.0617722253145105,0.548326105536918,0.118137105252631,0.27176456389594
25535,0.306334690419513,0.363251359390574,0.0271058557118192,0.303308094478094
25536,0.0621293492073275,0.317196270709881,0.357372596753369,0.263301783329423
25537,0.05139196584403,0.0731085262437896,0.39794409788895,0.47755541002323
25538,0.533204171057745,0.0518770894732141,0.123676040883441,0.2912426985856
25539,0.519532863252117,0.192691682694758,0.0657149805075076,0.222060473545617
25540,0.092458346935267,0.0451708888297145,0.687683285733128,0.174687478501891
25541,0.428836176813143,0.256556800931726,0.145019563199989,0.169587459055143
25542,0.153974313954695,0.309491544519523,0.138361372036313,0.398172769489469
25543,0.235135023704439,0.105311420607178,0.426904556945556,0.232648998742827
25544,0.367874866955674,0.272290636591033,0.0197037153310511,0.340130781122242
25545,0.374627528739954,0.163912530385863,0.23180735318509,0.229652587689093
25546,0.310018172635379,0.464816363971259,0.076538625462341,0.148626837931022
25547,0.095815559802711,0.181180325940748,0.497380429964753,0.225623684291787
25548,0.130898564606631,0.120639721122715,0.327047138657055,0.421414575613599
25549,0.0864120321607055,0.0642167431271781,0.472178369238286,0.37719285547383
25550,0.167470757113719,0.0834574072827747,0.0876435669520941,0.661428268651413
25551,0.223788581839658,0.121539304798092,0.185468235797816,0.469203877564435
25552,0.0970014721663869,0.344777048446384,0.232196961275912,0.326024518111318
25553,0.064373857321247,0.627202841392783,0.0630619219957963,0.245361379290174
25554,0.0328747710002446,0.620603446592189,0.0810265109840374,0.265495271423529
25555,0.438236203424778,0.0927160971996358,0.0510531443719257,0.417994555003661
25556,0.308512199450984,0.455438749812472,0.0783208465651842,0.15772820417136
25557,0.410109634913965,0.33038291490694,0.110189168003956,0.149318282175138
25558,0.453602659492024,0.101852613247095,0.075381262685263,0.369163464575618
25559,0.566580897288726,0.137322280660908,0.138828333703085,0.157268488347281
25560,0.344247238736254,0.312534801595678,0.0669276525954562,0.276290307072611
25561,0.257226586904662,0.360804411746369,0.0979822659701717,0.283986735378798
25562,0.17137646973624,0.144057651279138,0.386946600937648,0.297619278046973
25563,0.429632106601277,0.17157152363902,0.216552783396994,0.182243586362709
25564,0.0959913886835752,0.0798776615156586,0.663414711818388,0.160716237982378
25565,0.333886320084033,0.0338769903890235,0.225917623747619,0.406319065779325
25566,0.0602689503923183,0.437152751799828,0.116848283809496,0.385730013998357
25567,0.029812180221798,0.38534165815817,0.313369410858711,0.271476750761321
25568,0.432126139004671,0.316142722089667,0.120625632671048,0.131105506234615
25569,0.275069300187814,0.192253837781877,0.371240306747211,0.161436555283097
25570,0.350550799988824,0.0858118632406938,0.292741321475567,0.270896015294915
25571,0.286729253467049,0.112406282996752,0.0970090996682054,0.503855363867993
25572,0.479600926756042,0.0459782728146779,0.0763036960747609,0.39811710435452
25573,0.0899842973323994,0.687771487438379,0.0715701227746136,0.150674092454608
25574,0.116158277122418,0.0493981149853352,0.490614899474469,0.343828708417778
25575,0.456866452010592,0.0524689280337827,0.196637243925838,0.294027376029787
25576,0.425545918058233,0.0464508800399415,0.298243794761016,0.229759407140809
25577,0.323586807514413,0.0751603355837416,0.189711793792611,0.411541063109234
25578,0.486677211232392,0.195271762026236,0.0629553530763572,0.255095673665015
25579,0.654865932351591,0.0905500558399317,0.0517977506738504,0.202786261134627
25580,0.269503267877012,0.302989815228962,0.0964809540155747,0.331025962878452
25581,0.417921398707063,0.109575289620711,0.0451225344017748,0.427380777270452
25582,0.0668375942952166,0.0969414316522859,0.0912257686430305,0.744995205409467
25583,0.482352271327166,0.0194065936939275,0.341603557305559,0.156637577673348
25584,0.231857886188904,0.228867029432278,0.115644100154837,0.423630984223981
25585,0.120373172527185,0.231840688774206,0.0832369718603551,0.564549166838254
25586,0.0562624637430426,0.105178484501584,0.668253045575467,0.170306006179906
25587,0.691013039031457,0.0847327919268741,0.0561217271092368,0.168132441932432
25588,0.221632583401854,0.140425099651732,0.16178524230732,0.476157074639094
25589,0.539716537766333,0.252257478588907,0.0895599097242681,0.118466073920492
25590,0.178597820995608,0.160646586232661,0.0812887522714714,0.579466840500259
25591,0.132964202430958,0.312375853825204,0.114589419220941,0.440070524522897
25592,0.372695482425261,0.462592314269156,0.013979595104465,0.150732608201118
25593,0.193428970054245,0.370675343655443,0.237129511910629,0.198766174379683
25594,0.191522874775954,0.261492391677732,0.231997952215769,0.314986781330545
25595,0.336529525496905,0.279467687738736,0.098994124678613,0.285008662085746
25596,0.0628507057328701,0.0280026662062491,0.652025265445615,0.257121362615266
25597,0.323604427069806,0.11351893265461,0.0922428521862257,0.470633788089358
25598,0.218388060802731,0.237735700299798,0.12961577633785,0.414260462559621
25599,0.185364530072288,0.114613715187071,0.417514436367106,0.282507318373535
25600,0.101629602063015,0.0613419588176977,0.562079787300826,0.274948651818462
25601,0.525560618163829,0.0108025618827103,0.259991812934875,0.203645007018586
25602,0.247225102722409,0.0779356394804408,0.202232890616513,0.472606367180636
25603,0.535914127755824,0.214483841726031,0.0472560782465022,0.202345952271643
25604,0.147034589022694,0.533007896690589,0.20951333112394,0.110444183162776
25605,0.0792384057718311,0.0622939984564306,0.217638873513776,0.640828722257963
25606,0.0601540894080389,0.572534604307627,0.0656596661641158,0.301651640120218
25607,0.281005662035161,0.340371324691141,0.0428879344858039,0.335735078787895
25608,0.0891777806535694,0.253904903955369,0.256483235540497,0.400434079850565
25609,0.589136714751731,0.097573549999118,0.0644064354425514,0.2488832998066
25610,0.323392101969165,0.128123171615586,0.150293847136272,0.398190879278977
25611,0.0658604677269685,0.316794404853543,0.360565236184316,0.256779891235173
25612,0.140418902298561,0.247759233561994,0.413537357250886,0.198284506888559
25613,0.59868228307181,0.0346633903857644,0.0941177793532581,0.272536547189167
25614,0.34218398685026,0.120277615553461,0.112163951936046,0.425374445660233
25615,0.422538294026013,0.174175727642686,0.14772867064982,0.255557307681481
25616,0.0448503064260693,0.174072674841303,0.31666386442139,0.464413154311237
25617,0.714477072662536,0.0471924286782136,0.108954153834408,0.129376344824842
25618,0.125224432769585,0.0877727841240725,0.612750172111072,0.17425261099527
25619,0.112530600914466,0.0410729156507935,0.537034091926057,0.309362391508683
25620,0.0672774323773752,0.0303159317314886,0.456390437452869,0.446016198438267
25621,0.0586883850213997,0.0221894120903305,0.76813801152946,0.15098419135881
25622,0.33147421364991,0.0966730237630811,0.314363638688788,0.257489123898221
25623,0.166645863835013,0.447252147184479,0.0954063545240905,0.290695634456418
25624,0.288399052481156,0.120523258505435,0.188724523029414,0.402353165983995
25625,0.107202337596702,0.140031752714157,0.199943198734403,0.552822710954738
25626,0.248968671270002,0.409740436881909,0.048662477212937,0.292628414635152
25627,0.326957417011132,0.231325841558764,0.181904668758857,0.259812072671247
25628,0.0764441459770554,0.260633444984166,0.304621434509939,0.35830097452884
25629,0.190798901932365,0.343758054936675,0.287019886230319,0.178423156900641
25630,0.216049810047237,0.527701694476639,0.0296524588971837,0.226596036578941
25631,0.0904247358990307,0.164418932287725,0.360723951330278,0.384432380482967
25632,0.189222717053704,0.315996540355051,0.319006511724884,0.175774230866361
25633,0.0683013012220342,0.162386213600825,0.256455799355216,0.512856685821924
25634,0.473670542479062,0.113970580227589,0.107726552981432,0.304632324311917
25635,0.606438442781479,0.0871128578340592,0.0396065579271028,0.266842141457359
25636,0.354287821083487,0.135456948274223,0.168230538854768,0.342024691787522
25637,0.304361902115763,0.16724651027904,0.251284246235317,0.27710734136988
25638,0.217515907316046,0.198575247402277,0.0723386785153577,0.511570166766319
25639,0.193080028289828,0.400930528464443,0.102118460197995,0.303870983047734
25640,0.263909301522286,0.108795028720071,0.204784562548869,0.422511107208773
25641,0.195316715689946,0.307975949704923,0.320704512962476,0.176002821642654
25642,0.0246839122912759,0.483735683274596,0.113125480465265,0.378454923968864
25643,0.169138413031434,0.60685515116635,0.0542764121021229,0.169730023700094
25644,0.601114869036667,0.0366956921578861,0.0742202666352097,0.287969172170238
25645,0.0354812330000051,0.695771451070247,0.0438108358441681,0.22493648008558
25646,0.24964994176396,0.0591901143551111,0.505100213325343,0.186059730555585
25647,0.164223156328873,0.168458020042721,0.378390785427254,0.288928038201153
25648,0.232112525703894,0.0968794379446335,0.326394652396585,0.344613383954888
25649,0.149014989289019,0.446246120416614,0.0854564900525006,0.319282400241867
25650,0.056647484662869,0.0563724056165814,0.50871740072946,0.37826270899109
25651,0.417691746416203,0.315856098011033,0.167512838538859,0.0989393170339059
25652,0.474448972062276,0.0943321134002203,0.0669083179118004,0.364310596625704
25653,0.135431625370622,0.334113217867966,0.341288251005885,0.189166905755527
25654,0.0649910143681344,0.505018405809066,0.245421731410213,0.184568848412586
25655,0.0770282187092873,0.0639928147304432,0.684310734123832,0.174668232436437
25656,0.402258236453993,0.257633977741024,0.0775062341312687,0.262601551673715
25657,0.235756449461046,0.366737939661776,0.102417827150116,0.295087783727062
25658,0.358383740239768,0.376534779497393,0.0449222630374967,0.220159217225343
25659,0.510838512062013,0.103318345428172,0.207714995776257,0.178128146733558
25660,0.181277437075244,0.577539471168837,0.0626436448533726,0.178539446902546
25661,0.196624819064062,0.0596927775877082,0.322857862257075,0.420824541091156
25662,0.402488487139425,0.348226554175297,0.024960450933174,0.224324507752104
25663,0.142482517066471,0.0973177496139294,0.203140406412495,0.557059326907104
25664,0.0309681381184481,0.493921902733041,0.274304613046048,0.200805346102463
25665,0.0481203125847439,0.318404773822954,0.299055646278201,0.334419267314101
25666,0.159301779595449,0.118744453199087,0.244960784760507,0.476992982444957
25667,0.691512663122754,0.0434348483639927,0.0835775716568924,0.181474916856361
25668,0.217030417054886,0.145899774975432,0.0585540688024683,0.578515739167213
25669,0.048831624634735,0.480258933182105,0.12466648136554,0.34624296081762
25670,0.486991396903443,0.264555727814234,0.0520329056742695,0.196419969608054
25671,0.154407566403427,0.430526305953399,0.278085784330046,0.136980343313128
25672,0.0587703570441497,0.396105964615679,0.138350032311311,0.406773646028861
25673,0.0682890488011016,0.436872627576603,0.0947148623025202,0.400123461319775
25674,0.458848842531127,0.126559975334065,0.15640030758436,0.258190874550448
25675,0.304351596808154,0.109220858810583,0.309088648953466,0.277338895427798
25676,0.134118146986408,0.61572856031949,0.0428284390611913,0.20732485363291
25677,0.501715214714498,0.217435839570306,0.0234220980810754,0.257426847634121
25678,0.141246964676675,0.25884404878781,0.32374265080721,0.276166335728305
25679,0.0897803537388517,0.605769615260456,0.0387514146468144,0.265698616353878
25680,0.046565707782029,0.70105099718382,0.11262271469835,0.139760580335801
25681,0.07707308090509,0.347773155539421,0.147460994338012,0.427692769217478
25682,0.245560097221147,0.168740972472253,0.182651301733414,0.403047628573187
25683,0.373237163963514,0.284772511200214,0.134587759237171,0.2074025655991
25684,0.0298829658371868,0.56379204467592,0.0998952917925406,0.306429697694353
25685,0.110937102428658,0.421723884350036,0.0723408005610034,0.394998212660303
25686,0.0605518672298475,0.334319214969838,0.362723533471492,0.242405384328822
25687,0.109877716000283,0.692297958364733,0.0421767181191183,0.155647607515866
25688,0.182690222032255,0.314511815590531,0.322121168760231,0.180676793616983
25689,0.661522430181892,0.0195074178880066,0.178954461510897,0.140015690419204
25690,0.0474567443326619,0.607642513834938,0.128075969786677,0.216824772045722
25691,0.135703878630111,0.0872997819413996,0.61608966053032,0.160906678898169
25692,0.278480773287832,0.170225649162195,0.0547969674967194,0.496496610053254
25693,0.0490560003068908,0.409857435946812,0.286265218572524,0.254821345173773
25694,0.373103086797992,0.0646146389412895,0.137245010388189,0.425037263872529
25695,0.385682772823303,0.307044183823517,0.0514805259187485,0.255792517434431
25696,0.189469601595708,0.406360932737444,0.27508890578423,0.129080559882618
25697,0.0965561032168803,0.136688938884369,0.543175858729145,0.223579099169606
25698,0.142614754757478,0.31571312313,0.216887043033701,0.324785079078821
25699,0.224100374763253,0.141198829948042,0.338023137487259,0.296677657801446
25700,0.195130767074566,0.149968018420957,0.413094796587951,0.241806417916527
25701,0.19194537460272,0.565340142784194,0.0372295157725722,0.205484966840514
25702,0.0759695642063347,0.282674683635175,0.444285478279332,0.197070273879158
25703,0.245720997061702,0.325951862891112,0.0770431785686407,0.351283961478545
25704,0.595196016657332,0.0896051169857689,0.0606647739770379,0.254534092379862
25705,0.0199372541891234,0.208334964856808,0.516664226311054,0.255063554643014
25706,0.538948429142969,0.103069839069025,0.164003809668517,0.193977922119489
25707,0.324968193620302,0.365171228645225,0.0590068794373311,0.250853698297142
25708,0.367349373664736,0.00893185392465054,0.447438982678669,0.176279789731944
25709,0.226370927176165,0.186970292950539,0.399634063557744,0.187024716315552
25710,0.0831946294635314,0.0632502841583341,0.462579838874016,0.390975247504119
25711,0.360498492927608,0.0623678309901692,0.32204975301285,0.255083923069373
25712,0.380019249126431,0.142801564181286,0.10304052340436,0.374138663287924
25713,0.40783089759925,0.193279698891483,0.282880851658612,0.116008551850655
25714,0.344709193777379,0.106545119517296,0.1529372840046,0.395808402700725
25715,0.291950036405122,0.210106680128093,0.350163531357387,0.147779752109397
25716,0.204844882854039,0.172848887544254,0.366896329027902,0.255409900573805
25717,0.0672519518681658,0.34524147556296,0.102130402826512,0.485376169742363
25718,0.332862706014734,0.0606295433668486,0.0762749481611386,0.530232802457279
25719,0.42961823937996,0.305238751961999,0.0893249680546987,0.175818040603343
25720,0.158427911869111,0.267094679508485,0.206689431864887,0.367787976757517
25721,0.307935329034546,0.0421807597764613,0.486424568005578,0.163459343183415
25722,0.110018850845821,0.133920980952732,0.0683072067306096,0.687752961470837
25723,0.149783649704273,0.080411616602939,0.536671612960299,0.233133120732489
25724,0.2146486070286,0.0812889234566933,0.207236199027053,0.496826270487654
25725,0.279322579089589,0.122302567632736,0.408262893433648,0.190111959844027
25726,0.11656270423873,0.286924974772141,0.270145221514383,0.326367099474746
25727,0.0508781925341848,0.273463966580589,0.482044345073659,0.193613495811567
25728,0.19865103702416,0.136406833756758,0.273758090253734,0.391184038965349
25729,0.307169178972097,0.0988016228803978,0.425277452283085,0.16875174586442
25730,0.696952796503749,0.107677009381272,0.068977932182214,0.126392261932766
25731,0.412616907879081,0.0246764597343318,0.318144168468941,0.244562463917646
25732,0.0489584898128826,0.0261725464704946,0.776156954957744,0.148712008758879
25733,0.224909187428474,0.153131947731879,0.164462605758559,0.457496259081087
25734,0.375198322137356,0.203919442601588,0.222725850238816,0.19815638502224
25735,0.12620950169559,0.20624772120159,0.418076079689887,0.249466697412933
25736,0.322292658566575,0.157918022488247,0.271676882957743,0.248112435987435
25737,0.127805970352659,0.617886709602087,0.0175980738862501,0.236709246159004
25738,0.218395702356922,0.196410826889461,0.130492707403796,0.454700763349821
25739,0.132319836489477,0.0732422471705867,0.523564470830039,0.270873445509898
25740,0.407637883582481,0.144108882865265,0.222149314762746,0.226103918789509
25741,0.412047157019626,0.280931363905566,0.0223311200085121,0.284690359066296
25742,0.0512175252817235,0.597969681806762,0.0895456727202591,0.261267120191255
25743,0.106228475169859,0.309188846076783,0.201184300207538,0.383398378545821
25744,0.402064735202838,0.294338704622833,0.0418416771036149,0.261754883070714
25745,0.14856666391847,0.377937389475442,0.246510576700045,0.226985369906043
25746,0.676781063007309,0.0810474798390059,0.131287690547769,0.110883766605916
25747,0.512289177528945,0.221236479168724,0.0328362694098074,0.233638073892524
25748,0.0487406636239802,0.58380808523988,0.0457921444275463,0.321659106708594
25749,0.541859999888994,0.0927951606917426,0.120210353163657,0.245134486255607
25750,0.147796662430988,0.136860414574953,0.527505700283308,0.187837222710751
25751,0.119977931582757,0.204192499020811,0.46339376669107,0.212435802705362
25752,0.274248482139698,0.113248429311262,0.239366934409201,0.373136154139839
25753,0.369314950695893,0.0945293996603371,0.296854542148345,0.239301107495425
25754,0.644758440530442,0.0280711954614232,0.0536367009271205,0.273533663081014
25755,0.238965523101146,0.0813073457439587,0.21097738339844,0.468749747756456
25756,0.328329094755686,0.493076494442832,0.0315560791801041,0.147038331621378
25757,0.25102893434964,0.122948660734085,0.134203047110927,0.491819357805348
25758,0.194531593160914,0.0722800834203672,0.315541474764043,0.417646848654676
25759,0.320267068937439,0.470954631460974,0.0422824630251022,0.166495836576485
25760,0.503675527400486,0.141241871416213,0.185240873629049,0.169841727554252
25761,0.147031613282519,0.281110567102322,0.100219901712809,0.47163791790235
25762,0.141303854939846,0.472156782949809,0.0580778614097803,0.328461500700565
25763,0.334790972259706,0.136921653987228,0.235060298307676,0.29322707544539
25764,0.371474654739094,0.0979087854198767,0.237105557094142,0.293511002746888
25765,0.249825410248322,0.100823360144554,0.328360164387479,0.320991065219646
25766,0.0558721704952938,0.571763142801877,0.201575877667985,0.170788809034844
25767,0.470229322594428,0.196906418819367,0.0558648968423852,0.27699936174382
25768,0.317507227506029,0.161689739936143,0.0939031967178948,0.426899835839933
25769,0.430384519167525,0.233671571594075,0.0833301424547919,0.252613766783608
25770,0.21027808520249,0.114406355690956,0.296301987686406,0.379013571420148
25771,0.0463762951555274,0.438813573438093,0.242859704763133,0.271950426643247
25772,0.12762564727141,0.297609509114453,0.211054850069997,0.36370999354414
25773,0.406061194220929,0.104882984698226,0.0726895398419504,0.416366281238895
25774,0.206427858989242,0.183565812370726,0.479258350290663,0.13074797834937
25775,0.337639678269898,0.0564961612234451,0.475090946679947,0.130773213826709
25776,0.272505833239155,0.0837169987150227,0.187869942835328,0.455907225210494
25777,0.0644080118681029,0.0857361961894234,0.660985442815304,0.18887034912717
25778,0.310620344203948,0.424169354334398,0.0628889611299776,0.202321340331676
25779,0.306262825838458,0.305345481608732,0.0756495131818436,0.312742179370966
25780,0.0807503983996089,0.292579281317461,0.334441665348325,0.292228654934605
25781,0.458595698576609,0.181444582042985,0.0465530557156118,0.313406663664794
25782,0.0881060329925712,0.432408745073212,0.024973600653507,0.45451162128071
25783,0.361828804450951,0.115379436955818,0.306290247369734,0.216501511223497
25784,0.160188436870417,0.175063900387837,0.290121494210402,0.374626168531344
25785,0.0904649762426298,0.167831815863002,0.198946209627593,0.542756998266776
25786,0.319624925299465,0.308831842654956,0.117462925373742,0.254080306671838
25787,0.0595882113279982,0.458524257602624,0.312297853888597,0.169589677180781
25788,0.475583185938783,0.151017843387551,0.166461003244383,0.206937967429282
25789,0.458926148021269,0.0791904667490064,0.222887385598558,0.238995999631167
25790,0.298554319463701,0.237078229543714,0.0642981156206058,0.400069335371979
25791,0.052992849257995,0.539157067135585,0.0895087462476783,0.318341337358742
25792,0.227551342099635,0.109651586922343,0.401838545541648,0.260958525436374
25793,0.0895482752768117,0.462050572645672,0.0806024779967959,0.367798674080721
25794,0.357321950441159,0.240298739200532,0.0739383880053812,0.328440922352928
25795,0.0942987527175968,0.347639260105449,0.320362638294741,0.237699348882213
25796,0.237238965903283,0.0452596735348293,0.454382256504594,0.263119104057293
25797,0.203001267957332,0.39274051629949,0.0601982175065457,0.344059998236632
25798,0.168529361617856,0.268894494562116,0.158631872769486,0.403944271050542
25799,0.160204651069054,0.0451243825964159,0.498518162579794,0.296152803754736
25800,0.26284562576522,0.153030190789005,0.0955747887626918,0.488549394683083
25801,0.15376530306188,0.224112432458507,0.19269211048063,0.429430153998982
25802,0.184155365950237,0.14197228714809,0.0932679159555849,0.580604430946089
25803,0.453016750915293,0.148432642455909,0.0536880679839431,0.344862538644856
25804,0.159931958369293,0.0554773307911075,0.406285216566952,0.378305494272648
25805,0.30882181968386,0.470038778864646,0.0547824389445335,0.16635696250696
25806,0.451874249799114,0.0781648622931012,0.149304711432307,0.320656176475478
25807,0.176122481852972,0.536420160300634,0.0518979919662753,0.235559365880119
25808,0.34519077026779,0.144082119768732,0.0647754900091146,0.445951619954364
25809,0.0585388027824377,0.0807123477188907,0.346965511128407,0.513783338370265
25810,0.163660358893018,0.0428465445389625,0.407185682142023,0.386307414425996
25811,0.148573593835541,0.619275886797362,0.0388478756579142,0.193302643709183
25812,0.245300515803311,0.157078198885511,0.266036322829724,0.331584962481454
25813,0.679991537595633,0.105949870450744,0.051728708187641,0.162329883765982
25814,0.13898639946356,0.253263525803781,0.139860772323164,0.467889302409495
25815,0.0710378734789232,0.545223279152979,0.184769625580556,0.198969221787542
25816,0.0673047642140013,0.364434759020344,0.265124586093012,0.303135890672643
25817,0.0988561200081628,0.0698067630048205,0.124870574716192,0.706466542270825
25818,0.0947962042030583,0.370054246220132,0.231778075744165,0.303371473832645
25819,0.422780067894955,0.0780309916239426,0.203290976267217,0.295897964213885
25820,0.0890691086896451,0.0787384144984809,0.180654132952227,0.651538343859647
25821,0.190518592624476,0.0349918518798702,0.482831977056009,0.291657578439645
25822,0.136029240650871,0.222575938615851,0.459941135446024,0.181453685287255
25823,0.193834964765261,0.170123640139296,0.223767495448893,0.41227389964655
25824,0.443447677608337,0.075108082461985,0.211608182533967,0.269836057395711
25825,0.0189648767741352,0.379592559429707,0.440795741194025,0.160646822602133
25826,0.212185204059083,0.367108303304795,0.11277056071498,0.307935931921142
25827,0.209344984802035,0.138995456166848,0.178504925215702,0.473154633815415
25828,0.310720723544324,0.462790958377483,0.0570998227649951,0.169388495313199
25829,0.17098857053902,0.42224839868268,0.0719413076933153,0.334821723084986
25830,0.138433059700491,0.274226003533099,0.426154300906578,0.161186635859832
25831,0.153840147100135,0.103641994551542,0.181290723172531,0.561227135175792
25832,0.0310800030093202,0.372389201805363,0.168245073260891,0.428285721924425
25833,0.115575842778514,0.278830848869426,0.427397557090822,0.178195751261238
25834,0.435859441012581,0.0852636994305052,0.273444323811657,0.205432535745257
25835,0.123651961522836,0.0387400298311748,0.468773360856888,0.368834647789101
25836,0.114843229730016,0.0975354651383328,0.517640544117795,0.269980761013856
25837,0.146007893423147,0.23928784955823,0.36700309411079,0.247701162907832
25838,0.225719292725833,0.466650953504413,0.0275794705888994,0.280050283180855
25839,0.689061514788663,0.125303330778792,0.0439508416279935,0.141684312804552
25840,0.0520429282861428,0.372375998108608,0.313015344805797,0.262565728799452
25841,0.143343505708457,0.10414906626111,0.377512953388999,0.374994474641434
25842,0.19184876614623,0.493450142711976,0.0838472861700482,0.230853804971746
25843,0.312158502482316,0.456171057316273,0.0658683825845858,0.165802057616825
25844,0.623340958146314,0.0243084180016956,0.142011553688061,0.21033907016393
25845,0.153701682523819,0.335481308267244,0.376525857958689,0.134291151250248
25846,0.294052378854512,0.112347072334233,0.241479587332868,0.352120961478387
25847,0.447042742779837,0.0442307580204229,0.0622170882934805,0.44650941090626
25848,0.143175991132493,0.468562609242221,0.0499974459586538,0.338263953666631
25849,0.320022089459542,0.195944202248893,0.356319332540697,0.127714375750868
25850,0.138365386223531,0.262216354573157,0.404274561466057,0.195143697737255
25851,0.63908024495127,0.0975654557333104,0.0613760298314245,0.201978269483995
25852,0.22585320887123,0.234284069912938,0.227935152891477,0.311927568324356
25853,0.0872002527765451,0.357048104583958,0.387824365089754,0.167927277549743
25854,0.364478435614587,0.149630779616333,0.0499797372806874,0.435911047488393
25855,0.490190136780591,0.0629973830670665,0.103874752785204,0.342937727367138
25856,0.537013966381747,0.162733000878683,0.0361663318962111,0.264086700843359
25857,0.0577448731470886,0.109051929272781,0.22050956996388,0.61269362761625
25858,0.123837519372865,0.335454801959015,0.152168038556932,0.388539640111187
25859,0.233799537330421,0.0611852606882312,0.251598272203835,0.453416929777512
25860,0.302522923467757,0.11301443814186,0.145172807941785,0.439289830448599
25861,0.197798965095129,0.10409079148457,0.440362993765657,0.257747249654645
25862,0.23019423064361,0.0407123991349321,0.447539951858289,0.281553418363169
25863,0.0839452446585029,0.0418768627163319,0.693969828794636,0.18020806383053
25864,0.527215222037981,0.103339092874658,0.0942491353597383,0.275196549727623
25865,0.0793195216019501,0.346981555843943,0.370342879315447,0.20335604323866
25866,0.194594058432772,0.151710729054368,0.382198748769157,0.271496463743703
25867,0.162952895177649,0.365008150073349,0.233158228268296,0.238880726480706
25868,0.193303600696644,0.323238176841846,0.118424016386527,0.365034206074983
25869,0.0358508204333748,0.297877513451239,0.272654949699256,0.39361671641613
25870,0.139734585567773,0.0679934750123149,0.214713337438328,0.577558601981585
25871,0.0288450805952426,0.185768146826029,0.569010621576219,0.216376151002509
25872,0.0767284485554107,0.151589923602539,0.549182128831333,0.222499499010717
25873,0.0873631582840515,0.117586801649478,0.242992396619664,0.552057643446806
25874,0.467374457599461,0.0421271614242674,0.193092319851011,0.29740606112526
25875,0.185391530446071,0.149360816330825,0.387264878543949,0.277982774679155
25876,0.52999865085634,0.0286901419967973,0.171305654226424,0.270005552920439
25877,0.474138083794496,0.0415864710190584,0.0943213688785439,0.389954076307902
25878,0.29519928133515,0.116372032536446,0.230571084045069,0.357857602083336
25879,0.0619802905396316,0.42717508551038,0.0541115413344027,0.456733082615586
25880,0.102284948795096,0.675589483762413,0.0282301940441411,0.19389537339835
25881,0.359737927753364,0.342795091538753,0.166770388775105,0.130696591932778
25882,0.355787295386814,0.201960641921259,0.145280582417337,0.296971480274591
25883,0.602769728671007,0.0652880291151081,0.0484928655609985,0.283449376652887
25884,0.213675029461717,0.191120475673431,0.332336354324967,0.262868140539886
25885,0.161741530136084,0.101294244646203,0.147038485000526,0.589925740217188
25886,0.0373427966644688,0.583828857835798,0.142874671234074,0.23595367426566
25887,0.312509301025747,0.132986262588428,0.231032830120532,0.323471606265294
25888,0.488389059034967,0.0967783308316518,0.0927967196541007,0.32203589047928
25889,0.212074523154279,0.0789707773117252,0.342009890592143,0.366944808941853
25890,0.566345017848831,0.0971262278717987,0.0543010413280469,0.282227712951323
25891,0.105231132774735,0.126030830696133,0.593140874799573,0.175597161729559
25892,0.205422259513258,0.182700302787009,0.251185045672043,0.36069239202769
25893,0.345380693921149,0.301880848790464,0.0635684571170057,0.289170000171382
25894,0.510850625103827,0.243533569276999,0.0186208856446431,0.226994919974531
25895,0.362395810633723,0.0666073835038407,0.227704655749468,0.343292150112968
25896,0.080378838138771,0.228978352611819,0.429869698196953,0.260773111052457
25897,0.0883200007313288,0.433400024595177,0.273528184481389,0.204751790192105
25898,0.322629937495504,0.48557782597017,0.0565451838310482,0.135247052703278
25899,0.0583598461048682,0.391624076572672,0.0656455149412393,0.48437056238122
25900,0.0583170971109021,0.0677506032971762,0.439293466943588,0.434638832648334
25901,0.288217645842959,0.11606338670373,0.389536111047729,0.206182856405582
25902,0.043872248583849,0.191121480499698,0.45314994179807,0.311856329118383
25903,0.0573321068863935,0.262289858953561,0.45295944404401,0.227418590116036
25904,0.0298187835432196,0.183721665915804,0.568407634052638,0.218051916488338
25905,0.0638751927679337,0.292395733669275,0.414222290187005,0.229506783375786
25906,0.342279033743456,0.499194007112249,0.0379208161701127,0.120606142974182
25907,0.224581622656384,0.491876828224434,0.125485194141066,0.158056354978117
25908,0.206943779317696,0.077235613691899,0.257645869938198,0.458174737052207
25909,0.497378148882527,0.272229757698349,0.0242025451837255,0.206189548235398
25910,0.0188925050871216,0.372087794149674,0.353791299332004,0.2552284014312
25911,0.426112726039314,0.0664827778112558,0.147473379351814,0.359931116797616
25912,0.343886478060071,0.340853856575643,0.0904694990611443,0.224790166303142
25913,0.0761647717302848,0.128289592531074,0.406089001561904,0.389456634176737
25914,0.135684519167795,0.0548741923030466,0.617286831032143,0.192154457497015
25915,0.531732108313625,0.0673628853865334,0.157565550222654,0.243339456077188
25916,0.130224233179779,0.433491955007641,0.10048002897285,0.33580378283973
25917,0.272022177611053,0.438574215069798,0.0599077455800362,0.229495861739113
25918,0.142738295591565,0.214271590485587,0.333862829629316,0.309127284293532
25919,0.324999169785981,0.0314546582581974,0.263968530110362,0.379577641845459
25920,0.301647507122105,0.42125352070074,0.0726486335245043,0.204450338652651
25921,0.0476615603239896,0.0582621574632748,0.660296228471553,0.233780053741183
25922,0.0628183796703905,0.0582797726070472,0.396776757047678,0.482125090674884
25923,0.255315583916675,0.155928502275458,0.0964107778039676,0.4923451360039
25924,0.690589601007298,0.0694468768365273,0.0681258888811837,0.17183763327499
25925,0.149715235728845,0.0731036032447974,0.547749696097494,0.229431464928864
25926,0.417120031518193,0.406296929892573,0.0483037693592008,0.128279269230033
25927,0.183491120037353,0.399099070786284,0.169025163509455,0.248384645666908
25928,0.150121637962448,0.423029435112645,0.292486203144285,0.134362723780622
25929,0.0543459781085123,0.398039024083882,0.112289986331608,0.435325011475997
25930,0.260822151042439,0.261954718910804,0.326876817500777,0.15034631254598
25931,0.0429039432058813,0.0424859526271627,0.755517197012444,0.159092907154512
25932,0.0697216680769451,0.433781025351435,0.133007361971653,0.363489944599968
25933,0.0922297187287059,0.0803419492664116,0.503385751336632,0.324042580668251
25934,0.0495751412060482,0.0400929249220041,0.57800818361575,0.332323750256198
25935,0.260162496153382,0.272207206604199,0.148330596965944,0.319299700276476
25936,0.297848225718825,0.0788176334017371,0.449181018771575,0.174153122107863
25937,0.667540945619011,0.0480370296173379,0.0512143729850128,0.233207651778638
25938,0.0586816395346242,0.55748629530081,0.0809982326619452,0.30283383250262
25939,0.150279201033371,0.0832089523651722,0.436209577942467,0.330302268658989
25940,0.0762990235395358,0.266144050226659,0.150628868560346,0.506928057673459
25941,0.128742901572295,0.324596673673387,0.407797000063905,0.138863424690413
25942,0.11155435362308,0.334366150360466,0.309137256013674,0.244942240002781
25943,0.0593888859393551,0.369330748088093,0.288108684711496,0.283171681261057
25944,0.257008418427129,0.165289307874823,0.132485638277435,0.445216635420612
25945,0.252057703876105,0.148864142853065,0.288564738538418,0.310513414732412
25946,0.401039534658291,0.174446034340862,0.133810988943546,0.290703442057301
25947,0.347720944119201,0.242701475150848,0.229698145925012,0.179879434804939
25948,0.0640796819593538,0.151752844154445,0.18031915069405,0.603848323192151
25949,0.0534481759810758,0.292915727842083,0.380452662213243,0.273183433963599
25950,0.584280454658071,0.0709049062959449,0.134827023767257,0.209987615278727
25951,0.102379283912387,0.251368614780983,0.417428085857049,0.228824015449581
25952,0.0436441269312071,0.0911418825342251,0.553437941748544,0.311776048786024
25953,0.402446830496334,0.148664556013164,0.16494783086496,0.283940782625542
25954,0.619607265849221,0.024990257521245,0.0290479275765868,0.326354549052948
25955,0.110620666210999,0.379558652507219,0.0923287528785081,0.417491928403274
25956,0.1556256915287,0.22246910509689,0.468062872750778,0.153842330623633
25957,0.557755344741973,0.283124399981664,0.0129866945776455,0.146133560698718
25958,0.273868345602178,0.248359455126787,0.0875938814722334,0.390178317798802
25959,0.0368615888562021,0.0695708995583729,0.507805907578806,0.385761604006619
25960,0.467736140233334,0.297854131919667,0.0449857716841069,0.189423956162893
25961,0.367468565687151,0.0183182111735371,0.453912824160677,0.160300398978635
25962,0.554167332266745,0.184771616348287,0.0224381538154485,0.23862289756952
25963,0.0331169741152661,0.428905318034185,0.352919962190584,0.185057745659966
25964,0.477831163231146,0.162898792778502,0.0320595374468484,0.327210506543504
25965,0.0896006897326826,0.0941790558950572,0.532863303445984,0.283356950926276
25966,0.144870171589241,0.10339984851898,0.497231741260566,0.254498238631213
25967,0.239852204720067,0.0910763145580755,0.0612331308866261,0.607838349835231
25968,0.114796723790316,0.389104704026538,0.150191151585722,0.345907420597424
25969,0.0290196403064258,0.308884925922455,0.465913384743145,0.196182049027975
25970,0.26134564683146,0.348226478422011,0.185233076250377,0.205194798496152
25971,0.475891375240443,0.221462247125526,0.079303319015205,0.223343058618826
25972,0.218198674477698,0.39637011833157,0.0537884684901441,0.331642738700588
25973,0.0885600073137842,0.23347090451225,0.419535542236881,0.258433545937085
25974,0.380796368286089,0.0753352072980421,0.181048435035795,0.362819989380074
25975,0.0406344587690224,0.41006744840935,0.260130839447616,0.289167253374012
25976,0.051571176695854,0.247539735642934,0.165777011139671,0.535112076521541
25977,0.441094380768565,0.0672230907890375,0.34136857554609,0.150313952896307
25978,0.224408164475613,0.495502761723104,0.174162296756781,0.105926777044502
25979,0.682000576922009,0.0312407949425357,0.06914194959966,0.217616678535795
25980,0.0962267775467039,0.4118135189336,0.342490645009453,0.149469058510243
25981,0.471515799518039,0.0986661959627411,0.262460194680175,0.167357809839045
25982,0.120303206175781,0.0308744793751212,0.636184671777038,0.21263764267206
25983,0.487117174384165,0.0979795015423374,0.223774882645359,0.191128441428139
25984,0.35431860763627,0.0689969513905464,0.275039404499613,0.301645036473571
25985,0.146050938501542,0.0899586571897143,0.0531729179507365,0.710817486358007
25986,0.459275963698548,0.0427304686223085,0.184474139475593,0.31351942820355
25987,0.0398498305750205,0.0517950904084803,0.707398612630913,0.200956466385586
25988,0.0516920040415535,0.390324215979733,0.381343337582125,0.176640442396588
25989,0.046610472306024,0.098696060217047,0.109508600556224,0.745184866920705
25990,0.0298333745500409,0.065931963292028,0.597126534700416,0.307108127457515
25991,0.221557292940408,0.0777329458570963,0.194862585441025,0.50584717576147
25992,0.0288995973246346,0.213536261863193,0.540135019521621,0.217429121290552
25993,0.152643588130626,0.219530342209696,0.0595247989072223,0.568301270752456
25994,0.0893392052968052,0.0534264451351363,0.101043686653727,0.756190662914332
25995,0.18243384693758,0.316797308681234,0.124205925868562,0.376562918512623
25996,0.27798512739319,0.0967811979910901,0.41448437677202,0.210749297843699
25997,0.406704056371957,0.0983363685367112,0.147505335181517,0.347454239909815
25998,0.357695186983631,0.197364375935314,0.149212937454099,0.295727499626955
25999,0.194707894135107,0.199235455588022,0.441866127385838,0.164190522891034
26000,0.0817063622475972,0.435733002574505,0.20808886254105,0.274471772636847
26001,0.215647160300968,0.450539117932796,0.115190565218226,0.21862315654801
26002,0.457462558570862,0.134460040382636,0.242075068051822,0.16600233299468
26003,0.242735344415844,0.129092739993592,0.13890445682388,0.489267458766685
26004,0.0351419319107678,0.487573315766174,0.101740774883975,0.375543977439083
26005,0.0730798125110677,0.182038066839302,0.355238087301922,0.389644033347709
26006,0.135622658709634,0.277334030174089,0.139510131144501,0.447533179971776
26007,0.367264775586182,0.406853585798832,0.0528766605496682,0.173004978065317
26008,0.0746390256616315,0.0227747984349899,0.675208810713816,0.227377365189563
26009,0.196714177598996,0.517638311674117,0.143687741027274,0.141959769699613
26010,0.26290207810072,0.157133708199789,0.196134460683705,0.383829753015786
26011,0.697227158555334,0.0488245848926968,0.0340958563664406,0.219852400185529
26012,0.160188436870417,0.175063900387837,0.290121494210402,0.374626168531344
26013,0.0904649762426298,0.167831815863002,0.198946209627593,0.542756998266776
26014,0.319624925299465,0.308831842654956,0.117462925373742,0.254080306671838
26015,0.0595882113279982,0.458524257602624,0.312297853888597,0.169589677180781
26016,0.475583185938783,0.151017843387551,0.166461003244383,0.206937967429282
26017,0.458926148021269,0.0791904667490064,0.222887385598558,0.238995999631167
26018,0.298554319463701,0.237078229543714,0.0642981156206058,0.400069335371979
26019,0.052992849257995,0.539157067135585,0.0895087462476783,0.318341337358742
26020,0.227551342099635,0.109651586922343,0.401838545541648,0.260958525436374
26021,0.0895482752768117,0.462050572645672,0.0806024779967959,0.367798674080721
26022,0.357321950441159,0.240298739200532,0.0739383880053812,0.328440922352928
26023,0.0942987527175968,0.347639260105449,0.320362638294741,0.237699348882213
26024,0.237238965903283,0.0452596735348293,0.454382256504594,0.263119104057293
26025,0.203001267957332,0.39274051629949,0.0601982175065457,0.344059998236632
26026,0.168529361617856,0.268894494562116,0.158631872769486,0.403944271050542
26027,0.160204651069054,0.0451243825964159,0.498518162579794,0.296152803754736
26028,0.26284562576522,0.153030190789005,0.0955747887626918,0.488549394683083
26029,0.15376530306188,0.224112432458507,0.19269211048063,0.429430153998982
26030,0.184155365950237,0.14197228714809,0.0932679159555849,0.580604430946089
26031,0.158773068928775,0.349864717809873,0.212940195825545,0.278422017435807
26032,0.508482947016341,0.171113199161912,0.172687202907213,0.147716650914534
26033,0.401718232637603,0.309743308648619,0.0562016856911285,0.23233677302265
26034,0.0731833661806226,0.0362592370108159,0.585672331920561,0.304885064888
26035,0.42686708808776,0.0365975878864561,0.239944202508448,0.296591121517336
26036,0.348375745238991,0.0234961793924655,0.402058952434328,0.226069122934216
26037,0.074926129618412,0.757173872683828,0.0438801384675451,0.124019859230215
26038,0.0615550860027605,0.325024153602767,0.173646533614122,0.439774226780351
26039,0.33561519341881,0.0651920259249414,0.271058956874511,0.328133823781738
26040,0.155772524483747,0.102291508712909,0.570108248037462,0.171827718765883
26041,0.351676303471435,0.153317789302021,0.196097554821283,0.298908352405261
26042,0.139116679554612,0.255670189450342,0.0713718774230811,0.533841253571965
26043,0.0530046834991105,0.125338723002049,0.619000864534273,0.202655728964568
26044,0.6230540350488,0.161132173362203,0.0496732902713773,0.16614050131762
26045,0.240160166556528,0.531454757738731,0.056520852647475,0.171864223057266
26046,0.228422466394858,0.142704594627728,0.138761214115831,0.490111724861584
26047,0.18951314535848,0.0892104113305912,0.361758007409321,0.359518435901608
26048,0.106141587733595,0.219982241789496,0.315087069483719,0.35878910099319
26049,0.0857198420819614,0.224178743198891,0.474769286809895,0.215332127909252
26050,0.227414773123428,0.0717928081171708,0.509455257106461,0.191337161652941
26051,0.0920130508731694,0.417296113802535,0.0813393551256401,0.409351480198656
26052,0.0941833316694469,0.156180121869384,0.130507127221452,0.619129419239718
26053,0.0704307843422494,0.271582702335576,0.408524575663911,0.249461937658263
26054,0.155327616754886,0.291346618161243,0.135156316173323,0.418169448910548
26055,0.501739134110254,0.133648214875239,0.0638302275228245,0.300782423491683
26056,0.282767572887722,0.0673804177757244,0.263844534089565,0.386007475246988
26057,0.318216111881234,0.229481849579939,0.280157906520666,0.172144132018161
26058,0.107048550430712,0.425865698977638,0.0842601209200744,0.382825629671576
26059,0.500128863646734,0.261502716604591,0.134785266961404,0.103583152787271
26060,0.485479673526264,0.28641635049259,0.0515571593624872,0.176546816618658
26061,0.426363376282975,0.17236229566474,0.0675618227672959,0.33371250528499
26062,0.164528585866738,0.243622564622115,0.349142884630464,0.242705964880684
26063,0.423121308742144,0.0288074485272394,0.28121769841723,0.266853544313387
26064,0.118024562789547,0.0668897356334773,0.477185256580469,0.337900444996507
26065,0.60532831315574,0.182938319396426,0.0357206146750034,0.17601275277283
26066,0.276723005364826,0.308677758516774,0.117912450816241,0.296686785302159
26067,0.450192276483418,0.178875659257004,0.12958944728716,0.241342616972418
26068,0.168481429555364,0.49419906106816,0.134713410420214,0.202606098956262
26069,0.0676879112217109,0.145911477112861,0.47502181366604,0.311378797999388
26070,0.296700040775911,0.0985206701713286,0.0667231102800225,0.538056178772738
26071,0.203563213336171,0.0875173223522175,0.124495027646358,0.584424436665254
26072,0.133293804881168,0.13057657493052,0.487602866275034,0.248526753913277
26073,0.288062127856292,0.362182012971181,0.0542801501351984,0.295475709037329
26074,0.0573195947537498,0.109224814878465,0.601271526208818,0.232184064158968
26075,0.188789035673198,0.171819090568333,0.237580401573109,0.40181147218536
26076,0.105917185736096,0.0302402980951164,0.569743044950732,0.294099471218055
26077,0.105020863579155,0.559503869907284,0.12604660131751,0.20942866519605
26078,0.0377685466273811,0.239896328494659,0.615857194417532,0.106477930460428
26079,0.0608990035400621,0.164089132201089,0.298017103178992,0.476994761079857
26080,0.159600716118175,0.553083659645903,0.104096308925873,0.183219315310049
26081,0.168162814477169,0.0868924800819956,0.546899716555758,0.198044988885077
26082,0.264274845925145,0.0934477992117501,0.280154274338469,0.362123080524636
26083,0.148772210185699,0.202859730860757,0.167944393193716,0.480423665759828
26084,0.0947631238934227,0.366107331229144,0.215535534246018,0.323594010631415
26085,0.223940034275615,0.187254169154497,0.218248568320995,0.370557228248894
26086,0.470967199913808,0.0556638966843377,0.110591041997316,0.362777861404538
26087,0.119726696200367,0.311026742854374,0.363994088116151,0.205252472829108
26088,0.140102027170909,0.235215181684562,0.24794549955596,0.376737291588569
26089,0.27506407552433,0.140273071132718,0.233938174739462,0.350724678603489
26090,0.356452006216961,0.0449632811543496,0.391557700150259,0.207027012478431
26091,0.0772385461411417,0.0667213667431286,0.613100980939976,0.242939106175754
26092,0.218160229940056,0.254551603383051,0.0298149225422008,0.497473244134693
26093,0.410082899577839,0.230945120466857,0.0547113112451904,0.304260668710114
26094,0.282583551454127,0.0536788132006005,0.17476566505663,0.488971970288643
26095,0.0725155349241506,0.243252644413503,0.2651884801953,0.419043340467047
26096,0.546227737567919,0.133921723317863,0.144027807036295,0.175822732077923
26097,0.048404353098998,0.566599757253641,0.0912158622381704,0.29378002740919
26098,0.634055649087848,0.109131115273281,0.0813738170811403,0.175439418557731
26099,0.133190388075084,0.323865805404413,0.127745361962164,0.415198444558339
26100,0.505935851820838,0.132225284786772,0.189857050743939,0.171981812648452
26101,0.455904971046323,0.354976814630384,0.0282634854267418,0.160854728896552
26102,0.140829660260892,0.135809056461235,0.177891464187876,0.545469819089997
26103,0.0482636430157696,0.472338554737868,0.232548290506916,0.246849511739446
26104,0.083054752939058,0.167708501963829,0.208459339902361,0.540777405194752
26105,0.394425163841058,0.137035969458976,0.0851486936750352,0.383390173024931
26106,0.0361089558585331,0.508694053773282,0.168646183759554,0.286550806608631
26107,0.347696950626711,0.298209156111854,0.172907171679412,0.181186721582023
26108,0.227717826856934,0.0842148409829726,0.306952571976312,0.381114760183781
26109,0.295226678366704,0.195481180392995,0.135539718339886,0.373752422900415
26110,0.45906616630572,0.125420937828143,0.195691154188757,0.21982174167738
26111,0.146766865619231,0.02881104088499,0.559747846217649,0.26467424727813
26112,0.0406666112163296,0.600321906826018,0.0438642859653674,0.315147195992285
26113,0.538001512132819,0.0949197991275844,0.028300545945299,0.338778142794297
26114,0.4929857195319,0.161789992087215,0.160730514703233,0.184493773677652
26115,0.258432577503751,0.12514261778669,0.453273977944986,0.163150826764574
26116,0.0720701846788355,0.204952922071066,0.386397794975144,0.336579098274954
26117,0.2983900741243,0.158371098143655,0.169695895629555,0.37354293210249
26118,0.264729102939279,0.0886103514803023,0.0818682102888444,0.564792335291574
26119,0.151841780840059,0.622736577070426,0.0336851005708855,0.191736541518629
26120,0.210684451883697,0.417096211925443,0.102653114089547,0.269566222101314
26121,0.387437495095317,0.0280219773765968,0.20378013806491,0.380760389463177
26122,0.0899930908133213,0.118966787157903,0.257142342532663,0.533897779496113
26123,0.067715206671445,0.0890304765801211,0.405551127767566,0.437703188980868
26124,0.158616652965496,0.0579770406698837,0.355326285991253,0.428080020373367
26125,0.40485775396555,0.060315334832226,0.34937411453261,0.185452796669615
26126,0.649223560783532,0.0410507052811836,0.0858157385359534,0.223909995399331
26127,0.545254658878898,0.270830349265577,0.0659807787198789,0.117934213135647
26128,0.212644395800117,0.145028421348761,0.0997153999272878,0.542611782923835
26129,0.126589210154957,0.313910841398856,0.358081587493208,0.201418360952979
26130,0.357970954263553,0.123748036955575,0.0774182404095581,0.440862768371313
26131,0.371001286991366,0.054604941881905,0.227186494944085,0.347207276182644
26132,0.193632471517234,0.0544155873957171,0.414398010700429,0.33755393038662
26133,0.0792366451192233,0.451173315641557,0.262422685257258,0.207167353981962
26134,0.20912862292081,0.503087433483462,0.11142971331641,0.176354230279317
26135,0.139393643790906,0.268929328378201,0.291523810421187,0.300153217409705
26136,0.397591143110887,0.236469272620244,0.108277512308919,0.257662071959951
26137,0.188765634137469,0.394290534158366,0.126896513827151,0.290047317877014
26138,0.154097042280715,0.223944364935274,0.0927817790821127,0.529176813701898
26139,0.2057626626974,0.479457828325817,0.0413015424025239,0.273477966574259
26140,0.197700770655477,0.0410728453485047,0.457808632487495,0.303417751508523
26141,0.218125009181184,0.159067368668019,0.157600560705378,0.465207061445419
26142,0.0558223772447364,0.527179974582627,0.136320810440261,0.280676837732375
26143,0.106163773692963,0.30740393158374,0.352685717907691,0.233746576815606
26144,0.0434604963376666,0.121315181869646,0.496292813511241,0.338931508281447
26145,0.478016559193471,0.0371091447803983,0.106063905003054,0.378810391023076
26146,0.139974855680025,0.0677741779336476,0.61639233369016,0.175858632696167
26147,0.167218047637738,0.412147834190725,0.148209660279152,0.272424457892386
26148,0.496548813969696,0.170168619419755,0.149166479459876,0.184116087150673
26149,0.0256786307178966,0.656648997128701,0.142693331251406,0.174979040901997
26150,0.206540533939406,0.125565057097415,0.0918682251987094,0.57602618376447
26151,0.346081690781157,0.200455535186386,0.197781422276053,0.255681351756405
26152,0.0664541283539941,0.494920125386553,0.0773840310111347,0.361241715248318
26153,0.0768781989114132,0.0831259723562617,0.552112195088675,0.28788363364365
26154,0.140635138368929,0.123580932825729,0.251441808668784,0.484342120136558
26155,0.0208361725413197,0.589226235242607,0.19702029954532,0.192917292670753
26156,0.206682384752998,0.257232226013916,0.252501988203926,0.283583401029161
26157,0.0885037357577557,0.17249235410951,0.565203462960561,0.173800447172174
26158,0.572213583706485,0.211774176925702,0.0414920273481698,0.174520212019643
26159,0.10919812286171,0.118171364060917,0.505666121444652,0.266964391632721
26160,0.172612976211346,0.12689982130383,0.353997837812448,0.346489364672375
26161,0.110775294176428,0.336412541629734,0.230324341411566,0.322487822782272
26162,0.25518543937899,0.0291029682081713,0.50559191092811,0.210119681484729
26163,0.55832851194361,0.0319420805087249,0.0902670013475893,0.319462406200076
26164,0.0514731179715773,0.337225643361439,0.33037317377087,0.280928064896113
26165,0.356373148027223,0.13483938087362,0.184590703207211,0.324196767891946
26166,0.228524881566875,0.0571391275080075,0.54998361146349,0.164352379461627
26167,0.120619366938126,0.265303615740807,0.161379312587061,0.452697704734006
26168,0.0724202106140359,0.365081323210609,0.399451430167373,0.163047036007982
26169,0.608916222722001,0.0331249507542014,0.159256100839319,0.198702725684478
26170,0.0699222454673785,0.497290386374463,0.186143867648964,0.246643500509194
26171,0.103643499303336,0.124288430688672,0.647629447593111,0.124438622414882
26172,0.148241412573445,0.363354868728305,0.217756307719463,0.270647410978787
26173,0.059673545312996,0.321758740374891,0.441816487541914,0.176751226770199
26174,0.135529018735392,0.21381087497605,0.338485721874414,0.312174384414144
26175,0.0580009155666729,0.699513050862761,0.0155943629764626,0.226891670594104
26176,0.259961346112252,0.0756762591242093,0.471397567491829,0.19296482727171
26177,0.0294821991423543,0.0406698131532323,0.529112171492999,0.400735816211414
26178,0.0448467553077876,0.269026892341639,0.124875048471564,0.561251303879009
26179,0.509553562150283,0.169784942290638,0.0371516673573429,0.283509828201737
26180,0.326281162004243,0.198187760526569,0.0733444057209524,0.402186671748236
26181,0.293836396212008,0.14355950810954,0.161083144867481,0.401520950810972
26182,0.0208475127778046,0.494906933994636,0.169690027887275,0.314555525340284
26183,0.0799975958000719,0.286389847229335,0.486523001876817,0.147089555093777
26184,0.0320829107343461,0.0871978522027047,0.323122430210722,0.557596806852227
26185,0.307563638716,0.489431483432034,0.0229232305595335,0.180081647292433
26186,0.110776453252751,0.0731981469651667,0.487107946781895,0.328917453000187
26187,0.540435606702824,0.0989091982057559,0.047067451181235,0.313587743910185
26188,0.0712438429457911,0.243758333734796,0.437670069834614,0.247327753484799
26189,0.275885789806373,0.0625358280655413,0.198651761364981,0.462926620763104
26190,0.439743139235988,0.270964154138231,0.0295285392098361,0.259764167415945
26191,0.409271519742264,0.258727010826127,0.0650031581604494,0.26699831127116
26192,0.076494773852272,0.0530809926154736,0.665709245867963,0.204714987664291
26193,0.241058008680169,0.179605358380518,0.282198172083251,0.297138460856061
26194,0.103145549136918,0.629140799680931,0.0370036775363473,0.230709973645804
26195,0.0929633136917046,0.371734541365797,0.242623797032506,0.292678347909992
26196,0.210350387339807,0.0556540154780492,0.417886065698893,0.316109531483251
26197,0.146637199647075,0.166972924197537,0.141957893146407,0.544431983008982
26198,0.0629274700282548,0.799199661562792,0.0334836130496087,0.104389255359344
26199,0.283307743394285,0.0728567625488053,0.0962260723897621,0.547609421667148
26200,0.117411781368559,0.252879409080682,0.122459602185885,0.507249207364873
26201,0.509962970057893,0.201289773019657,0.0256032424051896,0.263144014517261
26202,0.598364905874002,0.0790161397663153,0.130816667950711,0.191802286408972
26203,0.48847819983794,0.189483663425282,0.126000179303627,0.19603795743315
26204,0.287445003957344,0.119767808641515,0.214633181591549,0.378154005809593
26205,0.134555970453081,0.267804357288837,0.241952705058329,0.355686967199753
26206,0.185131950661005,0.0963594760577611,0.0641370565238541,0.65437151675738
26207,0.193008449508506,0.232983521139618,0.249182019709803,0.324826009642073
26208,0.53875239199579,0.0526304753969079,0.157948945228935,0.250668187378367
26209,0.401776692669797,0.455766891705702,0.00931746179713449,0.133138953827367
26210,0.699138792349169,0.06541705475746,0.031860445210819,0.203583707682552
26211,0.344941868760422,0.42615311373621,0.0560660478282422,0.172838969675126
26212,0.160268053902009,0.426459137281975,0.146305136481172,0.266967672334844
26213,0.421537425962762,0.271429026843514,0.116742129446143,0.190291417747581
26214,0.0415198481505967,0.099159007528561,0.55280567809567,0.306515466225172
26215,0.11460630442111,0.461873484623541,0.0549531682512173,0.368567042704132
26216,0.139806493362388,0.202386990482294,0.426846165429038,0.230960350726281
26217,0.180115317842982,0.0743361228089689,0.23646550172066,0.50908305762739
26218,0.0485310999419465,0.595060046816267,0.232308157836954,0.124100695404832
26219,0.380181681412724,0.0561425736709207,0.119286589298141,0.444389155618214
26220,0.0873900369960291,0.1579785355974,0.583632787765453,0.170998639641118
26221,0.0734417956706387,0.150055258622869,0.529851576287354,0.246651369419138
26222,0.686059830845793,0.0368435564962903,0.106948898576117,0.170147714081799
26223,0.133465384678056,0.530608973316481,0.118357865839099,0.217567776166364
26224,0.340919488750602,0.0377026722488027,0.413038413480948,0.208339425519648
26225,0.0746771124966551,0.108325838365287,0.51511636562382,0.301880683514237
26226,0.309352843488642,0.497389976696792,0.0253631028897147,0.167894076924852
26227,0.0599143544669237,0.349116821747478,0.271885275311841,0.319083548473757
26228,0.217111974131982,0.168127095267735,0.377467188569858,0.237293742030425
26229,0.128416019791325,0.216400357041757,0.0801695494934844,0.575014073673433
26230,0.0208901278639638,0.583272518872047,0.242742401186972,0.153094952077018
26231,0.44607991715988,0.0647639445393375,0.171642480517197,0.317513657783585
26232,0.270671134463911,0.141868133674377,0.284045911614648,0.303414820247064
26233,0.665429981235528,0.0480977402469095,0.0386551523950181,0.247817126122545
26234,0.465605432922595,0.0607974237511859,0.262091814171945,0.211505329154275
26235,0.0968405776727239,0.228721205937846,0.178370314057152,0.496067902332278
26236,0.0995340068604365,0.284536640073053,0.370500978273794,0.245428374792717
26237,0.102699614492856,0.403799910788021,0.0965688846601823,0.39693159005894
26238,0.189523170379325,0.474499689114017,0.0332080665246145,0.302769073982044
26239,0.303144314414314,0.125306038536633,0.240791654100309,0.330757992948744
26240,0.147396849151527,0.0360192534244041,0.465589795891528,0.350994101532541
26241,0.0433109884747985,0.1922446345233,0.549048853228909,0.215395523772992
26242,0.0206983113862846,0.46502825338815,0.31898467796216,0.195288757263405
26243,0.119469360629343,0.581437102538398,0.0607835067003626,0.238310030131895
26244,0.110651498085644,0.132001152017924,0.332966491238568,0.424380858657865
26245,0.157060498320742,0.045093515616337,0.621297327161919,0.176548658901002
26246,0.339467389409206,0.240479500947564,0.295573748274493,0.124479361368738
26247,0.439622969684354,0.0785771920194571,0.282677031823107,0.199122806473081
26248,0.0533787979749863,0.638965900760327,0.0539268576712774,0.25372844359341
26249,0.277735734267532,0.311259385945172,0.0658480603301114,0.345156819457185
26250,0.488006516468729,0.0984524813226093,0.111671909370228,0.301869092838434
26251,0.0767404716331063,0.0713721553720186,0.179590450306676,0.672296922688199
26252,0.0728843387534633,0.619364783875753,0.0613588793426574,0.246391998028126
26253,0.126577595373131,0.322638439301415,0.152748312598978,0.398035652726475
26254,0.120153628339632,0.0399382155689538,0.607494550160948,0.232413605930466
26255,0.0900239635894312,0.182390420167342,0.183340559825438,0.54424505641779
26256,0.341051292042025,0.122302846314311,0.288668120437811,0.247977741205854
26257,0.174483474312914,0.0596767493548636,0.39587432913774,0.369965447194482
26258,0.0778239366264135,0.135982818549273,0.570083128639372,0.216110116184942
26259,0.446133909351858,0.0395526840600193,0.285140650257845,0.229172756330277
26260,0.375324660568477,0.140030212463664,0.0988792523249925,0.385765874642867
26261,0.15467225572831,0.151686549595773,0.071854892764156,0.621786301911761
26262,0.638594771805901,0.0497601290329861,0.0439476563050531,0.26769744285606
26263,0.0848287078069986,0.520114889387404,0.0927831516150168,0.302273251190581
26264,0.170984647436869,0.108651515459878,0.295881540673895,0.424482296429358
26265,0.254949696404097,0.170040808865982,0.12494641601083,0.450063078719091
26266,0.208702842709304,0.16644851615676,0.232981634256014,0.391867006877922
26267,0.279747595348203,0.0274526326718788,0.456097197895057,0.236702574084861
26268,0.219690323763298,0.0179394797486559,0.546147794969757,0.216222401518289
26269,0.329885158965762,0.100386803317084,0.15939752739676,0.410330510320394
26270,0.321277066544609,0.36325680544241,0.127905704945679,0.187560423067303
26271,0.281585382284133,0.0788438931206913,0.48102013465355,0.158550589941626
26272,0.116738119917094,0.516408700528623,0.0713748627601065,0.295478316794176
26273,0.369998311073745,0.187679720551096,0.155141255745957,0.287180712629202
26274,0.554947338709969,0.0807583389749748,0.151681220885078,0.212613101429978
26275,0.0613616141654936,0.685867682477571,0.022322398661447,0.230448304695489
26276,0.227509216268939,0.0996863612425012,0.358977073668535,0.313827348820025
26277,0.0432493972742186,0.0416946913234728,0.431149288247297,0.483906623155011
26278,0.0461907131058102,0.288511580247626,0.308054222963847,0.357243483682717
26279,0.281240338948318,0.0615391601029708,0.421587518979497,0.235632981969215
26280,0.276867612852833,0.0418831583663753,0.332484055538917,0.348765173241874
26281,0.408587707548371,0.0993167465735123,0.101096724905504,0.390998820972613
26282,0.285224118384356,0.432756868495727,0.0382619693261647,0.243757043793752
26283,0.083067753412568,0.0712592037706618,0.376367788187102,0.469305254629668
26284,0.324682671500012,0.325906120878227,0.0361834003158159,0.313227807305945
26285,0.0900205487862242,0.0481745683381455,0.56384181426407,0.29796306861156
26286,0.502984497691296,0.178976164320782,0.193936755843914,0.124102582144008
26287,0.067838399215985,0.228989836154031,0.293430720537119,0.409741044092864
26288,0.1209137801758,0.355573010275819,0.314179580757815,0.209333628790566
26289,0.242758691495452,0.356671594719369,0.0518424643723021,0.348727249412877
26290,0.322512354387642,0.0204227997787774,0.525936335334811,0.13112851049877
26291,0.29381306547246,0.30742091853938,0.252703660650419,0.146062355337741
26292,0.181448288901366,0.117910684608134,0.28685190239669,0.413789124093811
26293,0.145256153616671,0.195877925143801,0.128326727375907,0.530539193863622
26294,0.110885456118395,0.606230675420651,0.0935817511555411,0.189302117305413
26295,0.272894641678371,0.283180272976404,0.221898370498654,0.222026714846572
26296,0.13908654122579,0.175915825730862,0.232857810676868,0.45213982236648
26297,0.144750243503642,0.10793964554878,0.420200519880623,0.327109591066955
26298,0.0320493006707534,0.162472222704413,0.639175191219205,0.166303285405628
26299,0.0511926392389025,0.510989721013315,0.197017313065705,0.240800326682077
26300,0.118443535885669,0.0657289235579706,0.404882425618095,0.410945114938266
26301,0.172836820606114,0.357578791255946,0.142042665139286,0.327541722998654
26302,0.0964990245757529,0.696328382333903,0.0507103386950395,0.156462254395304
26303,0.337629741266559,0.310814946203426,0.0891952778216405,0.262360034708375
26304,0.148085872067502,0.0876425042666483,0.430926907948108,0.333344715717741
26305,0.58074530652207,0.156260029685398,0.0354175936518675,0.227577070140664
26306,0.26907674680773,0.0860786071962376,0.128608921504788,0.516235724491245
26307,0.039033231760269,0.504212709053564,0.330661954601915,0.126092104584252
26308,0.306399086653865,0.0676259933245741,0.145372850588583,0.480602069432978
26309,0.048957649983635,0.342651144629089,0.119207612308133,0.489183593079143
26310,0.0821149503740664,0.235019824430716,0.479016696095927,0.203848529099291
26311,0.47939996431597,0.26564128564827,0.0840735338569276,0.170885216178832
26312,0.228023305234154,0.450608540967706,0.178752936851643,0.142615216946496
26313,0.178243392757034,0.355949120591322,0.207591901412651,0.258215585238993
26314,0.0456374756583982,0.404166882328789,0.176294219978709,0.373901422034104
26315,0.41557483554688,0.119046702285535,0.0881448802617029,0.377233581905882
26316,0.127115751914941,0.107579078811257,0.193685801951276,0.571619367322526
26317,0.243243463763262,0.266737210640072,0.201754946498748,0.288264379097919
26318,0.142626017361302,0.17987655522094,0.221137334066415,0.456360093351344
26319,0.661599095892577,0.0258819667553492,0.0735153386485795,0.239003598703494
26320,0.112047958600465,0.220562929832552,0.104177457825585,0.563211653741399
26321,0.424187944597814,0.177408417494308,0.172685796897924,0.225717841009954
26322,0.327291350828117,0.234562872075997,0.284242590726239,0.153903186369648
26323,0.0622458329033555,0.609225254755357,0.143562524017963,0.184966388323325
26324,0.164829973361841,0.224944858901595,0.151241049029168,0.458984118707397
26325,0.251622787734328,0.0645884011855048,0.422533214317328,0.261255596762839
26326,0.562328437544411,0.113106814929979,0.22576850473074,0.0987962427948705
26327,0.63081458077574,0.0513177919657634,0.0400353604532495,0.277832266805247
26328,0.253596609444883,0.504977317377596,0.0426525308479924,0.198773542329529
26329,0.142825047291471,0.0944547997449953,0.491435806672949,0.271284346290585
26330,0.131244432237794,0.218387553147111,0.194369855460265,0.455998159154831
26331,0.372361839836626,0.102343794323278,0.156789128012726,0.368505237827369
26332,0.159448153132122,0.527250523191897,0.0871700795664882,0.226131244109493
26333,0.24361386714037,0.107764885751677,0.253113635505816,0.395507611602138
26334,0.515871806431095,0.102421784523255,0.0602295030983971,0.321476905947252
26335,0.132544965994081,0.340788038054241,0.310449270570886,0.216217725380793
26336,0.197698404350305,0.231076674727669,0.221732916902895,0.349492004019131
26337,0.428830733771276,0.0212586240716497,0.422333998770295,0.12757664338678
26338,0.0673635922255406,0.326736827079436,0.0760476726218174,0.529851908073206
26339,0.101853232003788,0.488272143991499,0.0975205582827626,0.312354065721951
26340,0.184360536530532,0.0826476212307299,0.204362308159432,0.528629534079305
26341,0.0238056520514398,0.038925229908026,0.790458453318745,0.146810664721789
26342,0.383203534186436,0.206023194582925,0.272379167046026,0.138394104184613
26343,0.314388179289409,0.256792295738325,0.260044560241485,0.168774964730781
26344,0.230819505188778,0.279432506275603,0.279674229982653,0.210073758552967
26345,0.347879413531921,0.163359373647198,0.37115303102203,0.117608181798851
26346,0.0516092009847319,0.0661501425880578,0.0883013057354128,0.793939350691798
26347,0.18514053715853,0.633322095493772,0.0141656452086215,0.167371722139077
26348,0.0568193975424838,0.175218157621613,0.588599790988869,0.179362653847034
26349,0.0488324871522163,0.0952610901831344,0.593781678835007,0.262124743829642
26350,0.289855545454327,0.0675299310369692,0.264994973116842,0.377619550391862
26351,0.019280978139651,0.459934066775934,0.250972724888691,0.269812230195723
26352,0.107018493246208,0.204187281680361,0.109430220118353,0.579364004955078
26353,0.0649668385292389,0.447835587109454,0.151106878641465,0.336090695719842
26354,0.259975112420506,0.344655531140954,0.0956884054659659,0.299680950972574
26355,0.153383299224729,0.0909536429025026,0.139374290161895,0.616288767710873
26356,0.312039615520191,0.0484697902764837,0.500650732515261,0.138839861688065
26357,0.0534202487076555,0.187023911278871,0.241822722035146,0.517733117978327
26358,0.220908328119877,0.15788100539638,0.447962810287046,0.173247856196698
26359,0.165963688674813,0.182628525074938,0.123887426753465,0.527520359496784
26360,0.373558069657527,0.255959148657083,0.164344082487714,0.206138699197676
26361,0.106882485306831,0.120135750486127,0.500230421067101,0.27275134313994
26362,0.203679059288214,0.129147309106529,0.199965306826657,0.4672083247786
26363,0.0470523917734411,0.373143996715361,0.132646245570207,0.44715736594099
26364,0.699678440554376,0.102467836613518,0.0435574433903876,0.154296279441718
26365,0.0341963718587506,0.336759607782405,0.200565350962819,0.428478669396026
26366,0.381757080349736,0.0639590516923786,0.280960341483195,0.273323526474691
26367,0.30897350419697,0.0834287384093868,0.122411744584674,0.485186012808969
26368,0.125504291290841,0.116343038146315,0.581662821831007,0.176489848731837
26369,0.0696016973119126,0.429053812782336,0.115490220211789,0.385854269693963
26370,0.591388575970283,0.112498887297731,0.0468046621149683,0.249307874617019
26371,0.0738130034245574,0.0879432017077149,0.16971883235382,0.668524962513907
26372,0.39401904766247,0.413228433120905,0.0441883656219039,0.148564153594721
26373,0.0721305586297716,0.586254032176474,0.0921101627993697,0.249505246394385
26374,0.091091549431141,0.0661662394848769,0.139691916416395,0.703050294667587
26375,0.0431713739446628,0.0700425088682427,0.637719566899453,0.249066550287642
26376,0.476870567850293,0.171567248788734,0.113142191251023,0.23841999210995
26377,0.179228681299066,0.172970718130189,0.100107859646843,0.547692740923903
26378,0.14462452858797,0.0892246338097136,0.341692731369706,0.424458106232611
26379,0.0394822207474013,0.096578113428656,0.59549470974619,0.268444956077753
26380,0.0862341849674624,0.199853698545672,0.349816437028828,0.364095679458038
26381,0.579688982433434,0.030272316217695,0.146961012411241,0.24307768893763
26382,0.243603831546948,0.18918446512702,0.253725748867346,0.313485954458686
26383,0.178636554960528,0.560296403692638,0.0372180311897003,0.223849010157134
26384,0.225718259597734,0.0815796001454057,0.397460129421526,0.295242010835334
26385,0.0589089444486779,0.212988574459758,0.0688585991796982,0.659243881911866
26386,0.0501926562807366,0.112225730173728,0.540138486557295,0.297443126988241
26387,0.0884677782775006,0.115411659864978,0.185904614412067,0.610215947445455
26388,0.17911337320398,0.0990435057695614,0.367241748245508,0.354601372780951
26389,0.152516574162452,0.393307882364501,0.230034702203123,0.224140841269925
26390,0.256822517637014,0.34048068249971,0.120221538953909,0.282475260909367
26391,0.374206345051413,0.0944451250714947,0.397142273658536,0.134206256218556
26392,0.189222717053704,0.315996540355051,0.319006511724884,0.175774230866361
26393,0.0683013012220342,0.162386213600825,0.256455799355216,0.512856685821924
26394,0.473670542479062,0.113970580227589,0.107726552981432,0.304632324311917
26395,0.606438442781479,0.0871128578340592,0.0396065579271028,0.266842141457359
26396,0.354287821083487,0.135456948274223,0.168230538854768,0.342024691787522
26397,0.304361902115763,0.16724651027904,0.251284246235317,0.27710734136988
26398,0.217515907316046,0.198575247402277,0.0723386785153577,0.511570166766319
26399,0.193080028289828,0.400930528464443,0.102118460197995,0.303870983047734
26400,0.263909301522286,0.108795028720071,0.204784562548869,0.422511107208773
26401,0.195316715689946,0.307975949704923,0.320704512962476,0.176002821642654
26402,0.0246839122912759,0.483735683274596,0.113125480465265,0.378454923968864
26403,0.169138413031434,0.60685515116635,0.0542764121021229,0.169730023700094
26404,0.601114869036667,0.0366956921578861,0.0742202666352097,0.287969172170238
26405,0.0354812330000051,0.695771451070247,0.0438108358441681,0.22493648008558
26406,0.24964994176396,0.0591901143551111,0.505100213325343,0.186059730555585
26407,0.164223156328873,0.168458020042721,0.378390785427254,0.288928038201153
26408,0.232112525703894,0.0968794379446335,0.326394652396585,0.344613383954888
26409,0.149014989289019,0.446246120416614,0.0854564900525006,0.319282400241867
26410,0.056647484662869,0.0563724056165814,0.50871740072946,0.37826270899109
26411,0.247936310373125,0.421160548729003,0.178233133823699,0.152670007074174
26412,0.308554778003807,0.331350608948151,0.0746787178225488,0.285415895225493
26413,0.14275826779741,0.0511903713193516,0.502670481801872,0.303380879081366
26414,0.114799547719259,0.162253388133046,0.273570341932417,0.449376722215278
26415,0.333842788399708,0.41882869981708,0.120194185382853,0.127134326400359
26416,0.0766999933850439,0.176565019742882,0.533300061600517,0.213434925271558
26417,0.0972355940032076,0.463739185661142,0.0685767277399363,0.370448492595715
26418,0.168019999735926,0.136651524455576,0.0970010693259809,0.598327406482517
26419,0.144772894227355,0.251867967688391,0.193187244899459,0.410171893184794
26420,0.454131352065328,0.060648331748204,0.136887743057435,0.348332573129033
26421,0.693782649411047,0.0804779868612851,0.0561403764768718,0.169598987250796
26422,0.311187809914497,0.0441874684231789,0.239975092317799,0.404649629344525
26423,0.0645253113346,0.357492703638384,0.330270944641932,0.247711040385084
26424,0.591984029869588,0.0535325533118399,0.0597286044006376,0.294754812417934
26425,0.23791268165384,0.0644274872321628,0.462218218685033,0.235441612428965
26426,0.127102204533591,0.101646953208025,0.437611257338491,0.333639584919893
26427,0.131570975648095,0.493007902319624,0.165057857461439,0.210363264570841
26428,0.360032742507934,0.344381983608586,0.0740964378788987,0.221488836004582
26429,0.0154863587051684,0.655089808184128,0.173330633273167,0.156093199837537
26430,0.268838517778953,0.22540887410077,0.197839731032626,0.307912877087651
26431,0.400394302767443,0.404344815033183,0.0323235627453444,0.16293731945403
26432,0.056927602897437,0.36584183150498,0.115013115248176,0.462217450349407
26433,0.177609511070725,0.343025989365792,0.0874736589391603,0.391890840624322
26434,0.159246733285232,0.286487780845249,0.105705858680736,0.448559627188783
26435,0.118785438119549,0.170415914637905,0.0830689669405947,0.627729680301952
26436,0.529270090814697,0.103242120153314,0.160732611191719,0.206755177840269
26437,0.0366106626040568,0.0755173229075451,0.551474501529537,0.336397512958861
26438,0.113862873601804,0.188862573224544,0.444598116732973,0.252676436440679
26439,0.0589996104366689,0.0566941416178237,0.640928731149015,0.243377516796493
26440,0.0625192482223134,0.457778773854018,0.136506370506933,0.343195607416736
26441,0.0930143188797578,0.602464375718195,0.0564785583697708,0.248042747032276
26442,0.392812040080619,0.138945654674669,0.0515589595803481,0.416683345664364
26443,0.606760870786293,0.0580288945275811,0.128032244935572,0.207177989750554
26444,0.716337052035447,0.083424880424709,0.0573688149632263,0.142869252576618
26445,0.365204549272138,0.303247024289554,0.0400846637239304,0.291463762714378
26446,0.398652932693582,0.302805892207195,0.0239059616840722,0.274635213415151
26447,0.266699243283906,0.26403644770563,0.312890367879394,0.15637394113107
26448,0.309235851590705,0.150356262090495,0.284906620648616,0.255501265670185
26449,0.542970104772394,0.183201690320628,0.0615318408639114,0.212296364043067
26450,0.390238701080951,0.166296815879684,0.0556066766961249,0.387857806343241
26451,0.382005629219781,0.305487036025207,0.203374804507792,0.10913253024722
26452,0.0894396229531778,0.417946320772403,0.202480608815912,0.290133447458508
26453,0.0409842749533982,0.224030903642841,0.532432533737851,0.202552287665911
26454,0.299149435092327,0.0536197032447262,0.339395345785626,0.30783551587732
26455,0.120839595044331,0.406999344492249,0.0677077471878579,0.404453313275562
26456,0.189565958181206,0.169273627405033,0.266038998818732,0.375121415595029
26457,0.17898026427425,0.206404781400726,0.421973496244608,0.192641458080416
26458,0.178469781903153,0.416665879909484,0.141569748025977,0.263294590161386
26459,0.0384340047881278,0.0521354107279824,0.616951023008216,0.292479561475674
26460,0.124958411463961,0.26420453051047,0.0950769553391591,0.51576010268641
26461,0.179560538004783,0.272080072040728,0.375354713749267,0.173004676205222
26462,0.506261374796038,0.294526448741928,0.0416067513746576,0.157605425087377
26463,0.0844605471731155,0.0799765976386422,0.594146898781339,0.241415956406904
26464,0.0658909575531607,0.331554810916668,0.32335701291943,0.279197218610741
26465,0.032694040882361,0.340665534100168,0.219998978780655,0.406641446236816
26466,0.163463875307146,0.452564064349273,0.0344791882000538,0.349492872143527
26467,0.667083581263819,0.0453360932187222,0.0306902806535425,0.256890044863917
26468,0.266012999379922,0.339327282512107,0.253828856038761,0.14083086206921
26469,0.452524385392769,0.238152238120237,0.114372743818627,0.194950632668367
26470,0.0603828077731425,0.39967906112426,0.195133660183268,0.344804470919329
26471,0.518854205492868,0.101491778734699,0.25001566175105,0.129638354021382
26472,0.0419725223129248,0.0772375131872349,0.763027754175251,0.117762210324589
26473,0.605085028040924,0.0591254516684015,0.0877340041069963,0.248055516183679
26474,0.0312196966994665,0.171175046310286,0.494705815682023,0.302899441308225
26475,0.36272378655547,0.0721860606434515,0.139384504972698,0.425705647828381
26476,0.0676212727899386,0.252598855079328,0.209148782642464,0.470631089488269
26477,0.132451496329238,0.172639302129192,0.47307365641481,0.221835545126759
26478,0.283433513761839,0.256061723896156,0.199383534618908,0.261121227723098
26479,0.108735371890341,0.173874561961579,0.422749321445502,0.294640744702578
26480,0.38692946066786,0.307871823202757,0.0752288440181145,0.229969872111269
26481,0.114360886477136,0.14411660698614,0.403082698622231,0.338439807914493
26482,0.249484470665292,0.0961343914836513,0.43415128498786,0.220229852863197
26483,0.259755232488124,0.0979852062264147,0.261194893286715,0.381064667998747
26484,0.15776407947484,0.0423820670209236,0.54318937926002,0.256664474244216
26485,0.0820091902162198,0.585378867805931,0.0695235246829614,0.263088417294888
26486,0.203047075988142,0.145243549905788,0.0968614833755594,0.554847890730511
26487,0.0172426889287359,0.26985712936058,0.571189730401424,0.141710451309261
26488,0.193459269346577,0.237551737855199,0.253586873913468,0.315402118884756
26489,0.24807782981835,0.180296611303534,0.217804870641856,0.35382068823626
26490,0.261077022096872,0.148359200903678,0.261466028957529,0.32909774804192
26491,0.461652250988652,0.275400410386645,0.0511263845742509,0.211820954050452
26492,0.386526630449741,0.321822340612509,0.0880865976365583,0.203564431301192
26493,0.085670192960141,0.0496811840843026,0.520594992982859,0.344053629972698
26494,0.402670971004195,0.338928201186994,0.0581542371722111,0.200246590636599
26495,0.502015333376185,0.0813375694613761,0.0229867007975491,0.39366039636489
26496,0.104207625981054,0.128035417067049,0.619136393876003,0.148620563075894
26497,0.314247610118476,0.0225731337644099,0.514750880675397,0.148428375441718
26498,0.500957326244038,0.0357824733417278,0.0777233234935429,0.385536876920692
26499,0.209083931246702,0.0706529169733286,0.378951665467436,0.341311486312534
26500,0.243501267763932,0.52091115140885,0.0764282828923602,0.159159297934858
26501,0.44171184087974,0.18314928694098,0.132486252873565,0.242652619305714
26502,0.532896401866313,0.0847527242617249,0.0831258253411677,0.299225048530794
26503,0.0941027868731273,0.622615705463078,0.118400113280172,0.164881394383623
26504,0.119491928140717,0.0891647399466861,0.273848553487075,0.517494778425523
26505,0.0622780789209962,0.389102361283531,0.241607756688967,0.307011803106506
26506,0.0850069646945089,0.256134257165928,0.269928575029069,0.388930203110494
26507,0.597453618755276,0.0848651036586643,0.0559479571587667,0.261733320427293
26508,0.360037579966414,0.260834272467313,0.0301426519383259,0.348985495627947
26509,0.0967844185802719,0.721684195740654,0.0282284481368259,0.153302937542248
26510,0.181858156254684,0.205682922599887,0.181971131541284,0.430487789604145
26511,0.0610584385346185,0.275164108979244,0.564190626861291,0.0995868256248467
26512,0.121098051314261,0.122349607556544,0.186041883678772,0.570510457450423
26513,0.0852857664519439,0.351708234733465,0.437058796105182,0.12594720270941
26514,0.100109921103017,0.376778220866047,0.14306850104217,0.380043356988766
26515,0.284984076163092,0.163151791122777,0.334741767350785,0.217122365363347
26516,0.16571215503524,0.105337184965974,0.182138997426686,0.5468116625721
26517,0.188357723606329,0.3181461822115,0.169940480133958,0.323555614048214
26518,0.140337766660586,0.0629833867388742,0.372004421896507,0.424674424704033
26519,0.425382692791503,0.176786930289986,0.0879805540928569,0.309849822825655
26520,0.583380744273169,0.0620667456183801,0.0400710935604222,0.314481416548029
26521,0.180469966527653,0.435527461093825,0.0717502803826223,0.312252291995899
26522,0.780896959217703,0.0298472226059935,0.0233980642788383,0.165857753897465
26523,0.0556001114357381,0.38997432981757,0.355810398660753,0.198615160085939
26524,0.371050836724838,0.0880455052410287,0.0897930296316412,0.451110628402492
26525,0.215173983278062,0.0920298066579228,0.147140218855532,0.545655991208483
26526,0.0649440426917993,0.500197700230002,0.280009908726167,0.154848348352032
26527,0.174440562811945,0.121001075701061,0.397239516843692,0.307318844643302
26528,0.0329398351698359,0.57326328559656,0.203241475546275,0.190555403687329
26529,0.321231749716975,0.0609073155023517,0.454559543356353,0.16330139142432
26530,0.537006217419469,0.171918938062237,0.0788688365613757,0.212206007956918
26531,0.136123405694974,0.197623783561058,0.455935261194909,0.210317549549059
26532,0.171430053262331,0.584812664976136,0.050297196035504,0.19346008572603
26533,0.0757790270246905,0.585791951737522,0.0908779508977529,0.247551070340035
26534,0.638910006031539,0.0861604122264166,0.125533633187302,0.149395948554742
26535,0.046669341627258,0.255700252703404,0.491649325763581,0.205981079905757
26536,0.20125541709458,0.101772417358479,0.164820931696659,0.532151233850282
26537,0.187190059432287,0.416367299704481,0.10319549734804,0.293247143515192
26538,0.0487753018535385,0.0423522737265894,0.721346192621084,0.187526231798788
26539,0.0662439267121269,0.405745303888806,0.33639502927297,0.191615740126097
26540,0.308290102054833,0.319162213950924,0.204758327974124,0.167789356020119
26541,0.323374971425326,0.106225959290859,0.0514602437305232,0.518938825553292
26542,0.335201263839795,0.228635622879845,0.200832309570334,0.235330803710026
26543,0.349470107281144,0.244188887819417,0.0372801027271238,0.369060902172315
26544,0.0911398191149278,0.482116970649993,0.0679265506924972,0.358816659542582
26545,0.211232578184626,0.138055177290675,0.129254816324208,0.52145742820049
26546,0.247582827538898,0.256647608200677,0.283753069048753,0.212016495211671
26547,0.536646714829243,0.0727805227220075,0.0387955235613218,0.351777238887428
26548,0.552922756016864,0.0707254795346758,0.252706092629321,0.12364567181914
26549,0.0664876674307402,0.0869286500183836,0.639093777268201,0.207489905282676
26550,0.124943274841219,0.158253744141237,0.606074393502515,0.11072858751503
26551,0.0656451640532731,0.3621032892044,0.425948677760481,0.146302868981846
26552,0.358209293073748,0.0669508489129093,0.211538746785444,0.363301111227899
26553,0.113141990858791,0.481198290554374,0.104242884170543,0.301416834416293
26554,0.33952289146239,0.328170948101741,0.236597364903323,0.095708795532546
26555,0.123272020970951,0.0480782233489037,0.555915048424434,0.272734707255711
26556,0.16985199647696,0.102793017854187,0.323117572803714,0.404237412865139
26557,0.350360241299278,0.12743859576414,0.0888610740304755,0.433340088906106
26558,0.217634085153922,0.173508870527565,0.408822262502296,0.200034781816217
26559,0.38081055491239,0.269853890402764,0.0470970188901697,0.302238535794676
26560,0.143155909818118,0.178053999943811,0.543018268891973,0.135771821346098
26561,0.0751929749664628,0.436976715474803,0.119708306289137,0.368122003269597
26562,0.0755922633023412,0.32471963981537,0.324758982405014,0.274929114477275
