No,Ch1,Ch2,Ch3,Ch4
21566,0.242915545214273,0.178057025835069,0.418536785662215,0.160490643288443
21567,0.0705623779501038,0.49467726852696,0.286092487971747,0.14866786555119
21568,0.379427516590941,0.33699025009864,0.165346287703588,0.118235945606831
21569,0.446984498898069,0.171008438837134,0.269906256923761,0.112100805341035
21570,0.308502921095265,0.288732570034802,0.299250765001458,0.103513743868475
21571,0.12943915249478,0.526122596983938,0.235221984718182,0.109216265803101
21572,0.308431487284536,0.0581799224014229,0.465259002178514,0.168129588135527
21573,0.224637927662453,0.253821885355244,0.229906973619802,0.291633213362501
21574,0.230125321659357,0.238153268709999,0.383213071605912,0.148508338024732
21575,0.0871837169071229,0.141773435073495,0.613462031609165,0.157580816410217
21576,0.259508159757894,0.191780540891932,0.337467684249388,0.211243615100787
21577,0.172260542976796,0.158573247414214,0.529334641129334,0.139831568479656
21578,0.327118301355839,0.28394051651535,0.209399805991609,0.179541376137202
21579,0.130258962802673,0.294909824572578,0.254584542841496,0.320246669783253
21580,0.121646605444893,0.387789335788919,0.302045498651278,0.18851856011491
21581,0.33928396721799,0.127038876007094,0.327832162958414,0.205844993816502
21582,0.187664567874768,0.248133526662323,0.342797016102902,0.221404889360007
21583,0.19218813319999,0.26348180015384,0.375513602144892,0.168816464501279
21584,0.313396206417166,0.253096294381375,0.102822438242742,0.330685060958718
21585,0.387980259703053,0.219301987988853,0.101869998919325,0.290847753388769
21586,0.25751808395649,0.310166538538794,0.212631714091943,0.219683663412773
21587,0.0143659689791636,0.577751797972404,0.134864330401885,0.273017902646548
21588,0.0205747380976995,0.0329510362286621,0.565995518815468,0.38047870685817
21589,0.128462301251756,0.0403317277083637,0.603919519297329,0.227286451742551
21590,0.0117233426598593,0.0841144617476623,0.572774991151388,0.33138720444109
21591,0.0173953882688988,0.226149613939888,0.426879130167491,0.329575867623722
21592,0.0466934418362994,0.153354073592647,0.0383755611758215,0.761576923395232
21593,0.635924766285475,0.136153938769107,0.0830097864724299,0.144911508472988
21594,0.134578569814521,0.155453903917361,0.170626663442172,0.539340862825945
21595,0.312077961384242,0.109056810355138,0.0482082304288081,0.530656997831811
21596,0.11907434464946,0.557250512506106,0.0884529931678283,0.235222149676606
21597,0.356280809975095,0.200254736700548,0.0410987739013838,0.402365679422973
21598,0.0869398064993417,0.325521253149862,0.34238231191033,0.245156628440466
21599,0.279368157920489,0.348028587852593,0.262142103993102,0.110461150233817
21600,0.043994956514458,0.0869008278782977,0.049482266515029,0.819621949092215
21601,0.0294996246972365,0.125103900429276,0.2149541164441,0.630442358429387
21602,0.0109295529651819,0.337806208365792,0.444930210988346,0.20633402768068
21603,0.532420965337421,0.0160429686703288,0.108228133560397,0.343307932431853
21604,0.0282452335631282,0.270115496756086,0.299844446443514,0.401794823237271
21605,0.283987038596968,0.0383146629330825,0.423388492375902,0.254309806094047
21606,0.223952938851813,0.0251890353436485,0.343914391790409,0.40694363401413
21607,0.414505500687391,0.0625815969078239,0.0683826879657047,0.45453021443908
21608,0.276401292415554,0.419704742040376,0.022786814338083,0.281107151205988
21609,0.0464920011353409,0.0450859849964651,0.38613576514718,0.522286248721014
21610,0.318701255783224,0.304904624771516,0.0221844661843749,0.354209653260885
21611,0.0594876481380458,0.0281445821326635,0.57346712051094,0.338900649218351
21612,0.525663657940553,0.154693295213042,0.189986558265392,0.129656488581013
21613,0.0418352065823311,0.203935794604486,0.259142352072039,0.495086646741144
21614,0.0978036257685027,0.369417799186923,0.302819079632458,0.229959495412117
21615,0.230627831083654,0.337913448535358,0.0323379410223718,0.399120779358616
21616,0.319600452315961,0.0111967916310829,0.529093924922401,0.140108831130555
21617,0.293225282201295,0.301755670961689,0.238848674828411,0.166170372008605
21618,0.169556973973461,0.0857176190784668,0.251740211619908,0.492985195328164
21619,0.123551389018996,0.147557359793453,0.0801993378311651,0.648691913356386
21620,0.0781717668263105,0.654195389625268,0.0625010484662703,0.205131795082151
21621,0.261149136200023,0.283875613571053,0.198648252681627,0.256326997547297
21622,0.116179686925197,0.154695289905665,0.18244690864164,0.546678114527498
21623,0.419472721964334,0.240448302179916,0.227920778625378,0.112158197230372
21624,0.420177250837402,0.215491886666399,0.173790152871252,0.190540709624947
21625,0.137546628431575,0.16670136012061,0.555831479103965,0.139920532343849
21626,0.42342224730055,0.169231066397699,0.257842182506922,0.149504503794829
21627,0.285364260042976,0.170790525817795,0.365836287550303,0.178008926588927
21628,0.151986236892932,0.30978915405196,0.42461881696421,0.113605792090898
21629,0.330695320605921,0.254239419183331,0.22175561981963,0.193309640391118
21630,0.311778713986219,0.285908032873995,0.23655638894663,0.165756864193156
21631,0.180759114703214,0.155901863535519,0.589609764025145,0.0737292577361224
21632,0.210295177613647,0.177991806012733,0.45764186241388,0.15407115395974
21633,0.269171910886836,0.295727906718909,0.269486869782944,0.165613312611311
21634,0.228154844794928,0.522507655859543,0.162409604766759,0.0869278945787711
21635,0.159410190690869,0.449993553862495,0.288022835208689,0.102573420237947
21636,0.467757324002048,0.138246510104224,0.223943521954857,0.17005264393887
21637,0.322080318196877,0.434047313866445,0.134032429927786,0.109839938008892
21638,0.295832170433983,0.27529564421742,0.271713277867726,0.15715890748087
21639,0.287295695149612,0.46359128613768,0.162463908177362,0.0866491105353462
21640,0.396883583349049,0.357040779286009,0.160751652882569,0.0853239844823733
21641,0.405141854771526,0.14395255459402,0.318633658919115,0.13227193171534
21642,0.36473165644731,0.344397501089813,0.156436908733386,0.134433933729491
21643,0.11377587817236,0.309290205460105,0.377928486869083,0.199005429498452
21644,0.322257221432458,0.244989807307797,0.223273477130225,0.20947949412952
21645,0.110668627060185,0.556879501211357,0.184264226453306,0.148187645275152
21646,0.273520419943747,0.153062233248115,0.437608569827612,0.135808776980526
21647,0.218417495098057,0.242296515015764,0.395643930331961,0.143642059554218
21648,0.354370326316375,0.142141870758045,0.365622757962932,0.137865044962649
21649,0.435759801617749,0.139184877553238,0.324827282718831,0.100228038110181
21650,0.335448072290303,0.354559034660865,0.171038591093742,0.138954301955089
21651,0.33980857504792,0.159771785978023,0.240287290007238,0.260132348966819
21652,0.12089445803675,0.212713008783443,0.261366700694829,0.405025832484978
21653,0.513602735624617,0.16736394495488,0.167815010428819,0.151218308991684
21654,0.52873002735504,0.169596865234185,0.206667942459446,0.0950051649513292
21655,0.354116242967514,0.105843516326307,0.431403710163778,0.108636530542401
21656,0.426910767794996,0.166317786790062,0.291480405202009,0.115291040212932
21657,0.564101908560439,0.0818745204696417,0.170579408299131,0.183444162670788
21658,0.271310329855599,0.142445121452356,0.434069554541656,0.152174994150389
21659,0.540359418636497,0.163639916991976,0.111350216480298,0.184650447891229
21660,0.214565311559772,0.187150609680578,0.341924965654345,0.256359113105305
21661,0.120961450506326,0.336384714907095,0.215480853142267,0.327172981444311
21662,0.0542034529384171,0.547349798732829,0.13507094756165,0.263375800767105
21663,0.167191416819565,0.165196051831733,0.464238700488933,0.203373830859769
21664,0.0678624643590268,0.454945408347029,0.206888027309698,0.270304099984246
21665,0.334859252881029,0.254712527947815,0.196379060202005,0.214049158969152
21666,0.101794565167989,0.309361114177106,0.392260739549924,0.196583581104981
21667,0.0483864906620113,0.461644010744283,0.336388887532502,0.153580611061204
21668,0.267864262006476,0.24631707849506,0.288519787893691,0.197298871604772
21669,0.401183991539808,0.197011135673493,0.121944422589108,0.279860450197591
21670,0.167347007880105,0.395760037306995,0.137523960065972,0.299368994746928
21671,0.146817274227605,0.422688845371567,0.305337910532666,0.125155969868163
21672,0.0724174459462651,0.22229424139786,0.50033203405674,0.204956278599136
21673,0.367499834102333,0.183714069529054,0.0617776398127531,0.387008456555861
21674,0.409463901008881,0.132726323066674,0.309881253390292,0.147928522534154
21675,0.438622865153108,0.154395855564284,0.144436146636887,0.262545132645721
21676,0.0944030696725929,0.489583111290685,0.19214692192517,0.223866897111551
21677,0.409718664443643,0.0562962280180476,0.379249931606781,0.154735175931528
21678,0.165497966684148,0.491144377278002,0.238023604046837,0.105334051991013
21679,0.196500657689372,0.4699661755209,0.122053590058456,0.211479576731272
21680,0.284192423748613,0.09165231368498,0.405412746144178,0.218742516422229
21681,0.199801982211157,0.0363499506657459,0.137967705929268,0.625880361193829
21682,0.33881074336475,0.220799311931209,0.0461891133934242,0.394200831310617
21683,0.247983148604311,0.0208851887079116,0.353752075142564,0.377379587545214
21684,0.383898362159818,0.0282452615166659,0.199429840021319,0.388426536302197
21685,0.119059522813539,0.19645851636857,0.0810719639926439,0.603409996825248
21686,0.0660838220795952,0.44517244124966,0.116350126999812,0.372393609670933
21687,0.132633567959064,0.0979725867370916,0.350693807015796,0.418700038288048
21688,0.140887753565646,0.138189336845244,0.0490584649480284,0.671864444641082
21689,0.118654045628124,0.565361301571677,0.0513757649336396,0.26460888786656
21690,0.651874475458624,0.140520423398716,0.0166293261684669,0.190975774974192
21691,0.09694134468282,0.425093210882302,0.0745727242604738,0.403392720174405
21692,0.0231745691085096,0.329242590028825,0.456902679246473,0.190680161616193
21693,0.0391563654736772,0.625908906157236,0.0514532692694469,0.28348145909964
21694,0.109057061534656,0.307238216134579,0.119967910824644,0.463736811506121
21695,0.339363033652269,0.320776387890152,0.123729737712979,0.2161308407446
21696,0.485928796585499,0.111299622474802,0.022828730221645,0.379942850718054
21697,0.548512653516933,0.10993359975802,0.118514469066449,0.223039277658599
21698,0.127647985630694,0.0275662090755722,0.710524108147871,0.134261697145864
21699,0.214821755990722,0.563886796900309,0.0185390592830949,0.202752387825875
21700,0.228310689950678,0.266727414547577,0.208684608920558,0.296277286581187
21701,0.514713612154488,0.139050290876142,0.101758330087495,0.244477766881875
21702,0.0318644300748243,0.588027919563401,0.0616576728754229,0.318449977486352
21703,0.0888452798820974,0.362601674629971,0.0692327451387251,0.479320300349206
21704,0.0744026306803076,0.181602559305047,0.472852990883564,0.271141819131081
21705,0.187869910056266,0.0264085374764483,0.348290936581856,0.43743061588543
21706,0.0988879521024429,0.472473432251878,0.0666515807772371,0.361987034868442
21707,0.0895618686222973,0.507391325777845,0.164640377077861,0.238406428521997
21708,0.0344226749223352,0.460374414006234,0.12762293845869,0.377579972612741
21709,0.318879888390796,0.162638956755931,0.0362792055116333,0.482201949341639
21710,0.360410130701036,0.0596010476861448,0.0562520444250999,0.52373677718772
21711,0.0293506482868275,0.577777592012575,0.162818863212474,0.230052896488123
21712,0.0675936767221954,0.334462150485687,0.0614851150394743,0.536459057752643
21713,0.654633250946704,0.0649213211285507,0.0845888520119403,0.195856575912805
21714,0.0347496718993492,0.638016948681931,0.0349093487737551,0.292324030644965
21715,0.516660490799317,0.110375295272133,0.179376409277003,0.193587804651547
21716,0.116950425841348,0.111291108094441,0.200178489948431,0.57157997611578
21717,0.386592433806267,0.0180501244447037,0.370322868460705,0.225034573288324
21718,0.387132497056892,0.429126236151011,0.0140936915252245,0.169647575266873
21719,0.209570978438774,0.152281711782239,0.169854389913468,0.468292919865518
21720,0.360697499767771,0.274598628897034,0.046027347363075,0.31867652397212
21721,0.13144311195973,0.183727964337422,0.395318266624831,0.289510657078017
21722,0.585391707859941,0.186199601462287,0.0242379660322906,0.204170724645482
21723,0.0454787746749052,0.302942422693828,0.238493931209772,0.413084871421495
21724,0.314156117065575,0.193600935797055,0.231504284102215,0.260738663035155
21725,0.0811516355173974,0.150506160938048,0.278801269990007,0.489540933554547
21726,0.0307464513745504,0.375587424218209,0.397069127808881,0.196596996598359
21727,0.259623059744263,0.0465051144960761,0.497162609704966,0.196709216054695
21728,0.107510759490247,0.135370960653992,0.332806481008741,0.424311798847021
21729,0.28613048879028,0.215543965889951,0.141025954725224,0.357299590594546
21730,0.468297646696627,0.0505124828070532,0.0920514983323961,0.389138372163923
21731,0.182526851167604,0.178459069434874,0.456533134858333,0.182480944539189
21732,0.338896664169912,0.182500981135888,0.0994323372099135,0.379170017484287
21733,0.441173558831007,0.311713489292747,0.0873763094824935,0.159736642393752
21734,0.029389027353164,0.551140242239669,0.210380054354465,0.209090676052702
21735,0.213499691997705,0.334498560455869,0.0505285155422506,0.401473232004175
21736,0.691568264566763,0.0815992464777491,0.0863151075009279,0.14051738145456
21737,0.3980515699085,0.168159085729164,0.311949881402724,0.121839462959611
21738,0.366219608114305,0.279640359092982,0.264454466434803,0.0896855663579097
21739,0.236724942678967,0.293536900166544,0.314413868936353,0.155324288218136
21740,0.0989778241580205,0.499003816923135,0.264022816501581,0.137995542417264
21741,0.343362767744767,0.312728140033726,0.189487642452824,0.154421449768683
21742,0.274984493439191,0.149888483829386,0.311167386864156,0.263959635867267
21743,0.295504022384956,0.432579486019442,0.0661925357055946,0.205723955890008
21744,0.256486345902946,0.191482253603292,0.414648953368461,0.137382447125302
21745,0.260027255962302,0.152016587129893,0.397766903007475,0.19018925390033
21746,0.332911355867214,0.336072658475221,0.180490356403143,0.150525629254422
21747,0.569864496595883,0.143153482096896,0.147855093777337,0.139126927529884
21748,0.311416531741975,0.441925449812686,0.11446274405895,0.13219527438639
21749,0.15564260557828,0.366017517132319,0.311600494304356,0.166739382985045
21750,0.157968168519297,0.174216973281786,0.399125248188937,0.26868961000998
21751,0.581134087842992,0.0666013001837052,0.262821167269632,0.0894434447036705
21752,0.427327853711191,0.1228184401579,0.268407685759945,0.181446020370965
21753,0.332298809301399,0.218732859069417,0.261193172329715,0.187775159299469
21754,0.192271549951196,0.508127641272741,0.123149570761968,0.176451238014095
21755,0.245550212570017,0.295793892947765,0.294583395107918,0.1640724993743
21756,0.0744007754949299,0.398714223680363,0.144029292248059,0.382855708576648
21757,0.117282577356767,0.636006222677337,0.0144747798009373,0.232236420164959
21758,0.248844888252533,0.22957523008926,0.240285387509321,0.281294494148886
21759,0.409089545884379,0.26785424786432,0.168050653719526,0.155005552531775
21760,0.12920452151545,0.0577034644203242,0.435117719544993,0.377974294519233
21761,0.122292716452199,0.174013223010162,0.458523629435807,0.245170431101832
21762,0.0280296452644529,0.80128840808112,0.012607507300304,0.158074439354123
21763,0.574321425737482,0.0460154915395495,0.0251510514781925,0.354512031244776
21764,0.28681675239655,0.0336424060516352,0.456117462022777,0.223423379529038
21765,0.503334996591558,0.174896220967088,0.0914102776839786,0.230358504757375
21766,0.0694771541282216,0.425565309216418,0.0431399140993566,0.461817622556004
21767,0.0718959496574635,0.161500303004481,0.404473587878553,0.362130159459502
21768,0.256789003838975,0.267496262678449,0.284962023085469,0.190752710397108
21769,0.218076545244393,0.19770494010139,0.0995760400076777,0.48464247464654
21770,0.0898739151862441,0.415059214603681,0.243802299721881,0.251264570488194
21771,0.0252389712517786,0.101128778774726,0.419083085978919,0.454549163994576
21772,0.143218809598555,0.384042170543591,0.212426084548687,0.260312935309167
21773,0.108114717603285,0.360783777266657,0.028973591241196,0.502127913888862
21774,0.0266323710854234,0.114022806063034,0.63404218180283,0.225302641048712
21775,0.205283536237917,0.27115530386828,0.238726743886083,0.284834416007719
21776,0.33562720036202,0.297572011254039,0.106324601642993,0.260476186740948
21777,0.0710159951588842,0.0315986338476359,0.664694609997416,0.232690760996064
21778,0.349281797115303,0.12615011843955,0.101679291861132,0.422888792584015
21779,0.221029170412931,0.260987490922972,0.144721269913881,0.373262068750216
21780,0.1949473016369,0.124893599228648,0.424662976053812,0.25549612308064
21781,0.113906404755968,0.0684475213361092,0.564737746352449,0.252908327555474
21782,0.533673495279369,0.0129041211048911,0.260603877622462,0.192818505993279
21783,0.264145105952669,0.0886443056313074,0.223509771013164,0.423700817402859
21784,0.538555704805949,0.217189778634721,0.0537264909080479,0.190528025651282
21785,0.15216206312561,0.535237056094399,0.209073335031079,0.103527545748911
21786,0.0939189840847901,0.0734138545358704,0.242487047767426,0.590180113611914
21787,0.071585601065497,0.570772884396303,0.0777856229373147,0.279855891600885
21788,0.284155766557314,0.354826532750264,0.0504928918155913,0.31052480887683
21789,0.0990334009709389,0.265074046782226,0.270867053297085,0.36502549894975
21790,0.596194392280698,0.106506551098203,0.0709747502980767,0.226324306323022
21791,0.338736773580155,0.137459738046111,0.164464439367989,0.359339049005745
21792,0.0753828313662032,0.327910614761667,0.360967627545275,0.235738926326856
21793,0.148994544014352,0.258033052509962,0.407311203259699,0.185661200215987
21794,0.017733608188717,0.518267960053944,0.231486638756271,0.232511793001069
21795,0.236673210916253,0.0113954590930085,0.498327026684544,0.253604303306194
21796,0.25597046629037,0.211803944033345,0.151298900084978,0.380926689591308
21797,0.316417264976654,0.347183462107503,0.10762560571041,0.228773667205433
21798,0.482011445737374,0.0297738796776745,0.292098641157428,0.196116033427523
21799,0.0498422089406923,0.0402158462475225,0.16738724828215,0.742554696529635
21800,0.0651156927868953,0.0760911037066885,0.291642771611438,0.567150431894978
21801,0.155090182581267,0.110710824595477,0.157657336910029,0.576541655913227
21802,0.0334759951210863,0.176994685429473,0.348862605810298,0.440666713639143
21803,0.0780236305883874,0.0859271304612875,0.627606040411411,0.208443198538914
21804,0.20551171356195,0.478448665972868,0.123312053349269,0.192727567115913
21805,0.52687901151053,0.0486631207695702,0.0734961538608909,0.350961713859009
21806,0.0927900920880224,0.338201672201717,0.184562868899542,0.384445366810718
21807,0.18065915619488,0.369387778231171,0.150055917621919,0.29989714795203
21808,0.24405262030382,0.0770527773318887,0.144993561685986,0.533901040678305
21809,0.58937644720591,0.0291603454153585,0.0541472219316653,0.327315985447066
21810,0.76383831388488,0.0227459030924954,0.105138280747729,0.108277502274896
21811,0.395798835361443,0.333902731364906,0.17961718102412,0.0906812522495307
21812,0.144764517864329,0.0381296294179304,0.487518382545347,0.329587470172394
21813,0.335008913584058,0.36649765376489,0.156718439950192,0.14177499270086
21814,0.253669176904647,0.301610063414674,0.251784763341595,0.192935996339084
21815,0.395916209479571,0.0916079690790179,0.278666524058443,0.233809297382968
21816,0.328717286549637,0.354653721978984,0.190306465985149,0.126322525486229
21817,0.126837288640089,0.13691318820593,0.569133385318819,0.167116137835163
21818,0.136878873622923,0.124522635589108,0.521777356983021,0.216821133804948
21819,0.362678693909855,0.221774478472605,0.200605641319765,0.214941186297776
21820,0.585830908081119,0.139776396206752,0.154611483279011,0.119781212433117
21821,0.212257090973474,0.15094762151175,0.471172490991718,0.165622796523059
21822,0.383634246640745,0.423477493707209,0.0940100675444607,0.0988781921075854
21823,0.22502249967891,0.437845324248274,0.182611503192961,0.154520672879854
21824,0.23300262106769,0.400090625817922,0.274415257186762,0.0924914959276266
21825,0.109224822197506,0.478850572428681,0.174844691657528,0.237079913716285
21826,0.246993580290122,0.281721177015169,0.352714623059126,0.118570619635584
21827,0.0929244346643836,0.1052675147312,0.681625062168373,0.120182988436043
21828,0.149113231602208,0.38800238975467,0.251489687436184,0.211394691206938
21829,0.169017657230991,0.243830054356911,0.38206353889691,0.205088749515188
21830,0.149751159804932,0.0819545260741452,0.558128927769245,0.210165386351678
21831,0.293304362126859,0.304262151585774,0.242442675220079,0.159990811067288
21832,0.255488364200511,0.352878626957662,0.0544472576732789,0.337185751168548
21833,0.512604597099497,0.0723495492640168,0.203314832772508,0.211731020863979
21834,0.596925549080214,0.149486013595991,0.0846620462673779,0.168926391056417
21835,0.133773388381555,0.331396840639683,0.103335536728667,0.431494234250095
21836,0.0707148297020887,0.11053446956083,0.573383627340762,0.245367073396319
21837,0.0870265408687142,0.0410127148656151,0.538719841435871,0.3332409028298
21838,0.281495242768247,0.0618096193138881,0.443221735802925,0.21347340211494
21839,0.126394501251427,0.464777291092475,0.195188815361056,0.213639392295042
21840,0.639080167220551,0.0270852647184901,0.147285660077148,0.186548907983812
21841,0.516143636136383,0.131461208950171,0.0862916481946948,0.266103506718752
21842,0.0401924680680564,0.271966232385535,0.431758445317497,0.256082854228912
21843,0.549551696739918,0.0985888238829816,0.0584929001868158,0.293366579190285
21844,0.0396838376048987,0.550580658824183,0.123246441792287,0.286489061778632
21845,0.289994266249508,0.127485584736141,0.295413450644242,0.287106698370109
21846,0.0850794447371307,0.419154030782451,0.168376115511615,0.327390408968804
21847,0.286941140869756,0.0804400420989263,0.446661508605199,0.185957308426118
21848,0.102365784516752,0.144200995771437,0.0610721492612111,0.692361070450601
21849,0.64958349098126,0.185638072548015,0.0305987962081361,0.134179640262588
21850,0.500374078279928,0.0879386859881137,0.0630429890808792,0.34864424665108
21851,0.169950927470449,0.548019630673477,0.110116490792552,0.171912951063521
21852,0.393670321361441,0.118704512108327,0.313819519426112,0.173805647104119
21853,0.13287658601455,0.170020466711009,0.404152861397349,0.292950085877092
21854,0.35124308909055,0.156516992104717,0.209732591979666,0.282507326825067
21855,0.157612414303542,0.505234717282278,0.188165120011891,0.148987748402288
21856,0.401303326553494,0.145311150146472,0.335649304109971,0.117736219190063
21857,0.128378948005768,0.656578341798776,0.0630351455761945,0.152007564619261
21858,0.516255981821704,0.104368396626656,0.0931757912032428,0.286199830348397
21859,0.506014223115582,0.150042750577782,0.150641135830324,0.193301890476311
21860,0.51995156390724,0.261629876317746,0.0878511246247033,0.130567435150311
21861,0.370627705980763,0.1368480230995,0.351201444977849,0.141322825941888
21862,0.0537579820645899,0.336688345985662,0.439516016271491,0.170037655678257
21863,0.10281773919705,0.349726341194397,0.263463718475282,0.283992201133271
21864,0.235579714143278,0.596190795891187,0.0435774011593732,0.124652088806162
21865,0.163398242037283,0.311519959315344,0.411884869383205,0.113196929264168
21866,0.243809179223195,0.210546710689224,0.350347063687038,0.195297046400543
21867,0.152335727598516,0.220147037331177,0.305451059478705,0.322066175591601
21868,0.207741592306068,0.115491954986695,0.519925919573513,0.156840533133724
21869,0.401000926536685,0.12454904251172,0.211419625729445,0.26303040522215
21870,0.302940069112688,0.230773886665887,0.271711161025115,0.194574883196311
21871,0.555985935257835,0.198488619074383,0.0741380906762082,0.171387354991574
21872,0.0882433344166361,0.336488419287233,0.450783651837421,0.12448459445871
21873,0.320901065694706,0.333875206361917,0.240220542218221,0.105003185725155
21874,0.167953528562576,0.562164146419818,0.136727733560202,0.133154591457403
21875,0.341055161240457,0.431608370270444,0.0709904799074957,0.156345988581603
21876,0.373654125016263,0.171659346924716,0.297529636236712,0.157156891822309
21877,0.171089334109,0.331652778654346,0.290605152992906,0.206652734243748
21878,0.325609564180407,0.435925226659897,0.119956880084896,0.1185083290748
21879,0.444040565443871,0.292901226851147,0.131785411397895,0.131272796307088
21880,0.223774823106603,0.207617628834374,0.440394668797855,0.128212879261167
21881,0.222038753848805,0.313920455151595,0.311507710309487,0.152533080690112
21882,0.25149879798168,0.292414166029948,0.276445067248206,0.179641968740167
21883,0.137874758046521,0.34079898152706,0.333929069836274,0.187397190590145
21884,0.239873444403001,0.487540945270369,0.0596203225537655,0.212965287772864
21885,0.168201340996708,0.378912982948953,0.137618443334202,0.315267232720137
21886,0.253676612621738,0.347639645710251,0.22852869457757,0.170155047090441
21887,0.350391486814123,0.135378376877322,0.306802342808328,0.207427793500228
21888,0.082705759968219,0.424786895614689,0.292686274191,0.199821070226091
21889,0.152519709188633,0.357484237839967,0.325747471044349,0.164248581927051
21890,0.21318083769821,0.27833978362402,0.241963748080262,0.266515630597508
21891,0.409769636709272,0.0340316847065199,0.446665556360754,0.109533122223454
21892,0.100296039821435,0.38049617007136,0.112963147922464,0.406244642184741
21893,0.129453791332419,0.488517206420264,0.141803937192289,0.240225065055028
21894,0.251625364983233,0.119513661913392,0.214030189632945,0.414830783470429
21895,0.0363229712640357,0.0635468809290346,0.771124710503775,0.129005437303155
21896,0.384405428804436,0.227387839489923,0.270141428060677,0.118065303644964
21897,0.339319234384918,0.249144270653556,0.263641697084353,0.147894797877172
21898,0.258490987918657,0.298761956563919,0.268741385193124,0.174005670324301
21899,0.358984643380695,0.175997844530113,0.361690285660588,0.103327226428604
21900,0.0835942586421224,0.102860610481747,0.144994014044619,0.668551116831511
21901,0.227213627118002,0.604878281924675,0.0236166815118576,0.144291409445465
21902,0.0826492764293816,0.197089692901294,0.571292441175191,0.148968589494133
21903,0.0760200609844358,0.120370867999505,0.585097666895246,0.218511404120813
21904,0.328764945747127,0.103997059668905,0.268984713382428,0.29825328120154
21905,0.0314627601560911,0.433826365664812,0.304294942500462,0.230415931678635
21906,0.159202257505844,0.234083418883316,0.163687759431544,0.443026564179296
21907,0.0966847282732346,0.46124070687126,0.173416236590268,0.268658328265237
21908,0.296549067387232,0.211701223040208,0.339196479488126,0.152553230084434
21909,0.341303918008509,0.183956048287731,0.304886810422037,0.169853223281723
21910,0.46617097704992,0.135469635957649,0.190135407910177,0.208223979082254
21911,0.210356767645783,0.462536453917391,0.14287411655134,0.184232661885486
21912,0.193533136373252,0.523121009223052,0.0830738458391917,0.200272008564505
21913,0.136302635690809,0.557546603413511,0.1790915870869,0.12705917380878
21914,0.238415491994009,0.168363765559957,0.273174565569954,0.32004617687608
21915,0.381550916776994,0.0961756550524436,0.286463983730072,0.235809444440491
21916,0.102571214081334,0.140811483779335,0.377227004055467,0.379390298083864
21917,0.223014640269319,0.190897013162196,0.306863069187867,0.279225277380619
21918,0.13465360437243,0.101543270428205,0.616360991242799,0.147442133956566
21919,0.214585506278653,0.0850383653037752,0.49211668816729,0.208259440250281
21920,0.374481441589119,0.112226956149727,0.211335155398178,0.301956446862976
21921,0.203023947968714,0.500590832299596,0.1648164296208,0.13156879011089
21922,0.44930659942358,0.245146971178764,0.0679154801340576,0.237630949263599
21923,0.297870965731487,0.162360461207196,0.291013297439718,0.2487552756216
21924,0.305572492392431,0.15877549708986,0.287425601229197,0.248226409288513
21925,0.517574038288306,0.0997643940776657,0.221634936442685,0.161026631191343
21926,0.46933968530933,0.162117873516426,0.150454646751836,0.218087794422407
21927,0.123616612222239,0.170236537742125,0.542487129853545,0.163659720182091
21928,0.121992596804078,0.562297239766168,0.0431492736621973,0.272560889767557
21929,0.122048780635714,0.139558414205775,0.159350119419884,0.579042685738628
21930,0.0272685574166127,0.451998116619523,0.299942179855259,0.220791146108606
21931,0.195265499787563,0.535290522811013,0.0774398869770954,0.192004090424328
21932,0.104120483481509,0.0525947291186034,0.564910990063314,0.278373797336573
21933,0.0850543979020569,0.589614560879885,0.0592629428136086,0.26606809840445
21934,0.118892080970641,0.428235186126167,0.21972062643701,0.233152106466182
21935,0.194029366526353,0.289829679631849,0.142492251373138,0.37364870246866
21936,0.219397848897169,0.407132450694677,0.162347719096798,0.211121981311356
21937,0.0736912711549066,0.157947046195972,0.502124858747688,0.266236823901433
21938,0.032360289016477,0.53257636638711,0.163064318794276,0.271999025802137
21939,0.0749741970251407,0.464315583598584,0.106455012849798,0.354255206526477
21940,0.477959269866293,0.252664394303046,0.104649507054394,0.164726828776268
21941,0.176533219752698,0.0759454860824535,0.297554999936635,0.449966294228214
21942,0.145797617226435,0.663891862338676,0.106818547417933,0.0834919730169555
21943,0.0724926698243101,0.417133864142358,0.0797723409918098,0.430601125041522
21944,0.05604095214972,0.295689305493063,0.38852853270751,0.259741209649707
21945,0.14516945378756,0.342680560132088,0.083310998056421,0.428838988023932
21946,0.572855439703864,0.127013045502001,0.0812853454961871,0.218846169297948
21947,0.481587078145868,0.165751651287086,0.130933040040385,0.221728230526661
21948,0.113701817216487,0.393191770885772,0.276658116556002,0.216448295341739
21949,0.131810988797255,0.348191699169267,0.133962558034152,0.386034753999326
21950,0.177045116605482,0.469668362426125,0.1036811070323,0.249605413936093
21951,0.147300631938339,0.217802926962139,0.35811024338697,0.276786197712552
21952,0.3823834591198,0.0586363447410681,0.0837290961347072,0.475251100004425
21953,0.502294751567211,0.242298218181828,0.063160177957363,0.192246852293598
21954,0.198769510528642,0.0965164699123352,0.157133360025817,0.547580659533206
21955,0.40911773476566,0.0797960427347697,0.261978888929244,0.249107333570327
21956,0.0482412564021287,0.121598818220786,0.22971375947347,0.600446165903615
21957,0.469328068096996,0.107093276912755,0.188880707638648,0.2346979473516
21958,0.0293056480338605,0.635460637020365,0.1228537275031,0.212379987442676
21959,0.106751362353052,0.106393996273979,0.0986840253750217,0.688170615997947
21960,0.165206362339351,0.588225884045874,0.0394131309023335,0.207154622712442
21961,0.237408223536133,0.171122532240934,0.318616576497988,0.272852667724945
21962,0.691733650774919,0.110893952824761,0.0579750657756523,0.139397330624667
21963,0.0891778880801165,0.312021744726764,0.405394804977406,0.193405562215714
21964,0.191810500357143,0.0200936760757156,0.62923979555206,0.158856028015082
21965,0.125887119277034,0.0707192777178194,0.444861652605702,0.358531950399445
21966,0.128353038743923,0.0611370706142737,0.434413068485702,0.376096822156101
21967,0.541781069447384,0.0172562596649764,0.23277267946161,0.20818999142603
21968,0.199826693814624,0.580285796291609,0.0473665784910853,0.172520931402682
21969,0.0403225369143497,0.200018367575028,0.312639832929597,0.447019262581025
21970,0.165876042598384,0.248707211878098,0.186814800079766,0.398601945443752
21971,0.356734705864686,0.298662821255373,0.245573039213126,0.0990294336668159
21972,0.406370759612989,0.180465967811843,0.210924044640496,0.202239227934673
21973,0.428978388278508,0.17941864038324,0.0515203148116275,0.340082656526625
21974,0.486574762363038,0.196635854240765,0.0666013227801278,0.250188060616069
21975,0.0763043424932243,0.132645722576086,0.393719297225131,0.397330637705559
21976,0.386992431583325,0.294138571640926,0.214905883027215,0.103963113748533
21977,0.209880777408227,0.347337812537666,0.249932763361883,0.192848646692224
21978,0.273219997673621,0.0735423357150871,0.329719686102544,0.323517980508748
21979,0.411366290498367,0.234573092721975,0.0811553503027928,0.272905266476866
21980,0.0894695884693389,0.606121937559672,0.105142769821827,0.199265704149162
21981,0.148932909993891,0.38876728526119,0.255678242224427,0.206621562520492
21982,0.212917618683614,0.298398502061432,0.268780484342483,0.219903394912471
21983,0.0774396965763336,0.0980262510403168,0.356610978682777,0.467923073700573
21984,0.116630766634908,0.327169135321984,0.21510700034861,0.341093097694499
21985,0.0510352752771506,0.552418097481729,0.126076901356752,0.270469725884368
21986,0.161581677769597,0.156905418642895,0.472649330654967,0.208863572932541
21987,0.064079618197484,0.448641265345284,0.204021196068895,0.283257920388337
21988,0.336215123596226,0.249169833526424,0.192105736348525,0.222509306528826
21989,0.0967843425107108,0.309860206452154,0.3894977893715,0.203857661665635
21990,0.0454341446910887,0.46464884728208,0.32987508422532,0.160041923801512
21991,0.2701722898389,0.242053166730503,0.283525319278589,0.204249224152008
21992,0.396288552193859,0.194607111371665,0.115340075570763,0.293764260863713
21993,0.162414320064528,0.397665594807243,0.131173129350896,0.308746955777333
21994,0.139214776094823,0.425910612909093,0.307665220039179,0.127209390956905
21995,0.0672347487057786,0.219314978201293,0.502271165905733,0.211179107187196
21996,0.369444124227837,0.173797904337186,0.0574372414012753,0.399320730033701
21997,0.40963219594027,0.127141076829211,0.310008618572301,0.153218108658218
21998,0.433153184720096,0.151152715733103,0.140180072803986,0.275514026742815
21999,0.0901850805732688,0.497009291353989,0.183561675439437,0.229243952633305
22000,0.411317437075136,0.053184021238649,0.377439158638539,0.158059383047675
22001,0.159773612037186,0.495189251552167,0.237909690139533,0.107127446271114
22002,0.194088684772317,0.472326886068982,0.115434898433737,0.218149530724964
22003,0.0498592098264584,0.147874927642315,0.558389915737745,0.243875946793482
22004,0.514401433651756,0.062272773324598,0.0658987212777513,0.357427071745894
22005,0.308876416090595,0.0885580414542016,0.168985906657211,0.433579635797992
22006,0.0458808068531898,0.191488299538337,0.187459621055391,0.575171272553083
22007,0.246816761054294,0.400126451044408,0.158341241089163,0.194715546812135
22008,0.0406797242610876,0.109941072874386,0.521711245185054,0.327667957679472
22009,0.394583852211856,0.0728281351778541,0.117988225870131,0.414599786740159
22010,0.113720727146823,0.530570809087311,0.0304078203472679,0.325300643418598
22011,0.0705207761785648,0.380831601075817,0.180137674882576,0.368509947863043
22012,0.286568761190494,0.0987335445025232,0.139156269375953,0.47554142493103
22013,0.362349273483656,0.0868708158770764,0.311846428879749,0.238933481759519
22014,0.126506748079733,0.061581199315857,0.589997592276171,0.221914460328238
22015,0.0755502994504269,0.075366622753952,0.338566028810958,0.510517048984664
22016,0.0421598830824142,0.444853609005475,0.0371002477798141,0.475886260132297
22017,0.0422873902330971,0.710226250940401,0.0199804304386717,0.227505928387831
22018,0.283566686741467,0.132042760196272,0.304844479912755,0.279546073149506
22019,0.216773313495715,0.085552620720647,0.265539682787783,0.432134382995855
22020,0.16149362657858,0.101962458725995,0.342730851898512,0.393813062796914
22021,0.0436457200822613,0.309500565502402,0.322549359465174,0.324304354950163
22022,0.507860539885652,0.0186064992748565,0.130497970050184,0.343034990789308
22023,0.432681979172446,0.0166796035144803,0.273976087950082,0.276662329362992
22024,0.22788380371962,0.03475494726193,0.107790654568869,0.629570594449581
22025,0.487900869892237,0.141833444531494,0.0371402538592412,0.333125431717028
22026,0.67963841267067,0.0547215143484949,0.0207763617828503,0.244863711197985
22027,0.269752506164911,0.246925578423369,0.0513374032575785,0.431984512154142
22028,0.365519971815211,0.0701869985239582,0.018786174856521,0.54550685480431
22029,0.0244784688785992,0.0356763911055773,0.0330122713962312,0.906832868619592
22030,0.498932793178392,0.00634235513488799,0.322553644395129,0.172171207291591
22031,0.170861756196511,0.15242282457676,0.0623391172874399,0.614376301939289
22032,0.057563062426687,0.170109911649074,0.0362303905106464,0.736096635413593
22033,0.0264380760234228,0.0604862830266267,0.719996785917131,0.19307885503282
22034,0.743132690365763,0.0395333920215911,0.0286281817448553,0.188705735867791
22035,0.129861986961657,0.0915063166769348,0.095262477459169,0.683369218902239
22036,0.552087407794276,0.232032248015807,0.0595592585747995,0.156321085615117
22037,0.108099803812626,0.0879850335535225,0.0327507967344712,0.77116436589938
22038,0.0905346566497362,0.263016912709961,0.0521435286992912,0.594304901941012
22039,0.38599506932097,0.428178486903623,0.00556128508873942,0.180265158686668
22040,0.189609047899511,0.366655552466131,0.189080479674135,0.254654919960223
22041,0.14005653702692,0.0472229564272389,0.562289680712156,0.250430825833685
22042,0.25964770783283,0.191605507542474,0.233941011459047,0.31480577316565
22043,0.142610613757829,0.554408937044533,0.0780735142892422,0.224906934908397
22044,0.0725240563386696,0.117905658970618,0.294358319318429,0.515211965372283
22045,0.119652442160151,0.317095396378631,0.0868363412957765,0.476415820165442
22046,0.173778890961716,0.241443870867228,0.230864907207696,0.353912330963359
22047,0.193917741086465,0.376441834429528,0.0424473695104706,0.387193054973536
22048,0.12801071853141,0.649607131485394,0.023147020411595,0.199235129571602
22049,0.16955597929599,0.528910014966398,0.0516063549261598,0.249927650811453
22050,0.282351541773109,0.25128380043203,0.344429664398081,0.121934993396781
22051,0.0509975150749805,0.0748226051426938,0.576963679329526,0.2972162004528
22052,0.222524202618052,0.432033929924657,0.170916459484452,0.174525407972839
22053,0.0280470334326059,0.670861450877726,0.142679999917536,0.158411515772132
22054,0.0973602424030336,0.0518664909943403,0.578152963775059,0.272620302827567
22055,0.213901653774997,0.113182390478913,0.48419241288336,0.18872354286273
22056,0.30414069251606,0.0459292956065912,0.403407026884101,0.246522984993248
22057,0.23144648894373,0.233530409914077,0.192260315081332,0.342762786060861
22058,0.391528730610667,0.404262220827626,0.075569686028396,0.128639362533311
22059,0.177525036304237,0.455421682948473,0.100537782429914,0.266515498317377
22060,0.167263998642137,0.174680104137406,0.0706779254099383,0.587377971810519
22061,0.0772434930873987,0.14250241815441,0.401859451934065,0.378394636824126
22062,0.115353169011405,0.304880664960518,0.368937370199839,0.210828795828238
22063,0.00896528330705928,0.560813977601699,0.232538018689623,0.19768272040162
22064,0.471360851947411,0.20058397836129,0.0905010607055584,0.237554108985741
22065,0.103553518235326,0.123234010574817,0.442230152568202,0.330982318621655
22066,0.444876411421502,0.122241070697428,0.138628398878372,0.294254119002698
22067,0.372085959542473,0.196766664416025,0.0216816596560687,0.409465716385434
22068,0.154793662313312,0.709632685994516,0.00678059238752516,0.128793059304647
22069,0.0205044351286327,0.610810684363174,0.0636668344302018,0.305018046077991
22070,0.387582428208286,0.0276078819940959,0.10378207983726,0.481027609960358
22071,0.384519323000154,0.115144398895819,0.0834476420692211,0.416888636034806
22072,0.015604227930329,0.52498067756812,0.291832831933255,0.167582262568296
22073,0.168988046069071,0.113735889006586,0.248052270646597,0.469223794277746
22074,0.0179612892040229,0.611916444388259,0.108434316177859,0.261687950229859
22075,0.0738924860010378,0.289612071955604,0.187936188223054,0.448559253820304
22076,0.636761482415917,0.114347425706181,0.0463234374903179,0.202567654387583
22077,0.147998318053347,0.069438310539918,0.0668021645902672,0.715761206816468
22078,0.39218915448218,0.12118178899867,0.0916951925015439,0.394933864017606
22079,0.468494250165153,0.0186205082722041,0.0575632538942031,0.45532198766844
22080,0.109420519635664,0.0417547312162131,0.629715131772146,0.219109617375977
22081,0.105736207155527,0.465412308918603,0.10980923395884,0.319042249967029
22082,0.541312347504937,0.144155920331005,0.107190147575232,0.207341584588826
22083,0.0113619843392413,0.682896333439199,0.104668244627437,0.201073437594122
22084,0.15098273719263,0.0776295382390602,0.0442616471751269,0.727126077393183
22085,0.333976061948779,0.137825730050759,0.173785234142338,0.354412973858123
22086,0.0439262878038744,0.461468054825591,0.040338375573531,0.454267281797004
22087,0.0433549690368341,0.0508979643032903,0.517144850455968,0.388602216203907
22088,0.0987968171838886,0.0938639377880584,0.175176892251911,0.632162352776142
22089,0.00980235793039964,0.600390084628781,0.170008796228335,0.219798761212484
22090,0.15121263584918,0.222750549825356,0.239510899020496,0.386525915304967
22091,0.0465581267918109,0.116485439991681,0.633992874956844,0.202963558259665
22092,0.605138041276282,0.187200463546668,0.0204147623818723,0.187246732795178
22093,0.0638629635361942,0.0880029691554644,0.531211731154529,0.316922336153812
22094,0.120932833504478,0.082055038305561,0.345905111406735,0.451107016783227
22095,0.0758976609159273,0.293554100624121,0.18551329201157,0.445034946448381
22096,0.198639866883785,0.0160768017459169,0.547981693975501,0.237301637394796
22097,0.568863980746398,0.0139606758582072,0.0507750802310124,0.366400263164382
22098,0.208049478147049,0.0159022687677309,0.545992870402516,0.230055382682704
22099,0.0286075598088464,0.202943297183511,0.138830908030453,0.62961823497719
22100,0.0387126285587838,0.126137648269334,0.606627001429072,0.228522721742811
22101,0.524817375024114,0.214478708915154,0.0589091612723877,0.201794754788345
22102,0.060156731563618,0.272566636987391,0.0986301808387146,0.568646450610277
22103,0.320061909192974,0.243548750019163,0.222973015687389,0.213416325100474
22104,0.397376463511541,0.227754722460728,0.0261705723766803,0.348698241651051
22105,0.0266249478493345,0.249527925473772,0.294425492528359,0.429421634148534
22106,0.67130503628922,0.114860932652016,0.0102968632876522,0.203537167771112
22107,0.0956315981206786,0.0436398436663623,0.611611512109234,0.249117046103725
22108,0.282160369475253,0.0696231153424533,0.290472568552071,0.357743946630222
22109,0.270548147285947,0.457409594212154,0.0678903654032371,0.204151893098662
22110,0.0475355055813209,0.0459991319510843,0.108592040799024,0.797873321668571
22111,0.382110289417806,0.101621949310827,0.12191427885566,0.394353482415707
22112,0.0213681424117482,0.2354956833078,0.453482801001886,0.289653373278566
22113,0.033020549580698,0.437348035065469,0.182008210301786,0.347623205052047
22114,0.14997140494869,0.0934158280776249,0.156385019624356,0.600227747349329
22115,0.11195328237743,0.123173574287794,0.0497914545505639,0.715081688784212
22116,0.0374897670260035,0.229401382372645,0.456834064260814,0.276274786340538
22117,0.298258550007594,0.0800619381623777,0.453724272790478,0.16795523903955
22118,0.675583956064668,0.0481714779705532,0.0515245697355822,0.224719996229196
22119,0.0593411616912315,0.567312604571221,0.0820222036790985,0.291324030058449
22120,0.150983995845386,0.0837474604988386,0.443737652588437,0.321530891067339
22121,0.0777777748305378,0.273633984382031,0.152910542288912,0.495677698498519
22122,0.127799903183649,0.325407577099884,0.413125159165342,0.133667360551125
22123,0.112354635700122,0.336928472019585,0.313790981029272,0.236925911251021
22124,0.0597845842923212,0.375017901225621,0.291985895999622,0.273211618482436
22125,0.263654850735726,0.167860851740424,0.135795167414438,0.432689130109412
22126,0.254333721066479,0.150143937815267,0.293790231813079,0.301732109305175
22127,0.403861638163686,0.177778679598152,0.134744783795555,0.283614898442607
22128,0.350450944136048,0.244007374265543,0.231965279160417,0.173576402437992
22129,0.0652274407697635,0.156316001990891,0.186808938136476,0.591647619102869
22130,0.0534351218362646,0.295295817947951,0.386941591092858,0.264327469122927
22131,0.592042032595881,0.0712349050332704,0.135113906835022,0.201609155535827
22132,0.103093550370053,0.252810064634501,0.425850827772739,0.218245557222707
22133,0.0441073746160327,0.0918866904714791,0.562715134178441,0.301290800734047
22134,0.407281502846209,0.151503906812477,0.166090987673179,0.275123602668135
22135,0.630771582479932,0.0249977588659695,0.0291776741481204,0.315052984505978
22136,0.321078912612,0.129213240594832,0.0710705208458884,0.47863732594728
22137,0.32511510044828,0.0645272671088467,0.182240723573619,0.428116908869254
22138,0.300209098819491,0.22032633842722,0.164570645286782,0.314893917466507
22139,0.149241884547035,0.435210966523178,0.150093095934634,0.265454052995153
22140,0.0270731512103365,0.0348301344859352,0.495644679308369,0.44245203499536
22141,0.0338141151717253,0.246927987877176,0.189083011477752,0.530174885473347
22142,0.188247569753071,0.034279193077326,0.633177235549824,0.144296001619779
22143,0.339660728981055,0.104701922418994,0.297619883155068,0.258017465444883
22144,0.0115814042002036,0.233819182868205,0.558029318709103,0.196570094222488
22145,0.0899957756899884,0.172239170953856,0.32412630585638,0.413638747499776
22146,0.308521608412294,0.0406960818237004,0.335076380439368,0.315705929324638
22147,0.452471767460532,0.0631539653799665,0.165462829733508,0.318911437425994
22148,0.288905270748553,0.0916689675470917,0.155086004708736,0.464339756995619
22149,0.0685602995102817,0.311466975616313,0.0189005641366571,0.601072160736748
22150,0.057743659442687,0.0470847649398063,0.693998616337157,0.20117295928035
22151,0.221653181436964,0.0295936278058413,0.338166452307264,0.410586738449931
22152,0.180112059317717,0.0998953461640752,0.0378081482983729,0.682184446219835
22153,0.0226477427527413,0.327771686620943,0.409525265056639,0.240055305569677
22154,0.105386573819564,0.496637817140911,0.144637622526412,0.253337986513113
22155,0.11609253408983,0.202980420632728,0.420367209108409,0.260559836169033
22156,0.0601611908355556,0.518686359664606,0.0522825647764481,0.368869884723391
22157,0.0998877087492618,0.31190112747401,0.362883734658023,0.225327429118705
22158,0.0764949409088511,0.372025655204827,0.140796483239335,0.410682920646988
22159,0.0971413022490832,0.221864372199679,0.491082155603884,0.189912169947353
22160,0.165687627113228,0.301205273776058,0.0950252527001259,0.438081846410588
22161,0.0510549156523546,0.312464002581032,0.148774560931368,0.487706520835245
22162,0.101284653497693,0.332367887477407,0.239192689409694,0.327154769615206
22163,0.459696988041528,0.06497541145068,0.0581946031863754,0.417132997321416
22164,0.0456550890830839,0.0286483005201658,0.549545154976745,0.376151455420006
22165,0.0725099679928635,0.517670496029623,0.123996822552469,0.285822713425044
22166,0.47181971027062,0.38449661948192,0.0395748372510726,0.104108832996387
22167,0.362105217511898,0.213470364045532,0.230418394906685,0.194006023535884
22168,0.194397914366567,0.179382814129356,0.306743901918197,0.31947536958588
22169,0.348876256305877,0.0347450608712127,0.205245704257365,0.411132978565545
22170,0.078275053457175,0.195562785218263,0.532387390895915,0.193774770428647
22171,0.11033912527833,0.310508357533611,0.366414803490611,0.212737713697448
22172,0.0562609153757211,0.115044437206782,0.0700215211591068,0.75867312625839
22173,0.140085007856208,0.557114285711909,0.0606416835674239,0.242159022864459
22174,0.613637010523032,0.108594433930842,0.0555290241683495,0.222239531377777
22175,0.0806175854885006,0.488638892982903,0.169961437534487,0.26078208399411
22176,0.300563019574695,0.0808761065007114,0.356634897185516,0.261925976739078
22177,0.130325374833634,0.106553415313317,0.201296399392589,0.561824810460459
22178,0.232623006941413,0.385696720457613,0.149435096125523,0.232245176475452
22179,0.0564932773211621,0.401242291722089,0.0534100593824776,0.488854371574271
22180,0.305384964914765,0.0492119050584605,0.483704732110502,0.161698397916272
22181,0.105689020293177,0.420729181028636,0.0726091697142822,0.400972628963905
22182,0.341185935983582,0.0754308726540313,0.35145522978296,0.231927961579427
22183,0.243592183394592,0.370990595049389,0.0851864703074539,0.300230751248565
22184,0.378745236345049,0.0804044258622533,0.105515289792294,0.435335048000404
22185,0.179632989800846,0.332580330581557,0.0560499662854844,0.431736713332112
22186,0.053106740505023,0.508627067255307,0.0892967478424071,0.348969444397263
22187,0.0943059220387432,0.182983911372783,0.0890148433522853,0.633695323236189
22188,0.250559627366938,0.166568901442461,0.3622110969551,0.220660374235501
22189,0.253104448525892,0.0335579655643008,0.532914246245839,0.180423339663969
22190,0.0527279358786918,0.505927460071133,0.168890128076901,0.272454475973275
22191,0.325732929808482,0.115166090258974,0.423446580700616,0.135654399231927
22192,0.167315842751499,0.1847841402131,0.256507148646424,0.391392868388977
22193,0.0965030405281515,0.161565280134228,0.100660239572831,0.641271439764789
22194,0.308702912435808,0.332683360041488,0.0251005508546744,0.33351317666803
22195,0.26867849083966,0.473754015664244,0.166346835340059,0.0912206581560377
22196,0.295315092782255,0.0295870181313175,0.0899576253098996,0.585140263776528
22197,0.125456306920934,0.455763613992672,0.0429940359488912,0.375786043137503
22198,0.0496487165744354,0.0271348506674276,0.0722943024279797,0.850922130330157
22199,0.526216680159752,0.0656307944748155,0.0668014973222814,0.341351028043151
22200,0.457707573839632,0.0935457212351112,0.106419307319454,0.342327397605802
22201,0.29406360753936,0.308252990474728,0.170482250005448,0.227201151980464
22202,0.470153873697485,0.271479755017428,0.0351867575990184,0.223179613686069
22203,0.358523536953158,0.404817684650423,0.0505081023591437,0.186150676037276
22204,0.105551693882125,0.302703362457449,0.033192547712295,0.558552395948131
22205,0.312279426232432,0.338679490782759,0.128231597604623,0.220809485380186
22206,0.0651141288150255,0.172280096741877,0.505238403387718,0.25736737105538
22207,0.0864500671994913,0.0644248050789706,0.347662769639455,0.501462358082084
22208,0.233012858296366,0.531222294199676,0.041945376694352,0.193819470809606
22209,0.119018252390821,0.124275716373885,0.0447805422678577,0.711925488967436
22210,0.151816078298255,0.202051485432129,0.190623863561286,0.45550857270833
22211,0.110917582280086,0.384341499060291,0.0487054251994407,0.456035493460182
22212,0.0255542237257698,0.318156019102157,0.377144236098844,0.27914552107323
22213,0.0795916981877497,0.250675507222891,0.220292321404168,0.449440473185191
22214,0.04860143669844,0.18364742897409,0.411594612562564,0.356156521764906
22215,0.0371605662654043,0.0480684039865387,0.662759404199628,0.252011625548429
22216,0.451865958866836,0.0863479499154719,0.0727940333872124,0.38899205783048
22217,0.106725287755916,0.0701197571439359,0.582973976761028,0.24018097833912
22218,0.0886812011925757,0.359436491307154,0.034211644738164,0.517670662762107
22219,0.433520340878953,0.0307068829785904,0.116750292689708,0.419022483452749
22220,0.783457016740297,0.0148483098503825,0.0405247898700737,0.161169883539246
22221,0.0287392397364819,0.161874879213931,0.0870975379523582,0.722288343097229
22222,0.69397784763781,0.0464009703324525,0.0238013296181614,0.235819852411577
22223,0.208588643990051,0.392011423413109,0.0544334688343769,0.344966463762463
22224,0.255672380399968,0.06483236512249,0.141081624649977,0.538413629827565
22225,0.517080983846923,0.220778985435697,0.119370205073966,0.142769825643415
22226,0.0700525738663221,0.0304761675886829,0.683990943386453,0.215480315158543
22227,0.504471979730785,0.162771645596835,0.159816586998389,0.172939787673991
22228,0.020017385385795,0.629703440098518,0.0930625633488184,0.257216611166869
22229,0.281158025203791,0.374783078400635,0.0691792573755642,0.274879639020009
22230,0.100521340802484,0.0517159179293787,0.65366902179011,0.194093719478028
22231,0.486041276807647,0.149995423406811,0.154580931487486,0.209382368298056
22232,0.34378957921395,0.253051064884294,0.0581425282633383,0.345016827638418
22233,0.140033194810279,0.083679264070961,0.284727404206722,0.491560136912038
22234,0.198343706302705,0.428396900575718,0.0543187296796186,0.318940663441958
22235,0.192403510889607,0.06892793850116,0.153325184471484,0.585343366137749
22236,0.612757122097852,0.0991326376184155,0.0622672469610122,0.22584299332272
22237,0.354380636284407,0.0602457672017937,0.30966135272465,0.275712243789149
22238,0.0400185693372184,0.23042875599729,0.43186219404405,0.297690480621441
22239,0.152255945743976,0.448540165583268,0.204944658890516,0.19425922978224
22240,0.169908565149224,0.193064534804512,0.269335168923778,0.367691731122486
22241,0.375960838093923,0.108493871257245,0.134886413659236,0.380658876989596
22242,0.481920944660568,0.144051608152514,0.0536408040327446,0.320386643154174
22243,0.0277547451191149,0.658377178681793,0.0344386848635217,0.27942939133557
22244,0.292704255264219,0.316509863081413,0.153250655654387,0.23753522599998
22245,0.491314298783964,0.100022402517677,0.0726701423482967,0.335993156350062
22246,0.208889896238662,0.441168639001769,0.08114272646919,0.268798738290379
22247,0.0876787759885724,0.0677676796726076,0.575865815050503,0.268687729288317
22248,0.572579687927006,0.101529360389237,0.22071618990418,0.105174761779577
22249,0.0567787510762202,0.122425299489427,0.221381794515028,0.599414154919324
22250,0.427301947861036,0.0595777325252441,0.222419654081599,0.29070066553212
22251,0.176917834794181,0.168946324200097,0.473638782341875,0.180497058663848
22252,0.15387020378882,0.0849069587954323,0.50511307968545,0.256109757730298
22253,0.211674810494795,0.46323108094748,0.0826632863374178,0.242430822220307
22254,0.172168264205499,0.217066353019337,0.287604595117653,0.323160787657511
22255,0.135433976737346,0.0559201279453148,0.570968710859982,0.237677184457357
22256,0.32837537150078,0.0731006196516522,0.301416734870263,0.297107273977304
22257,0.535196782646246,0.0692946713453615,0.237535095221481,0.157973450786911
22258,0.0967021679198849,0.542264804804661,0.211583143862191,0.149449883413264
22259,0.334036299863503,0.123649488242802,0.217196869950521,0.325117341943174
22260,0.0675971528376002,0.0944667547297119,0.529294728529335,0.308641363903353
22261,0.422712073756918,0.0975305490974852,0.236028894814604,0.243728482330993
22262,0.45270902829695,0.271203956284301,0.147778305482504,0.128308709936244
22263,0.17268236839527,0.53196696254829,0.0562100193972153,0.239140649659224
22264,0.42914068848056,0.266966282987992,0.142486521331362,0.161406507200086
22265,0.263729389324051,0.171319622453614,0.349207399726286,0.215743588496048
22266,0.147072774517318,0.107326002908617,0.453784335659503,0.291816886914562
22267,0.0881245441349036,0.0582739927198958,0.613287078520756,0.240314384624445
22268,0.410530867992718,0.210954259850685,0.166125662123003,0.212389210033595
22269,0.313198662960492,0.496841525148829,0.0511249221190878,0.138834889771591
22270,0.132370281449334,0.287771177854418,0.365349691663086,0.214508849033162
22271,0.207620481187691,0.307825541023704,0.364038397890907,0.120515579897698
22272,0.262603548354355,0.399111330593368,0.15198889153456,0.186296229517717
22273,0.24877797778808,0.208052812232185,0.295052491394022,0.248116718585713
22274,0.215507362386133,0.51257905984484,0.106739085950976,0.165174491818051
22275,0.160591009924779,0.481035137312755,0.188463956856714,0.169909895905752
22276,0.0974718317290422,0.135384732772447,0.531365237256854,0.235778198241657
22277,0.326394948141495,0.16400743051381,0.396743233514028,0.112854387830668
22278,0.129995754838933,0.358723117898032,0.310100713093478,0.201180414169557
22279,0.300551870295539,0.244502501371522,0.209491461031376,0.245454167301563
22280,0.229859289702313,0.140113196565327,0.392168752645413,0.237858761086946
22281,0.611949984445368,0.08812514121277,0.147686468325706,0.152238406016157
22282,0.0985955980425847,0.336796912316871,0.465155481721386,0.0994520079191588
22283,0.210177445865202,0.425619710019313,0.152648192348899,0.211554651766586
22284,0.379442444503309,0.140031075719569,0.325361397559354,0.155165082217768
22285,0.148819956859199,0.324738914978347,0.312562066782151,0.213879061380303
22286,0.166792429756571,0.0877608901283952,0.583489684621512,0.161956995493521
22287,0.371085233196407,0.270101182287343,0.131776262307183,0.227037322209068
22288,0.376315611336675,0.195048401706364,0.129101383836783,0.299534603120178
22289,0.147794460664115,0.321981547553717,0.30209468616984,0.228129305612329
22290,0.516696149516956,0.0381121054264983,0.305452636121302,0.139739108935244
22291,0.710821085265559,0.031728040799422,0.0640283282239907,0.193422545711028
22292,0.228304222333432,0.174630867712844,0.33301323815571,0.264051671798014
22293,0.246105615242832,0.361410459789973,0.103457460325694,0.289026464641501
22294,0.262738611535707,0.126256150112565,0.0832195444513373,0.527785693900391
22295,0.0740508075374375,0.313264966717729,0.448585154507595,0.164099071237238
22296,0.236193347519692,0.0452804311738858,0.167868667302519,0.550657554003904
22297,0.234654449825769,0.175395567567057,0.325097526620102,0.264852455987071
22298,0.0952574794776183,0.129685061836894,0.497274961575266,0.277782497110222
22299,0.0288242357617842,0.66573076836079,0.0404002271132656,0.26504476876416
22300,0.628100238960293,0.169734215709686,0.0508164595302764,0.151349085799744
22301,0.0810884012763858,0.189441129811304,0.535818000570529,0.193652468341781
22302,0.143272693198949,0.508078162499295,0.1401110306781,0.208538113623656
22303,0.470981730890025,0.0876904326008722,0.13552164283144,0.305806193677663
22304,0.266275787346268,0.353642230933499,0.0391875026516401,0.340894479068593
22305,0.245368153765394,0.226329178588504,0.343158268497584,0.185144399148519
22306,0.258150962503077,0.163150113651376,0.431424765228315,0.147274158617232
22307,0.0819534571759118,0.271091883971422,0.0507053486118312,0.596249310240835
22308,0.148180463642974,0.256224772085903,0.227974724953035,0.367620039318088
22309,0.432733722574681,0.0862982759651854,0.035546759108928,0.445421242351205
22310,0.293611140537798,0.0445643523905772,0.18972909999898,0.472095407072644
22311,0.191252564995081,0.283377274629071,0.176355821404468,0.349014338971379
22312,0.569336603639406,0.0740517538446826,0.0484829368651285,0.308128705650783
22313,0.44015030820132,0.263802574525446,0.0655333746939056,0.230513742579329
22314,0.344029634278022,0.248147241233062,0.224367801007345,0.183455323481572
22315,0.14931698037136,0.313130783916902,0.21804689736484,0.319505338346898
22316,0.049569436640995,0.371290380087981,0.165922525576058,0.413217657694966
22317,0.0869565209417213,0.449614979044591,0.126973328069682,0.336455171944005
22318,0.177591436909375,0.0293693324739388,0.50820092861155,0.284838302005136
22319,0.361236139172328,0.224718379815752,0.0684842279996894,0.34556125301223
22320,0.146211459544395,0.387326780862828,0.296421738002465,0.170040021590313
22321,0.215174007492692,0.175351661900298,0.165255539081599,0.444218791525412
22322,0.0604484114768576,0.121828792290976,0.545383892352235,0.272338903879932
22323,0.0390169573856872,0.3233921197333,0.151649042645642,0.485941880235371
22324,0.0605898755457051,0.43542950373723,0.320627855763312,0.183352764953753
22325,0.240199036823134,0.195843820562213,0.0755412540987773,0.488415888515876
22326,0.487262361339277,0.0890626260015947,0.152631564978683,0.271043447680445
22327,0.32677319220423,0.146011154363453,0.445360859841663,0.0818547935906539
22328,0.439096058204321,0.146134847646079,0.226680931938148,0.188088162211452
22329,0.337984966696258,0.195685321270433,0.243568605725866,0.222761106307444
22330,0.197968949221889,0.152257476407235,0.38489340917096,0.264880165199917
22331,0.37876153472049,0.223420727379056,0.0782458271232543,0.3195719107772
22332,0.263467741604353,0.161682867509669,0.25515850542847,0.319690885457507
22333,0.558049544987366,0.0143759860595652,0.323099236113843,0.104475232839226
22334,0.278256671535963,0.16856234081394,0.345604668733734,0.207576318916364
22335,0.317246068498132,0.414826707668166,0.0635735104010068,0.204353713432695
22336,0.549150080538183,0.108840137104743,0.184708461102332,0.157301321254743
22337,0.128690099255688,0.298098850702671,0.416099704397201,0.15711134564444
22338,0.129216490879659,0.214057121422921,0.24606606610931,0.410660321588111
22339,0.163119985596663,0.0688559089557726,0.604014652520906,0.164009452926659
22340,0.0575369417126529,0.543406041355808,0.112751977546049,0.28630503938549
22341,0.262198935724141,0.12139316397103,0.292376896295778,0.324031004009052
22342,0.293936561623561,0.0674996008045775,0.433378770691758,0.205185066880104
22343,0.187035952239418,0.623398113836056,0.0656692422176127,0.123896691706913
22344,0.183357391494336,0.302863310238612,0.413953899654617,0.0998253986124349
22345,0.673065090083441,0.0482644848983106,0.0951052460914805,0.183565178926768
22346,0.422772009825915,0.156339580288129,0.0782992349441188,0.342589174941838
22347,0.159645873176624,0.276700844523213,0.408196212417393,0.15545706988277
22348,0.0697225704538696,0.293326448100903,0.500409918902655,0.136541062542572
22349,0.199208299484903,0.249034284698129,0.457756732522327,0.0940006832946412
22350,0.196907528909167,0.337208130005537,0.316793630907361,0.149090710177935
22351,0.178273176792608,0.287588662398703,0.41310912770785,0.121029033100838
22352,0.462921804170445,0.0962388112910776,0.268268402453835,0.172570982084643
22353,0.239339621643443,0.128235477013127,0.350494005434974,0.281930895908457
22354,0.287937043911493,0.242767122254076,0.277332803127588,0.191963030706844
22355,0.184635481522461,0.31079444534635,0.331218769058472,0.173351304072717
22356,0.199855216604425,0.0918894628136401,0.382151601525246,0.326103719056689
22357,0.131669319901031,0.392932938548039,0.152664365835433,0.322733375715496
22358,0.597841849700738,0.0779518152959923,0.16840533894923,0.15580099605404
22359,0.177887294622722,0.242671615671648,0.465823978151627,0.113617111554002
22360,0.247629995366202,0.428499415728003,0.0542181318091433,0.269652457096653
22361,0.303484038188387,0.268290897255663,0.163133009436132,0.265092055119818
22362,0.161124675745554,0.297083779164137,0.352188135445708,0.189603409644601
22363,0.105119787820128,0.137058897021507,0.451462216440813,0.306359098717551
22364,0.249481441780166,0.350047387875048,0.158605295969741,0.241865874375045
22365,0.266712220603877,0.270234623694019,0.288120709357949,0.174932446344156
22366,0.239399889445563,0.4635480005415,0.181720449732208,0.115331660280729
22367,0.465541686083105,0.11777875844613,0.27137318923572,0.145306366235045
22368,0.257397438525223,0.350248753059937,0.163172463919893,0.229181344494946
22369,0.18231189417074,0.527315252303414,0.182401764918419,0.107971088607427
22370,0.16600430690219,0.38378851469268,0.237520011765187,0.212687166639944
22371,0.476120907397491,0.102314131242023,0.25050183120171,0.171063130158777
22372,0.32876328200265,0.442253687020122,0.102264312265714,0.126718718711514
22373,0.211376659824831,0.129707118418807,0.37241921930239,0.286497002453972
22374,0.288230316247121,0.518403950905722,0.10688618245652,0.0864795503906364
22375,0.162140971449035,0.408198235902882,0.18515223679042,0.244508555857663
22376,0.312210864662636,0.189829393918504,0.28269496647292,0.21526477494594
22377,0.448410210106758,0.301809932786047,0.125714326931191,0.124065530176003
22378,0.183792108971916,0.163646431204053,0.521109533611327,0.131451926212704
22379,0.486732342340238,0.211531898405661,0.0851600997311139,0.216575659522988
22380,0.164489585790042,0.285632463687996,0.267594517443574,0.282283433078388
22381,0.182098430916015,0.355199753132429,0.27677383959546,0.185927976356096
22382,0.0983469968730826,0.526229558800777,0.208972972055127,0.166450472271014
22383,0.250698807106829,0.125094959064035,0.320203288534153,0.304002945294984
22384,0.175867093416191,0.568985564064484,0.0766937455334146,0.178453596985911
22385,0.285960617298489,0.195710446776751,0.33347035234155,0.18485858358321
22386,0.28622011096296,0.30538207892179,0.257811197104861,0.150586613010388
22387,0.256044276031027,0.117079619569421,0.266906284430035,0.359969819969518
22388,0.47887656737079,0.151999118824772,0.189861015768026,0.179263298036412
22389,0.250262502171597,0.24086810119013,0.334123613863231,0.174745782775042
22390,0.287188589291656,0.118261643917621,0.246199290860641,0.348350475930082
22391,0.274265595303563,0.187703671253506,0.184875203687591,0.35315552975534
22392,0.270100127228097,0.302625553862136,0.232164474655925,0.195109844253842
22393,0.146739886944441,0.141808303712308,0.579208166561514,0.132243642781737
22394,0.191654845608717,0.331600365785686,0.177088361954432,0.299656426651165
22395,0.413427067724937,0.193885195566289,0.271626372511597,0.121061364197177
22396,0.127007155156627,0.141522226927496,0.335666384762131,0.395804233153747
22397,0.392625287706907,0.24634209969753,0.139328602717863,0.2217040098777
22398,0.407757066735675,0.124183732510226,0.264694945578556,0.203364255175543
22399,0.106133709460013,0.217369493339784,0.540527613301211,0.135969183898992
22400,0.0957543030096171,0.087209345358182,0.621169463148926,0.195866888483275
22401,0.565055766418243,0.0881230162773033,0.114392806313409,0.232428410991045
22402,0.17162271378462,0.364765760531702,0.332382554080504,0.131228971603174
22403,0.221874566473075,0.31946719690606,0.251831272862848,0.206826963758018
22404,0.385790266923661,0.0522580359544568,0.463751774621425,0.0981999225004569
22405,0.136077065453646,0.404224253974196,0.153263216584249,0.306435463987909
22406,0.157291120455743,0.464772288253564,0.190006890028271,0.187929701262422
22407,0.314902053237929,0.157066816802844,0.209733130666423,0.318297999292804
22408,0.0535229380259251,0.0983328510280554,0.731595238000021,0.116548972945999
22409,0.379709167558867,0.247696821729297,0.266841124203446,0.10575288650839
22410,0.359447006785025,0.239323678284065,0.265946743863869,0.135282571067041
22411,0.283651818400722,0.312190473451451,0.254646243717017,0.14951146443081
22412,0.365592733154733,0.18822393442733,0.350762142619921,0.0954211897980165
22413,0.119722856101491,0.140282630692021,0.207658967984369,0.532335545222118
22414,0.270458578188252,0.563774341393797,0.0377016315046552,0.128065448913295
22415,0.115661415795454,0.215965455637318,0.540556896240885,0.127816232326342
22416,0.111910727383828,0.145707410542167,0.554574048846392,0.187807813227614
22417,0.351793010184308,0.14924426348067,0.260998296025154,0.237964430309868
22418,0.0491801128182954,0.395917489502281,0.354660277763059,0.200242119916364
22419,0.21156726169251,0.24357955005806,0.217528140480314,0.327325047769115
22420,0.134879410223961,0.456872172579245,0.189429870847149,0.218818546349645
22421,0.191187682872428,0.0552527878855293,0.566225609236729,0.187333920005314
22422,0.0697234822204435,0.304955126262427,0.265684307954477,0.359637083562653
22423,0.0798440479100527,0.204275415014668,0.536718819478129,0.17916171759715
22424,0.501641266893549,0.261088505390898,0.103065704477544,0.134204523238008
22425,0.155770414793371,0.341678693298191,0.157461195827808,0.34508969608063
22426,0.327221091527202,0.280997502245273,0.257257984166712,0.134523422060814
22427,0.401711898131496,0.259829945691362,0.0616723610865187,0.276785795090623
22428,0.059815826127127,0.306267003920476,0.407817371699388,0.226099798253009
22429,0.623371996963902,0.172996274384135,0.0361521523188442,0.167479576333119
22430,0.166687976137058,0.0858411057600172,0.582414563492273,0.165056354610651
22431,0.325015868958965,0.115262961559125,0.334590553777164,0.225130615704746
22432,0.267201487805349,0.451751473207287,0.122729436250322,0.158317602737042
22433,0.129951831902717,0.125751717371596,0.233100802958776,0.511195647766912
22434,0.403700163799602,0.154306949464523,0.185119657652344,0.256873229083531
22435,0.0555937253987896,0.296610428640807,0.448482779484334,0.199313066476069
22436,0.0675993201746819,0.433440679359076,0.259251476931347,0.239708523534895
22437,0.245977908203373,0.195131159864536,0.227286444965528,0.331604486966564
22438,0.197840383253104,0.277213369480211,0.0992983847223257,0.42564786254436
22439,0.0760221777822894,0.286804900264282,0.448467011460931,0.188705910492498
22440,0.198047527068545,0.408423130172761,0.181014186494678,0.212515156264016
22441,0.380135970996279,0.1382932140463,0.327027757671516,0.154543057285906
22442,0.137794962641224,0.276989721342285,0.480124364766591,0.105090951249899
22443,0.107736999589636,0.706579944620172,0.0626139257636016,0.12306913002659
22444,0.344556830774986,0.247581911166418,0.236286842137887,0.17157441592071
22445,0.140794553199756,0.37871742841268,0.287802801639421,0.192685216748144
22446,0.0958521309539861,0.398858188949088,0.44020280706352,0.0650868730334051
22447,0.281583227571154,0.414180870897358,0.16085140473211,0.143384496799378
22448,0.190098285405058,0.393532632340212,0.219264886387113,0.197104195867617
22449,0.247419316845469,0.413208482930926,0.165158920856882,0.174213279366723
22450,0.207028777952234,0.293072675434511,0.364559943529469,0.135338603083786
22451,0.103938194969534,0.578619947830382,0.217196529277184,0.1002453279229
22452,0.161719524820194,0.576940270485495,0.145135498666387,0.116204706027924
22453,0.30735054752087,0.213566382657442,0.263033924765764,0.216049145055925
22454,0.262541051921997,0.417531746927893,0.165287116339059,0.154640084811051
22455,0.463619149923477,0.225009407317533,0.175341418310208,0.136030024448783
22456,0.413377042356491,0.117699632697374,0.262502397924359,0.206420927021777
22457,0.275950329401121,0.308637038634149,0.271353998594166,0.144058633370565
22458,0.167058395335106,0.38807691321414,0.304916879725519,0.139947811725236
22459,0.235121766121645,0.2750117433918,0.403351314672783,0.0865151758137729
22460,0.177371658773988,0.142355027949036,0.526863839366389,0.153409473910586
22461,0.311719366030973,0.25357446754832,0.244546747563004,0.190159418857703
22462,0.453760123918916,0.200296144695084,0.217682412588748,0.128261318797252
22463,0.195091176165469,0.423857787103231,0.154772833890079,0.226278202841221
22464,0.231346427638964,0.356912863242548,0.223073975035908,0.188666734082579
22465,0.34355613368863,0.371806504662564,0.172387936426256,0.112249425222551
22466,0.302695758191133,0.29321025657051,0.151973916738422,0.252120068499935
22467,0.19274608498943,0.439063396366217,0.175543844117735,0.192646674526618
22468,0.228734923794588,0.390073779727228,0.235529639481621,0.145661656996564
22469,0.408267595244049,0.155722608668688,0.280672892490699,0.155336903596564
22470,0.171431184272167,0.572863136410193,0.110424553141411,0.145281126176229
22471,0.416475327628538,0.258637397211717,0.164294209966352,0.160593065193393
22472,0.132353376321487,0.412770951709216,0.291792423074195,0.163083248895102
22473,0.541642778616489,0.1149025291695,0.19483943784842,0.148615254365591
22474,0.574162245214146,0.0537362582574122,0.270190031378933,0.101911465149509
22475,0.324678247057809,0.486438444855059,0.0728132781347254,0.116070029952407
22476,0.283702220155389,0.236715131725719,0.311865195487181,0.167717452631712
22477,0.146650002696296,0.246099151111999,0.457362865277955,0.149887980913749
22478,0.0871115817701578,0.0418275042020913,0.608647616761852,0.262413297265899
22479,0.156753075127416,0.0385290360102881,0.0884197453670121,0.716298143495283
22480,0.0353077446756452,0.169065266888537,0.427895509154638,0.367731479281179
22481,0.163234685451465,0.333276897751611,0.0419889115444155,0.461499505252509
22482,0.205887423766849,0.168662123086697,0.0552802535091959,0.570170199637259
22483,0.0962170112041529,0.256953863326239,0.0780200065179027,0.568809118951705
22484,0.297458138183602,0.351553300951862,0.0186126405909678,0.332375920273568
22485,0.0394758351013049,0.221860442591211,0.184342587321179,0.554321134986305
22486,0.0343497188551774,0.201196217542963,0.444785167345463,0.319668896256397
22487,0.0645082731637089,0.0303583622921333,0.407426076791988,0.49770728775217
22488,0.07927837698074,0.0811216926771959,0.479906667520174,0.35969326282189
22489,0.354443834801031,0.023220773397565,0.329353564685237,0.292981827116167
22490,0.0846202709353434,0.567098124209604,0.081322959369904,0.266958645485148
22491,0.0271106863603607,0.602654495955776,0.0545439238852885,0.315690893798575
22492,0.025562731071836,0.241473858526693,0.470931194168625,0.262032216232846
22493,0.211846178673246,0.308571020172153,0.354900232218796,0.124682568935805
22494,0.23985952621084,0.128296394597279,0.418421635782838,0.213422443409044
22495,0.0656979628094682,0.24107593272041,0.355405364078669,0.337820740391453
22496,0.338597488291067,0.0376172945823409,0.254262983980385,0.369522233146207
22497,0.198762674074631,0.309392714460489,0.336969327085868,0.154875284379013
22498,0.11839868550272,0.199233996390099,0.313068941855366,0.369298376251815
22499,0.463876176111557,0.146613298877735,0.158126930853776,0.231383594156932
22500,0.574270298630916,0.15202095473695,0.0645305307946788,0.209178215837456
22501,0.350779998777207,0.177171827864395,0.206770141571253,0.265278031787145
22502,0.318320472461407,0.185358940997278,0.301849849734414,0.194470736806902
22503,0.226277017528346,0.295111917275391,0.113663099103286,0.364947966092977
22504,0.212515271248373,0.413993659221815,0.149054122773557,0.224436946756255
22505,0.271937134657606,0.178654051530977,0.257312504155946,0.292096309655472
22506,0.197459245641243,0.334673351382652,0.329602869607892,0.138264533368212
22507,0.047751463339976,0.501540583236297,0.145029710244307,0.305678243179419
22508,0.198896531374946,0.58859090570156,0.077640081848905,0.134872481074589
22509,0.58342793008808,0.0705843250143861,0.115453477649354,0.23053426724818
22510,0.0718479686495948,0.664610643299809,0.0720927036901708,0.191448684360426
22511,0.285783657738882,0.0885862989185286,0.472215381345705,0.153414661996884
22512,0.18247342043653,0.215843266112147,0.397221763004451,0.204461550446872
22513,0.269887194287268,0.138439798797132,0.358061213820333,0.233611793095267
22514,0.227295398730988,0.392795132847774,0.130084261525246,0.249825206895992
22515,0.0942790289302686,0.100299871270728,0.521441568532264,0.283979531266739
22516,0.0916422238756437,0.47963736680706,0.202326507367714,0.226393901949583
22517,0.288855189480209,0.160480817014988,0.382575136000436,0.168088857504367
22518,0.188132740498308,0.244372239048959,0.327369061877979,0.240125958574755
22519,0.212819714853164,0.38763147564254,0.0906072792347214,0.308941530269575
22520,0.350074796240741,0.306867115869993,0.217426085172147,0.125632002717118
22521,0.100880650243414,0.350171871531535,0.38807371254216,0.160873765682891
22522,0.0430109211708648,0.121664078568865,0.536772210833725,0.298552789426545
22523,0.0493957576067945,0.574000507411374,0.239167060945057,0.137436674036775
22524,0.119303038111597,0.100199228391215,0.347466290685193,0.433031442811995
22525,0.245541042388434,0.0862972068549483,0.585022223423171,0.0831395273334476
22526,0.445706772590057,0.355607489791589,0.070586692078445,0.128099045539909
22527,0.16918624562711,0.351475516574646,0.241504565764473,0.237833672033771
22528,0.17828089759154,0.0990708373322076,0.532459181883017,0.190189083193236
22529,0.251290052322029,0.314051089134744,0.234227952562886,0.200430905980341
22530,0.323191175320166,0.0824791085198663,0.198257806995369,0.396071909164598
22531,0.133546905540364,0.0826971117195557,0.574827583135307,0.208928399604773
22532,0.397809866706546,0.261360866108649,0.109053833313088,0.231775433871716
22533,0.127007783617824,0.480647307376116,0.119662458442967,0.272682450563094
22534,0.225390206875789,0.373168679628299,0.159251140096661,0.242189973399251
22535,0.191841193683649,0.252918275455909,0.394951149292944,0.160289381567498
22536,0.172921169505739,0.481937271378637,0.150275653130187,0.194865905985438
22537,0.15297754569612,0.312762958556847,0.36388643857422,0.170373057172812
22538,0.124769499221101,0.457548457490795,0.229650569006862,0.188031474281241
22539,0.174852924142478,0.26148048140863,0.436409653761083,0.12725694068781
22540,0.278322347465706,0.331286167189601,0.183824244719394,0.206567240625299
22541,0.150554862816143,0.297859299256007,0.287255684659021,0.264330153268829
22542,0.202495911214164,0.377805818504733,0.236097686078058,0.183600584203046
22543,0.467093376215702,0.153998194182027,0.137927003488759,0.240981426113512
22544,0.139279643321156,0.0758912242208268,0.541945709065261,0.242883423392757
22545,0.187393691842908,0.498047049299701,0.158211856754581,0.15634740210281
22546,0.448061039454076,0.365135137938249,0.100953303763863,0.0858505188438122
22547,0.36679497525303,0.216235097177973,0.268789004402631,0.148180923166366
22548,0.232360588170843,0.327468076284934,0.276461901298544,0.163709434245679
22549,0.429955137196413,0.099880186665781,0.252944828826584,0.217219847311222
22550,0.142715454538406,0.309619346365097,0.416141332754034,0.131523866342463
22551,0.174378050232563,0.321305607405874,0.379156077901416,0.125160264460147
22552,0.141580654134778,0.251395203847267,0.202924469088686,0.404099672929269
22553,0.260559944426414,0.444248274402055,0.149588689401712,0.14560309176982
22554,0.427657428457891,0.136498205078617,0.261005971238933,0.174838395224559
22555,0.163824812963902,0.471274365798865,0.238608445982134,0.126292375255099
22556,0.41211518705508,0.27034985186732,0.204277023814005,0.113257937263595
22557,0.12360554594406,0.533106488832252,0.207079391903934,0.136208573319754
22558,0.228581434167544,0.13996573769528,0.506360049761898,0.125092778375279
22559,0.253806246247598,0.320624663526166,0.217616028045453,0.207953062180784
22560,0.276908562572822,0.22051643542888,0.345930489425268,0.156644512573031
22561,0.152816889016482,0.301960842802355,0.453359323450514,0.0918629447306495
22562,0.212677060273704,0.434850081287139,0.278145351285414,0.0743275071537439
22563,0.432827910127198,0.18105991402214,0.310240747591526,0.075871428259135
22564,0.444012050458941,0.117205271335696,0.277970684630274,0.160811993575089
22565,0.181083592603001,0.17640195130937,0.432798041359692,0.209716414727937
22566,0.197676194193249,0.38435923463925,0.274106312331319,0.143858258836182
22567,0.357851742787459,0.131416938442941,0.347607873943191,0.163123444826409
22568,0.273884745391927,0.245090752429293,0.248592849498043,0.232431652680737
22569,0.355549373455533,0.20860144307149,0.350166247713282,0.0856829357596957
22570,0.374674778362246,0.220456202360123,0.230677730383626,0.174191288894005
22571,0.274992306319414,0.361430624758993,0.182642088688231,0.180934980233362
22572,0.267481027428437,0.218976299699599,0.345331864178752,0.168210808693212
22573,0.256769541391606,0.263238387278403,0.311057471503031,0.168934599826959
22574,0.346891348044144,0.104810776084591,0.286600211104509,0.261697664766756
22575,0.142345471729954,0.378616818585016,0.304680227662663,0.174357482022368
22576,0.332886482604462,0.284659009477572,0.1867203767352,0.195734131182767
22577,0.372398629537175,0.27469360763035,0.234584321363629,0.118323441468846
22578,0.12442149829074,0.400247076786634,0.335026403440019,0.140305021482607
22579,0.198124190259058,0.267723203089189,0.310726706669481,0.223425899982272
22580,0.428111984523236,0.251970402054412,0.186372198563492,0.133545414858859
22581,0.158017858709102,0.251860759722717,0.347759559683851,0.24236182188433
22582,0.353969378320412,0.217253681570938,0.314507275089968,0.114269665018682
22583,0.31960787887955,0.265450950576731,0.324006365910758,0.0909348046329609
22584,0.163368811287154,0.35456666334718,0.350364120393213,0.131700404972453
22585,0.228105648023729,0.376931169037339,0.273401496876586,0.121561686062346
22586,0.148132496181174,0.522305021312471,0.170735372469226,0.158827110037129
22587,0.39600087365214,0.138999926042799,0.143093336836964,0.321905863468098
22588,0.363755357583256,0.153946095695859,0.329758554907947,0.152539991812938
22589,0.313411279951923,0.41383994044011,0.194516713881519,0.0782320657264487
22590,0.205036078657844,0.178823645577922,0.388197486151484,0.22794278961275
22591,0.340204266071011,0.0932405298949423,0.412057836422483,0.154497367611563
22592,0.232819449337669,0.42789184419631,0.217020566532299,0.122268139933722
22593,0.280027131836894,0.362935799277685,0.129235491564136,0.227801577321285
22594,0.189641470809285,0.081976629237094,0.505221118811023,0.223160781142598
22595,0.173732373504479,0.247757542221635,0.317957266821264,0.260552817452623
22596,0.377104817734382,0.396306357622617,0.123272526791198,0.103316297851804
22597,0.132917703505699,0.21100748210873,0.486559523322964,0.169515291062608
22598,0.193959747460549,0.410711646843678,0.136830189592955,0.258498416102818
22599,0.251411288590609,0.243665992813234,0.132690733320929,0.372231985275228
22600,0.186635720775346,0.299137699358969,0.271329726462529,0.242896853403156
22601,0.479185668687085,0.110944245604666,0.207074009754828,0.202796075953422
22602,0.631241730242689,0.139817662690473,0.096345913155804,0.132594693911034
22603,0.306940990244438,0.0901054213650051,0.31403987100949,0.288913717381067
22604,0.130192691970011,0.378293457401977,0.318167587597102,0.17334626303091
22605,0.55312858718999,0.113820865475266,0.11524070630646,0.217809841028283
22606,0.236669951021467,0.111833103458025,0.465379584722923,0.186117360797585
22607,0.1794232300932,0.172405580696497,0.432390570759775,0.215780618450528
22608,0.206762501745009,0.404927478089936,0.236706841979258,0.151603178185797
22609,0.396317888168201,0.345343651156211,0.127125118437727,0.131213342237861
22610,0.0388598624572315,0.605829984287626,0.229625517865204,0.125684635389939
22611,0.188345291533136,0.249837509411431,0.408281192989191,0.153536006066243
22612,0.149706631485435,0.168186463060648,0.38704893625566,0.295057969198257
22613,0.437539683795924,0.320012150146857,0.116824385374351,0.125623780682868
22614,0.371035882936077,0.227878303529405,0.18840619391243,0.212679619622087
22615,0.142526455945241,0.373647317614401,0.359680366557349,0.124145859883009
22616,0.551439450711641,0.0628068038527373,0.305517611507236,0.0802361339283853
22617,0.220552899718388,0.149713080030829,0.505791923522199,0.123942096728584
22618,0.48021129466783,0.127090218990397,0.209247837197527,0.183450649144247
22619,0.160398483445511,0.421853643340676,0.190251821802265,0.227496051411548
22620,0.129165223122459,0.581232219339942,0.115316882224107,0.174285675313492
22621,0.123734590314881,0.0664344387594026,0.654957344261554,0.154873626664163
22622,0.208472297410056,0.144071324552599,0.338577441397355,0.308878936639989
22623,0.176430593766142,0.528199684697543,0.141497388305953,0.153872333230363
22624,0.312019383011948,0.366437937635514,0.164866273300447,0.156676406052091
22625,0.312251059902664,0.267465594855754,0.186398408243064,0.233884936998517
22626,0.341455346297211,0.206998126231029,0.22764070108869,0.22390582638307
22627,0.295296080696307,0.123789744311964,0.348525244030719,0.23238893096101
22628,0.116339738335107,0.368268131765826,0.368516804502467,0.146875325396599
22629,0.21527470601244,0.292282971105309,0.307003847270384,0.185438475611867
22630,0.365334232848538,0.384145202287755,0.117939307461438,0.132581257402269
22631,0.410069544458674,0.344359170899671,0.0326464578202417,0.212924826821414
22632,0.180279307047397,0.376888258239962,0.117986864344203,0.324845570368437
22633,0.142223121784147,0.12203974892077,0.252482406074555,0.483254723220527
22634,0.030808538375887,0.385883210500544,0.268753020974303,0.314555230149266
22635,0.0552335847781369,0.592157771954452,0.0423952405559792,0.310213402711432
22636,0.0320266157741727,0.57677635107441,0.176483135165716,0.214713897985701
22637,0.538578798577185,0.0430337129593381,0.0429618527927785,0.375425635670699
22638,0.144362887004628,0.233596206162381,0.149163996629749,0.472876910203241
22639,0.0696759455958566,0.204352890350351,0.125608200930215,0.600362963123578
22640,0.0926176687854153,0.109541013929428,0.504412420835709,0.293428896449448
22641,0.0567508487830633,0.622328371167618,0.123197557568677,0.197723222480641
22642,0.123865834888065,0.257879066564584,0.156063315790243,0.462191782757108
22643,0.218320016650542,0.127028924375189,0.397267983704099,0.257383075270171
22644,0.0450911274027979,0.171132210382641,0.574956476995833,0.208820185218728
22645,0.265351046568713,0.037277588153208,0.18354721739094,0.513824147887138
22646,0.286164257628523,0.268227507516053,0.158960514480195,0.28664772037523
22647,0.590026166117227,0.261072034893525,0.0219530545007951,0.126948744488453
22648,0.646687039071851,0.139880744211271,0.0209896853862364,0.192442531330642
22649,0.189596522921733,0.258563529851562,0.350383838906226,0.20145610832048
22650,0.325751188784449,0.342579050096754,0.170862856701083,0.160806904417713
22651,0.231873051189042,0.152704329480209,0.437103554453769,0.17831906487698
22652,0.159208682020126,0.260750554825779,0.331996771654078,0.248043991500018
22653,0.113186384379997,0.289240232450351,0.506392402758674,0.091180980410978
22654,0.160454555153123,0.311039295673983,0.262341307202697,0.266164841970198
22655,0.260979534618174,0.449416041658874,0.142860150843263,0.14674427287969
22656,0.250892035422488,0.162806262181696,0.456222002027263,0.130079700368553
22657,0.348179262366951,0.27818239923457,0.215594122595646,0.158044215802834
22658,0.296997322264515,0.15430380909553,0.245379934882827,0.303318933757128
22659,0.225441777582659,0.239926080238921,0.394718722611579,0.139913419566841
22660,0.452984300987078,0.263811872343902,0.0935098635690688,0.189693963099951
22661,0.394835086724503,0.17753767450845,0.303296067989063,0.124331170777984
22662,0.261566550969913,0.198718270549285,0.394219784863566,0.145495393617237
22663,0.307785176147452,0.443479250980802,0.136324866859297,0.112410706012449
22664,0.229617871572052,0.400758409861594,0.115997161696189,0.253626556870165
22665,0.251927211568204,0.377289523418699,0.248529148385716,0.12225411662738
22666,0.480714423884245,0.244688371784873,0.131769420909889,0.142827783420994
22667,0.115601708688909,0.20169447754882,0.562452479954157,0.120251333808114
22668,0.141358904826968,0.206487514221343,0.0528174218386396,0.599336159113049
22669,0.0779784510145743,0.0468560867332462,0.0907478097336121,0.784417652518567
22670,0.170473021031367,0.31250215332889,0.118053573179056,0.398971252460686
22671,0.270462718393089,0.0891459380896938,0.428071568172814,0.212319775344403
22672,0.407814930117246,0.0892774633403537,0.142852452475035,0.360055154067365
22673,0.357195706441391,0.191941554288064,0.142520423967825,0.30834231530272
22674,0.192721145152203,0.189246680887337,0.452190555246568,0.165841618713892
22675,0.0746724564570498,0.435274809864973,0.210622563530005,0.279430170147973
22676,0.209621599499379,0.459258923351068,0.111571458386805,0.219548018762748
22677,0.467214800607791,0.126294362807609,0.240590135900654,0.165900700683947
22678,0.229439468308905,0.126252845505722,0.129964285907425,0.514343400277948
22679,0.0299778004899139,0.493507335447768,0.0938436706099882,0.38267119345233
22680,0.0672787131754877,0.176168772776569,0.349943357666623,0.40660915638132
22681,0.12498241890158,0.278825455286635,0.131551860329761,0.464640265482025
22682,0.369705170185639,0.413200283641515,0.0459405364201634,0.171154009752682
22683,0.0655909024847116,0.0194198360781547,0.685898762984133,0.229090498453001
22684,0.199091389561629,0.521519961452255,0.14105033815956,0.138338310826556
22685,0.259399984480655,0.148429937992783,0.19388737749984,0.398282700026723
22686,0.712722868555341,0.0421162803481132,0.0283115875079979,0.216849263588548
22687,0.140401783510729,0.488053272242456,0.160001757443507,0.211543186803309
22688,0.326602420656776,0.321753949656637,0.249400168156938,0.102243461529648
22689,0.316932396785292,0.300494431651509,0.249427954795052,0.133145216768148
22690,0.0850576660661564,0.250108256284895,0.55928646607276,0.105547611576189
22691,0.154976178697054,0.393157153643735,0.340913888902678,0.110952778756533
22692,0.296824919265939,0.214704690486859,0.287558648537487,0.200911741709715
22693,0.349553090220365,0.247029039229272,0.234502179862499,0.168915690687864
22694,0.319017370488107,0.134264473815979,0.401325364445708,0.145392791250206
22695,0.2718070996344,0.196032307996674,0.400144333260713,0.132016259108213
22696,0.170962634779174,0.358072913267449,0.22195356958889,0.249010882364487
22697,0.136537258357007,0.392608425451962,0.256657800080413,0.214196516110619
22698,0.376161044786535,0.32651102534851,0.113743508713497,0.183584421151459
22699,0.428072863773129,0.15420974615945,0.264502678736646,0.153214711330775
22700,0.253943822921642,0.223104599602317,0.248939681987673,0.274011895488368
22701,0.238877242898858,0.367059905486843,0.0936856801606966,0.300377171453603
22702,0.0886658056617822,0.223321657042313,0.484746944893241,0.203265592402664
22703,0.359099958551017,0.176744650044054,0.31134708197366,0.15280830943127
22704,0.212528065505031,0.265664478532484,0.314236480917723,0.207570975044762
22705,0.123528722240778,0.239316178298922,0.37624907352199,0.260906025938311
22706,0.195421956854451,0.189862121054054,0.40121351370495,0.213502408386545
22707,0.112195058637507,0.55004738453792,0.188120173275125,0.149637383549448
22708,0.234220277375417,0.136673556608113,0.427087559378519,0.202018606637951
22709,0.163484313861497,0.621375529194244,0.0952636735689218,0.119876483375338
22710,0.194895422244251,0.494617969479545,0.178776728486646,0.131709879789559
22711,0.495548313205241,0.159602042612228,0.180780586144857,0.164069058037674
22712,0.37237274889897,0.343406860389445,0.119629630931092,0.164590759780493
22713,0.216688513502202,0.211292606463565,0.413953433630548,0.158065446403686
22714,0.166355367144183,0.217114141444867,0.474465056875132,0.142065434535818
22715,0.237359832992416,0.304145746528993,0.237300889079274,0.221193531399316
22716,0.194033892699279,0.374685694732138,0.254046755353094,0.177233657215488
22717,0.195352290370164,0.176593919705278,0.468122302650231,0.159931487274327
22718,0.454648625379452,0.193160015480513,0.171876769740254,0.180314589399781
22719,0.405289241005489,0.302221191254814,0.189240929258116,0.103248638481581
22720,0.104496941130145,0.452356002418849,0.257742726971986,0.185404329479021
22721,0.386296849504465,0.365424604736597,0.13722998590858,0.111048559850358
22722,0.241746158448528,0.266453382962984,0.289367594747567,0.202432863840921
22723,0.270627209321138,0.44073180245496,0.0873737705628967,0.201267217661006
22724,0.14792579871932,0.223425548130988,0.539876591139724,0.0887720620099682
22725,0.0946804386917924,0.278007173319965,0.209627306335514,0.417685081652728
22726,0.0365942668077997,0.570824813380182,0.0863657542918841,0.306215165520134
22727,0.133097485038578,0.117962125349804,0.512077920936158,0.236862468675461
22728,0.0466299508008185,0.410229588821229,0.186553350837544,0.356587109540408
22729,0.340265346347658,0.219880291843068,0.169523994037431,0.270330367771843
22730,0.0735642383821296,0.30977524745297,0.372005498572547,0.244655015592353
22731,0.0323050050005777,0.476107120710419,0.294726843628331,0.196861030660672
22732,0.280641912370334,0.219236501117816,0.256799362786921,0.243322223724929
22733,0.364528382940138,0.179010509448836,0.0844339935071299,0.372027114103897
22734,0.137106655524947,0.40299384733506,0.101066216782284,0.358833280357709
22735,0.104477343816705,0.440059158465416,0.317885710559685,0.137577787158194
22736,0.0450587310476226,0.202352827032429,0.507752791355531,0.244835650564417
22737,0.372527515211691,0.127291180724553,0.0383949639094954,0.461786340154261
22738,0.407693872158184,0.100703197991777,0.308541699995134,0.183061229854905
22739,0.399288035242635,0.133114141212182,0.117939145468063,0.34965867807712
22740,0.0699994963323349,0.531105180473445,0.14247616950612,0.2564191536881
22741,0.418127461581884,0.0392696408809623,0.366557391778971,0.176045505758183
22742,0.132207010647861,0.514876848885362,0.236323952618079,0.116592187848698
22743,0.180115555774914,0.480249323891969,0.0852521631683929,0.254382957164725
22744,0.241737522401567,0.337489382378821,0.248921449136146,0.171851646083467
22745,0.331192136202574,0.256804707012324,0.203916195744032,0.20808696104107
22746,0.291298229978634,0.30365927119298,0.282567916908651,0.122474581919736
22747,0.527270059891241,0.160908132346664,0.142469142351249,0.169352665410846
22748,0.53343140122872,0.181555718764029,0.203850907308074,0.0811619726991772
22749,0.247442621978142,0.195768920088969,0.457011985637164,0.0997764722957252
22750,0.243311525913907,0.160201944617041,0.520042287760643,0.0764442417084102
22751,0.178763620623269,0.369551483573959,0.366469219784198,0.0852156760185736
22752,0.307735723652706,0.181322958490699,0.298349316955048,0.212592000901546
22753,0.341169167967703,0.329874322757894,0.161441857079499,0.167514652194904
22754,0.323793068649841,0.373069840595986,0.229389994232727,0.0737470965214472
22755,0.337598180289255,0.131091729427053,0.41614113504637,0.115168955237322
22756,0.376758882450836,0.193640009343268,0.265566982688791,0.164034125517105
22757,0.433636619084421,0.25479758346814,0.177617359167654,0.133948438279786
22758,0.343441543278527,0.195445516936404,0.329766416267257,0.131346523517812
22759,0.339974710289397,0.393279302076883,0.133942700388582,0.132803287245138
22760,0.220660406265061,0.198316569944473,0.518328406244975,0.0626946175454905
22761,0.267343394867958,0.346154998414288,0.21772501767584,0.168776589041913
22762,0.156113307695346,0.347930915753993,0.294477708445111,0.20147806810555
22763,0.137888709714044,0.349112026206998,0.321969040374282,0.191030223704676
22764,0.195567825521281,0.604350863484966,0.0743272591645178,0.125754051829235
22765,0.240282494241776,0.267380959214344,0.337555237363265,0.154781309180615
22766,0.389629469789049,0.255112626626778,0.232861507479767,0.122396396104406
22767,0.198111966285111,0.187276398677381,0.458580605799428,0.156031029238081
22768,0.244220489012653,0.164178238154302,0.432608512908762,0.158992759924284
22769,0.152603489252799,0.669291501759417,0.0686398128358218,0.109465196151962
22770,0.557201291241059,0.137478064195311,0.109322504170356,0.195998140393273
22771,0.369013484411908,0.160771498169932,0.334409262397611,0.135805755020548
22772,0.418761658476736,0.255344396995499,0.194162349007983,0.131731595519783
22773,0.203573806087169,0.404924306346366,0.18390063713569,0.207601250430774
22774,0.178320400904563,0.228262108840741,0.392940296828876,0.200477193425819
22775,0.330576101195292,0.344360039871505,0.209047940182422,0.116015918750782
22776,0.308397196590642,0.337233745067716,0.169851096657376,0.184517961684267
22777,0.134417688545412,0.353750203276909,0.364636852892851,0.147195255284828
22778,0.0951002607537595,0.261915221807448,0.425134063486694,0.217850453952099
22779,0.277903548167566,0.424655569277954,0.161451346159322,0.135989536395157
22780,0.430128247107948,0.220211368265229,0.0955660054928943,0.254094379133929
22781,0.138474747106032,0.232216067405479,0.505776314225971,0.123532871262518
22782,0.123552025583821,0.144239300508485,0.508952364375464,0.223256309532229
22783,0.282793121257888,0.16827332052239,0.419336684852011,0.129596873367711
22784,0.140330392556666,0.522001659467775,0.13421006894292,0.203457879032639
22785,0.183343656977029,0.347832889133604,0.30336224093342,0.165461212955947
22786,0.372143609943967,0.131171763349691,0.345775028864231,0.150909597842111
22787,0.379905834092955,0.266637805010194,0.211127585595908,0.142328775300943
22788,0.44760443073738,0.0769668285773132,0.31398865819122,0.161440082494087
22789,0.417848905153528,0.250963672444559,0.144120287241925,0.187067135159988
22790,0.106680019556528,0.214216515951406,0.529968766160397,0.149134698331669
22791,0.240986804810873,0.291517949803228,0.23542885744886,0.23206638793704
22792,0.198173121810828,0.142664431356781,0.512083728735783,0.147078718096608
22793,0.549990582939179,0.165667777715109,0.10267280812007,0.181668831225642
22794,0.17266052035075,0.240076830704281,0.455487975867218,0.131774673077751
22795,0.275612906331783,0.377320700902051,0.148984500290273,0.198081892475892
22796,0.438002621985816,0.118670180416567,0.24421167539239,0.199115522205227
22797,0.10644634021021,0.118493072659909,0.688780554583519,0.0862800325463624
22798,0.145443003287093,0.262474517360409,0.33252776789452,0.259554711457978
22799,0.460731889331304,0.134328086898107,0.132556073908724,0.272383949861865
22800,0.263107420646113,0.20301052660415,0.325379910834845,0.208502141914892
22801,0.115181747065953,0.292448059625929,0.281680797535782,0.310689395772336
22802,0.099362506319921,0.457127991232624,0.227197846359592,0.216311656087862
22803,0.318015698950469,0.501818347378556,0.048343384357667,0.131822569313308
22804,0.360452104696486,0.121126222351296,0.342596478489308,0.17582519446291
22805,0.181234253649716,0.274112002535397,0.313071240052763,0.231582503762124
22806,0.142662757533329,0.59138319690331,0.111377988772871,0.15457605679049
22807,0.458846350329321,0.0318714241675301,0.409113381506697,0.100168843996452
22808,0.0776467462759973,0.447265872640606,0.25201240216873,0.223074978914667
22809,0.114934704446476,0.19010468278523,0.563875025969591,0.131085586798703
22810,0.120382489261903,0.537651218326199,0.178570600351337,0.163395692060561
22811,0.270398308206792,0.178293598635004,0.327848865613368,0.223459227544836
22812,0.207662850280859,0.433521150179196,0.180237467236991,0.178578532302955
22813,0.400027483896144,0.126299059091042,0.340876020901991,0.132797436110823
22814,0.222110526574132,0.475073775072594,0.0946689391317928,0.208146759221481
22815,0.1566685470773,0.489840609017539,0.157188164331189,0.196302679573973
22816,0.224789874645031,0.255484290583879,0.204655423051911,0.31507041171918
22817,0.500519186238503,0.134258856509144,0.143120232961308,0.222101724291046
22818,0.0708252330798083,0.640443724299107,0.19021136003104,0.0985196825900446
22819,0.180942747694441,0.121611719071094,0.396189820599481,0.301255712634984
22820,0.072344332372553,0.252320943058475,0.489206981807776,0.186127742761196
22821,0.068810599840022,0.122337816926995,0.365555046391756,0.443296536841228
22822,0.313608441642866,0.0521540090555609,0.402458625237543,0.23177892406403
22823,0.0561685896723354,0.442302600281489,0.0407866494949647,0.460742160551211
22824,0.0213520791195055,0.543225981190397,0.0797226210748137,0.355699318615283
22825,0.136722941696185,0.00922271001903272,0.741645482351744,0.112408865933038
22826,0.118040994925051,0.10686303763286,0.332102336855204,0.442993630586885
22827,0.542736328623944,0.0239390271028315,0.130685650541811,0.302638993731414
22828,0.0574355449107852,0.350754842311499,0.447175579004416,0.144634033773299
22829,0.047557069839877,0.429245057972357,0.324138913784105,0.199058958403661
22830,0.0517105196303289,0.0160675992349818,0.717682169401001,0.214539711733688
22831,0.0612156561946221,0.671189443227336,0.0276804990466322,0.23991440153141
22832,0.100772269849629,0.0562921164850274,0.665308179818378,0.177627433846966
22833,0.193744548868577,0.485565809441423,0.0574943497511947,0.263195291938805
22834,0.0331968053502797,0.102597678151842,0.254140310187959,0.610065206309919
22835,0.220823866542271,0.195451614035371,0.114126204266073,0.469598315156285
22836,0.226156873117246,0.404397202546634,0.0313993424773923,0.338046581858728
22837,0.0381001499038536,0.43530892869139,0.0819976706905093,0.444593250714247
22838,0.357517722915138,0.160822167207368,0.0277682216833544,0.45389188819414
22839,0.156554669064729,0.242424609758957,0.278540492273171,0.322480228903143
22840,0.509797997682781,0.0207412472342745,0.148916079094762,0.320544675988183
22841,0.171238261601261,0.104751361210655,0.115502955020848,0.608507422167236
22842,0.315137266294453,0.043711014939163,0.23867753615726,0.402474182609123
22843,0.409733305694852,0.0558571539373478,0.258648616438317,0.275760923929483
22844,0.54093624616905,0.0439626546753482,0.226302079295505,0.188799019860097
22845,0.524534770374343,0.234166161153742,0.143762936882898,0.0975361315890165
22846,0.0723391122248653,0.690428677126906,0.0190420751476819,0.218190135500547
22847,0.261419185256478,0.485367903700757,0.0909611250777679,0.162251785964997
22848,0.238533166298929,0.206496575594536,0.117346930232864,0.437623327873671
22849,0.349177186095172,0.0130831816554676,0.467965632603368,0.169773999645992
22850,0.487729948050638,0.0707171872527326,0.245104751015175,0.196448113681454
22851,0.165763462248795,0.467198305369226,0.100215767814454,0.266822464567525
22852,0.536535347583597,0.0494322297380189,0.0361083017391832,0.377924120939201
22853,0.495414839757651,0.0867601053883277,0.259455882840882,0.15836917201314
22854,0.126845214479011,0.159005051325326,0.0829541489909181,0.631195585204745
22855,0.430700237155971,0.176276437150565,0.0409868943250667,0.352036431368397
22856,0.0252642802388056,0.0268814494983632,0.499930095749628,0.447924174513204
22857,0.0296983725231922,0.0650404643457942,0.308943704191397,0.596317458939616
22858,0.276114988080647,0.223331780813657,0.295623774129528,0.204929456976169
22859,0.131885802486882,0.652817168393169,0.0728148703528872,0.142482158767062
22860,0.203503954925734,0.310307314505368,0.20017921446495,0.286009516103947
22861,0.225214837625147,0.328069627365196,0.302463134430033,0.144252400579624
22862,0.204277949243522,0.199378918393453,0.254701278677605,0.34164185368542
22863,0.159207466168448,0.503713216267693,0.156322314367415,0.180757003196443
22864,0.0907777601008574,0.433603871640934,0.183713629493412,0.291904738764796
22865,0.258667206186344,0.302599391328968,0.172035940422003,0.266697462062684
22866,0.335066007361741,0.0499838246829263,0.519707422592955,0.0952427453623775
22867,0.248032148720901,0.0897730698472116,0.483765569632131,0.178429211799756
22868,0.22271556864492,0.236971911208095,0.310672163529068,0.229640356617917
22869,0.366731806341801,0.184050891083476,0.222196490025216,0.227020812549508
22870,0.282432709906368,0.266658767602977,0.250171134604482,0.200737387886173
22871,0.234347377151301,0.393148366737187,0.140765809857017,0.231738446254495
22872,0.187967144177839,0.660827777865503,0.0562347450397424,0.0949703329169153
22873,0.10981814217092,0.248773126003838,0.392347865996592,0.249060865828649
22874,0.19770005053662,0.543464424608763,0.122623742589119,0.136211782265498
22875,0.0794461049192703,0.531991064597225,0.103176267914712,0.285386562568794
22876,0.293694907615382,0.379194369096253,0.225094082123731,0.102016641164634
22877,0.33597140582175,0.11131960237566,0.139065230355625,0.413643761446966
22878,0.110345699576386,0.0403112032948961,0.409417658753833,0.439925438374885
22879,0.240634751863741,0.141544103699427,0.469177712388111,0.148643432048721
22880,0.190049400331356,0.177537916099121,0.511828656283093,0.12058402728643
22881,0.310549437977281,0.155707972045259,0.277066569084596,0.256676020892864
22882,0.0292743361456794,0.737306549985511,0.0177260361580121,0.215693077710797
22883,0.217585042102501,0.0948931839535827,0.442107501622048,0.245414272321868
22884,0.0957428176800692,0.303342520028417,0.347561008478887,0.253353653812628
22885,0.457638648817948,0.159104478204031,0.0356199957118385,0.347636877266183
22886,0.265195973063112,0.0475072873930715,0.178334882582959,0.508961856960857
22887,0.15625537920046,0.473658203195287,0.102621880504419,0.267464537099834
22888,0.453668301189802,0.328015724228712,0.0549991209977427,0.163316853583744
22889,0.0221355338634063,0.0311434122276217,0.697560506971759,0.249160546937213
22890,0.298870844826439,0.394717753954702,0.103473764469931,0.202937636748928
22891,0.214630647455968,0.32658357645559,0.279183626663978,0.179602149424465
22892,0.229398865354632,0.0779160183473234,0.495271535193732,0.197413581104313
22893,0.347064467037919,0.243703945203745,0.219971056196919,0.189260531561417
22894,0.106188971151852,0.0831579164261337,0.0488832111677194,0.761769901254295
22895,0.373335205830767,0.188867286974709,0.195230461882854,0.242567045311671
22896,0.427236812037922,0.43982745940082,0.0139222355980432,0.119013492963215
22897,0.0869478738256098,0.232294379686786,0.472611546992487,0.208146199495118
22898,0.0666224926044481,0.11354561191947,0.557982615516578,0.261849279959503
22899,0.564694506728126,0.104587189536901,0.0886946831586471,0.242023620576326
22900,0.40179536878366,0.101767084743346,0.0887352478177167,0.407702298655278
22901,0.247929500008159,0.26700490387998,0.20429022011298,0.280775375998882
22902,0.169007608872825,0.336608123890683,0.174834807642088,0.319549459594405
22903,0.227754988353065,0.203976959093405,0.447301672972374,0.120966379581156
22904,0.591974670731169,0.0972226999365042,0.133453796915891,0.177348832416436
22905,0.41792338360679,0.289996385930704,0.0556892189495903,0.236391011512916
22906,0.601918074096878,0.204067934188244,0.0210556589620044,0.172958332752874
22907,0.238932066175123,0.150956605156548,0.416880526746688,0.193230801921642
22908,0.164363810797737,0.2825227703082,0.292856133103046,0.260257285791016
22909,0.206685983218854,0.620114817513589,0.0411745885749478,0.132024610692609
22910,0.230281250741984,0.303487817888498,0.179095985505207,0.287134945864312
22911,0.146394637914061,0.180181768587604,0.303036164126593,0.370387429371743
22912,0.289215164854081,0.397225289977083,0.186119248119937,0.127440297048898
22913,0.183176881614001,0.0475406779341802,0.643968226720974,0.125314213730845
22914,0.112858470971709,0.403761162461255,0.153130883579042,0.330249482987993
22915,0.707856151587615,0.0351633917248668,0.0356189952811356,0.221361461406383
22916,0.11170970651471,0.33824960475035,0.038607607470793,0.511433081264148
22917,0.251596778316507,0.147223358735903,0.0355238023496422,0.565656060597948
22918,0.514763391755728,0.106621443706484,0.0270297642665132,0.351585400271274
22919,0.0312605630635098,0.783161447560825,0.022382086298696,0.163195903076969
22920,0.151423871895641,0.0890939411964068,0.402543573608738,0.356938613299215
22921,0.361904582675617,0.0966616681705484,0.0541925475662207,0.487241201587614
22922,0.210102079875608,0.405627745853285,0.156071040783038,0.22819913348807
22923,0.0259585275198684,0.416094170368646,0.180917814533497,0.377029487577989
22924,0.507747079125504,0.154467886430344,0.15908827199575,0.178696762448403
22925,0.176988386665054,0.271366688706511,0.0351771593731065,0.516467765255329
22926,0.432047946493836,0.0684334108690202,0.163049874484775,0.336468768152368
22927,0.0861096019003489,0.123522999258801,0.330108215360643,0.460259183480207
22928,0.70815904046213,0.0779564420519344,0.0136971472457282,0.200187370240207
22929,0.0635335347047827,0.534175633784138,0.116013066701161,0.286277764809919
22930,0.107702420693693,0.109129555528916,0.492397811486263,0.290770212291128
22931,0.0699762396292008,0.32367215288806,0.44830663313222,0.158044974350519
22932,0.18031869467955,0.159394083598992,0.075632035955698,0.58465518576576
22933,0.438147961354307,0.108033862355066,0.115367224564729,0.338450951725898
22934,0.15257862929955,0.116499050895244,0.305189386236254,0.425732933568951
22935,0.0956817086975073,0.546276120305854,0.198379779314758,0.159662391681881
22936,0.460894441396667,0.122245865732667,0.224693231641249,0.192166461229416
22937,0.446113015039409,0.245012469794724,0.150024864745933,0.158849650419933
22938,0.469097768855106,0.20305449579973,0.12692712451145,0.200920610833714
22939,0.186320362997212,0.309762062255306,0.255770496331924,0.248147078415558
22940,0.177556215141316,0.0717200811174477,0.571895067726201,0.178828636015035
22941,0.329145063236058,0.119872002703856,0.429623257507501,0.121359676552585
22942,0.0334752771997553,0.189590201100407,0.638397878539602,0.138536643160236
22943,0.15680365272743,0.300428158979548,0.211250638307696,0.331517549985326
22944,0.180187038000719,0.424540801854709,0.105424580577961,0.289847579566612
22945,0.213197550713162,0.324565601067926,0.160964524912599,0.301272323306313
22946,0.164815792947759,0.220616858527438,0.28856250391893,0.326004844605874
22947,0.242571427815056,0.507063787023299,0.0541918248002128,0.196172960361433
22948,0.281921178725614,0.195025794834442,0.187042008845829,0.336011017594115
22949,0.123695077318178,0.313992731531362,0.36334610927877,0.19896608187169
22950,0.248420310626874,0.288248262436088,0.153091924730966,0.310239502206072
22951,0.212549794207775,0.419906066428961,0.200526420932248,0.167017718431016
22952,0.261570066305071,0.317371575047063,0.117262425660428,0.303795932987438
22953,0.39740742695198,0.200000104505505,0.218460213509452,0.184132255033064
22954,0.194131259949546,0.237296040391089,0.257708043233376,0.310864656425989
22955,0.214928160744436,0.521699837838169,0.131755998470913,0.131616002946482
22956,0.3914782975289,0.262925280014714,0.162187187078218,0.183409235378167
22957,0.264718111582092,0.20736722352204,0.373678747612058,0.154235917283811
22958,0.589832913498644,0.166763866809551,0.0972925470550104,0.146110672636794
22959,0.126577164370986,0.208801213702253,0.471527780823649,0.193093841103113
22960,0.338425307789297,0.332413267479836,0.177063595534507,0.15209782919636
22961,0.191792559362253,0.250230609337491,0.343674209593152,0.214302621707104
22962,0.246144582490536,0.129375669587349,0.516256458394363,0.108223289527752
22963,0.156141190859052,0.433442251717009,0.138770342024939,0.271646215398999
22964,0.172331263744421,0.155908763762856,0.515277453041805,0.156482519450918
22965,0.315623031243685,0.421217083462386,0.137454646789661,0.125705238504268
22966,0.194627576104505,0.163939935310578,0.526409773267942,0.115022715316975
22967,0.0728564546401877,0.439783486506989,0.389355921028301,0.0980041378245223
22968,0.270774920280461,0.232335333246518,0.327837924691424,0.169051821781597
22969,0.420230648644503,0.194540046046225,0.270106210018778,0.115123095290495
22970,0.418044479949991,0.188250019867325,0.192181766130154,0.201523734052531
22971,0.240755925515059,0.222646922169043,0.45128132087369,0.0853158314422082
22972,0.337099030145639,0.458126379633988,0.0896309459126171,0.115143644307756
22973,0.0848644026635553,0.439136463774905,0.0949626168393837,0.381036516722156
22974,0.0884177128339698,0.109392720605041,0.443001826429066,0.359187740131923
22975,0.293836371688959,0.144778074823353,0.38090051568804,0.180485037799647
22976,0.0666630497166459,0.236387252541529,0.453804452858241,0.243145244883585
22977,0.0884198741720856,0.272005353885916,0.446576245520859,0.19299852642114
22978,0.0406939123613329,0.22819064401233,0.551630241096705,0.179485202529632
22979,0.0889628969623342,0.31921824253479,0.408493698422282,0.183325162080594
22980,0.330276219068529,0.507369725956878,0.0579210271993208,0.104433027775273
22981,0.237461037349784,0.473134346048104,0.153953589329607,0.135451027272505
22982,0.240192312700567,0.100662564792411,0.301034728632433,0.358110393874589
22983,0.496707744132705,0.273103628883173,0.0424885100857378,0.187700116898384
22984,0.0281576089143703,0.371223697830517,0.393431943210506,0.207186750044608
22985,0.440142210916145,0.0924037267005378,0.195806297666061,0.271647764717256
22986,0.349365002396117,0.362631808863779,0.112511304247052,0.175491884493052
22987,0.0958582983628597,0.171796660271456,0.417628401173468,0.314716640192216
22988,0.175198933035561,0.0813032266652356,0.588635670227923,0.154862170071281
22989,0.500871831196904,0.094986470533801,0.210966906071159,0.193174792198137
22990,0.152575532557345,0.459191342625821,0.123494351840333,0.264738772976501
22991,0.61779944124496,0.150145293120889,0.0865392423475421,0.145516023286609
22992,0.253449845058583,0.336347550464518,0.256510345961521,0.153692258515378
22993,0.166848186076903,0.150303718483108,0.549788847561763,0.133059247878226
22994,0.605168162075642,0.20081224077583,0.0965574466700254,0.0974621504785032
22995,0.171681461051966,0.346786097464347,0.288239008777949,0.193293432705739
22996,0.367242247992686,0.263318621499724,0.255259105913983,0.114180024593607
22997,0.326553627839551,0.334251911113396,0.220043938886662,0.119150522160391
22998,0.283521102550223,0.27689717812987,0.196170142730355,0.243411576589551
22999,0.324945447230922,0.22528064889978,0.319156244587572,0.130617659281725
23000,0.252318898919003,0.267901426667405,0.414522471717451,0.0652572026961417
23001,0.291360791673346,0.349448889771185,0.208024734864876,0.151165583690593
23002,0.144589737943771,0.476363474113405,0.199402437200452,0.179644350742373
23003,0.587452638503083,0.165123692015288,0.150498076823407,0.0969255926582216
23004,0.151759220925421,0.341281976045645,0.362339353437062,0.144619449591871
23005,0.324463400701441,0.448721730155614,0.102102064901575,0.124712804241369
23006,0.205620988270351,0.165331826082707,0.525992334914692,0.103054850732251
23007,0.0632767120690429,0.38657641876558,0.456014823114933,0.0941320460504441
23008,0.145863008573868,0.426898506727894,0.325182003402341,0.102056481295897
23009,0.324542185060125,0.175776255216065,0.306111821821804,0.193569737902006
23010,0.394242639249872,0.334359976391141,0.158270944135414,0.113126440223573
23011,0.34508377724632,0.17035758370485,0.289459821263532,0.195098817785299
23012,0.304042474982362,0.132552885918466,0.429236401404478,0.134168237694694
23013,0.345555882845291,0.145775916364167,0.302478976332687,0.206189224457855
23014,0.162514291448243,0.282189512834103,0.405625476255931,0.149670719461722
23015,0.260281412990947,0.163776478417339,0.416089430818557,0.159852677773157
23016,0.468284978970438,0.225237106756907,0.189597536035091,0.116880378237564
23017,0.318443548576905,0.162799696115174,0.417895767615907,0.100860987692014
23018,0.422274583766845,0.239378338101588,0.233581002835681,0.104766075295886
23019,0.163891988852577,0.221763882918542,0.485221663783381,0.1291224644455
23020,0.338055209649439,0.12741330114395,0.228180286217078,0.306351202989532
23021,0.473467625948906,0.282729598704604,0.0827310863046172,0.161071689041873
23022,0.266072607271999,0.305730614766325,0.156336484144098,0.271860293817578
23023,0.422827871566569,0.225002090346628,0.203199667235274,0.148970370851529
23024,0.429955580366353,0.300490634824221,0.118978007565853,0.150575777243574
23025,0.188841895635755,0.438929956094578,0.25764146618687,0.114586682082798
23026,0.546214604722115,0.155583853334467,0.172280594612479,0.12592094733094
23027,0.263145911263176,0.292301175748561,0.259515281527891,0.185037631460372
23028,0.218055114201271,0.481131131981803,0.125314360291724,0.175499393525202
23029,0.0348237357879261,0.0246151814019792,0.525665665226211,0.414895417583883
23030,0.387797098024655,0.1885751537769,0.0311389862544965,0.392488761943948
23031,0.0408860158366296,0.0959335336630042,0.186236125717911,0.676944324782455
23032,0.17142980168211,0.443645018818392,0.13081610458682,0.254109074912679
23033,0.36788200994394,0.0762944716887616,0.0306532462520147,0.525170272115283
23034,0.0712698336270778,0.212715193855738,0.0465279442128312,0.669487028304353
23035,0.363481598878688,0.212629342063509,0.0350274685512272,0.388861590506576
23036,0.0361295405506184,0.401673804829772,0.0382925709668016,0.523904083652808
23037,0.574486744733,0.109734083510604,0.122569977117558,0.193209194638838
23038,0.301449535214738,0.472012155842821,0.0593829611261159,0.167155347816325
23039,0.630417815118239,0.0694485216696979,0.0100670778547183,0.290066585357345
23040,0.0487534841950268,0.0538678382114783,0.0929163859416678,0.804462291651827
23041,0.251429411764484,0.0447186224183641,0.399555500568685,0.304296465248467
23042,0.351878955315614,0.0850047131417047,0.0525042247752938,0.510612106767388
23043,0.0902219524161493,0.0794205407381105,0.124761560635219,0.705595946210521
23044,0.114033887898276,0.164475484132556,0.519806692195623,0.201683935773545
23045,0.513257611636771,0.04521893948722,0.0961579419857971,0.345365506890212
23046,0.782021548303281,0.0170730620989302,0.0411208248159752,0.159784564781814
23047,0.0797284010349977,0.203046410966214,0.5304532909055,0.186771897093288
23048,0.517999935456303,0.166350408926419,0.173405750103293,0.142243905513985
23049,0.424086160653152,0.247670146527994,0.147547709515646,0.180695983303207
23050,0.309637055208847,0.432355719549798,0.121418388267067,0.136588836974288
23051,0.419408274483909,0.232342567757098,0.186632751956864,0.161616405802129
23052,0.146700135059493,0.587552442645764,0.154111553594069,0.111635868700674
23053,0.495143649863176,0.0724763183734859,0.259184242363261,0.173195789400077
23054,0.449886549804936,0.0784776593579715,0.33979369256546,0.131842098271633
23055,0.572421466854603,0.240829850640467,0.0675475468410173,0.119201135663913
23056,0.246037717054506,0.240088391189262,0.21268886364986,0.301185028106372
23057,0.240056932742406,0.508299644831644,0.0662483305797478,0.185395091846203
23058,0.0692760513666307,0.416230148814338,0.411964499145327,0.102529300673705
23059,0.435494154682982,0.216451232358689,0.156523276657239,0.191531336301089
23060,0.481477016206047,0.159957186150937,0.0847267735570327,0.273839024085984
23061,0.405676926617804,0.115776957827141,0.357884992359088,0.120661123195968
23062,0.318700125909848,0.247300899289601,0.114110103950252,0.319888870850298
23063,0.115249704039954,0.0868157232050789,0.626785103306503,0.171149469448464
23064,0.203280424191594,0.0713870158888991,0.518116645270416,0.20721591464909
23065,0.185705352344839,0.315573983167683,0.321218095830962,0.177502568656517
23066,0.130055931074145,0.49615246068981,0.0723060611458709,0.301485547090174
23067,0.250229765467181,0.19457970423145,0.291053968008613,0.264136562292756
23068,0.603296286778707,0.213958848993082,0.0408593221378326,0.141885542090379
23069,0.105624029491592,0.40356286382914,0.308742603917925,0.182070502761343
23070,0.29794812070877,0.294084780247943,0.155178191576879,0.252788907466408
23071,0.0796382015009688,0.464342218474613,0.310763906280315,0.145255673744104
23072,0.276211752736067,0.170866879600542,0.412011104771229,0.140910262892162
23073,0.19991806626349,0.103075166070489,0.459019976574127,0.237986791091894
23074,0.48002172120023,0.171609275314958,0.168165066148888,0.180203937335924
23075,0.325324431309612,0.248678520052756,0.282369279738323,0.14362776889931
23076,0.523781689196455,0.101812593132546,0.157497164936006,0.216908552734992
23077,0.673461377523792,0.0937869668968477,0.0884674092273944,0.144284246351966
23078,0.143440060001289,0.242339520166924,0.404158946171961,0.210061473659826
23079,0.328675695584687,0.17151444207112,0.336939402718939,0.162870459625254
23080,0.324129126402826,0.385051983961845,0.182289132472865,0.108529757162465
23081,0.0965533853665041,0.135825089800528,0.595616220920065,0.172005303912903
23082,0.33563365720303,0.479140899904119,0.0715992304956567,0.113626212397195
23083,0.272091266867874,0.364714928579613,0.216613879649034,0.146579924903479
23084,0.108339207486092,0.331875076220386,0.391853532095882,0.16793218419764
23085,0.171418791248694,0.153793350759975,0.290830335028968,0.383957522962362
23086,0.311953339707489,0.326234024574011,0.234727279928062,0.127085355790438
23087,0.242656599619638,0.295170144728608,0.334126209673442,0.128047045978312
23088,0.384739462045691,0.120600384534627,0.394572920712347,0.100087232707335
23089,0.469419097165398,0.3023437043949,0.16029946894734,0.0679377294923626
23090,0.108154185966209,0.187394046906887,0.52471946180382,0.179732305323085
23091,0.348040904550859,0.258944739560059,0.278374110616712,0.11464024527237
23092,0.317023597069176,0.178909014858158,0.362275515094378,0.141791872978288
23093,0.413855573424111,0.178964093159593,0.244702388988353,0.162477944427943
23094,0.5815989891095,0.189283455346659,0.151810141484428,0.0773074140594127
23095,0.442258400718621,0.171795283090895,0.15939230414358,0.226554012046903
23096,0.348503922426162,0.205626955592945,0.288386373208541,0.157482748772352
23097,0.616701023927387,0.0669150241824074,0.24655068901683,0.0698332628733752
23098,0.462262992067113,0.139500443108476,0.244128373854636,0.154108190969775
23099,0.431964034550975,0.187195069256098,0.244041090915674,0.136799805277253
23100,0.220000086657016,0.16510426118559,0.543754739248148,0.0711409129092461
23101,0.217960602562085,0.50981415741857,0.142574977810424,0.129650262208921
23102,0.304734640956893,0.165124412408577,0.354698284984935,0.175442661649595
23103,0.279190813767529,0.28309059927923,0.3406349936665,0.0970835932867415
23104,0.224086978380449,0.314469757887239,0.292619428655306,0.168823835077006
23105,0.169826376648254,0.269997296660954,0.426210941250371,0.133965385440421
23106,0.318093754463551,0.267100697717787,0.268885813205436,0.145919734613226
23107,0.265708806787466,0.14786760718082,0.472705125096471,0.113718460935242
23108,0.311746921964369,0.227912628415555,0.261800886295602,0.198539563324474
23109,0.153651841179023,0.352349549225979,0.385696872137531,0.108301737457467
23110,0.479568783988874,0.0910859762844102,0.321759919035306,0.10758532069141
23111,0.164505141562081,0.329566169074302,0.372640688136883,0.133288001226734
23112,0.243769503872783,0.18098321019626,0.497883671322538,0.0773636146084191
23113,0.274164949247252,0.301428613427567,0.291773414259409,0.132633023065773
23114,0.157141851020949,0.330661042401301,0.386268036192899,0.125929070384852
23115,0.190439074609617,0.350086002807926,0.298098134700993,0.161376787881464
23116,0.208786974172702,0.617377090954878,0.0563267745369699,0.11750916033545
23117,0.277051941830158,0.151445161015196,0.428211447298611,0.143291449856035
23118,0.105741799095597,0.145436975920213,0.54318511249855,0.20563611248564
23119,0.107515783188526,0.401880008259852,0.298436958169336,0.192167250382286
23120,0.470257322699804,0.252265300677667,0.121776824675111,0.155700551947418
23121,0.246081901050994,0.379994604834616,0.196190816173714,0.177732677940676
23122,0.290371189532655,0.193813861419931,0.345368141788003,0.170446807259411
23123,0.0928039132571402,0.455835122212361,0.250562540448487,0.200798424082013
23124,0.312465077779605,0.375171753154791,0.186610723296985,0.125752445768618
23125,0.373618965343663,0.307135767255247,0.206239726753329,0.113005540647761
23126,0.375717814730117,0.288827129896311,0.187189727929096,0.148265327444476
23127,0.286044529924177,0.185118758774599,0.453560481435935,0.0752762298652891
23128,0.473377666948328,0.265915295619948,0.125554279165856,0.135152758265868
23129,0.435501153512669,0.300274943867443,0.168859647197514,0.0953642554223744
23130,0.234111239911127,0.449186783859329,0.176637649161197,0.140064327068347
23131,0.366596096796615,0.209139981074244,0.349510352825921,0.0747535693032202
23132,0.311174515407747,0.332908422588761,0.258899829334843,0.0970172326686493
23133,0.262011970901695,0.184302845804812,0.444280254996548,0.109404928296944
23134,0.212231717339955,0.251946464787224,0.415704865235582,0.120116952637239
23135,0.159808752025371,0.415076694868026,0.345900025231896,0.0792145278747067
23136,0.162454918264985,0.0865597639381708,0.611275014533825,0.139710303263019
23137,0.244205292915631,0.369991362670831,0.228707690219721,0.157095654193817
23138,0.1742383225271,0.200455382965802,0.517942714513545,0.107363579993554
23139,0.391679502480978,0.273208048332553,0.213693213946834,0.121419235239635
23140,0.269567841349494,0.460906818180202,0.154034066360641,0.115491274109663
23141,0.208943070383915,0.478867684790264,0.218370490146617,0.0938187546792034
23142,0.191930408631116,0.123853979399222,0.523758898471364,0.160456713498297
23143,0.25882170832769,0.242620907980197,0.414862346165093,0.08369503752702
23144,0.15668340557485,0.319067203032474,0.402230684316748,0.122018707075928
23145,0.233361893227546,0.36675602127797,0.252177854855775,0.14770423063871
23146,0.229043011557535,0.457356677563784,0.221723263297799,0.0918770475808822
23147,0.297698692333697,0.189653805830156,0.352573062327199,0.160074439508947
23148,0.260652847831296,0.446963270954027,0.159421562155216,0.13296231905946
23149,0.456211121933991,0.342642590833801,0.101848482046482,0.0992978051857254
23150,0.262598099940005,0.388593753539526,0.21574953402186,0.133058612498609
23151,0.294891718897129,0.151065582301013,0.476472068371707,0.0775706304301504
23152,0.350836069774228,0.129557906260412,0.387322088693105,0.132283935272255
23153,0.350062751110228,0.250532178580454,0.231418275169469,0.16798679513985
23154,0.31181724167688,0.270410146494141,0.26138606139357,0.15638655043541
23155,0.494887984064183,0.250902937103455,0.153771387037065,0.100437691795297
23156,0.383881800251508,0.166831858453953,0.267251840376912,0.182034500917627
23157,0.143121904462541,0.57196831609432,0.196303993871963,0.0886057855711758
23158,0.381614030115923,0.197038715356548,0.273981464224109,0.14736579030342
23159,0.256361224176229,0.231001526328429,0.384807494401225,0.127829755094117
23160,0.194206521777603,0.213160638324917,0.421543032844263,0.171089807053217
23161,0.351521566847555,0.206443783980607,0.346661398276682,0.0953732508951565
23162,0.197799918707094,0.304630123668951,0.120236512093926,0.377333445530029
23163,0.134013983774421,0.679262890791644,0.0488706943753382,0.137852431058596
23164,0.25320972030192,0.370287076991226,0.194816331909245,0.18168687079761
23165,0.0538683053598653,0.206444483248694,0.386547753705226,0.353139457686214
23166,0.543235472700506,0.147076814802498,0.0987451016919333,0.210942610805062
23167,0.344976419978254,0.186754630559566,0.211972886506859,0.256296062955321
23168,0.335052979204136,0.0679221658397487,0.238614322263662,0.358410532692453
23169,0.258960627409449,0.370810136541036,0.247847861101004,0.122381374948512
23170,0.248452312744128,0.172855102102217,0.232899682185115,0.34579290296854
23171,0.287961753169873,0.208480933579877,0.28049879073554,0.223058522514711
23172,0.344915913839778,0.314082482680926,0.168163396677457,0.172838206801839
23173,0.105069859491017,0.162156535497888,0.333274669219753,0.399498935791341
23174,0.721030258402949,0.105348321691411,0.0326972676122377,0.140924152293403
23175,0.334827344828883,0.143982109280667,0.241878362435365,0.279312183455084
23176,0.0680414057313184,0.557025971400967,0.15297935683924,0.221953266028475
23177,0.305014744755829,0.285249130491225,0.33009389091604,0.0796422338369061
23178,0.249864256492759,0.444291112725663,0.174002945749339,0.131841685032239
23179,0.191101111964046,0.514639754910941,0.113983699613891,0.180275433511122
23180,0.0625846257221633,0.217956733972039,0.559243814447893,0.160214825857905
23181,0.258143809085182,0.440647381683035,0.169652723787444,0.131556085444339
23182,0.343518922457343,0.426179510482069,0.120642861724771,0.109658705335818
23183,0.208468337118063,0.452638851969337,0.203071857207241,0.135820953705358
23184,0.327781068284258,0.295294311384597,0.25075450977081,0.126170110560335
23185,0.344478322585701,0.203045071900404,0.277461717457893,0.175014888056002
23186,0.357547871740412,0.350591580181635,0.123808257275676,0.168052290802277
23187,0.194135590347996,0.235381180571341,0.397896781726902,0.172586447353761
23188,0.558048203252605,0.238493989611915,0.116620569323921,0.0868372378115601
23189,0.365007161296435,0.19039349501781,0.240580098173958,0.204019245511797
23190,0.250705077201746,0.269273435601744,0.372008115445303,0.108013371751208
23191,0.3808128374126,0.265356136459382,0.184157088693342,0.169673937434676
23192,0.279488396847929,0.466942434696469,0.104963896253491,0.148605272202111
23193,0.346821594289719,0.275948589286541,0.202694019194927,0.174535797228813
23194,0.326291653681776,0.428495973227113,0.114514050384466,0.130698322706646
23195,0.419611501306449,0.237283728457043,0.246402124811747,0.0967026454247613
23196,0.333820983173921,0.373749596714203,0.196409850973468,0.0960195691384079
23197,0.507313232104435,0.113351159491605,0.250869261911835,0.128466346492125
23198,0.49293097668173,0.142103750187501,0.194649831162485,0.170315441968284
23199,0.564240194400336,0.232336013220936,0.0967033304341444,0.106720461944585
23200,0.401591688624996,0.189880625458608,0.29510652001319,0.113421165903206
23201,0.364427020396174,0.287372049469415,0.263160003172782,0.0850409269616288
23202,0.260189472236029,0.28826602703061,0.303839760378803,0.147704740354558
23203,0.107849835227853,0.485814541302198,0.274131849966892,0.132203773503057
23204,0.368298374177111,0.304569541896723,0.190579462680873,0.136552621245293
23205,0.282065249237823,0.163968733087316,0.304138854586321,0.24982716308854
23206,0.295581332605686,0.439711045265805,0.0717566025482374,0.192951019580271
23207,0.250489508793436,0.205959065873424,0.411522621078223,0.132028804254916
23208,0.260217676076536,0.159651294913539,0.404514798097816,0.175616230912109
23209,0.338499087102716,0.320413406124269,0.202120324688281,0.138967182084733
23210,0.558775775746612,0.147309729530886,0.159672216147141,0.134242278575361
23211,0.305947620860071,0.448363372138838,0.119928103203865,0.125760903797227
23212,0.173794905803856,0.359341710335557,0.310879257911032,0.155984125949556
23213,0.17501317247002,0.193015247805734,0.382577757577986,0.249393822146261
23214,0.572849593051211,0.0771126189311562,0.26327671269193,0.0867610753257027
23215,0.415669268805855,0.135879231921225,0.282957302913073,0.165494196359847
23216,0.335698440761089,0.228197176267911,0.263865347194184,0.172239035776817
23217,0.213642299986865,0.49641197324958,0.128307996892206,0.16163772987135
23218,0.25655657948427,0.304119450262677,0.28860224860566,0.150721721647392
23219,0.246984021506867,0.0785187302948779,0.0557831123641493,0.618714135834106
23220,0.534341654219539,0.192034961316371,0.0707294300685717,0.202893954395519
23221,0.795163975806027,0.0132811313261621,0.0111123453142248,0.180442547553586
23222,0.070369742849652,0.0762341811317598,0.48673706740585,0.366659008612738
23223,0.14393419593192,0.406659490246118,0.0860602457557143,0.363346068066248
23224,0.0648398666830503,0.276916394655081,0.219747715626238,0.438496023035631
23225,0.266411271190949,0.522494664624929,0.016468310175362,0.19462575400876
23226,0.094716717174751,0.143052014757894,0.299575391268461,0.462655876798895
23227,0.579466017829901,0.15574895279163,0.0450860847706155,0.219698944607854
23228,0.0886666435056996,0.057683887150238,0.0906088308058213,0.763040638538241
23229,0.154520904443193,0.159493274088799,0.400583683191981,0.285402138276028
23230,0.119394445306349,0.288741606868113,0.046286428859822,0.545577518965715
23231,0.0586612206902272,0.271901514535051,0.114349059591481,0.555088205183241
23232,0.266671306227758,0.306135613616723,0.157173893978218,0.270019186177301
23233,0.10136709093905,0.0869668051087032,0.315540886944081,0.496125217008167
23234,0.163174234030685,0.041619622030051,0.115304407616119,0.679901736323145
23235,0.123321960951178,0.0208671427946383,0.481928332430121,0.373882563824063
23236,0.395616377813199,0.0209989062873621,0.364036446300064,0.219348269599375
23237,0.0382525935486424,0.161500639274245,0.420790454353397,0.379456312823716
23238,0.106463994413828,0.205281003857192,0.254071754238079,0.434183247490902
23239,0.22794355110259,0.465503337159072,0.037773377472991,0.268779734265347
23240,0.150798903226662,0.535862434090753,0.0447389031737161,0.268599759508869
23241,0.424000417874809,0.106465052221412,0.198805277220738,0.270729252683042
23242,0.655691709406542,0.0987725660433422,0.0339069129917439,0.211628811558372
23243,0.320949365908643,0.043506945502267,0.314044668002205,0.321499020586885
23244,0.208149126196369,0.403546142909002,0.117579042378117,0.270725688516511
23245,0.582132707615868,0.0190373175169088,0.14012781332911,0.258702161538113
23246,0.352343997533538,0.250380907684904,0.0965075651096918,0.300767529671866
23247,0.111885160939903,0.0787686789532374,0.25438938257447,0.554956777532389
23248,0.0875079645062041,0.479380716330066,0.190592649494076,0.242518669669655
23249,0.299267463521867,0.236566806560965,0.215030327197284,0.249135402719883
23250,0.28070782134289,0.0604185676215014,0.44568738937788,0.213186221657729
23251,0.0749031877058299,0.521303733834496,0.0687900662060917,0.335003012253582
23252,0.13120884543168,0.263315764089361,0.207133561884797,0.398341828594162
23253,0.0408169577033532,0.20512396395335,0.61288819615513,0.141170882188167
23254,0.459194407098572,0.064866044396866,0.324476911162916,0.151462637341647
23255,0.359496738900374,0.230114294884653,0.0282531286555844,0.382135837559389
23256,0.551465501837213,0.0164329953643557,0.146718680778285,0.285382822020147
23257,0.269326830263223,0.50217287185402,0.0296024795274381,0.198897818355319
23258,0.555697288658821,0.070465188603633,0.137312335780688,0.236525186956858
23259,0.0838684619613387,0.24391675323519,0.35117914490454,0.321035639898932
23260,0.204634478247459,0.056815626738356,0.572110064502527,0.166439830511658
23261,0.138761621122715,0.472210694801976,0.141412508568896,0.247615175506413
23262,0.502867630313881,0.114162746544934,0.155889292613191,0.227080330527994
23263,0.380399867454625,0.207895340707258,0.257874423732272,0.153830368105846
23264,0.0611679847335457,0.372866177412299,0.400566489999958,0.165399347854197
23265,0.560854045715537,0.17786869699338,0.123747166643885,0.137530090647198
23266,0.256755335365108,0.153568296580191,0.296264791958725,0.293411576095977
23267,0.305328350420148,0.233997964147924,0.31565465201921,0.145019033412718
23268,0.219817147587472,0.251687793461464,0.133050017847021,0.395445041104043
23269,0.395175279824397,0.359075664320607,0.0518762850414728,0.193872770813523
23270,0.253298775406817,0.250044950265231,0.369361632161554,0.127294642166398
23271,0.402488309304505,0.126597250065544,0.118571107698757,0.352343332931193
23272,0.170554939908801,0.248601237627372,0.377204756932404,0.203639065531424
23273,0.17654674069311,0.514536989550027,0.130984244233205,0.177932025523659
23274,0.431784063506116,0.178858301377809,0.148084916694298,0.241272718421777
23275,0.14052382516502,0.298828414427874,0.311637326251484,0.249010434155622
23276,0.266740757066912,0.431338371788673,0.175852605373279,0.126068265771136
23277,0.417418129050446,0.344938112860695,0.108816616401935,0.128827141686925
23278,0.202471288701367,0.225084689356396,0.33015847516031,0.242285546781927
23279,0.346460790301026,0.390662689945774,0.14623654384724,0.11663997590596
23280,0.351100901434155,0.182607100628725,0.324222578565497,0.142069419371623
23281,0.142776095138384,0.527822437279311,0.21571573972232,0.113685727859985
23282,0.316625505358505,0.413081865657666,0.165504982989353,0.104787645994477
23283,0.245811183166938,0.360615860540625,0.258327221750523,0.135245734541914
23284,0.200458181584542,0.396219507030101,0.270266103191636,0.133056208193721
23285,0.394537015256192,0.224401113325274,0.236900835380868,0.144161036037666
23286,0.265056997461517,0.15050254518319,0.414117239165843,0.17032321818945
23287,0.193980640348682,0.269840810813907,0.270635540453048,0.265543008384363
23288,0.52551946571989,0.147431374453359,0.200758148765467,0.126291011061284
23289,0.293899149444746,0.393554879383786,0.210047911553825,0.102498059617642
23290,0.245044132426723,0.419492174946956,0.194903410272025,0.140560282354296
23291,0.379248324592179,0.18640669242863,0.25218358608229,0.182161396896901
23292,0.23885808760522,0.206637525841667,0.418724807916312,0.135779578636802
23293,0.45135098664638,0.263106051052785,0.139219379936245,0.146323582364591
23294,0.311509965189228,0.299730512626309,0.201495669818444,0.187263852366018
23295,0.368423703067035,0.00875012425033651,0.454436884007271,0.168389288675357
23296,0.229317169585467,0.187596524360513,0.404586152295963,0.178500153758056
23297,0.0845263523237721,0.0636163115721903,0.471857937376362,0.379999398727675
23298,0.367036631784171,0.0629958474488668,0.324301464782111,0.245666055984852
23299,0.386922086991255,0.145068385922624,0.104839139270038,0.363170387816083
23300,0.410974172124658,0.195025673577985,0.282848356561268,0.111151797736088
23301,0.349298923128777,0.107910198634046,0.155886339538397,0.38690453869878
23302,0.296190976661774,0.210404717199509,0.353056924776198,0.140347381362519
23303,0.207252124991686,0.173519931132368,0.371706959125569,0.247520984750376
23304,0.0686227711158375,0.350949792772169,0.104617621456955,0.475809814655038
23305,0.344140568491601,0.0611070210823553,0.0777030447506003,0.517049365675443
23306,0.436308702171471,0.308138461656753,0.0884396784090035,0.167113157762774
23307,0.160203493582646,0.272164554338417,0.20936665610324,0.358265295975696
23308,0.30882895847083,0.0415655819707561,0.493254469155434,0.15635099040298
23309,0.113895968235267,0.137124938267421,0.0692022926797734,0.679776800817538
23310,0.149688944662379,0.0812059241313408,0.54474743309395,0.22435769811233
23311,0.220944160065672,0.082876404087161,0.21219545220653,0.483983983640638
23312,0.281049141899438,0.122721567958678,0.412497874644706,0.183731415497178
23313,0.117129401408628,0.291728475353281,0.275959514763469,0.315182608474623
23314,0.482676415234054,0.039844991625015,0.077957594384213,0.399520998756718
23315,0.364591159192922,0.0958964288179951,0.435247145239208,0.104265266749875
23316,0.343308457674352,0.100078993093487,0.230999803371395,0.325612745860767
23317,0.286658395173792,0.165968447362518,0.180947573416407,0.366425584047284
23318,0.067369964726782,0.0591539428677579,0.431551042845715,0.441925049559745
23319,0.270863006943865,0.122584520533246,0.0288513322724795,0.577701140250411
23320,0.129083603994347,0.0693859930545087,0.212371872413262,0.589158530537883
23321,0.600323881973791,0.00469383751095249,0.266671827504815,0.128310453010441
23322,0.196444144729318,0.0700504200038185,0.363061826451267,0.370443608815596
23323,0.329143630106451,0.376981542685582,0.0175350543616927,0.276339772846274
23324,0.576833751667777,0.0589480646720256,0.148858879562022,0.215359304098176
23325,0.0379483998069768,0.330648773050736,0.404266908056174,0.227135919086113
23326,0.061429380525807,0.101762524865295,0.102464657088252,0.734343437520646
23327,0.0652619310537746,0.0211359758941592,0.697407872632832,0.216194220419234
23328,0.0194148137355715,0.463512781413038,0.0434356625331556,0.473636742318235
23329,0.224142172247566,0.046867513548407,0.191762660801692,0.537227653402335
23330,0.179872869010298,0.0277591249601709,0.514350097651487,0.278017908378045
23331,0.138430650839122,0.686562588017465,0.0192273031155828,0.15577945802783
23332,0.168383875792816,0.278130582016895,0.43400015663274,0.119485385557549
23333,0.563661853298731,0.0672727756960985,0.158083948277925,0.210981422727246
23334,0.373884378348028,0.174949281104195,0.164601785859689,0.286564554688088
23335,0.372378434485682,0.25517139187482,0.173189598897441,0.199260574742058
23336,0.0787802964274794,0.283211024138267,0.313980904329319,0.324027775104935
23337,0.666379015234874,0.0676856203539916,0.167730790159438,0.098204574251697
23338,0.140734532045351,0.121374080935331,0.60009699993895,0.137794387080368
23339,0.17674312019915,0.0644265219373956,0.549168121177464,0.20966223668599
23340,0.127678558557855,0.0568298458694169,0.480910587625045,0.334581007947683
23341,0.107462832020623,0.0380135617262273,0.744350722222851,0.110172884030299
23342,0.332485128973957,0.128990628674273,0.341294508463949,0.197229733887821
23343,0.192832675469453,0.486841468646351,0.127281692596116,0.193044163288081
23344,0.316718134909635,0.153884462652277,0.256427944198374,0.272969458239714
23345,0.171429947824635,0.208649291056883,0.239644410993924,0.380276350124558
23346,0.274883196296898,0.422898753757492,0.0886806701002284,0.213537379845381
23347,0.338398686217796,0.280313314839839,0.203329921760156,0.17795807718221
23348,0.109842089529279,0.304533598982266,0.307483951332404,0.27814036015605
23349,0.261158950526805,0.376179470456612,0.233521071105676,0.129140507910907
23350,0.24761652403871,0.527943815480534,0.0526180105661431,0.171821649914612
23351,0.164186092005478,0.19252627711512,0.364998362423322,0.27828926845608
23352,0.128163009609607,0.188926258372021,0.403691982471433,0.279218749546939
23353,0.0847908653599617,0.328983440965858,0.222726756565225,0.363498937108955
23354,0.0758496358221803,0.568309309894962,0.109324093622365,0.246516960660493
23355,0.21763533733438,0.395423062395144,0.0718242584703452,0.315117341800131
23356,0.305711123234101,0.0774782069975887,0.417321990784768,0.199488678983542
23357,0.122295601368329,0.442146250586192,0.0894744519619438,0.346083696083534
23358,0.233324634994652,0.110717792585873,0.280628711765375,0.3753288606541
23359,0.240965703041663,0.101674668021963,0.387375104797697,0.269984524138677
23360,0.341091233754849,0.393672650345664,0.11210642031816,0.153129695581327
23361,0.0636867797874791,0.0931780640753141,0.532293723193328,0.310841432943879
23362,0.16078174626434,0.263791606451024,0.252065841177961,0.323360806106675
23363,0.19323908023338,0.398143243952822,0.20091477635074,0.207702899463058
23364,0.162073214902958,0.19366758318751,0.274084342501066,0.370174859408465
23365,0.283174392263507,0.249968123472642,0.290463969209653,0.176393515054198
23366,0.196507231733515,0.0422717881151235,0.486882194179538,0.274338785971824
23367,0.149178288719774,0.173006044286895,0.412585404541356,0.265230262451974
23368,0.0649003461373466,0.267177808964252,0.405062089351943,0.262859755546458
23369,0.363345706230069,0.20544096879374,0.199818323748483,0.231395001227708
23370,0.153829889580786,0.0876033694001885,0.481484922377483,0.277081818641542
23371,0.719440749943505,0.0192850811086576,0.0423917117839193,0.218882457163918
23372,0.399341732598482,0.068695551029801,0.0308414297197562,0.501121286651961
23373,0.119211779715539,0.257120871572623,0.423134565076624,0.200532783635214
23374,0.0236665135773161,0.238766616794459,0.565452787869928,0.172114081758297
23375,0.204197617328569,0.255271530854748,0.420625208246431,0.119905643570252
23376,0.213350579114404,0.263197332275719,0.343247944800622,0.180204143809255
23377,0.163333558738596,0.2117365390714,0.470998564824383,0.15393133736562
23378,0.535391153963528,0.0416073092618622,0.200355991173142,0.222645545601468
23379,0.152140579310722,0.0730728373906165,0.345018040031409,0.429768543267253
23380,0.210390082309249,0.306429816939943,0.181654548685249,0.301525552065559
23381,0.144819229724785,0.303353974919291,0.289806882130607,0.262019913225318
23382,0.0962277810851783,0.0396613972016783,0.395548250818771,0.468562570894372
23383,0.0563679276812768,0.449997484200004,0.0813299539056576,0.412304634213062
23384,0.649233098400301,0.0439283061157806,0.118097159376293,0.188741436107625
23385,0.184361688248105,0.251503902232067,0.432777725583425,0.131356683936403
23386,0.154873901793388,0.462954866864269,0.019629358630448,0.362541872711895
23387,0.264066352156001,0.209266862890031,0.0821685513376403,0.444498233616327
23388,0.124307536140229,0.255680159153961,0.338123608621183,0.281888696084627
23389,0.0546897590628793,0.0639213709722384,0.405747986665895,0.475640883298987
23390,0.294231806181734,0.307277375655268,0.280630572410703,0.117860245752296
23391,0.284150824037115,0.304649089711719,0.290157038813054,0.121043047438112
23392,0.360042901361422,0.245008524981491,0.29648584273102,0.0984627309260663
23393,0.108463439591572,0.449770911205577,0.320904543868096,0.120861105334755
23394,0.303161072210987,0.381974959069037,0.226072118223057,0.0887918504969191
23395,0.212341415977192,0.252697201871391,0.401748399438798,0.133212982712619
23396,0.498054618037562,0.235485462560428,0.155199314865695,0.111260604536316
23397,0.407367378999416,0.282585043381297,0.158642031676763,0.151405545942524
23398,0.270558543164408,0.54951258284188,0.103899431176764,0.0760294428169483
23399,0.166119536696539,0.564471567020406,0.174207733568911,0.095201162714144
23400,0.454421543447174,0.125719120191298,0.27465104073881,0.145208295622717
23401,0.394956174358667,0.266954718424663,0.193467871693408,0.144621235523262
23402,0.19949069406522,0.444914802487213,0.247324810848911,0.108269692598655
23403,0.37273561095421,0.19124396850176,0.317964581082277,0.118055839461753
23404,0.206724699464065,0.3559143397849,0.321327724521201,0.116033236229833
23405,0.151075427766452,0.451393741465382,0.292920176240966,0.104610654527201
23406,0.432784123923664,0.301852194463303,0.160407033406194,0.104956648206839
23407,0.318910494318801,0.257466388162165,0.247691971546214,0.17593114597282
23408,0.389821755288973,0.271876642925497,0.205722174228675,0.132579427556855
23409,0.245470132776249,0.324951249572833,0.296599219466068,0.132979398184851
23410,0.302713370695342,0.364237406287262,0.206799387030813,0.126249835986584
23411,0.247923353078125,0.27539752787471,0.353085532885444,0.123593586161722
23412,0.184890998420272,0.468088728673836,0.199432996202008,0.147587276703884
23413,0.238729201219874,0.265968713518252,0.378963801442479,0.116338283819394
23414,0.388020393657153,0.272977380812339,0.200823277704118,0.13817894782639
23415,0.31910885704728,0.313411969207885,0.252409631388835,0.115069542356
23416,0.231921582941414,0.420425576644248,0.19127547427873,0.156377366135608
23417,0.3715286835732,0.204008207042333,0.284739573385207,0.13972353599926
23418,0.251587827049851,0.269055649036535,0.269127513102171,0.210229010811443
23419,0.240024585544079,0.423745840601486,0.171151444817313,0.165078129037121
23420,0.289486167852499,0.201854034180175,0.373125405004111,0.135534392963215
23421,0.258466050361316,0.333427344737998,0.177228570712707,0.230878034187979
23422,0.300920591841062,0.215140389170253,0.365478526702998,0.118460492285687
23423,0.505267488928808,0.134560906054117,0.250470214027117,0.109701390989958
23424,0.400687214576069,0.237885617181026,0.189727532797813,0.171699635445092
23425,0.408871535386441,0.275751934574226,0.190768739601044,0.124607790438288
23426,0.316964021078241,0.386138542632498,0.153303164905799,0.143594271383462
23427,0.500750040115715,0.0985682752877284,0.317802264986692,0.0828794196098647
23428,0.416738269093388,0.207946169805425,0.257263801476198,0.118051759624988
23429,0.304700921726546,0.422090753512494,0.169317509019108,0.103890815741852
23430,0.239815303208342,0.266495669576811,0.356353177773701,0.137335849441146
23431,0.298431179053646,0.249881932439297,0.342529960806699,0.109156927700358
23432,0.252916206094438,0.239277085894017,0.335948825433112,0.171857882578433
23433,0.42003669774443,0.244363631344465,0.21220332741152,0.123396343499585
23434,0.273962211692696,0.297646335745884,0.324022882412523,0.104368570148897
23435,0.266677149100766,0.157958007064639,0.419022430933841,0.156342412900754
23436,0.251417396033346,0.356004084231939,0.215951088828777,0.176627430905938
23437,0.263041554133984,0.294716988197973,0.325217906092728,0.117023551575316
23438,0.196388567957928,0.168129265259536,0.538919116515508,0.096563050267028
23439,0.336283133915325,0.281217317853996,0.243849889121971,0.138649659108708
23440,0.385151487444061,0.203893645804766,0.322446261841974,0.088508604909199
23441,0.189488768898233,0.211144580942362,0.44364620079669,0.155720449362716
23442,0.273670947676693,0.278801141825232,0.326252923669827,0.121274986828248
23443,0.420745981217112,0.208060036284469,0.241956758851437,0.129237223646982
23444,0.212768787209264,0.341979779006452,0.364112113831927,0.0811393199523573
23445,0.170546692844022,0.223422619756028,0.473707770636905,0.132322916763046
23446,0.418512130332073,0.194242126818337,0.25214640771162,0.13509933513797
23447,0.245610683760011,0.0525796063014441,0.423160523661787,0.278649186276757
23448,0.134314177169853,0.236169638460945,0.102124562379873,0.527391621989329
23449,0.498815668960732,0.0222118443768449,0.128190871971729,0.350781614690694
23450,0.0533055489419161,0.0892940146609833,0.393444773666149,0.463955662730951
23451,0.197157607024674,0.214939896735051,0.308333042787268,0.279569453453007
23452,0.0327505713746053,0.564086581137599,0.0262142459338174,0.376948601553978
23453,0.499767456333985,0.091472254406795,0.143392156031667,0.265368133227554
23454,0.0979066987513774,0.0784002945264517,0.0297683259022328,0.793924680819938
23455,0.283015284627737,0.0540814905257898,0.0710737652542612,0.591829459592212
23456,0.0560112321265089,0.469067247014049,0.0248360924430163,0.450085428416426
23457,0.0865158695545146,0.0315092546242674,0.192019491891567,0.689955383929651
23458,0.01235464406751,0.375595678427629,0.309265245337456,0.302784432167405
23459,0.296302731622954,0.376481847220791,0.0339641680405902,0.293251253115665
23460,0.220549322585377,0.508861162425856,0.0423732989529426,0.228216216035824
23461,0.00763694051944214,0.240465603322337,0.411438219153937,0.340459237004284
23462,0.545031215450975,0.17908759382652,0.0308203433128719,0.245060847409634
23463,0.0379008879818965,0.0732971654395129,0.46983697113202,0.418964975446571
23464,0.062379246472568,0.0217436746995076,0.584984226365627,0.330892852462297
23465,0.253980126619672,0.363277826955573,0.0682818587979518,0.314460187626803
23466,0.29277791376602,0.0923415407640068,0.117219686975413,0.49766085849456
23467,0.0388887404841929,0.614268221140228,0.061487988682138,0.285355049693442
23468,0.451478359120422,0.100337967396389,0.0940986078569431,0.354085065626246
23469,0.100114974775188,0.0405033718013752,0.717839302954194,0.141542350469243
23470,0.445550821002383,0.20454706217213,0.201094672518043,0.148807444307444
23471,0.0577374690153983,0.290778133173144,0.440641963981516,0.210842433829942
23472,0.300229185666435,0.280253127016872,0.271788341688214,0.147729345628479
23473,0.210633382486906,0.09127542276765,0.481158995889684,0.21693219885576
23474,0.240148354026167,0.105050354992594,0.305473632373333,0.349327658607906
23475,0.0935722021841818,0.494025463490318,0.0707152971294353,0.341687037196065
23476,0.177460570338005,0.586555600941262,0.0771521141176502,0.158831714603083
23477,0.381645530624058,0.0837803751496916,0.357123307496768,0.177450786729483
23478,0.267405491107857,0.321710435829189,0.189399462106491,0.221484610956464
23479,0.070422722989519,0.179855890510233,0.277087361890364,0.472634024609884
23480,0.0469410371112425,0.392391508404009,0.35232215996037,0.208345294524379
23481,0.379171372117479,0.391071848779896,0.0865900284108821,0.143166750691742
23482,0.680401133688457,0.0429351340154145,0.0854844484205213,0.191179283875607
23483,0.139823369830961,0.323871095879276,0.242130025592598,0.294175508697165
23484,0.0337931317721453,0.295647474334398,0.577847813068195,0.0927115808252623
23485,0.275583247992142,0.418870285823208,0.0272363714997151,0.278310094684935
23486,0.0275652956992841,0.369944211600287,0.210067212117131,0.392423280583298
23487,0.278871966750158,0.385130501112547,0.0332202255767828,0.302777306560512
23488,0.188185163021704,0.499455070189303,0.0497723217970037,0.26258744499199
23489,0.266953009838299,0.0468157837962539,0.222082020543124,0.464149185822323
23490,0.107842291679877,0.0338625879314963,0.270826670021005,0.587468450367621
23491,0.0720737338148305,0.1482585313609,0.308188954650022,0.471478780174247
23492,0.0390175142578177,0.287404439686823,0.388947938614276,0.284630107441084
23493,0.0803751256945764,0.0736392984805042,0.0983743760895629,0.747611199735357
23494,0.195172200838136,0.497425157821073,0.0393710260092327,0.268031615331558
23495,0.105373375319927,0.640081381993796,0.0452256808437599,0.209319561842517
23496,0.101022432032554,0.493053756829642,0.0206110852136591,0.385312725924145
23497,0.134721343896235,0.571077192864799,0.0926446329043825,0.201556830334584
23498,0.215996763000102,0.0442366445847397,0.395623250905041,0.344143341510117
23499,0.0417897369032913,0.0778205936021916,0.260484463134631,0.619905206359886
23500,0.0270689564369129,0.182392369646714,0.510904465460284,0.279634208456089
23501,0.493905465125549,0.0239876334001229,0.237210829648389,0.244896071825939
23502,0.187366755136288,0.0386189264522452,0.403709328021368,0.3703049903901
23503,0.568175819932018,0.0504767300650991,0.049518912675399,0.331828537327484
23504,0.324692148830883,0.277822973107113,0.199895246561462,0.197589631500542
23505,0.0408059445855531,0.302059834680392,0.417901897761035,0.23923232297302
23506,0.454710890844603,0.0191639418349482,0.38155104928854,0.144574118031909
23507,0.650080837383564,0.15352931237145,0.081399635194153,0.114990215050833
23508,0.0590439635717157,0.102302903769102,0.350108448014965,0.488544684644218
23509,0.340647029524574,0.253443647539017,0.0999049310388207,0.306004391897589
23510,0.313313244345077,0.0648340502203319,0.239684336039542,0.382168369395049
23511,0.280261092799557,0.081132229915213,0.0907658482649427,0.547840829020287
23512,0.669875280872773,0.178377353976173,0.0429208549591721,0.108826510191882
23513,0.146664412440008,0.127125560150543,0.0432486700829771,0.682961357326472
23514,0.300815884101763,0.0795426675440359,0.248924606689351,0.370716841664851
23515,0.695126267023258,0.0226283655879944,0.186041039085566,0.0962043283031815
23516,0.325161961794289,0.0656900665658932,0.3135152053555,0.295632766284317
23517,0.582564201583487,0.075741016156098,0.066101784761783,0.275592997498632
23518,0.0918104069260981,0.0308783690898312,0.756365303479347,0.120945920504724
23519,0.0782459000528268,0.499127752161398,0.0764563212167362,0.346170026569039
23520,0.39018805999896,0.0634313496614333,0.136254782748414,0.410125807591193
23521,0.206304502282278,0.381911530413404,0.251707897835094,0.160076069469225
23522,0.107946640169511,0.276567495329398,0.21056304926289,0.404922815238201
23523,0.144882984648391,0.562083163442095,0.179472144434485,0.113561707475029
23524,0.0651756690333248,0.616643653206679,0.0819359641865717,0.236244713573425
23525,0.271182224935358,0.201147524144518,0.2150371911831,0.312633059737024
23526,0.17541626032288,0.290794556963674,0.400418487687809,0.133370695025638
23527,0.175469250824801,0.256244521671874,0.359775149723259,0.208511077780066
23528,0.0797245627014403,0.543299159946068,0.196765915126198,0.180210362226293
23529,0.278327897806423,0.461038325150248,0.0607444095956751,0.199889367447655
23530,0.122617610499035,0.0770347703193326,0.616866445887919,0.183481173293714
23531,0.550022637186717,0.0889585295193107,0.0937613092758361,0.267257524018137
23532,0.26105827934173,0.248959406629045,0.149635061507657,0.340347252521568
23533,0.331427410082161,0.168802119392682,0.233605870270152,0.266164600255006
23534,0.164230908953385,0.133524692329956,0.380717616116886,0.321526782599773
23535,0.26630160324546,0.121174348024073,0.185706772610214,0.426817276120253
23536,0.248837816384354,0.118353523361068,0.30322190721042,0.329586753044158
23537,0.279410310864662,0.251386805808505,0.105120287797946,0.364082595528888
23538,0.510068575561689,0.127524577084539,0.0328157276039868,0.329591119749786
23539,0.124105239710299,0.19840431640048,0.222157684660163,0.455332759229057
23540,0.115657928027116,0.0597652807070383,0.467686680188071,0.356890111077775
23541,0.240795065194351,0.314041413074609,0.0913952969616484,0.353768224769392
23542,0.038355250489922,0.150488243037892,0.464203398498749,0.346953107973437
23543,0.256858434497324,0.239322337946635,0.107402120692855,0.396417106863186
23544,0.03196839219142,0.103176066309045,0.696834698306035,0.1680208431935
23545,0.186504394004356,0.0363244756080323,0.0568774064994743,0.720293723888137
23546,0.0303744511171355,0.0379197108866539,0.657376879274836,0.274328958721375
23547,0.383357765107521,0.361244990521041,0.0122227399445447,0.243174504426893
23548,0.237280004672554,0.0589443296931136,0.0464079289227187,0.657367736711614
23549,0.221392163556269,0.0770676907497403,0.160493698262957,0.541046447431034
23550,0.0463342942378169,0.181489489391947,0.109948019481464,0.662228196888773
23551,0.45493413796357,0.0884790938725672,0.235267437158265,0.221319331005598
23552,0.022815709783682,0.449017352559075,0.456331481421234,0.0718354562360083
23553,0.0722050416935765,0.628679334985391,0.0860196245308485,0.213095998790184
23554,0.602300338545326,0.1387395079254,0.0722612401106381,0.186698913418636
23555,0.0190902190681065,0.120719446044171,0.647778283310867,0.212412051576856
23556,0.393102235238562,0.115035069432168,0.118004062259039,0.373858633070231
23557,0.0523091163887528,0.0417888748201895,0.545886963533065,0.360015045257993
23558,0.2418669812546,0.127092605463941,0.396984755516489,0.234055657764971
23559,0.201752417564098,0.0574602691553672,0.417276259051105,0.323511054229431
23560,0.0742209947872242,0.069660192580481,0.478403244193575,0.37771556843872
23561,0.416895438656401,0.327794877856436,0.165763786943616,0.0895458965435465
23562,0.48058814535609,0.133635277844268,0.0875765187215874,0.298200058078055
23563,0.160604549704653,0.337544625213638,0.342715605694194,0.159135219387515
23564,0.0809114392864995,0.507217795376181,0.25684389620754,0.15502686912978
23565,0.0933637338133946,0.0801605132624282,0.677361213311231,0.149114539612946
23566,0.398764974590025,0.289094749570452,0.0946010273282544,0.217539248511269
23567,0.254814618673537,0.34944971368848,0.137571966108835,0.258163701529148
23568,0.368068331899089,0.372952756335086,0.0589223903385759,0.20005652142725
23569,0.49626404814179,0.125152687057683,0.222263485954076,0.156319778846452
23570,0.183449326452067,0.569056922730294,0.0893856043126047,0.158108146505034
23571,0.230366074740651,0.0764961665535409,0.360471974219929,0.33266578448588
23572,0.43281118280161,0.339000952590796,0.0356228348271043,0.192565029780489
23573,0.176124384058646,0.130330923275694,0.241160072269986,0.452384620395675
23574,0.0430136949429014,0.496421157038732,0.286353547138978,0.174211600879388
23575,0.0660547320828921,0.335792814770003,0.327752784351689,0.270399668795416
23576,0.184569197501432,0.163797756419404,0.260308956663033,0.391324089416131
23577,0.677887563359283,0.0616108254817698,0.0994429815123703,0.161058629646577
23578,0.246116692039528,0.205967140689397,0.0783511055655931,0.469565061705482
23579,0.0661650451275234,0.486685755877101,0.155279631522307,0.291869567473069
23580,0.185333009168485,0.589628134804317,0.0403368627911128,0.184701993236085
23581,0.238172590771188,0.317710651156656,0.2677842367407,0.176332521331457
23582,0.124451270861704,0.209554699585333,0.517012418338117,0.148981611214846
23583,0.595794583277576,0.08577836241865,0.101701026189271,0.216726028114503
23584,0.42040087592703,0.172955512851621,0.116014060866664,0.290629550354684
23585,0.532543921558337,0.264129805516445,0.08002511889335,0.123301154031868
23586,0.346445348251915,0.216630221441533,0.335889563554897,0.101034866751655
23587,0.186851398814325,0.143320535654183,0.365985850000698,0.303842215530794
23588,0.465941280636438,0.080997011046045,0.262247368680741,0.190814339636776
23589,0.684466159032555,0.0726696095358958,0.0792218821506512,0.163642349280898
23590,0.242138847179451,0.161377320063799,0.337455254227159,0.259028578529591
23591,0.571785927697498,0.0704528381077707,0.123664197309628,0.234097036885104
23592,0.424537333529953,0.131246465812378,0.11051088795825,0.333705312699419
23593,0.0907899033543922,0.444051784973566,0.179724709165211,0.285433602506831
23594,0.588320953012797,0.0444782719577724,0.263196881098094,0.104003893931337
23595,0.251231476678534,0.104228386689361,0.498604956593466,0.145935180038639
23596,0.0948009663876224,0.339926438099262,0.340747688510913,0.224524907002202
23597,0.419943530694851,0.0846892116589463,0.310884589817769,0.184482667828434
23598,0.697132240885905,0.0926619932923049,0.0508174433509041,0.159388322470886
23599,0.267596674833393,0.315530586329888,0.224451041232558,0.19242169760416
23600,0.22352040010815,0.41183178470538,0.209140846899851,0.15550696828662
23601,0.246588354250198,0.393646438283507,0.219123030109672,0.140642177356624
23602,0.243810999466033,0.388488297035365,0.150202793160242,0.21749791033836
23603,0.167200832172506,0.249984120444168,0.43412331356897,0.148691733814356
23604,0.321536222009429,0.496861264713783,0.111028465395674,0.0705740478811145
23605,0.491680812094255,0.110546068404784,0.209079294600401,0.18869382490056
23606,0.294940775740051,0.398264327281718,0.170377976679271,0.13641692029896
23607,0.263627423060599,0.270947551660517,0.28560259035241,0.179822434926474
23608,0.45588441177758,0.189888243706596,0.160715316795772,0.193512027720053
23609,0.259980799707647,0.248749662376238,0.308392489662651,0.182877048253464
23610,0.238879396374295,0.405460474790379,0.264705300530955,0.0909548283043702
23611,0.169672696861723,0.170633819118203,0.524528325857563,0.135165158162511
23612,0.230961821457818,0.339052495815197,0.246135113541441,0.183850569185544
23613,0.312191949239998,0.169714133148672,0.405398860469269,0.112695057142061
23614,0.255347980595209,0.394880707782794,0.203094081752413,0.146677229869583
23615,0.356035395386158,0.262803102450198,0.201708458810686,0.179453043352958
23616,0.338372891030666,0.224776254912743,0.338139580946261,0.0987112731103305
23617,0.248039330985189,0.355092659154641,0.213601358374604,0.183266651485566
23618,0.327000048548599,0.00867715671370018,0.4098018321145,0.254520962623201
23619,0.0513257683855515,0.340964061036562,0.21779719296842,0.389912977609467
23620,0.0778782408318372,0.239692508402477,0.0191207150238621,0.663308535741824
23621,0.354574546599493,0.0813561743974874,0.0677470024758152,0.496322276527204
23622,0.267602771306873,0.392041975678171,0.0333269385792481,0.307028314435708
23623,0.0286438216543836,0.123437804639773,0.0550303353458635,0.79288803835998
23624,0.0275163742649578,0.807797806324176,0.0593852594506297,0.105300559960236
23625,0.175198452800778,0.151601033031611,0.204025006544421,0.46917550762319
23626,0.0435461416003139,0.549474602862081,0.0893123877675697,0.317666867770035
23627,0.172369565084856,0.0111045414068354,0.554398712870711,0.262127180637598
23628,0.316183960147535,0.0938050031301387,0.0266874764366618,0.563323560285665
23629,0.215831692651092,0.210569732177628,0.168654806563824,0.404943768607457
23630,0.407745553996314,0.330304880756904,0.0826946267751953,0.179254938471587
23631,0.0254032439134328,0.19193836053124,0.472359028894075,0.310299366661252
23632,0.043475511566559,0.0263387141272765,0.348917230391273,0.581268543914891
23633,0.159565992335263,0.465598736602072,0.109739872251351,0.265095398811313
23634,0.69294133675389,0.0772426359154884,0.00623689791626962,0.223579129414352
23635,0.0250319169416998,0.341262010621902,0.0815607430963214,0.552145329340077
23636,0.0475452976044116,0.409190430754233,0.241690605914034,0.301573665727321
23637,0.413219944507977,0.398744418945175,0.100241695540737,0.0877939410061122
23638,0.425315202337051,0.234258313331296,0.218421304621143,0.12200517971051
23639,0.246350145208039,0.196592577631626,0.394761499733234,0.162295777427102
23640,0.354956421889351,0.116355404175202,0.393699996602687,0.13498817733276
23641,0.17303772974402,0.422021688428026,0.261534208753847,0.143406373074108
23642,0.396263921189168,0.158999896711896,0.28897147850688,0.155764703592056
23643,0.381177299240187,0.303402389623547,0.212968623435638,0.102451687700628
23644,0.360285452296046,0.36879134553872,0.152196459211547,0.118726742953687
23645,0.178592628988121,0.390825129568897,0.293838712574611,0.136743528868371
23646,0.30846575709722,0.338213714582607,0.236344703028124,0.116975825292049
23647,0.194796562190779,0.546709563457304,0.156130376438712,0.102363497913206
23648,0.345680766105203,0.496950574869357,0.0626870882271035,0.0946815707983363
23649,0.317340557080532,0.309731884267298,0.248888545114554,0.124039013537616
23650,0.398409666232386,0.242221139441168,0.19805925821143,0.161309936115016
23651,0.277350206288609,0.410289324730169,0.20696407267185,0.105396396309372
23652,0.15267906122677,0.356431414132469,0.413031857719033,0.0778576669217274
23653,0.217074623652938,0.16942090207598,0.450433300888077,0.163071173383006
23654,0.210488084930475,0.194917700549367,0.478717053599505,0.115877160920654
23655,0.316499375799742,0.313360703145452,0.220035083681413,0.150104837373393
23656,0.104048786908397,0.101445582601636,0.178894061853535,0.615611568636433
23657,0.446434684874779,0.29701678809671,0.0674338600399612,0.18911466698855
23658,0.309463782751884,0.056650778966349,0.245377189578921,0.388508248702846
23659,0.541958274740826,0.291928703353659,0.0799084879683581,0.0862045339371573
23660,0.26062123103167,0.155163862460318,0.0449839412658932,0.539230965242119
23661,0.186623006101829,0.0546498481025748,0.111538964445417,0.647188181350179
23662,0.130164668922681,0.365751526595782,0.135136391946036,0.368947412535501
23663,0.223927179894533,0.153869331542472,0.234469167722123,0.387734320840871
23664,0.0718390933131273,0.275509236575431,0.119256544600667,0.533395125510775
23665,0.284158016461977,0.258313253298182,0.0378503298961504,0.419678400343691
23666,0.30027013670144,0.0996008823356461,0.248772769115519,0.351356211847395
23667,0.394853625563638,0.0464987559780245,0.378104058028829,0.180543560429509
23668,0.542349323966218,0.0554181892121245,0.123353905682864,0.278878581138794
23669,0.253169255513843,0.244395776076808,0.0979038818705287,0.40453108653882
23670,0.248336711725013,0.0732922403931758,0.44001903744876,0.23835201043305
23671,0.0481715696521252,0.290418112904726,0.464310798133593,0.197099519309556
23672,0.192824302512537,0.150150819705542,0.33399604930341,0.323028828478511
23673,0.285017408486111,0.445784896061395,0.048814252812434,0.220383442640061
23674,0.0171909179873626,0.303141101629508,0.503832233366634,0.175835747016496
23675,0.069528486417216,0.499682346009456,0.0475310308582158,0.383258136715113
23676,0.182422192139204,0.11525207036642,0.112318003280008,0.590007734214368
23677,0.238841154102961,0.248976215169982,0.284345305980869,0.227837324746188
23678,0.528873047022304,0.0579611278655711,0.0277602868885375,0.385405538223588
23679,0.556239815147402,0.0553964635058007,0.260884358354125,0.127479362992673
23680,0.0465266182716279,0.0680497317271433,0.666305729230003,0.219117920771226
23681,0.105050630753278,0.15693194487015,0.625221827599454,0.112795596777119
23682,0.0508257437195312,0.35907976937082,0.437024101829746,0.153070385079902
23683,0.369619170132374,0.05192375408289,0.193841127556638,0.384615948228099
23684,0.083406633511641,0.509502604828494,0.0895477240481951,0.31754303761167
23685,0.341673390506232,0.320761217543908,0.242057241696113,0.0955081502537467
23686,0.0910739312864999,0.0353646431027515,0.577896171290035,0.295665254320714
23687,0.134850733089444,0.0850622379355208,0.324844320696756,0.45524270827828
23688,0.319537918382275,0.10156312683139,0.0707988440512686,0.508100110735066
23689,0.196053535513123,0.168054969921916,0.427106191971551,0.20878530259341
23690,0.383736374356725,0.240121889634446,0.0360447585512499,0.340096977457579
23691,0.126776127479474,0.171623149000465,0.550520850609768,0.151079872910294
23692,0.0543436723425849,0.444546517654832,0.100414273497411,0.400695536505172
23693,0.063613992786208,0.321672060830265,0.334137057716033,0.280576888667494
23694,0.140919968031214,0.300773141125184,0.289699368762618,0.268607522080985
23695,0.115534992216486,0.446817577655858,0.249323007151322,0.188324422976334
23696,0.304538259328712,0.509181590204201,0.0636445263323689,0.122635624134719
23697,0.362200838372535,0.140660513202724,0.344258585580442,0.152880062844298
23698,0.191997833815814,0.266247055821433,0.341401674220405,0.200353436142349
23699,0.160583929954441,0.576007726748072,0.125369195554703,0.138039147742785
23700,0.464276180056991,0.0406482650770632,0.402148430294227,0.0929271245717193
23701,0.0980572967772225,0.435335983314067,0.267534627595666,0.199072092313044
23702,0.123744605753597,0.216870641216496,0.540744662810243,0.118640090219663
23703,0.147689849810136,0.523306995983073,0.178909043188458,0.150094111018334
23704,0.278870348573903,0.189278178586875,0.338120929969865,0.193730542869357
23705,0.215796643837138,0.425170682180962,0.198455805066102,0.160576868915799
23706,0.387168571540897,0.145414913045212,0.34957436140282,0.117842154011071
23707,0.242063426759434,0.448011284608759,0.119233882326738,0.190691406305069
23708,0.17445858673856,0.471990417127653,0.175037207613327,0.17851378852046
23709,0.24073314746145,0.273604571808824,0.225605058972959,0.260057221756768
23710,0.490688817162727,0.143558085605126,0.171811195685735,0.193941901546412
23711,0.087160058446055,0.625286499250374,0.196773850481583,0.0907795918219885
23712,0.195341133467896,0.139110786406,0.392153911970889,0.273394168155215
23713,0.0751548634349391,0.316838088344828,0.312871621938803,0.29513542628143
23714,0.282202259948194,0.0970887105652201,0.420727614805355,0.19998141468123
23715,0.337313127143773,0.068104625629567,0.324381404082904,0.270200843143757
23716,0.395075580596731,0.15210317698617,0.147849579201577,0.304971663215523
23717,0.297126320017292,0.451174900111451,0.0624635156512302,0.189235264220028
23718,0.140773467702089,0.108031073669309,0.362831850591036,0.388363608037566
23719,0.329449891116633,0.354313193857538,0.0584785145229737,0.257758400502856
23720,0.131311084714391,0.078506358556777,0.558031964477147,0.232150592251685
23721,0.489298604014625,0.204545850146307,0.198795531690531,0.107360014148537
23722,0.106478363371744,0.257221100529226,0.326852287618152,0.309448248480878
23723,0.149029186566998,0.352503403580944,0.324822760287379,0.173644649564679
23724,0.25859890155072,0.378896363894449,0.0822529270728751,0.280251807481956
23725,0.320997168138194,0.036238032186752,0.531406167758828,0.111358631916227
23726,0.299070424606863,0.307770857835132,0.273849914656478,0.119308802901526
23727,0.196233989652915,0.15841618617873,0.327513260624997,0.317836563543358
23728,0.16697311464881,0.251996918947514,0.194562122708714,0.386467843694962
23729,0.151124606612558,0.557530587056216,0.135828303903639,0.155516502427587
23730,0.290973129457357,0.281367970336175,0.248809386335828,0.17884951387064
23731,0.165998952589739,0.196623090124847,0.293041665861885,0.344336291423528
23732,0.477176199622047,0.241609358167343,0.0960936889166492,0.185120753293961
23733,0.519597003752359,0.0987645120407795,0.0796517210524666,0.301986763154395
23734,0.0817923149456391,0.0875626065306623,0.542922376945519,0.28772270157818
23735,0.548362140495475,0.0633787619504294,0.140109204676728,0.248149892877369
23736,0.160102023263154,0.157395774202952,0.337144495778079,0.345357706755815
23737,0.108080746874479,0.46377609727352,0.235601084348099,0.192542071503903
23738,0.387580354662063,0.160236529035953,0.123455448889711,0.328727667412273
23739,0.231551826348829,0.187562103175252,0.155186314229678,0.42569975624624
23740,0.133720113012402,0.0483912393321854,0.71646214373943,0.101426503915983
23741,0.0940854094565875,0.148083967007438,0.48797750346373,0.269853120072244
23742,0.193668120792134,0.308723542543246,0.13363400112903,0.36397433553559
23743,0.110439139670489,0.682417384037889,0.0786149294387623,0.12852854685286
23744,0.061544282237264,0.600769743583352,0.18265459531663,0.155031378862754
23745,0.565806567884669,0.070164991025093,0.10039724333185,0.263631197758388
23746,0.467559297526446,0.264379935814727,0.0636993917061983,0.204361374952629
23747,0.10569767905828,0.265389352661844,0.380052904432614,0.248860063847263
23748,0.285812761389135,0.461198367688559,0.111393629499162,0.141595241423144
23749,0.54221625592027,0.262308374042867,0.0635089183070336,0.13196645172983
23750,0.256320951705233,0.169360230541084,0.374872610526997,0.199446207226687
23751,0.385286650199027,0.189242072877581,0.30138743251474,0.124083844408652
23752,0.328035266292238,0.256403463787858,0.239902508729325,0.175658761190579
23753,0.215799875771148,0.277012768079915,0.292925873060703,0.214261483088233
23754,0.376882758827964,0.236757335545057,0.235089158534029,0.15127074709295
23755,0.342073701541679,0.233465678871334,0.317380530432032,0.107080089154955
23756,0.158825952152623,0.317114525010237,0.280905300581333,0.243154222255807
23757,0.354896796923634,0.252000955331104,0.203145001120655,0.189957246624608
23758,0.462386397671785,0.212657014746881,0.116638085830822,0.208318501750511
23759,0.179708787026836,0.428590214366388,0.26457465232587,0.127126346280907
23760,0.309529139254931,0.111529870855882,0.446117235230055,0.132823754659133
23761,0.331160901577648,0.203608623798051,0.324564204987127,0.140666269637174
23762,0.166028881536631,0.372671437893519,0.300171663435375,0.161128017134475
23763,0.432408365150265,0.294710835688147,0.141251781319287,0.131629017842301
23764,0.482884146283951,0.116619168381166,0.260873566737916,0.139623118596967
23765,0.128861011868177,0.135620195752962,0.511001810235285,0.224516982143576
23766,0.0899977257744729,0.104303632468511,0.731469191638247,0.0742294501187693
23767,0.359627088573817,0.210844149861047,0.295944158173248,0.133584603391888
23768,0.208600761917109,0.130350079319802,0.38866394253994,0.272385216223149
23769,0.2906435391834,0.168040662497814,0.37465631816044,0.166659480158346
23770,0.214546359605618,0.0545098236929073,0.526836424660629,0.204107392040846
23771,0.0668421490110685,0.415513164245808,0.0586771650746481,0.458967521668475
23772,0.0704277269041695,0.127928974910171,0.0976105404592225,0.704032757726437
23773,0.0512016968160802,0.244697413694312,0.436599364413341,0.267501525076268
23774,0.134982994623315,0.275582548431751,0.118536776881159,0.470897680063775
23775,0.515905015627923,0.11211010340905,0.0486189209477581,0.32336596001527
23776,0.257541645905013,0.0507085886978616,0.259857197331666,0.431892568065459
23777,0.302589415328982,0.239011067457275,0.279147320800719,0.179252196413023
23778,0.0840562458047987,0.404429201655138,0.0665371326586202,0.444977419881444
23779,0.508355561418928,0.263606742285363,0.119575143844234,0.108462552451475
23780,0.476138127827276,0.298630567362848,0.0375467441040577,0.187684560705818
23781,0.45145825176995,0.152089484356873,0.0459342616227132,0.350518002250464
23782,0.137233384180589,0.251914884116999,0.339103996841906,0.271747734860506
23783,0.392425001171683,0.0202697160277139,0.283781184202025,0.303524098598578
23784,0.0923200643439306,0.0479509757432257,0.487387337553601,0.372341622359242
23785,0.611741970310371,0.177446309569375,0.0244210922468409,0.186390627873413
23786,0.273929014409923,0.292799274051724,0.10560467676918,0.327667034769173
23787,0.486440123543266,0.148497472008122,0.106816461558176,0.258245942890436
23788,0.155775312023116,0.503435928727282,0.119216972032268,0.221571787217334
23789,0.634891901026303,0.0519700323687154,0.0475872242372382,0.265550842367744
23790,0.0425832399426407,0.144023497351248,0.582439319335101,0.230953943371011
23791,0.231617091972134,0.0618430514610323,0.54563406205297,0.160905794513864
23792,0.228615527185459,0.509761672261133,0.0898125731241586,0.171810227429249
23793,0.264432049185873,0.11750131636466,0.294086617171446,0.323980017278022
23794,0.324446856332038,0.183959382283987,0.165965928198984,0.325627833184992
23795,0.300739195971951,0.338071723558849,0.0839187161986462,0.277270364270554
23796,0.206701022305094,0.251021508262709,0.194379064841287,0.34789840459091
23797,0.336855100073799,0.186737315780033,0.35172771500317,0.124679869142999
23798,0.341210655983642,0.0435789080258435,0.277867158688207,0.337343277302307
23799,0.597275347819334,0.0698378697016032,0.0797983531286514,0.253088429350412
23800,0.224879136869838,0.548482509554208,0.0639666571786213,0.162671696397333
23801,0.0466909495423352,0.121984398479111,0.646372227345211,0.184952424633343
23802,0.104384422750493,0.550594385936906,0.113752846522317,0.231268344790285
23803,0.35244293680013,0.234681040833592,0.103463245502444,0.309412776863834
23804,0.296568943345444,0.0969812722400184,0.362449727538671,0.244000056875867
23805,0.353844673040741,0.0519206547130653,0.434736150311002,0.159498521935191
23806,0.182085115346847,0.352234353242456,0.226505923128876,0.239174608281822
23807,0.461388405108171,0.13991473296095,0.118108658332285,0.280588203598594
23808,0.263187996086807,0.423070031261522,0.170894892140394,0.142847080511277
23809,0.295295511065604,0.347893277246951,0.201316036224105,0.15549517546334
23810,0.195584017241547,0.448592580074496,0.200455146749568,0.155368255934389
23811,0.435246540729658,0.259133364736843,0.213337414750705,0.0922826797827944
23812,0.357087036013648,0.260662228382601,0.26649246925064,0.115758266353111
23813,0.509825088295374,0.248013009235365,0.106956511249185,0.135205391220076
23814,0.280870299542049,0.314012830265481,0.268598129147342,0.136518741045127
23815,0.221575635396413,0.154959447012862,0.361088797257036,0.26237612033369
23816,0.399498666554233,0.263585857478194,0.166007501183051,0.170907974784521
23817,0.27894065326157,0.210738628664837,0.349055665617395,0.161265052456198
23818,0.259788617520499,0.197669523482294,0.293827410002924,0.248714448994284
23819,0.185073028911044,0.48316865081386,0.219312445391246,0.11244587488385
23820,0.318045203966766,0.206473502920578,0.319248404733682,0.156232888378973
23821,0.155602944140241,0.307787482736113,0.266599246855461,0.270010326268184
23822,0.25250068456665,0.357154927528247,0.167172500313524,0.223171887591579
23823,0.172114751853187,0.229025386982241,0.407759149515494,0.191100711649078
23824,0.226679072807633,0.502906596123598,0.154187859769665,0.116226471299104
23825,0.441383035831172,0.229640181762667,0.210266129650429,0.118710652755732
23826,0.127717633189783,0.541965766396622,0.156140432719402,0.174176167694192
23827,0.389972229477561,0.285082863687643,0.113939890030081,0.211005016804715
23828,0.0367675191482595,0.278212541167136,0.386362275594264,0.298657664090341
23829,0.317959732882283,0.187140756233683,0.150066222066758,0.344833288817275
23830,0.070555844047751,0.592335693718976,0.133513151834561,0.203595310398712
23831,0.234190599817788,0.169276570286049,0.425833744394561,0.170699085501602
23832,0.18473946425624,0.180320405256579,0.432240907611908,0.202699222875273
23833,0.355315020207037,0.0751632399191809,0.366597449013746,0.202924290860037
23834,0.474216275285068,0.0907868901198757,0.311033551266266,0.12396328332879
23835,0.267722209199857,0.321604566346397,0.20039037681161,0.210282847642137
23836,0.381557925880043,0.0644510252368788,0.12520153138733,0.428789517495748
23837,0.0446080591498654,0.0784875885284439,0.182864727890007,0.694039624431684
23838,0.597378066031141,0.132605090574718,0.0701223308537369,0.199894512540404
23839,0.676111884858392,0.0779122973798666,0.107903580582737,0.138072237179004
23840,0.349167565637374,0.029027310629114,0.483444332858111,0.138360790875402
23841,0.483791207429913,0.0994000965304346,0.225012463693107,0.191796232346546
23842,0.614357675925822,0.0413775893690422,0.0862070967979928,0.258057637907144
23843,0.323496161530903,0.0895731050367136,0.352564415237225,0.234366318195159
23844,0.586364701824263,0.0823999673539684,0.0724232410173037,0.258812089804465
23845,0.114654290691971,0.0879928726238477,0.304831480098789,0.492521356585392
23846,0.449916382484304,0.335794568405559,0.139276350774184,0.0750126983359542
23847,0.223250052561529,0.390847216845683,0.230849210648668,0.155053519944121
23848,0.087737911727273,0.170958488408346,0.586124217878789,0.155179381985592
23849,0.289519381194411,0.229934748834664,0.31025871378092,0.170287156190005
23850,0.117149767287845,0.19246881574137,0.55977322135791,0.130608195612874
23851,0.404448033545055,0.239605889050314,0.252478453195597,0.103467624209033
23852,0.327597978793778,0.290949194670882,0.218142326055824,0.163310500479516
23853,0.177716287346464,0.275164150813933,0.394930430428648,0.152189131410956
23854,0.360606616928657,0.245634165327821,0.191340329622371,0.202418888121151
23855,0.35497011688221,0.238056776637729,0.189476023809576,0.217497082670486
23856,0.214748284729565,0.480610205050392,0.126084187431705,0.178557322788338
23857,0.382381790011524,0.438048689234876,0.0755539067074387,0.104015614046161
23858,0.458677363059625,0.151977755798608,0.259346894302707,0.12999798683906
23859,0.597122043240406,0.107052875199805,0.168263438148564,0.127561643411225
23860,0.24363480021548,0.266031777748791,0.334455686537585,0.155877735498144
23861,0.251312654440244,0.0906414677249041,0.525701397119174,0.132344480715678
23862,0.165057976004235,0.138532688199254,0.556754800170156,0.139654535626355
23863,0.428600716027965,0.124641587689814,0.326267129423498,0.120490566858723
23864,0.31799400692894,0.418963277416506,0.095350872627902,0.167691843026652
23865,0.0684461972624932,0.145527087096868,0.39559165582604,0.390435059814599
23866,0.381380548365258,0.26009231685698,0.134497865893826,0.224029268883936
23867,0.0657130391282451,0.252210559106644,0.131602415946098,0.550473985819013
23868,0.043662177950502,0.0983514498208661,0.489317116774275,0.368669255454357
23869,0.24519295244064,0.0860971979127634,0.19960809565908,0.469101753987517
23870,0.153622137454058,0.0551154820777417,0.612619113960019,0.178643266508181
23871,0.0460439724493919,0.162097545879031,0.545303079617159,0.246555402054418
23872,0.0246534373225631,0.127118561973235,0.58127811183471,0.266949888869492
23873,0.137907086178066,0.266891829913901,0.379019278930282,0.21618180497775
23874,0.487896626679241,0.323428160624054,0.0527993168932477,0.135875895803458
23875,0.02643396814017,0.501113284977357,0.311517768414668,0.160934978467805
23876,0.235944835402354,0.285644032827928,0.121576442126141,0.356834689643577
23877,0.265834716001681,0.220130480514945,0.0514242879485678,0.462610515534806
23878,0.148784106840069,0.296675682324334,0.119860270775257,0.434679940060339
23879,0.136941769237306,0.375855376814242,0.265285972299898,0.221916881648554
23880,0.418140129038734,0.264401340701773,0.0434712152238467,0.273987315035646
23881,0.504141657306134,0.0572375712527828,0.278836618424871,0.159784153016212
23882,0.0920798567817749,0.584042216429537,0.0472980010070956,0.276579925781593
23883,0.38743098354082,0.0664614869891184,0.356171021533346,0.189936507936716
23884,0.283311258685953,0.386207446911727,0.249143130024462,0.0813381643778586
23885,0.390373772341233,0.233362065986041,0.0594618933014285,0.316802268371297
23886,0.300535081502116,0.134190243261742,0.329302623576678,0.235972051659463
23887,0.355822644718925,0.181388102349469,0.162791279730422,0.299997973201183
23888,0.224039935678581,0.292025602320364,0.362086622965303,0.121847839035752
23889,0.59334113563846,0.168617592789363,0.0880900480194242,0.149951223552753
23890,0.233022293631951,0.558602342063144,0.0476323973943044,0.160742966910601
23891,0.539081304666738,0.06758262565449,0.156506308477213,0.236829761201559
23892,0.128927165204319,0.371441607883787,0.237811416830533,0.261819810081361
23893,0.233653844562908,0.438582005311316,0.0596812981117036,0.268082852014072
23894,0.237456174487208,0.353718437740505,0.207161455263369,0.201663932508918
23895,0.113808793533313,0.250029348809065,0.471646109817714,0.164515747839909
23896,0.147264349733713,0.169000727970211,0.444637804759679,0.239097117536398
23897,0.23211013277863,0.296185276761202,0.142352391525254,0.329352198934914
23898,0.18446225626586,0.540066319382068,0.130829449605408,0.144641974746665
23899,0.260844823775474,0.323381306229995,0.143326275599184,0.272447594395348
23900,0.151434217637004,0.302040986412304,0.208510770847715,0.338014025102977
23901,0.257410005751161,0.397265915921828,0.131191024661643,0.214133053665367
23902,0.101017417102332,0.34610798647798,0.37020638793457,0.182668208485118
23903,0.36157787914768,0.242254261070589,0.153631412833938,0.242536446947794
23904,0.17447093714124,0.306899662654047,0.32737704119006,0.191252359014653
23905,0.503897563177726,0.054624703249022,0.310907223480639,0.130570510092613
23906,0.695931441009433,0.0456529165255566,0.0845741479472626,0.173841494517747
23907,0.225002153397676,0.21315388476622,0.342542238156709,0.219301723679395
23908,0.283326827294593,0.350628558132058,0.129744152146525,0.236300462426824
23909,0.286188738209754,0.170325899410917,0.0987446960055629,0.444740666373767
23910,0.0826739045744692,0.335097029275375,0.44049789938831,0.141731166761846
23911,0.259104629360933,0.0642092320610732,0.209371160007316,0.467314978570678
23912,0.25690790316585,0.192029205163994,0.326740170929226,0.22432272074093
23913,0.123406056578219,0.154229531255147,0.477501421209917,0.244862990956718
23914,0.043550664907085,0.655747433729211,0.0610408812820176,0.239661020081686
23915,0.600432210599244,0.192541357258808,0.0684035501137872,0.138622882028161
23916,0.117216974260732,0.202976954013688,0.50495194543644,0.174854126289141
23917,0.154005154885483,0.501351776945414,0.171231580953752,0.173411487215351
23918,0.482546341652527,0.106612170685405,0.157864082258007,0.252977405404061
23919,0.299329475331735,0.349656996763544,0.0545588118149441,0.296454716089777
23920,0.267389185360534,0.226415620945392,0.343289331622981,0.162905862071093
23921,0.264231950833024,0.174292566502653,0.423093888574472,0.13838159408985
23922,0.153850562638732,0.231490402997637,0.476400407457245,0.138258626906387
23923,0.552661352230395,0.236346163841632,0.0908571936872202,0.120135290240753
23924,0.279372913787876,0.499221228034999,0.129776739257483,0.0916291189196417
23925,0.328726311321312,0.275998804438812,0.166348780275366,0.228926103964509
23926,0.452698337495711,0.29151340193283,0.153490302566513,0.102297958004946
23927,0.200322957591944,0.237682516745465,0.422397532148708,0.139596993513883
23928,0.128404604574299,0.372530240042293,0.323686145306366,0.175379010077042
23929,0.113747595588556,0.438512164596434,0.223178479725175,0.224561760089835
23930,0.199518520965072,0.261740052352818,0.288921994412567,0.249819432269543
23931,0.256004592114961,0.444140630724821,0.198124873113383,0.101729904046835
23932,0.44514269060587,0.311244785913564,0.0931179463480223,0.150494577132544
23933,0.125276954678368,0.44384201746922,0.29853324654652,0.132347781305891
23934,0.090126822831512,0.527584184397072,0.252644156588006,0.129644836183411
23935,0.304443892757147,0.247912037568735,0.284819271360523,0.162824798313594
23936,0.465065779504816,0.141400839293258,0.222367098365963,0.171166282835962
23937,0.143956645499763,0.263007640088431,0.437565902391297,0.155469812020508
23938,0.531513999515638,0.164115590446654,0.0861807820090009,0.218189628028707
23939,0.441309739144896,0.20191436083323,0.264241674290329,0.0925342257315449
23940,0.298272501720107,0.121419637388808,0.312960918054637,0.267346942836448
23941,0.169369676825768,0.189941499044563,0.500488618064509,0.14020020606516
23942,0.584651046125323,0.0892460396535893,0.225280130361708,0.100822783859379
23943,0.17399219314504,0.435963166335062,0.28101680911188,0.109027831408017
23944,0.279464589682319,0.118456434705828,0.461881728566588,0.140197247045265
23945,0.130058395531141,0.16110995309364,0.579480643717654,0.129351007657565
23946,0.328430090194402,0.456341588435336,0.0896450741024306,0.125583247267831
23947,0.223974284161934,0.333317327211362,0.259318759191707,0.183389629434997
23948,0.266995425144283,0.204066431777514,0.399644784265955,0.129293358812249
23949,0.255448360160064,0.274986789031589,0.185056843464551,0.284508007343796
23950,0.089509601947742,0.561030965641154,0.230701926161766,0.118757506249338
23951,0.349829645485958,0.144659290377997,0.332280709849276,0.173230354286769
23952,0.335665281770399,0.23684709099367,0.259770450340948,0.167717176894983
23953,0.61387707784134,0.109642565876701,0.138526930250584,0.137953426031375
23954,0.340961362714928,0.199156053105141,0.350838201419796,0.109044382760135
23955,0.236630076272863,0.263226966770434,0.278434843999527,0.221708112957175
23956,0.198936544561437,0.358857343786983,0.30213005002595,0.140076061625631
23957,0.185322844814153,0.464028280750476,0.201910575970418,0.148738298464952
23958,0.228373053372408,0.492897891033118,0.115599488769493,0.163129566824981
23959,0.294998614827538,0.261538568892506,0.27329418242484,0.170168633855116
23960,0.217948624600064,0.161342869018271,0.279714218480773,0.340994287900892
23961,0.650277493257843,0.163439803661644,0.0256369895788604,0.160645713501653
23962,0.0836280989513657,0.408615959493798,0.28331843728975,0.224437504265087
23963,0.265325245958495,0.30352834661197,0.11350549888974,0.317640908539795
23964,0.0526455562865593,0.47790854280673,0.304490863851306,0.164955037055405
23965,0.260960519181505,0.139284169885789,0.429504215083456,0.17025109584925
23966,0.174093193121317,0.0701890161535602,0.463287003477843,0.29243078724728
23967,0.484852625427224,0.149554965502903,0.132821997525651,0.232770411544221
23968,0.343647962022958,0.226645231110678,0.244998164093311,0.184708642773053
23969,0.531788507060049,0.0732570865296221,0.113323736140052,0.281630670270276
23970,0.71698058536048,0.0581225943650938,0.0635440061620547,0.161352814112371
23971,0.106220133970573,0.207993332062304,0.443600474560904,0.242186059406219
23972,0.354681193060476,0.131168868810875,0.329531182549452,0.184618755579196
23973,0.325856204769751,0.368522810275251,0.166089760807631,0.139531224147368
23974,0.0716555339556493,0.105882737030233,0.62371938110675,0.198742347907367
23975,0.310025646845036,0.512960759169757,0.0492337490464854,0.127779844938722
23976,0.251550996311159,0.354183158633916,0.22096504377101,0.173300801283915
23977,0.0875209360259012,0.295819495662259,0.425233655080417,0.191425913231424
23978,0.14101523925909,0.114661950353807,0.22776364083213,0.516559169554974
23979,0.354158294728192,0.224165573605547,0.157746979218303,0.263929152447959
23980,0.141079158581935,0.565338224272223,0.155563813923849,0.138018803221993
23981,0.114761267026236,0.270088424771745,0.483606083730956,0.131544224471064
23982,0.232962123695013,0.0773809437343757,0.489509798180817,0.200147134389795
23983,0.232485533278974,0.304367627833812,0.238215626871288,0.224931212015926
23984,0.287935246803092,0.37186737475558,0.155546936954341,0.184650441486988
23985,0.254797632892285,0.140722930272797,0.242000198968785,0.362479237866134
23986,0.501115682306441,0.235825767722423,0.127852038105168,0.135206511865968
23987,0.271852613481496,0.423240858583387,0.146002366420513,0.158904161514604
23988,0.203975670252537,0.344954160367495,0.356365811219113,0.0947043581608555
23989,0.159088448649831,0.206288404875321,0.45842833088714,0.176194815587709
23990,0.203635381634559,0.474508343146879,0.186654695446837,0.135201579771725
23991,0.100319964287665,0.233592833968922,0.361982815276562,0.304104386466852
23992,0.152551045148055,0.464655631954078,0.240456514947196,0.142336807950672
23993,0.19287264949273,0.236863935945311,0.425882796982934,0.144380617579025
23994,0.161859479647859,0.330094605368392,0.24083123295983,0.267214682023918
23995,0.0833096931200269,0.266280473865193,0.454784693777909,0.195625139236872
23996,0.11105774117119,0.219626476763155,0.54893904356123,0.120376738504424
23997,0.361547681908551,0.183321233146939,0.273309515418939,0.181821569525571
23998,0.175783009655666,0.213624653094176,0.330223015313532,0.280369321936626
23999,0.356282458273276,0.155859721609067,0.143954413434446,0.343903406683211
24000,0.360066179875555,0.356683820541821,0.0916570730208936,0.19159292656173
24001,0.489609221720315,0.345229994193673,0.0469068944184885,0.118253889667523
24002,0.374983981010139,0.363350756869586,0.0568805349529681,0.204784727167307
24003,0.215585868634288,0.528113664097988,0.0442661850757677,0.212034282191956
24004,0.167353822780966,0.0864648535060782,0.425139842375412,0.321041481337544
24005,0.202497477485365,0.588808277811251,0.0729710036497021,0.135723241053682
24006,0.193189544753494,0.3004876969771,0.370242841434331,0.136079916835075
24007,0.166225302047157,0.349583284630352,0.164709723136675,0.319481690185816
24008,0.062675259420696,0.716236328572685,0.0814380440329683,0.139650367973651
24009,0.404571309551458,0.0821399819639662,0.222990506863228,0.290298201621348
24010,0.589708979884558,0.15364555688357,0.144981064172169,0.111664399059703
24011,0.0518172586173977,0.679395742648728,0.0734457221132093,0.195341276620665
24012,0.139984687119167,0.12996273490541,0.541927106655221,0.188125471320201
24013,0.0729537213899599,0.124056817250964,0.541856769569656,0.26113269178942
24014,0.226347396415466,0.102731057893177,0.525236148892641,0.145685396798716
24015,0.0572320382209178,0.52868582709979,0.232912936583425,0.181169198095868
24016,0.233848866732996,0.410089137322513,0.0825334036074158,0.273528592337075
24017,0.424861345675084,0.306863125529511,0.168931149287789,0.0993443795076163
24018,0.471273804754256,0.0664356337807327,0.0515967931619026,0.410693768303109
24019,0.11436241677864,0.337572313541394,0.342743718190465,0.205321551489501
24020,0.0531287101150767,0.509215372263713,0.236863824532281,0.200792093088929
24021,0.0633910287514084,0.0499956871449443,0.703165559349511,0.183447724754137
24022,0.413067586496497,0.232119544268812,0.0640932488589527,0.290719620375738
24023,0.220007318168198,0.389251310425029,0.0776881989138786,0.313053172492895
24024,0.351693046346758,0.387941897297049,0.0338259865198555,0.226539069836337
24025,0.530286144078945,0.0874681549867427,0.200405905864025,0.181839795070288
24026,0.177138352169398,0.59817702084893,0.0437566206854912,0.180928006296181
24027,0.171464482709817,0.0480441209772423,0.292081931572816,0.488409464740124
24028,0.38483334075358,0.35721542782655,0.0174807453027146,0.240470486117156
24029,0.115867623326776,0.0723494130301869,0.172713208642556,0.639069755000481
24030,0.0220774631411153,0.50258900728851,0.266310159352837,0.209023370217538
24031,0.0364102220636312,0.308074679381716,0.27621894386886,0.379296154685793
24032,0.139958525784949,0.0884378022680074,0.233929136755126,0.537674535191917
24033,0.715862278452624,0.030299190017262,0.0686844255980821,0.185154105932032
24034,0.1911676803851,0.104636610462377,0.0433319653803439,0.660863743772179
24035,0.0364683820510089,0.486048120577153,0.10142790285153,0.376055594520309
24036,0.340833806558612,0.078776618240812,0.438970840668752,0.141418734531824
24037,0.267473141864064,0.507917202820657,0.13076143714459,0.0938482181706891
24038,0.276775294416855,0.18175889097463,0.361886113994571,0.179579700613943
24039,0.43159939289051,0.364710557485088,0.0607204629132278,0.142969586711174
24040,0.121491877722714,0.173552118239509,0.494368730369188,0.210587273668589
24041,0.292121873253122,0.392203364128618,0.154424280866217,0.161250481752044
24042,0.105875737383934,0.367660230837167,0.346944687245027,0.179519344533872
24043,0.325453133030798,0.337758781214134,0.138273195254414,0.198514890500655
24044,0.271160910770665,0.357591545769523,0.237168532795872,0.13407901066394
24045,0.405774809343317,0.144164467595246,0.251460589422331,0.198600133639106
24046,0.232427937933175,0.247806488825113,0.405296961607271,0.114468611634441
24047,0.450339734869805,0.0368704611660904,0.41069062932899,0.102099174635115
24048,0.201900314054612,0.261280951702459,0.344893709014042,0.191925025228887
24049,0.384156983267302,0.171119217024497,0.27535683861353,0.169366961094671
24050,0.22378423828398,0.135191509470526,0.391752298168051,0.249271954077442
24051,0.16648934005865,0.414443009976463,0.186346352241143,0.232721297723744
24052,0.629230571711307,0.111055584462966,0.155062375836794,0.104651467988934
24053,0.367441427934582,0.0791060247450863,0.409863927571547,0.143588619748785
24054,0.379885068892724,0.189052259738151,0.201027591117641,0.230035080251484
24055,0.328221803415471,0.327228559346258,0.166422669937223,0.178126967301048
24056,0.338817912697623,0.37480943313574,0.180587540687049,0.105785113479588
24057,0.279630782358535,0.231461569931544,0.270079608809003,0.218828038900918
24058,0.134827583220882,0.265947035974026,0.408101698468413,0.191123682336678
24059,0.292342295527962,0.455030616555829,0.0947648797557498,0.15786220816046
24060,0.413387946742211,0.253980221072761,0.141939275057744,0.190692557127284
24061,0.19294621087053,0.315640234696255,0.300293533342553,0.191120021090662
24062,0.374920708535753,0.171594658491043,0.281669619536166,0.171815013437039
24063,0.138842847087854,0.439106351908683,0.323415614225676,0.0986351867777866
24064,0.522760159146543,0.157295783788433,0.236929104157562,0.0830149529074626
24065,0.20946346115931,0.207935668611651,0.401458951384385,0.181141918844654
24066,0.322881582768517,0.410802079303675,0.119137222297789,0.147179115630018
24067,0.286447054933299,0.326593537364235,0.230662423605744,0.156296984096722
24068,0.393512125506331,0.14053324080836,0.320824665133706,0.145129968551603
24069,0.314214389587278,0.119829874676923,0.296335996632422,0.269619739103377
24070,0.347726918777243,0.35758031593863,0.141591080090519,0.15310168519361
24071,0.208214175458572,0.152110553850565,0.375967879052431,0.263707391638432
24072,0.147781806684545,0.313498377649941,0.224958835102648,0.313760980562867
24073,0.344171059716443,0.191373048818282,0.272915465614807,0.191540425850468
24074,0.498325045332936,0.151102611328452,0.129346221862222,0.221226121476391
24075,0.310901106519843,0.051757355955003,0.325267107739228,0.312074429785926
24076,0.12848326061979,0.478106946427885,0.186258844361813,0.207150948590512
24077,0.452601166944021,0.302743022031834,0.0794502892255181,0.165205521798627
24078,0.406906886447729,0.248502996669659,0.0767365838644522,0.26785353301816
24079,0.336682631753884,0.245400890402425,0.0549865704445752,0.362929907399116
24080,0.549374044589366,0.102646514983452,0.0500515510685764,0.297927889358606
24081,0.150534909193644,0.16319421052699,0.170397933873105,0.51587294640626
24082,0.164282256751703,0.358821124069168,0.340185487471738,0.13671113170739
24083,0.339196630566049,0.227417491866092,0.0265178969862813,0.406867980581577
24084,0.401596351729026,0.30078976541858,0.0486232474436149,0.24899063540878
24085,0.417004240588475,0.0488748601072273,0.0286765109147768,0.505444388389521
24086,0.310808676376844,0.21382127205057,0.200657805312568,0.274712246260019
24087,0.270736524901648,0.276512271202924,0.184742302050686,0.268008901844743
24088,0.04223235505955,0.0340383630685074,0.706454736549677,0.217274545322266
24089,0.25996055872446,0.508962714128516,0.046847667523862,0.184229059623162
24090,0.0716516555452397,0.0589709605019968,0.302002040723781,0.567375343228983
24091,0.229553019280045,0.208198353072158,0.368835651522367,0.19341297612543
24092,0.39752958027826,0.0801835296231793,0.106518347350565,0.415768542747996
24093,0.366707826494581,0.274204635908486,0.0934231047325945,0.265664432864339
24094,0.0647505594691279,0.637900753029069,0.174421347981021,0.122927339520783
24095,0.265974350727099,0.0381105225998124,0.460085656469171,0.235829470203918
24096,0.155470185342874,0.398463580910487,0.0972614125760001,0.348804821170639
24097,0.063273415252493,0.102322333141087,0.527873025939528,0.306531225666893
24098,0.656810103566234,0.0671993464103032,0.0552596255516233,0.22073092447184
24099,0.183060521897812,0.36563361083711,0.148626124555674,0.302679742709404
24100,0.41826335057405,0.326608866375797,0.0304130108916463,0.224714772158507
24101,0.167674589667204,0.230468138384646,0.15723543373762,0.444621838210529
24102,0.243063501383442,0.10304925071238,0.410483392917826,0.243403854986352
24103,0.0886483079580841,0.507739154915502,0.207455806406657,0.196156730719757
24104,0.524590837249535,0.0576705593569958,0.188502004952122,0.229236598441348
24105,0.462918403435255,0.0632824520716581,0.133123920649381,0.340675223843706
24106,0.0346117499957075,0.661453838606138,0.109245779275774,0.194688632122381
24107,0.213105956076761,0.0854136990217683,0.24575126758012,0.455729077321351
24108,0.173347091538183,0.0490622421618543,0.486623263741994,0.290967402557969
24109,0.40054940191627,0.162736525543062,0.0911933342412728,0.345520738299396
24110,0.295642057780954,0.190169207492235,0.207336157945567,0.306852576781244
24111,0.108172553948552,0.179060219139335,0.0723430675130989,0.640424159399013
24112,0.245007929590545,0.13481683114664,0.205659066540017,0.414516172722798
24113,0.0946507177776114,0.483694649550316,0.286516340258111,0.135138292413962
24114,0.195950042980786,0.142885954386824,0.420473310197314,0.240690692435076
24115,0.054385528409931,0.535755610597404,0.248343759860828,0.161515101131837
24116,0.330250930007205,0.080552997386816,0.444117658390975,0.145078414215004
24117,0.514344697575768,0.21248124348344,0.101422911707843,0.171751147232949
24118,0.132313827105031,0.251559129050917,0.449788149965721,0.166338893878331
24119,0.21085214097856,0.553616409855039,0.0709517390204191,0.164579710145982
24120,0.107719866362251,0.550827131229313,0.129749023057442,0.211703979350995
24121,0.60376952712723,0.109528227588568,0.159779746306409,0.126922498977793
24122,0.0719451279978213,0.271758481868621,0.475669000850688,0.180627389282869
24123,0.282126726606549,0.127823795247652,0.206598789642874,0.383450688502925
24124,0.220110319518006,0.383152805253275,0.156877730664564,0.239859144564155
24125,0.0757419926775718,0.066467241944517,0.707958355287073,0.149832410090838
24126,0.0880165094448012,0.402663606234209,0.347332681082877,0.161987203238113
24127,0.297548125779625,0.329005259028085,0.233867110623659,0.139579504568631
24128,0.377775633645079,0.143916383044886,0.0740011889873801,0.404306794322656
24129,0.348002915474962,0.253133436313133,0.218689239064203,0.180174409147702
24130,0.3721295173032,0.285548208377788,0.0565147348831131,0.285807539435899
24131,0.148581443720467,0.329534099646842,0.35861219820889,0.163272258423801
24132,0.208817336124121,0.584296191161436,0.0967983009405697,0.110088171773873
24133,0.2361569707647,0.271634040369398,0.354465233950065,0.137743754915838
24134,0.385027594600951,0.252099516588464,0.245860024485771,0.117012864324815
24135,0.205325632662691,0.22157248326551,0.444834013729932,0.128267870341867
24136,0.272155899726236,0.160269518827553,0.422309064733824,0.145265516712387
24137,0.196150560092945,0.617859335648149,0.0882269324138303,0.0977631718450749
24138,0.533299508948306,0.160488142186433,0.136354435530862,0.169857913334399
24139,0.37144001897505,0.204023909720963,0.304789161073419,0.119746910230569
24140,0.39762218297114,0.267765896222124,0.217542494833109,0.117069425973627
24141,0.231031981477409,0.376767628519588,0.22298908096889,0.169211309034113
24142,0.204531336529287,0.237064985710547,0.381953065680371,0.176450612079796
24143,0.342263724879736,0.356534999112132,0.195979243071232,0.1052220329369
24144,0.315043285924207,0.35609502905078,0.179350768074441,0.149510916950573
24145,0.142375195617761,0.339273057803041,0.386223300086915,0.132128446492283
24146,0.114742357048913,0.295768991951047,0.406857581005546,0.182631069994494
24147,0.306362426169059,0.42388982964789,0.150836930406338,0.118910813776713
24148,0.501729805370221,0.184484925861016,0.107845068812873,0.20594019995589
24149,0.177176995852553,0.25179878247695,0.464776813329241,0.106247408341256
24150,0.413245836071322,0.274574875066939,0.149928396720607,0.162250892141131
24151,0.270946122517937,0.277620020540865,0.309130592667079,0.14230326427412
24152,0.0482589577884126,0.532389358533326,0.237280821796277,0.182070861881985
24153,0.0973044365325595,0.112779110420888,0.531395199748772,0.25852125329778
24154,0.185622782210199,0.130797442654832,0.53725014231444,0.14632963282053
24155,0.0540006000220869,0.202927226489843,0.523766215206726,0.219305958281344
24156,0.0541518610714144,0.31367381410523,0.428497802035623,0.203676522787732
24157,0.135216659629381,0.273408192992405,0.153556354504534,0.43781879287368
24158,0.545232157156541,0.161303826866849,0.187767850692494,0.105696165284115
24159,0.220470787872169,0.299361638776929,0.237794975831245,0.242372597519657
24160,0.386519248854296,0.18663777847827,0.134006561241957,0.292836411425478
24161,0.205746844866815,0.429011184461252,0.211186550302982,0.154055420368952
24162,0.432346421474615,0.243008931078481,0.0689139338871128,0.255730713559792
24163,0.16413740808911,0.321877614302431,0.338549943116347,0.175435034492112
24164,0.304481064045635,0.32268511655067,0.285706529151751,0.0871272902519438
24165,0.149242558958161,0.213341315956458,0.167856969589815,0.469559155495567
24166,0.0989321545130192,0.219742645926282,0.377562858856471,0.303762340704228
24167,0.0432389063900919,0.311864259376121,0.482846673674238,0.162050160559549
24168,0.584096956154144,0.0545820841264315,0.164062264579879,0.197258695139546
24169,0.286075545734874,0.248574291751947,0.331037432066619,0.13431273044656
24170,0.100102112478126,0.174435156858553,0.600005691354055,0.125457039309267
24171,0.143608417476123,0.36413331924272,0.351951274845779,0.140306988435379
24172,0.23669769259559,0.207510482989076,0.323835117887929,0.231956706527405
24173,0.186140761396152,0.387201901946792,0.242853405539486,0.18380393111757
24174,0.131372880179421,0.609450451211106,0.149587385248236,0.109589283361237
24175,0.364728685779121,0.288817094978694,0.174769591148509,0.171684628093676
24176,0.245654034382143,0.14487239068724,0.454701130154659,0.154772444775958
24177,0.446268840261418,0.303585663581645,0.12615576929409,0.123989726862847
24178,0.368717198717796,0.183874013952094,0.277075167152062,0.170333620178048
24179,0.124005427310045,0.469101901430579,0.310394374314613,0.0964982969447634
24180,0.47722229704197,0.142329268482874,0.225752873017332,0.154695561457824
24181,0.118345599384086,0.387225069848067,0.249004102136388,0.245425228631459
24182,0.190279301563286,0.296064123354416,0.382705296094485,0.130951278987813
24183,0.34929488164156,0.308212314903031,0.24080318556127,0.101689617894139
24184,0.210294345485596,0.420113981252798,0.262180354070708,0.107411319190898
24185,0.183651113074677,0.314917316831344,0.34023267876623,0.16119889132775
24186,0.153863118819765,0.473887702360691,0.177510308811491,0.194738870008053
24187,0.3810954592305,0.234239977552696,0.173112671122751,0.211551892094053
24188,0.148775831619114,0.37131467430206,0.349864412083384,0.130045081995442
24189,0.135653345167003,0.269932569735885,0.472358539631949,0.122055545465162
24190,0.182737563889997,0.219086290009049,0.49102095878928,0.107155187311675
24191,0.143897983178273,0.186136732655253,0.51447059537337,0.155494688793104
24192,0.322038145027743,0.244010082714237,0.258798169208207,0.175153603049813
24193,0.313985566097161,0.163973277663593,0.432547163546319,0.0894939926929268
24194,0.236198839630562,0.480772185235483,0.144224650849553,0.138804324284403
24195,0.442048416959847,0.124152121187735,0.298233920814702,0.135565541037717
24196,0.656456081152641,0.123584576297754,0.134638518089108,0.085320824460498
24197,0.127615156815349,0.360975241543052,0.307413677975341,0.203995923666258
24198,0.509209505595904,0.135000695870522,0.218252153860864,0.13753764467271
24199,0.306916121024941,0.364425209961314,0.200647499093111,0.128011169920634
24200,0.516060815885124,0.130860608363463,0.179915330934269,0.173163244817145
24201,0.404269497232734,0.273205533414571,0.23380136795198,0.0887236014007151
24202,0.198316324351293,0.216139140863682,0.488344914154479,0.0971996206305465
24203,0.432236984035644,0.277710726428715,0.172272676865026,0.117779612670614
24204,0.133555652635782,0.532113055190787,0.197006955299814,0.137324336873617
24205,0.403518623119625,0.339839395732944,0.157147814080449,0.0994941670669815
24206,0.191100901497425,0.195775222207477,0.496047958601374,0.117075917693724
24207,0.587313994448523,0.0558952229692086,0.135909023313884,0.220881759268385
24208,0.214749936411318,0.48383027702466,0.0674017185560448,0.234018068007977
24209,0.120918029819458,0.268780443393215,0.394618575948225,0.215682950839102
24210,0.187605382611887,0.0602245844384871,0.298469461680813,0.453700571268812
24211,0.0523819408544753,0.0875648736581177,0.311403538458498,0.548649647028909
24212,0.309207985211665,0.0455436578041899,0.0949708794843466,0.550277477499799
24213,0.0239314104207087,0.0876109639051512,0.575034082036946,0.313423543637195
24214,0.142817174000094,0.040675349652054,0.304348624270219,0.512158852077632
24215,0.0859991112630895,0.078193978926484,0.534553225748998,0.301253684061429
24216,0.143522749102459,0.138463849971637,0.320042005873547,0.397971395052356
24217,0.138487204622929,0.429860287526313,0.0437091470814713,0.387943360769287
24218,0.114572171695563,0.0417283942928803,0.363371547518327,0.480327886493229
24219,0.363664963439336,0.0857021793258757,0.31640764809643,0.234225209138359
24220,0.251565532969349,0.219843340225808,0.129508884187914,0.399082242616928
24221,0.301590913787425,0.378244047540049,0.177523135240417,0.142641903432109
24222,0.594280414920617,0.114021386297434,0.118278681832795,0.173419516949154
24223,0.429781505470936,0.082588191872414,0.0678854739246513,0.419744828731999
24224,0.091399976312878,0.0594899786226493,0.395748184771829,0.453361860292644
24225,0.285194965944908,0.287111055568863,0.133162969541909,0.294531008944321
24226,0.383635541489659,0.160762884959251,0.289566837964374,0.166034735586716
24227,0.32777771320329,0.265983924656601,0.289215024878878,0.117023337261231
24228,0.336436367757307,0.332462496277839,0.167734665707166,0.163366470257689
24229,0.25626727259809,0.404397634263123,0.205326361003581,0.134008732135205
24230,0.182770826894443,0.453269140738497,0.191834015301982,0.172126017065079
24231,0.306054483504368,0.234321264971814,0.281976911930752,0.177647339593066
24232,0.231286141299538,0.307825586967529,0.303165200501394,0.157723071231538
24233,0.352212499115263,0.350137786651302,0.179801229680198,0.117848484553237
24234,0.377690175419915,0.274614139159859,0.265181895112691,0.0825137903075344
24235,0.420004854856526,0.222772058514649,0.198919708987324,0.1583033776415
24236,0.190823505634901,0.25176044946405,0.420544346053984,0.136871698847064
24237,0.536973935120868,0.0720148153670689,0.275505354957877,0.115505894554186
24238,0.10648724933224,0.275148089186016,0.49594813478077,0.122416526700974
24239,0.251053213456712,0.342928766389421,0.250318409583845,0.155699610570022
24240,0.244789582104532,0.398258114432555,0.234093477774702,0.122858825688211
24241,0.173184999188049,0.252506986689503,0.377052873556731,0.197255140565717
24242,0.258641699432117,0.262240046556573,0.381062658178744,0.0980555958325663
24243,0.236609749096852,0.396827059379121,0.183666490966507,0.18289670055752
24244,0.305767056391085,0.232720722860817,0.350939562019086,0.110572658729012
24245,0.233708575463561,0.322796898114456,0.353806074366359,0.0896884520556243
24246,0.192100548511212,0.339631270440286,0.359829108544136,0.108439072504366
24247,0.330853868170085,0.203913007377317,0.333163264563121,0.132069859889477
24248,0.351555335401783,0.0992056313166699,0.387240407353319,0.161998625928229
24249,0.393042344168116,0.328868543254011,0.145047625567197,0.133041487010677
24250,0.23896433717095,0.346922158103922,0.217940010942885,0.196173493782243
24251,0.266597003687194,0.344446962440853,0.232800691060245,0.156155342811708
24252,0.261251293887971,0.377984413063886,0.207667179447961,0.153097113600181
24253,0.173556905438688,0.242288622116048,0.470357388929491,0.113797083515773
24254,0.153961781457329,0.211807405619088,0.459995769073383,0.1742350438502
24255,0.153000353813644,0.368563462433674,0.316185609149182,0.162250574603499
24256,0.342024439449384,0.32048930896184,0.190836014661093,0.146650236927683
24257,0.29800311838779,0.285074533833472,0.32016349621127,0.0967588515674685
24258,0.30184109027776,0.46292785376969,0.110663004294889,0.124568051657661
24259,0.285609185896788,0.227436026243161,0.323602459372032,0.16335232848802
24260,0.194039031228223,0.358355304395137,0.330587963399589,0.117017700977051
24261,0.490892671464663,0.143480638047106,0.209256145286514,0.156370545201717
24262,0.360997965957158,0.166908372967046,0.330383508234896,0.141710152840899
24263,0.289409507566164,0.26292957942775,0.293699862256358,0.153961050749727
24264,0.292605435334424,0.410615753957535,0.181531634590337,0.115247176117705
24265,0.410583929711495,0.339290596236886,0.128438242160388,0.12168723189123
24266,0.225077008426031,0.245198123452762,0.31850381644977,0.211221051671437
24267,0.34751437304633,0.391850690091486,0.152745207654989,0.107889729207196
24268,0.358045438249593,0.178826082357761,0.337400681394818,0.125727797997828
24269,0.15036519164214,0.523106554019794,0.222626647920843,0.103901606417224
24270,0.328567077924124,0.403389677568725,0.171747025183968,0.096296219323183
24271,0.267812107830308,0.355051128024262,0.254340924840061,0.122795839305369
24272,0.214104685485791,0.390258382662962,0.277204940307107,0.118431991544139
24273,0.385551148053146,0.22835590804619,0.256178887680872,0.129914056219793
24274,0.26771254860927,0.175165589712091,0.401661092796846,0.155460768881793
24275,0.213430319412777,0.279393218310093,0.263696009178719,0.243480453098411
24276,0.498603680219949,0.164485864908862,0.219490309683696,0.117420145187493
24277,0.310309295728261,0.38319140534223,0.208701382392924,0.0977979165365855
24278,0.244955144235416,0.419339835653841,0.211274796831949,0.124430223278794
24279,0.376718802914122,0.200789558603589,0.255627128867762,0.166864509614527
24280,0.260228363413385,0.220611106707363,0.395883931949529,0.123276597929724
24281,0.423481547650271,0.278759661703028,0.163222973434292,0.13453581721241
24282,0.32626199424667,0.307630222163835,0.202659637111946,0.163448146477549
24283,0.234665053574676,0.412924447361054,0.151591722959179,0.200818776105091
24284,0.181200458786295,0.143465647610224,0.534937553810716,0.140396339792766
24285,0.0445076413265383,0.541527105499572,0.156888578347141,0.257076674826749
24286,0.170309777994632,0.0891011335031913,0.600169728614215,0.140419359887961
24287,0.216316016372627,0.473529862292835,0.0484140462521412,0.261740075082396
24288,0.0810346671387866,0.546904742652301,0.195439795539204,0.176620794669709
24289,0.0792584268289499,0.395522305573694,0.332973462841976,0.192245804755381
24290,0.215671666111659,0.323988510875117,0.20437207317932,0.255967749833904
24291,0.367624950427092,0.12553939073582,0.253154384821112,0.253681274015976
24292,0.159713881400982,0.126974155483301,0.50331426894044,0.209997694175277
24293,0.363519673261686,0.218293926457509,0.32238364094505,0.0958027593357539
24294,0.258144742711469,0.497551873481539,0.0843053733650151,0.159998010441976
24295,0.169660281690671,0.274260503917891,0.340644903760345,0.215434310631093
24296,0.298122117506216,0.329741133460159,0.0891170056420951,0.28301974339153
24297,0.431703821609189,0.17253428681751,0.132752907413966,0.263008984159336
24298,0.315846789755517,0.372445198172515,0.190462674648365,0.121245337423603
24299,0.28326027499117,0.191599358784611,0.155667907494138,0.369472458730081
24300,0.319934719572542,0.196067552414557,0.25622863744223,0.227769090570671
24301,0.306196373667646,0.10902304519348,0.283586083192702,0.301194497946172
24302,0.459999659117888,0.16869122023201,0.181510987736804,0.189798132913298
24303,0.361062938967113,0.289709963253318,0.0694995036761272,0.279727594103442
24304,0.186033320168174,0.106474366124636,0.31831631163427,0.389176002072921
24305,0.226566927541421,0.411807542148464,0.0803753482718486,0.281250182038267
24306,0.227572159302294,0.0927895382474301,0.189344267986182,0.490294034464094
24307,0.580844441874834,0.127091303035108,0.0870209645492481,0.20504329054081
24308,0.347322682033053,0.07985781116849,0.345420218898788,0.227399287899669
24309,0.0564447040126353,0.261960417149448,0.431366682987614,0.250228195850303
24310,0.186552205695175,0.424260201642257,0.220630294941338,0.168557297721231
24311,0.202310054756091,0.193452605570097,0.294191556371412,0.3100457833024
24312,0.409663626668746,0.123430512116824,0.160220492192797,0.306685369021632
24313,0.469815722979619,0.181913541338113,0.0738426465737725,0.274428089108496
24314,0.0405688400461776,0.652735686990641,0.0525574679382047,0.254138005024977
24315,0.30295008810755,0.300513673728109,0.180526920664026,0.216009317500314
24316,0.49037600204618,0.129318976573099,0.0980965009331349,0.282208520447586
24317,0.228302946645684,0.442317027003165,0.0925925847338379,0.236787441617313
24318,0.10309533285987,0.0831954684295609,0.569817404935397,0.243891793775172
24319,0.56580216763356,0.129961732340762,0.208896099692331,0.0953400003333469
24320,0.0775470817549145,0.146910627183613,0.243701882453984,0.531840408607489
24321,0.556718445369894,0.100950789375125,0.0424538053464672,0.299876959908514
24322,0.562674882224527,0.183861331419888,0.0904572828155059,0.163006503540079
24323,0.0890760720841653,0.0381493055654864,0.721645497066291,0.151129125284058
24324,0.184942561467211,0.0850637753404787,0.444787599713072,0.285206063479239
24325,0.40049060688556,0.152407244708767,0.0643973822872017,0.382704766118471
24326,0.119616263106291,0.132552958555133,0.48514528989681,0.262685488441766
24327,0.185435089423965,0.337297270708147,0.200285142726719,0.276982497141169
24328,0.0709291217885017,0.0617362604897909,0.629321081929425,0.238013535792283
24329,0.212503820071867,0.567941505435819,0.0396428416551291,0.179911832837184
24330,0.56402352801108,0.0461833626130036,0.202859691400817,0.186933417975099
24331,0.107310660953111,0.117681168301348,0.40699864656953,0.368009524176011
24332,0.399220163451519,0.151698455999446,0.275749405728519,0.173331974820517
24333,0.49342196085788,0.165161935577612,0.114296238258872,0.227119865305637
24334,0.365149586962474,0.233988366178568,0.180521923487576,0.220340123371382
24335,0.089467930994342,0.580524202295773,0.0598468651048746,0.27016100160501
24336,0.140323739101656,0.21357174314884,0.223481521669391,0.422622996080113
24337,0.537565242420458,0.0349511449828033,0.292485964362158,0.13499764823458
24338,0.628884398453686,0.0287667232976462,0.160264529141387,0.182084349107281
24339,0.468326610400232,0.348457191732146,0.0237461949811309,0.159470002886492
24340,0.236274610191201,0.340264226032881,0.0391878916301836,0.384273272145735
24341,0.53786558130113,0.0499892956258213,0.180501282956443,0.231643840116606
24342,0.620032566729859,0.131375646461709,0.0656399203907279,0.182951866417704
24343,0.0953834362831159,0.316567735352971,0.0801019244675775,0.507946903896336
24344,0.0512296146680498,0.0870559250958117,0.580251047452148,0.28146341278399
24345,0.0698851725863735,0.0290547282753313,0.511300620382126,0.389759478756169
24346,0.255556430303094,0.0495036020939796,0.456112342622081,0.238827624980846
24347,0.103701201257019,0.469921745134124,0.181528808009532,0.244848245599325
24348,0.654767353040221,0.0182732035370967,0.127676836806591,0.199282606616092
24349,0.511677988165069,0.119876420188573,0.069417646700534,0.299027944945824
24350,0.0306355069153885,0.225364442112628,0.459707186059251,0.284292864912733
24351,0.548890153338848,0.0735003697172693,0.0454684343378069,0.332141042606076
24352,0.0280591613600681,0.543803539369943,0.107389160546695,0.320748138723294
24353,0.278949182167106,0.108183677563669,0.272534156539417,0.340332983729807
24354,0.0696885115327943,0.40577960642684,0.149936387070995,0.374595494969371
24355,0.290215174287689,0.0633183432609147,0.433272192764592,0.213194289686804
24356,0.0699565812344739,0.107135162246416,0.0417365899272395,0.78117166659187
24357,0.647640444053185,0.185082788290324,0.0218395290150431,0.145437238641448
24358,0.498133228570149,0.0653454920788567,0.0430905902595915,0.393430689091403
24359,0.137291149334042,0.640658150389627,0.051685090026388,0.170365610249943
24360,0.101657046302718,0.289056605860579,0.33196460082393,0.277321747012773
24361,0.224645451064036,0.32369701686634,0.0824826339366658,0.369174898132959
24362,0.508005118287206,0.0480452332098037,0.270272322823417,0.173677325679574
24363,0.06383274093277,0.146772930482792,0.581610528032622,0.207783800551816
24364,0.0625347741097048,0.667496889390051,0.153552827893695,0.11641550860655
24365,0.374280989908299,0.150833101925275,0.178944448132304,0.295941460034123
24366,0.147650406185062,0.375643886887507,0.222710402929007,0.253995303998425
24367,0.194237643181844,0.198328922217348,0.145921809532235,0.461511625068573
24368,0.0679541574869471,0.302958638043307,0.462083827995962,0.167003376473784
24369,0.38370292373267,0.268248283165085,0.163496493163449,0.184552299938796
24370,0.105923889469918,0.414066957799836,0.38265237695458,0.0973567757756656
24371,0.25499370293202,0.155760554694531,0.441235540599266,0.148010201774182
24372,0.099705632126142,0.0879912968670818,0.497107687954267,0.315195383052509
24373,0.347282109221299,0.289071282802913,0.253168483061359,0.110478124914429
24374,0.395029509403334,0.217892415983665,0.198236919665132,0.188841154947869
24375,0.17838562157561,0.0858771085650794,0.38100532881188,0.354731941047431
24376,0.160576577153181,0.18535729699261,0.499681068953582,0.154385056900628
24377,0.112100633270976,0.473075385160047,0.292006477631185,0.122817503937792
24378,0.0672646450735599,0.526882174462245,0.107244993714324,0.298608186749871
24379,0.0940221156571386,0.488806866565665,0.173117234731889,0.244053783045307
24380,0.136587652572219,0.396014568214617,0.13353529788671,0.333862481326455
24381,0.476050656944964,0.145220195131939,0.118784081169235,0.259945066753863
24382,0.40212040025316,0.112681286372853,0.356966531100213,0.128231782273774
24383,0.123881881947614,0.0751039884375793,0.616912800977164,0.184101328637643
24384,0.151792288587294,0.178598469859276,0.488032359841898,0.181576881711532
24385,0.37217607341853,0.0915870374070561,0.276511445928631,0.259725443245783
24386,0.0927890063830509,0.11194733941749,0.556980922828135,0.238282731371325
24387,0.532577934488293,0.0850525559273677,0.1766789678779,0.205690541706439
24388,0.425125769981455,0.0720596076000573,0.276383397922871,0.226431224495617
24389,0.37936480458079,0.132161260186232,0.232503456829835,0.255970478403144
24390,0.267983418621152,0.107912959252629,0.511842769939488,0.112260852186731
24391,0.234415951539003,0.224436019581958,0.118206439294962,0.422941589584077
24392,0.0824953264628378,0.38163071558553,0.296928233970122,0.23894572398151
24393,0.0549470167467212,0.141282395283541,0.572617753730168,0.23115283423957
24394,0.151586675176741,0.499129320014736,0.192286513153208,0.156997491655315
24395,0.22221603503986,0.256859469559687,0.439881020365352,0.0810434750351009
24396,0.487061863073038,0.221607689738608,0.0719493399756045,0.21938110721275
24397,0.188133119608998,0.254902933547283,0.379983617043282,0.176980329800437
24398,0.391836138628592,0.229956219759767,0.251984942253861,0.126222699357781
24399,0.135530095348994,0.331483961452621,0.315410658139671,0.217575285058714
24400,0.118022379221243,0.22877650687832,0.462222620760599,0.190978493139837
24401,0.293407067399094,0.187873208322564,0.322550234803463,0.19616948947488
24402,0.289549848387948,0.140281296926677,0.468910773017718,0.101258081667657
24403,0.0925391925348265,0.241253007764155,0.517189038600155,0.149018761100863
24404,0.0987126048789842,0.20669702859822,0.518317634402024,0.176272732120772
24405,0.271614818952056,0.248062204482976,0.352278891052321,0.128044085512647
24406,0.406296001729863,0.363704929704282,0.146207459582629,0.0837916089832257
24407,0.108920495941019,0.39570517938282,0.386014462859691,0.109359861816471
24408,0.246296122435036,0.346497868060057,0.231424735480083,0.175781274024825
24409,0.301432386107593,0.391690765222601,0.123562891105806,0.183313957564001
24410,0.264206601688686,0.24861510641186,0.287421334085504,0.19975695781395
24411,0.212565609917558,0.319937089052997,0.304940235449037,0.162557065580408
24412,0.354674669407059,0.302850712839794,0.142483610200306,0.199991007552841
24413,0.358276965490552,0.182654601424639,0.361351079763431,0.0977173533213779
24414,0.310120358038383,0.37696276337889,0.159297304746932,0.153619573835795
24415,0.413849505577765,0.129458744997785,0.32739976377698,0.12929198564747
24416,0.55937954178402,0.068059494499785,0.123870474632388,0.248690489083807
24417,0.220426507628222,0.0779140097955651,0.317091150989051,0.384568331587161
24418,0.118299490764142,0.140088741612813,0.0980120891964315,0.643599678426614
24419,0.268764348467799,0.309633192103434,0.237712572433842,0.183889886994925
24420,0.124474358830069,0.421254286371615,0.20127915844935,0.252992196348966
24421,0.244314491099496,0.076977235008428,0.0457536635120462,0.63295461038003
24422,0.455526724981661,0.130855939422451,0.0381712419583842,0.375446093637504
24423,0.0761291723596794,0.530597003501274,0.0483961813996412,0.344877642739405
24424,0.138544681943963,0.319659947670462,0.252536713878051,0.289258656507525
24425,0.0989513317658271,0.0509821895438249,0.16639734585259,0.683669132837758
24426,0.425773705067774,0.18203942932823,0.0361620427499524,0.356024822854043
24427,0.0674089638781424,0.0595920796478194,0.644025085215258,0.22897387125878
24428,0.258526121868715,0.47451354425289,0.0232070611273437,0.243753272751051
24429,0.121057929569854,0.701123249255755,0.0335805091229306,0.14423831205146
24430,0.110130702951077,0.0944013307547445,0.0800640690671729,0.715403897227006
24431,0.195264316157975,0.406273080754676,0.174530965891473,0.223931637195877
24432,0.0470447426721932,0.427054958812709,0.184731865357877,0.341168433157221
24433,0.136907194271442,0.161201617982998,0.182628142312832,0.519263045432729
24434,0.345068221313895,0.196992278121503,0.263931641053769,0.194007859510832
24435,0.356538339598487,0.242666915991927,0.162107574126477,0.238687170283109
24436,0.187899526389165,0.055243211742722,0.277112901920249,0.479744359947863
24437,0.274353748548148,0.153477518799612,0.0862846683737178,0.485884064278522
24438,0.479321014914425,0.110364776029002,0.174824610089877,0.235489598966695
24439,0.123306852656281,0.0150088058747685,0.552719527843951,0.308964813624999
24440,0.0222482933135454,0.570931668213858,0.022194336685354,0.384625701787242
24441,0.54836860433369,0.0555532437918742,0.0132765966338875,0.382801555240548
24442,0.556968044827633,0.106111762644076,0.123472751103636,0.213447441424655
24443,0.277087311668164,0.124140184619005,0.417950185116933,0.180822318595898
24444,0.052861615938478,0.188475883794792,0.35813021655834,0.40053228370839
24445,0.248734392569119,0.130322299330721,0.152278140401396,0.468665167698765
24446,0.192157942799942,0.0474652514829243,0.0466238045527633,0.713753001164371
24447,0.124368586467569,0.649508525522131,0.0202528170730366,0.205870070937263
24448,0.189262140621438,0.40308107790642,0.0726782414270878,0.334978540045054
24449,0.34307943243261,0.0169498520196505,0.165121472728884,0.474849242818855
24450,0.0561228088337812,0.0689353107134817,0.188484903632606,0.686456976820131
24451,0.0353257416746008,0.0538747014684286,0.363179121320695,0.547620435536275
24452,0.1123708395981,0.035251906338627,0.317365912650356,0.535011341412916
24453,0.380873775464162,0.0379474184982808,0.35757326479995,0.223605541237607
24454,0.315754848523311,0.322768152836587,0.132763128996444,0.228713869643657
24455,0.18368080343633,0.0627088044094847,0.564162729185474,0.189447662968712
24456,0.129369334471278,0.157805092934393,0.354092494808913,0.358733077785416
24457,0.241810587914902,0.073813152030944,0.255910832062282,0.428465427991872
24458,0.0984208385144954,0.321320543335308,0.116256281205683,0.464002336944514
24459,0.141021907000987,0.172801308442434,0.459039335614571,0.227137448942008
24460,0.0744946955412196,0.296201294085887,0.338914858075761,0.290389152297133
24461,0.0586734926884634,0.084640967790099,0.459036873682991,0.397648665838446
24462,0.158721057823665,0.30502060360767,0.165343641467827,0.370914697100837
24463,0.30272028404918,0.400300963023726,0.179204028128746,0.117774724798348
24464,0.206745161191848,0.182438336521354,0.343109223291368,0.26770727899543
24465,0.159662345831287,0.481960642197343,0.0690141597442694,0.289362852227101
24466,0.403841314395623,0.379192674730912,0.0506299658234742,0.166336045049991
24467,0.154963779814439,0.426280911005685,0.0460761565890538,0.372679152590822
24468,0.0460629901166512,0.49391876261066,0.24082193443066,0.219196312842029
24469,0.1434431182194,0.480503207836971,0.09753599019227,0.278517683751359
24470,0.227661439253959,0.151046491242228,0.12981330091106,0.491478768592753
24471,0.231570166161765,0.545833315614173,0.0881583404666688,0.134438177757393
24472,0.514129143678326,0.0683253671525192,0.292297301105216,0.125248188063939
24473,0.260867166786532,0.206403875855221,0.293071956525613,0.239657000832634
24474,0.583569394037508,0.233706668415911,0.0478400291635041,0.134883908383077
24475,0.114257362671133,0.400251875349777,0.317028609784346,0.168462152194744
24476,0.308018234567906,0.288594968923977,0.171959387720671,0.231427408787446
24477,0.0918252397993628,0.457952136003889,0.311854737263136,0.138367886933612
24478,0.280886049711637,0.183048205275411,0.404685109537549,0.131380635475403
24479,0.208504670288246,0.117251139369227,0.454439173293163,0.219805017049365
24480,0.475531818424972,0.179093168115253,0.181699510637832,0.163675502821943
24481,0.317710349443567,0.25584240399981,0.295591237625185,0.130856008931438
24482,0.515800468259032,0.113217071234595,0.175139117796485,0.195843342709888
24483,0.653571047684317,0.110169410536295,0.0986466346611941,0.137612907118194
24484,0.15851391609843,0.254215256417424,0.388714087109109,0.198556740375037
24485,0.318711227896798,0.187806000797609,0.338268289946127,0.155214481359466
24486,0.322786240180161,0.390172069041237,0.187947886364333,0.0990938044142683
24487,0.106733383991967,0.147561451124309,0.583069457962555,0.162635706921169
24488,0.343914778296794,0.466046238452546,0.0814203243501741,0.108618658900486
24489,0.279313433318885,0.367951776460687,0.214775029736523,0.137959760483906
24490,0.116407031074078,0.344420095803872,0.379383277357556,0.159789595764493
24491,0.180567569396262,0.167725307339143,0.311717284330908,0.339989838933687
24492,0.143738063313481,0.0345887574095454,0.476905064005451,0.344768115271522
24493,0.0414223915177717,0.191072820312814,0.557331485856713,0.210173302312702
24494,0.01969868442065,0.466796846858595,0.323007890093993,0.190496578626762
24495,0.115905185336977,0.592650271410692,0.0581875690090398,0.233256974243291
24496,0.110684788462128,0.131701436805088,0.33740657236179,0.420207202370994
24497,0.154332173018707,0.0431639439045158,0.631630843986615,0.170873039090163
24498,0.342585731075531,0.240690018106576,0.296899420187477,0.119824830630416
24499,0.445513773086183,0.0750809936281956,0.286454966365294,0.192950266920328
24500,0.0512767979780952,0.649021688173116,0.051634975700471,0.248066538148318
24501,0.279657353617118,0.313867983593553,0.0639011225032126,0.342573540286117
24502,0.496648485663968,0.0966288162335417,0.109416024036345,0.297306674066145
24503,0.075583783923334,0.0699667803098825,0.176617248734674,0.67783218703211
24504,0.0702156125939417,0.63092761998069,0.0590619456300646,0.239794821795303
24505,0.126442368203379,0.328244762260658,0.150903268837332,0.394409600698632
24506,0.117855293952987,0.0384201196911663,0.617059878406902,0.226664707948945
24507,0.0893665959597148,0.180376732010707,0.185961490750489,0.544295181279089
24508,0.347143636123645,0.118664816943658,0.289319528675419,0.244872018257278
24509,0.173019873330481,0.0585084809750595,0.398052574980148,0.370419070714312
24510,0.0764528472771903,0.133407776023325,0.579554643131705,0.21058473356778
24511,0.310283592995923,0.448908106292706,0.0514937308279286,0.189314569883443
24512,0.274002703844632,0.0597628431196477,0.213050489643565,0.453183963392156
24513,0.564169768874962,0.0539215938212818,0.0923328438072054,0.289575793496551
24514,0.308344120845924,0.298654911167026,0.0610624019507992,0.33193856603625
24515,0.1545419915744,0.17839122920115,0.267145939832374,0.399920839392077
24516,0.342470328485553,0.0867589089989109,0.137847628331495,0.432923134184041
24517,0.449960480428393,0.241347443210945,0.155823032087358,0.152869044273304
24518,0.0540047401122586,0.103460594401331,0.0906433879584688,0.751891277527941
24519,0.068886632131268,0.146546381534658,0.596424218890431,0.188142767443643
24520,0.0270456161133319,0.272855349020654,0.294834163509679,0.405264871356335
24521,0.106030535532161,0.315648593951627,0.0475148057768964,0.530806064739317
24522,0.0165764729039173,0.0764840772350599,0.602853827576211,0.304085622284812
24523,0.0662273446042276,0.242653554869662,0.376132247246712,0.314986853279399
24524,0.121527659854458,0.111873978206219,0.48440820633908,0.282190155600243
24525,0.150405745417524,0.115027836110243,0.0794721313763279,0.655094287095905
24526,0.449046011233074,0.0727720472989124,0.260507094951036,0.217674846516978
24527,0.141543810606713,0.025291893682255,0.416813443984326,0.416350851726706
24528,0.62031868636767,0.198243008667355,0.0214675920217644,0.159970712943211
24529,0.126983186462635,0.0667844115709959,0.187699061555201,0.618533340411168
24530,0.373449470438842,0.200071923031783,0.173358505326406,0.253120101202968
24531,0.0976171068122521,0.376323346545167,0.295230603928486,0.230828942714095
24532,0.16764702092563,0.25154363464546,0.423421117222933,0.157388227205977
24533,0.262963576213131,0.225626814554738,0.0843061921663592,0.427103417065771
24534,0.0869689281617012,0.431441971175275,0.0878988954707616,0.393690205192262
24535,0.680016930975415,0.0325925015122652,0.0667787981891609,0.220611769323159
24536,0.167396030992232,0.179437786737878,0.338060879648352,0.315105302621538
24537,0.356063982549139,0.16847190771062,0.0794229688928967,0.396041140847344
24538,0.25711662881867,0.521749058408118,0.0424543403887297,0.178679972384482
24539,0.370052038653351,0.167250064354583,0.145151969508396,0.31754592748367
24540,0.410886448449254,0.0832699380806091,0.270758450257682,0.235085163212455
24541,0.492095211073893,0.0800951906414381,0.242270420850143,0.185539177434526
24542,0.168068921764626,0.499035639222492,0.0740584842322337,0.258836954780648
24543,0.0233937903121788,0.123566774907272,0.721570165112818,0.131469269667732
24544,0.143933042879536,0.485591913741044,0.232297602395937,0.138177440983483
24545,0.285069506926753,0.0726652964471647,0.47607717065394,0.166188025972143
24546,0.0658984693965932,0.551395277900404,0.127802261875278,0.254903990827725
24547,0.310443908279732,0.377486205357055,0.0296512894849234,0.282418596878289
24548,0.0643951413367264,0.324038221791674,0.367018477586784,0.244548159284816
24549,0.44250176840143,0.295231318028139,0.108168316223649,0.154098597346783
24550,0.220772889133296,0.404420703025482,0.264129765406733,0.110676642434489
24551,0.12181547995968,0.362018182233394,0.259054366938003,0.257111970868923
24552,0.138067122315662,0.47826922314317,0.15764594288796,0.226017711653209
24553,0.438752038390231,0.201833034354547,0.186719633264404,0.172695293990818
24554,0.319480830965555,0.156585105013974,0.358630400697259,0.165303663323212
24555,0.154379749044163,0.586014377888117,0.0924890187158566,0.167116854351863
24556,0.484591265017419,0.284756663044603,0.0569272266433212,0.173724845294658
24557,0.175695356533153,0.322826416106873,0.32706334635387,0.174414881006103
24558,0.158879688959248,0.580070970828922,0.0836026667538302,0.177446673457999
24559,0.0860032228905317,0.63585939033136,0.169446402194925,0.108690984583184
24560,0.122273777903086,0.366137501314079,0.255614945736283,0.255973775046551
24561,0.277315561245748,0.235152752119599,0.23006766949649,0.257464017138163
24562,0.323651738879705,0.303900631679787,0.21801362230078,0.154434007139728
24563,0.0653553302984715,0.534160717468307,0.197050398107913,0.203433554125309
24564,0.215241059182292,0.395477133401062,0.15504517141592,0.234236636000726
24565,0.115218494618535,0.310258534528037,0.417825782982264,0.156697187871164
24566,0.175404390666205,0.607148255142514,0.101876697545542,0.115570656645739
24567,0.217739702623438,0.369021487185781,0.278769173542975,0.134469636647806
24568,0.410088173765043,0.26868244381459,0.0581424425219007,0.263086939898466
24569,0.197148356706451,0.102624551971378,0.24825995484087,0.451967136481301
24570,0.0338007433409908,0.487145741492639,0.101034719105886,0.378018796060484
24571,0.053178265465269,0.189193494429411,0.38339973890214,0.37422850120318
24572,0.252537167961105,0.0886557675224615,0.279404803235722,0.379402261280711
24573,0.16359860706862,0.121686567942479,0.487479370466512,0.227235454522389
24574,0.0534958042809938,0.27147400492411,0.463706915283533,0.211323275511363
24575,0.166333700364942,0.0815686559703992,0.132863376868487,0.619234266796172
24576,0.0250909750228286,0.185111618326838,0.496263749016304,0.29353365763403
24577,0.0700498378911943,0.159354196895834,0.36684334904449,0.403752616168481
24578,0.227862679331609,0.117937772022131,0.283628118812344,0.370571429833917
24579,0.312547311165325,0.396342530306186,0.0839991140775391,0.20711104445095
24580,0.112447081863198,0.0629588870219197,0.417520821518056,0.407073209596826
24581,0.246830842507594,0.0186556094948386,0.507175569915351,0.227337978082217
24582,0.0582960630123803,0.144221132175868,0.567663860047621,0.22981894476413
24583,0.0273820585935889,0.117719253234973,0.546429870504874,0.308468817666565
24584,0.026796707417421,0.027741514941194,0.750847558436662,0.194614219204723
24585,0.0869209256842042,0.189175829249322,0.0312635523649731,0.692639692701501
24586,0.0672396183145048,0.110528621999577,0.380723603895447,0.441508155790471
24587,0.463730003993316,0.206429180598817,0.214104692299251,0.115736123108616
24588,0.281892565100268,0.26411514464435,0.294918150564717,0.159074139690665
24589,0.178513566759849,0.452483861430132,0.258786479166247,0.110216092643772
24590,0.43239844828625,0.238709267684344,0.240161757201265,0.0887305268281414
24591,0.350046848077497,0.213777877984381,0.306633883440205,0.129541390497916
24592,0.355532956113163,0.313984784898053,0.18371968681593,0.146762572172855
24593,0.394645323040389,0.28268076862224,0.202356068304078,0.120317840033293
24594,0.300357912360297,0.32561664696738,0.191137640422788,0.182887800249535
24595,0.286021178523167,0.289862650410979,0.332968659532231,0.0911475115336228
24596,0.510156645966238,0.192289658609174,0.104149620599004,0.193404074825584
24597,0.315093420275933,0.346464919824945,0.177206679072928,0.161234980826194
24598,0.504950030351391,0.127551841682849,0.133121276062147,0.234376851903613
24599,0.429139270348518,0.295226972883856,0.155754723495583,0.119879033272043
24600,0.388840909646292,0.270515947118972,0.21898689840324,0.121656244831496
24601,0.190111423895643,0.126461480537108,0.56505066029304,0.11837643527421
24602,0.224140909193987,0.53170770534944,0.154851305747823,0.0893000797087494
24603,0.269292217515537,0.221633688736992,0.296069874370808,0.213004219376663
24604,0.328646266350869,0.246008245907512,0.296864748726755,0.128480739014864
24605,0.410716084940049,0.216333623644307,0.237186494297532,0.135763797118112
24606,0.0448921190476164,0.383728441379366,0.396791706370215,0.174587733202803
24607,0.455999933050676,0.203107812702618,0.156498529645141,0.184393724601566
24608,0.181111917148567,0.443249398832243,0.0776788946510003,0.297959789368189
24609,0.499729832441845,0.16170621791561,0.203365934925952,0.135198014716594
24610,0.104242785080579,0.215141873587579,0.18561177392099,0.495003567410852
24611,0.204926265446939,0.238305303237339,0.204006083116455,0.352762348199268
24612,0.129050561862234,0.656837220772168,0.086098669492018,0.12801354787358
24613,0.0566601650489667,0.222505579164195,0.547706957082875,0.173127298703963
24614,0.0725307268251586,0.0641505700699299,0.668204127761408,0.195114575343503
24615,0.449786523328431,0.258340817717313,0.0691387782014165,0.222733880752839
24616,0.22231347134955,0.102973526753516,0.449861895286152,0.224851106610782
24617,0.305400104562839,0.186273571954153,0.390379502393224,0.117946821089784
24618,0.29284939092687,0.0575452964914946,0.556179754629491,0.0934255579521454
24619,0.0798238485992814,0.50575915206074,0.277885690826931,0.136531308513048
24620,0.257356224450269,0.200844611501025,0.110638058809286,0.43116110523942
24621,0.166112903694483,0.171534619252946,0.369492824733021,0.29285965231955
24622,0.0639329669407878,0.327565146661128,0.352086352952816,0.256415533445268
24623,0.259664422364523,0.0938548688373836,0.324404837801637,0.322075870996456
24624,0.256398732771017,0.130601249963416,0.466422963122145,0.146577054143422
24625,0.452680766595815,0.0322439617399454,0.278652892571022,0.236422379093218
24626,0.385158552947623,0.121554157501822,0.0825291253811712,0.410758164169383
24627,0.14208421453783,0.136086285150429,0.0603101227116739,0.661519377600067
24628,0.651589951465525,0.0392439922048528,0.0369149281047285,0.272251128224893
24629,0.0755719430525351,0.517316277852008,0.0836853989802591,0.323426380115198
24630,0.153523033859867,0.0976870145662517,0.300377375589894,0.448412575983987
24631,0.257591123806328,0.149405100543202,0.10755378119501,0.48544999445546
24632,0.194019649559313,0.16510577740692,0.22086430106353,0.420010271970237
24633,0.273227616851929,0.0224873754772738,0.461759416647743,0.242525591023054
24634,0.20149409073048,0.0144109899974923,0.558055607852319,0.226039311419708
24635,0.313085626841875,0.090023620889185,0.157621952744315,0.439268799524625
24636,0.322611721364122,0.365550220283386,0.11942740155247,0.192410656800022
24637,0.270241646848703,0.0697674408060276,0.496905366093563,0.163085546251707
24638,0.102513557466193,0.533595394068802,0.0599160634732357,0.303974984991769
24639,0.366734974413378,0.172803762011243,0.149107611345737,0.311353652229642
24640,0.573015090877943,0.0709402986094842,0.141246562677055,0.214798047835518
24641,0.0516201415538949,0.700362468057567,0.0174622625750671,0.230555127813471
24642,0.212145824337928,0.0855912597168755,0.358417115078266,0.34384580086693
24643,0.0347109918638385,0.0345193956672678,0.427610878935448,0.503158733533446
24644,0.109927471960943,0.38484543068108,0.236704027726376,0.268523069631601
24645,0.160777747405072,0.633542382861172,0.0375803363597509,0.168099533374005
24646,0.247386719953626,0.253862603624248,0.295547374467945,0.203203301954181
24647,0.399417078116852,0.261521131790034,0.203002105054461,0.136059685038652
24648,0.172584838525678,0.117986138965222,0.469763870164031,0.23966515234507
24649,0.18390824057636,0.170953767388286,0.450461985202263,0.194676006833091
24650,0.0765730084703807,0.755068821274346,0.0344419186967333,0.13391625155854
24651,0.58723594187455,0.0891082541247381,0.0602590251590176,0.263396778841695
24652,0.343460262930389,0.0848674853962381,0.396890362914265,0.174781888759107
24653,0.463537978507367,0.221659704465021,0.143335392075832,0.17146692495178
24654,0.137075598761857,0.443330989541639,0.105305121365687,0.314288290330817
24655,0.123671230926682,0.201864277131019,0.408624319737715,0.265840172204584
24656,0.299999345937607,0.312508334253326,0.241909398333717,0.145582921475351
24657,0.280014571051461,0.2823678435623,0.142217345064933,0.295400240321306
24658,0.114803840923903,0.38526068052469,0.311430078195108,0.188505400356299
24659,0.0564789088472006,0.182909947557395,0.445176755535214,0.31543438806019
24660,0.213564459309987,0.416130652115955,0.186040093623532,0.184264794950526
24661,0.260942113392888,0.300362649722754,0.0628688683210471,0.375826368563311
24662,0.0709973941102581,0.178522962077917,0.583029185662632,0.167450458149193
24663,0.140065581350341,0.272779718904049,0.45717701811777,0.129977681627841
24664,0.176598803482748,0.202811247725573,0.391456033804845,0.229133914986834
24665,0.328889327889052,0.113314348426474,0.42206882590317,0.135727497781304
24666,0.160811448135017,0.456744889535428,0.11677274092376,0.265670921405795
24667,0.0792533120561954,0.469772339813592,0.221118332757808,0.229856015372404
24668,0.133867365040839,0.044836246776995,0.726155576271074,0.0951408119110922
24669,0.185788034775327,0.225084952839521,0.337641412568696,0.251485599816455
24670,0.480957457199071,0.0787095762634637,0.239927951095259,0.200405015442207
24671,0.0898771519258145,0.410145700328918,0.390731565461754,0.109245582283513
24672,0.118984142086032,0.387355796844335,0.338378657114404,0.15528140395523
24673,0.129612256789061,0.0538954658083903,0.648828753453371,0.167663523949178
24674,0.135099089331942,0.618063112114098,0.0817519078044768,0.165085890749484
24675,0.1620871894846,0.12116837873269,0.59753366333783,0.11921076844488
24676,0.22909156106601,0.429035896164502,0.140844514425158,0.201028028344331
24677,0.09035013074341,0.241380949740746,0.333864988470515,0.334403931045328
24678,0.246448566588097,0.337691905196941,0.197181770750334,0.218677757464629
24679,0.306611041343899,0.354148200470929,0.118023310508847,0.221217447676326
24680,0.121019344726316,0.372668238141934,0.260453158349542,0.245859258782209
24681,0.376733631123718,0.262351667425983,0.09384716489491,0.267067536555389
24682,0.426160733501525,0.438719668884077,0.0205719014632562,0.114547696151142
24683,0.0962174368023441,0.248038394036717,0.46984576882077,0.185898400340169
24684,0.0900091876269119,0.132977415139597,0.546581789833973,0.230431607399518
24685,0.548799130717069,0.121521014363484,0.110687784914638,0.218992070004809
24686,0.415557896725429,0.130413213459132,0.113713081633278,0.340315808182161
24687,0.250479841937946,0.289729709088162,0.213898018122145,0.245892430851746
24688,0.192987098838072,0.333187101318528,0.199641084373593,0.274184715469807
24689,0.226224429521614,0.21761154555988,0.444295716743527,0.111868308174979
24690,0.572061585995059,0.108384148964981,0.154185536789658,0.165368728250302
24691,0.435601114423816,0.281420467218105,0.0693963260843287,0.21358209227375
24692,0.590590943256823,0.215056900913612,0.0306040517260002,0.163748104103565
24693,0.252697910985342,0.159653827061202,0.410496638729251,0.177151623224205
24694,0.191813310989119,0.285803513257343,0.285860284951707,0.236522890801832
24695,0.228663997817346,0.594703429121344,0.0544614345449646,0.122171138516346
24696,0.253262475659702,0.310759428914466,0.190056843016339,0.245921252409493
24697,0.160174411715112,0.204311786601547,0.319924735429809,0.315589066253531
24698,0.286546834785574,0.393560446932797,0.198059218153563,0.121833500128067
24699,0.180713683053098,0.064687031374061,0.635308719061766,0.119290566511076
24700,0.13804901803543,0.398598859835749,0.180737112611487,0.282615009517334
24701,0.15079475976176,0.107790542439596,0.657670929757265,0.0837437680413782
24702,0.222523109899933,0.442239955351007,0.197391053374418,0.137845881374642
24703,0.28331887515404,0.30667528203349,0.272855368758231,0.137150474054239
24704,0.105314187803526,0.418822711215575,0.333166655573144,0.142696445407755
24705,0.344472987328323,0.292701339599105,0.212666806311614,0.150158866760958
24706,0.207120691757244,0.369625032614316,0.332582528727723,0.0906717469007167
24707,0.249884936455833,0.195170063503427,0.325267036301858,0.229677963738882
24708,0.555095406982025,0.0831975706716237,0.233806708732427,0.127900313613924
24709,0.155098815455753,0.236999845836928,0.44900048190842,0.1589008567989
24710,0.323235381260036,0.29637957116661,0.24685471602956,0.133530331543794
24711,0.308538734317625,0.231065265642267,0.343364994351941,0.117031005688166
24712,0.363827847486491,0.327004717400545,0.177522756334208,0.131644678778757
24713,0.174488503567854,0.407686110967431,0.249041201154908,0.168784184309807
24714,0.322226668319047,0.299764855228865,0.234533124443072,0.143475352009016
24715,0.242715631955787,0.399670730313009,0.201220054699508,0.156393583031696
24716,0.386373443203617,0.33002053634759,0.158318186801349,0.125287833647444
24717,0.32769642110936,0.288912696386057,0.271664877384619,0.111726005119964
24718,0.280621291487493,0.462721858703521,0.154427141891438,0.102229707917549
24719,0.205797611118731,0.253795219352283,0.318270597965969,0.222136571563017
24720,0.262207554840115,0.423550589237893,0.17053473096149,0.143707124960501
24721,0.296770594877652,0.346806225238539,0.199388763310035,0.157034416573774
24722,0.193246425123137,0.450481064350733,0.1999968367491,0.15627567377703
24723,0.436017987630747,0.258751658806732,0.212333034684298,0.0928973188782228
24724,0.354804618747396,0.261105763908294,0.267379391756172,0.116710225588139
24725,0.510283037781013,0.246629970936053,0.106879034725311,0.136207956557622
24726,0.281376959949104,0.312544290535306,0.268646424179629,0.137432325335961
24727,0.220018825783108,0.153870688511277,0.360886297912697,0.265224187792918
24728,0.400026402073904,0.263934052931947,0.164349577044734,0.171689967949415
24729,0.278753745449099,0.208557224506039,0.349955528662208,0.162733501382654
24730,0.257563679549532,0.196294825834132,0.2951167689572,0.251024725659135
24731,0.183591278913368,0.484774878940975,0.218263674091715,0.113370168053943
24732,0.317489473591111,0.204779400127079,0.320245562090324,0.157485564191486
24733,0.154706435407428,0.306511065815272,0.265493640523635,0.273288858253665
24734,0.251732657817327,0.356646759503779,0.165854757959847,0.225765824719047
24735,0.17113502216585,0.227352529886088,0.408077880052805,0.193434567895257
24736,0.226492285552237,0.503308138973712,0.153312746028533,0.116886829445518
24737,0.44264075406477,0.227693796208726,0.209841400425773,0.11982404930073
24738,0.126405962718274,0.542526551279857,0.155290891036205,0.175776594965663
24739,0.412578606475132,0.0461499579336715,0.268644903666186,0.272626531925011
24740,0.190126491888215,0.481045936570137,0.138168088812149,0.1906594827295
24741,0.0983187974560155,0.223801092233171,0.57485019155196,0.103029918758854
24742,0.301466257588756,0.354640211940113,0.0662750119969152,0.277618518474216
24743,0.168212018185841,0.372755990763941,0.106966899095868,0.352065091954349
24744,0.461035542267597,0.053385673518557,0.290829926860693,0.194748857353153
24745,0.185613781729744,0.137582841857579,0.365842398284277,0.3109609781284
24746,0.220541550857111,0.357873577828322,0.0596607680614783,0.361924103253088
24747,0.0491907481929705,0.351770654381628,0.340747459647225,0.258291137778177
24748,0.0187884720663157,0.0498740009929945,0.667078880814571,0.264258646126119
24749,0.108060831924915,0.360208480496117,0.281192324754471,0.250538362824497
24750,0.275068502998751,0.160065379435665,0.34161417421452,0.223251943351065
24751,0.575092898893558,0.0882456574363477,0.0710975650214341,0.26556387864866
24752,0.120877031867824,0.550096903778055,0.0821258313460383,0.246900233008083
24753,0.253144377007734,0.0286931988975602,0.545193408312725,0.17296901578198
24754,0.346445921413224,0.237486275508449,0.14274962656154,0.273318176516787
24755,0.0684265776061964,0.36277037810524,0.360682611784146,0.208120432504418
24756,0.168107507928619,0.370757687443008,0.239138611983501,0.221996192644872
24757,0.23819600189996,0.101784185925239,0.24867580630517,0.411344005869631
24758,0.181850195175758,0.0637269485886813,0.498806808512129,0.255616047723432
24759,0.190619247643842,0.284097400523913,0.279543671007415,0.245739680824831
24760,0.313955616271249,0.320754665242264,0.112719881930131,0.252569836556356
24761,0.316001896893497,0.113498999199272,0.38347123177962,0.187027872127611
24762,0.174686582468399,0.380359046689891,0.103060643513097,0.341893727328613
24763,0.103451621749561,0.629353170069156,0.0659257488205536,0.201269459360729
24764,0.538352482328481,0.0677363676856916,0.0654649610753184,0.328446188910509
24765,0.266187455410452,0.26115027226686,0.331683922145463,0.140978350177225
24766,0.0598602416501887,0.415330486269347,0.279690945691523,0.245118326388941
24767,0.203376107868973,0.182111534831837,0.219541831884782,0.394970525414408
24768,0.219221726042083,0.367941648109954,0.142828608400627,0.270008017447336
24769,0.271916240476941,0.14811840609651,0.459428872008399,0.120536481418149
24770,0.220214664561654,0.212097775461301,0.108589141858141,0.459098418118904
24771,0.164510293136372,0.073018328286431,0.456211520071208,0.306259858505989
24772,0.212249006575794,0.37656027998957,0.101207252636006,0.30998346079863
24773,0.121517719151754,0.344535786569396,0.392734359063223,0.141212135215627
24774,0.343639918223544,0.244843559554116,0.213524925398088,0.197991596824252
24775,0.20458461477907,0.507207865447735,0.0789356760920092,0.209271843681185
24776,0.655592866815603,0.0453413256569483,0.16348617039668,0.135579637130769
24777,0.275193739618123,0.329720517967503,0.24786449701564,0.147221245398733
24778,0.45846760446748,0.233554056002294,0.102034597608657,0.205943741921569
24779,0.0475933465122122,0.399820785352789,0.17658697508454,0.375998893050459
24780,0.540238628108786,0.0866532174171624,0.242408467603441,0.13069968687061
24781,0.0349320139722265,0.0659897550012555,0.783067458076409,0.116010772950109
24782,0.610308401076969,0.0479337269432604,0.0707271378909174,0.271030734088853
24783,0.0237154458601009,0.153559037476513,0.503088086071473,0.319637430591913
24784,0.366609567683497,0.0589132706412467,0.11708144995774,0.457395711717517
24785,0.0529218786912736,0.240987905105243,0.198629719742163,0.50746049646132
24786,0.121582456783039,0.16366622056418,0.479030115614744,0.235721207038037
24787,0.288726741272746,0.25042105306967,0.182574981328115,0.27827722432947
24788,0.0915184639048715,0.156009327947074,0.439684115426716,0.312788092721338
24789,0.394729527352371,0.306132703727878,0.0600945849636232,0.239043183956127
24790,0.0982708771210771,0.125186527292564,0.408366450693462,0.368176144892897
24791,0.233596623918038,0.0843434680921686,0.446332682818083,0.235727225171711
24792,0.241424330037873,0.0750957260243752,0.26933380110834,0.414146142829412
24793,0.148404316765321,0.0321354076682146,0.548505973934519,0.270954301631946
24794,0.0683224462848678,0.607197095201487,0.0558714330082085,0.268609025505437
24795,0.187401654417089,0.125807551506226,0.0786873270803749,0.60810346699631
24796,0.497551173142901,0.273599285563108,0.132205949284796,0.0966435920091956
24797,0.101419141103361,0.517203763413911,0.142338179796594,0.239038915686134
24798,0.0313492717089544,0.061084473046552,0.610036924426051,0.297529330818442
24799,0.273853932258581,0.086986525057869,0.293471091420095,0.345688451263455
24800,0.0374195850670046,0.131940932749401,0.606775836628075,0.22386364555552
24801,0.493730574166223,0.215506377088091,0.143611750420039,0.147151298325647
24802,0.269823832783331,0.239638312606134,0.154222133002326,0.336315721608209
24803,0.0582751214432291,0.0774489402793028,0.596485418134181,0.267790520143288
24804,0.510672751567891,0.0755221750871571,0.0798466849343325,0.33395838841062
24805,0.205079700666485,0.217474536203304,0.0806529929506036,0.496792770179607
24806,0.213331082510609,0.409812398929766,0.0500946205127628,0.326761898046863
24807,0.425495592576995,0.418396382959847,0.0212649242486389,0.13484310021452
24808,0.421596470568616,0.119905018058858,0.238380491597838,0.220118019774687
24809,0.672330451790325,0.0355188905953582,0.0650403909228778,0.227110266691439
24810,0.140049585577404,0.281711991372282,0.223982154668802,0.354256268381512
24811,0.209948027807398,0.0191528506324038,0.596075440901469,0.17482368065873
24812,0.0520543852869078,0.0508985483603487,0.694185801392674,0.202861264960069
24813,0.284558616853943,0.0449213201123493,0.399044640112812,0.271475422920895
24814,0.236592911191164,0.423080887506801,0.0283735383686822,0.311952662933352
24815,0.536834253772097,0.0862303337186694,0.146413028022263,0.230522384486971
24816,0.235440468072798,0.0923574617128157,0.338689252095403,0.333512818118984
24817,0.145213071300012,0.171959458935528,0.124561031456248,0.558266438308212
24818,0.26529864189042,0.316439428239875,0.24293787754275,0.175324052326955
24819,0.142843428722442,0.406374206079783,0.223099944793811,0.227682420403965
24820,0.299427837888538,0.0943420381717137,0.0580561904203575,0.548173933519391
24821,0.465820374209782,0.148503674072581,0.0515321920533233,0.334143759664313
24822,0.0896418389450088,0.54375791056563,0.0589997889591841,0.307600461530177
24823,0.15682820756883,0.337569434336754,0.257584486590119,0.248017871504297
24824,0.118911052648634,0.0656717349982981,0.214341567104684,0.601075645248384
24825,0.433948570355663,0.192089932514239,0.0469970257953436,0.326964471334755
24826,0.0771778358096542,0.0682281327885317,0.641739651794909,0.212854379606905
24827,0.2713997938657,0.464723108425226,0.0332998785220587,0.230577219187016
24828,0.139768026890701,0.680472210017414,0.044547231854681,0.135212531237203
24829,0.134216926102681,0.123320824670773,0.104591396592842,0.637870852633704
24830,0.202736708412845,0.393521193566922,0.194241232618411,0.209500865401822
24831,0.0601645696300813,0.44344034713914,0.198597128834743,0.297797954396035
24832,0.162705738869856,0.191578159939043,0.20963538442611,0.436080716764991
24833,0.35283867660386,0.201428269601052,0.26066514547953,0.185067908315558
24834,0.0982453949708386,0.0744642382805473,0.149728287889671,0.677562078858943
24835,0.227550631124162,0.274074041996308,0.169104494145478,0.329270832734052
24836,0.10555981499983,0.146979884363045,0.202776892776554,0.54468340786057
24837,0.678441946111715,0.0164121627077284,0.0493485092495268,0.25579738193103
24838,0.0812803806642513,0.179101819874583,0.0796820681496747,0.659935731311491
24839,0.466185951891809,0.158539722037046,0.124840515039905,0.25043381103124
24840,0.34486728162914,0.222169035865286,0.269689237259333,0.163274445246241
24841,0.0416626404442008,0.622680675754218,0.146032623241368,0.189624060560214
24842,0.136724787306893,0.185653302664432,0.124505269074606,0.553116640954069
24843,0.242484548180392,0.0509156053121431,0.411370405466412,0.295229441041053
24844,0.594618276734111,0.0906352800395495,0.211993722845842,0.102752720380497
24845,0.644903906665855,0.0324247013530754,0.025109549034246,0.297561842946824
24846,0.213213235424772,0.546411829365209,0.025865000804721,0.214509934405298
24847,0.110870572973902,0.0693655066302043,0.514812777458163,0.304951142937731
24848,0.101614187163875,0.171826144686386,0.153536505618712,0.573023162531027
24849,0.37464469729609,0.0789350799163782,0.114618461334168,0.431801761453364
24850,0.140781895840272,0.517944188495817,0.0687294346877102,0.2725444809762
24851,0.22584256781685,0.0840509360457472,0.210006181647886,0.480100314489517
24852,0.529883155122437,0.0690966603875396,0.0381609084118743,0.362859276078149
24853,0.440222891383804,0.0738728737074416,0.21425635088532,0.271647884023434
24854,0.337771507105325,0.0827282315801883,0.296992137667788,0.282508123646698
24855,0.158543510739695,0.120987210371007,0.377581521649609,0.342887757239689
24856,0.148499407444559,0.417781120766673,0.0869154888126121,0.346803982976157
24857,0.1882586364065,0.118851023081162,0.434586286778942,0.258304053733396
24858,0.0829272542255118,0.490702888252172,0.199933469757475,0.226436387764841
24859,0.186596725458074,0.230903500423408,0.0825371168927282,0.499962657225789
24860,0.207577541729106,0.0553753107209329,0.640264144614873,0.0967830029350886
24861,0.424022508429433,0.15254240036374,0.113595231138578,0.309839860068249
24862,0.117102309583961,0.50217814573519,0.0947553341542685,0.285964210526581
24863,0.225089433929475,0.086880020120093,0.228427449334622,0.45960309661581
24864,0.127223511880294,0.120933571188681,0.457545423180204,0.294297493750822
24865,0.167208897284941,0.0348554426634288,0.457020916393931,0.340914743657699
24866,0.683709540246004,0.0965963505579082,0.0946012278168395,0.125092881379248
24867,0.489464470890098,0.0938611282734137,0.150345761184481,0.266328639652008
24868,0.53930222220235,0.0823908929450104,0.110211050290341,0.268095834562299
24869,0.227577915375615,0.0758510979881404,0.223845825837398,0.472725160798847
24870,0.576316470887398,0.0492007008881307,0.0864051058816027,0.288077722342869
24871,0.168167738332593,0.0443620479509916,0.333645665310239,0.453824548406176
24872,0.284410438981312,0.23463293134594,0.293907291725853,0.187049337946896
24873,0.529657274608026,0.284176779426675,0.0687525716545897,0.11741337431071
24874,0.136934105736375,0.389256411953487,0.335189858324468,0.138619623985671
24875,0.328168891850074,0.271253104878653,0.216534400185411,0.184043603085861
24876,0.128089244909032,0.438596963277658,0.311417406837074,0.121896384976235
24877,0.290401558946802,0.21452073147705,0.384853981426134,0.110223728150014
24878,0.227137206263758,0.157403577597507,0.436730208249556,0.178729007889179
24879,0.459330545274516,0.196091959072497,0.21628407222346,0.128293423429528
24880,0.297539472169134,0.271594376993532,0.32717853982114,0.103687611016194
24881,0.486127338438753,0.14295365976545,0.221139600098129,0.149779401697669
24882,0.59534905156808,0.158904048971522,0.125522387330719,0.120224512129679
24883,0.19879337433167,0.281255549161477,0.348983371560681,0.170967704946172
24884,0.293221144814857,0.231484776551073,0.338336789071653,0.136957289562417
24885,0.318221320056317,0.401065627609171,0.20143814793302,0.0792749044014916
24886,0.134232787856747,0.177986163338587,0.547348049982775,0.140432998821891
24887,0.361415288989994,0.432065578375673,0.109940713835132,0.0965784187992016
24888,0.296600113409322,0.374735973992157,0.209784435451732,0.11887947714679
24889,0.137312965769984,0.373706630851452,0.348289575976476,0.140690827402088
24890,0.198032551253504,0.199979482763594,0.356453367091917,0.245534598890985
24891,0.410238436256019,0.209723009542299,0.115352911612794,0.264685642588888
24892,0.362797998232901,0.116198362840189,0.258337629392632,0.262666009534278
24893,0.296984891188748,0.276879893978495,0.233095894332677,0.19303932050008
24894,0.199187622965764,0.405695048740567,0.200323703319158,0.194793624974511
24895,0.0765651386848432,0.087395720452471,0.538275632859302,0.297763508003384
24896,0.097436437730351,0.273234600816938,0.265786174445996,0.363542787006715
24897,0.240649392048655,0.0797025518179899,0.565338986145074,0.114309069988281
24898,0.407356739337397,0.141527707926623,0.280981037649403,0.170134515086577
24899,0.0388879905913965,0.301492442061065,0.502552642647435,0.157066924700103
24900,0.111101734185318,0.239655769564473,0.400140944390244,0.249101551859965
24901,0.395548920508738,0.106957368478451,0.300045201029028,0.197448509983783
24902,0.427654462837768,0.137912264911664,0.223910117114103,0.210523155136465
24903,0.316026814897067,0.161815382948338,0.24289178371146,0.279266018443135
24904,0.170119145884781,0.377006639487475,0.0528582162714043,0.400015998356341
24905,0.0977850689985889,0.0898681701542685,0.646160792098525,0.166185968748617
24906,0.274289337793028,0.0750717705701392,0.371285705353601,0.279353186283231
24907,0.320906970285209,0.226097683577191,0.0855729028313757,0.367422443306224
24908,0.0573888783344715,0.405163910777085,0.353564189477476,0.183883021410968
24909,0.178746505605727,0.463133094308188,0.193116352949081,0.165004047137005
24910,0.226664666093338,0.270220620902451,0.339483487380914,0.163631225623297
24911,0.165513738756695,0.672692512834317,0.0597549605550029,0.102038787853985
24912,0.129666109537249,0.328437971404501,0.301554659736857,0.240341259321393
24913,0.141319200559886,0.54958119991735,0.146355014500285,0.162744585022478
24914,0.294192286232816,0.265757980416591,0.28987632734041,0.150173406010183
24915,0.121747177166288,0.364803436595914,0.324476947738441,0.188972438499358
24916,0.478659112635632,0.176017523290845,0.171476085471369,0.173847278602154
24917,0.137285226932695,0.127447294625529,0.56477281658821,0.170494661853565
24918,0.342363584966792,0.103668539254633,0.25109002580564,0.302877849972934
24919,0.203273614499584,0.382772923398584,0.314411238140768,0.0995422239610642
24920,0.0612384657532972,0.467159290172379,0.359007857317915,0.112594386756409
24921,0.586748805289182,0.180729559474061,0.0848427952149353,0.147678840021822
24922,0.498989998736288,0.181576604953063,0.184275237323884,0.135158158986766
24923,0.232727307661779,0.168528895149752,0.516867107759594,0.0818766894288748
24924,0.225426823473215,0.299645405531361,0.306840829927177,0.168086941068247
24925,0.283571629284745,0.459767808206114,0.14153206539569,0.115128497113452
24926,0.351206393273337,0.138279809263181,0.328696874094144,0.181816923369338
24927,0.331229149551783,0.337978422976548,0.15954425898074,0.171248168490929
24928,0.131684404831571,0.420037221933156,0.257453832662201,0.190824540573072
24929,0.315677483787452,0.314722200545165,0.218271079582318,0.151329236085065
24930,0.379870169302282,0.327878782901325,0.215426000112342,0.0768250476840512
24931,0.306217288616157,0.286950269147875,0.277968138285409,0.128864303950559
24932,0.177536173601437,0.256800418659897,0.446120302775985,0.119543104962682
24933,0.292408830971129,0.45513417893524,0.129256913140021,0.12320007695361
24934,0.37679924622974,0.315689142212806,0.187717100509649,0.119794511047805
24935,0.24576116425108,0.277089660283418,0.337862482326577,0.139286693138925
24936,0.39272013377207,0.230363425915333,0.244939724821388,0.131976715491209
24937,0.177736375966178,0.412206652997527,0.323033652150255,0.0870233188860405
24938,0.498163408652244,0.180555592250143,0.255605837625836,0.0656751614717772
24939,0.282605997285334,0.247810143180503,0.329748016860385,0.139835842673778
24940,0.289931048413163,0.417606354661041,0.175723957185533,0.116738639740263
24941,0.294552545431756,0.315634523056227,0.285706281654789,0.104106649857228
24942,0.292616036072676,0.133932227326212,0.472024265239338,0.101427471361775
24943,0.318788575303367,0.129355020928886,0.38532493551513,0.166531468252617
24944,0.275875208675456,0.465993670879508,0.143971418315602,0.114159702129435
24945,0.255332364116144,0.198470711716664,0.382755813618999,0.163441110548193
24946,0.179644567633811,0.336624252420488,0.290962941223632,0.192768238722069
24947,0.334382396997242,0.238295510009759,0.282123141492705,0.145198951500295
24948,0.38327127458132,0.304969402494776,0.189540343068386,0.122218979855518
24949,0.28970575834994,0.373112329038991,0.243682064746371,0.093499847864698
24950,0.191668275950261,0.281557957766737,0.373239313381226,0.153534452901776
24951,0.21889592170068,0.447004692629426,0.209569275670432,0.124530109999462
24952,0.396149788894554,0.283066834966508,0.201063320504557,0.11972005563438
24953,0.312758818003286,0.199649892379515,0.383409748363974,0.104181541253225
24954,0.165830492544488,0.527812593857486,0.168527966779916,0.13782894681811
24955,0.434757959437744,0.332735952853884,0.112837540392498,0.119668547315874
24956,0.200661593427521,0.36869991520964,0.31320830246171,0.117430188901129
24957,0.233351045387465,0.502243994597739,0.146441471371622,0.117963488643174
24958,0.137593862137484,0.549144177277654,0.22730767698116,0.0859542836037017
24959,0.157833330083494,0.332280179127877,0.360332075914046,0.149554414874583
24960,0.284494283536194,0.287708010047996,0.257754460150073,0.170043246265738
24961,0.270312417768696,0.30270684268385,0.308872634647187,0.118108104900266
24962,0.11133125571835,0.44977748078432,0.307370454096777,0.131520809400553
24963,0.313332305771116,0.310772363427192,0.246484486969705,0.129410843831986
24964,0.186850037240072,0.271603703687133,0.436224215086901,0.105322043985893
24965,0.236836025430162,0.483274973481395,0.195653368106424,0.0842356329820193
24966,0.243192214661239,0.412157964969287,0.239057798132612,0.105592022236862
24967,0.347523720536645,0.0907083995626403,0.43552243496991,0.126245444930804
24968,0.186256181487172,0.447944841079389,0.221949099373074,0.143849878060364
24969,0.397780315779874,0.343801280116693,0.0976632751188122,0.160755128984621
24970,0.391497214326703,0.192466927944117,0.160271270625839,0.255764587103341
24971,0.319365322322474,0.467874870334659,0.109863105935137,0.10289670140773
24972,0.15633379836688,0.405359595074484,0.232974963801192,0.205331642757444
24973,0.166168294377825,0.639353462588102,0.129830374961464,0.0646478680726095
24974,0.288073266739928,0.321358415147564,0.260220355703781,0.130347962408727
24975,0.195782235870432,0.41741442221033,0.241604852909909,0.145198489009329
24976,0.282229960308271,0.138727244089782,0.423662735829991,0.155380059771956
24977,0.379431001972787,0.241192309541477,0.189541478435679,0.189835210050057
24978,0.209336111680539,0.437591983149601,0.21088344349155,0.14218846167831
24979,0.357551489976611,0.289643874969746,0.258226480269698,0.0945781547839453
24980,0.173631040600755,0.368405278768812,0.328229025668797,0.129734654961636
24981,0.303759464608105,0.184026211848452,0.319513293657016,0.192701029886428
24982,0.269178681929384,0.366579050665889,0.23865998025095,0.125582287153778
24983,0.567742823902249,0.22536496193414,0.0647995623046068,0.142092651859005
24984,0.127448622231213,0.378477467825124,0.322112356120214,0.171961553823449
24985,0.145750348702053,0.352251924741282,0.345793899351067,0.156203827205598
24986,0.365662380947807,0.132757686312259,0.203955329363451,0.297624603376484
24987,0.0581357117287757,0.504789236774284,0.309248143739835,0.127826907757105
24988,0.242809703966241,0.228492558207604,0.185613088932981,0.343084648893174
24989,0.310627828819841,0.280030400162707,0.293849175055901,0.115492595961551
24990,0.117765694442968,0.496108344301787,0.215299859241532,0.170826102013712
24991,0.284943080149676,0.0948261559678138,0.464416942163365,0.155813821719146
24992,0.156615463696014,0.187293364627315,0.500511924721543,0.155579246955129
24993,0.569627857995871,0.115746514563095,0.16533441284108,0.149291214599955
24994,0.512884331342959,0.180739958989619,0.135270196098255,0.171105513569167
24995,0.518331955094497,0.194945702195332,0.144660294423959,0.142062048286212
24996,0.267642515540068,0.229059229380242,0.212993723166669,0.290304531913021
24997,0.335172430123948,0.342525685225794,0.144805185819301,0.177496698830957
24998,0.226208535240265,0.17845230802123,0.414028100080297,0.181311056658208
24999,0.196589805957225,0.3852040826459,0.0984152581192559,0.319790853277619
25000,0.269278215365601,0.138165284371512,0.349658555489514,0.242897944773373
25001,0.244636611030391,0.381730908854991,0.11260885977863,0.261023620335988
25002,0.192266273236156,0.115343466018614,0.564457483984783,0.127932776760447
25003,0.249857675734284,0.153497700040912,0.365469627343711,0.231174996881093
25004,0.0601099356910742,0.100697315474198,0.657065263262136,0.182127485572592
25005,0.245978553099367,0.296510346533317,0.258651565491489,0.198859534875827
25006,0.446400530301587,0.242365188948836,0.216252731696302,0.094981549053275
25007,0.380123216086792,0.368053573241744,0.108313776307388,0.143509434364077
25008,0.168543693207997,0.0946815855959852,0.511127999484743,0.225646721711275
25009,0.426400637346313,0.0966385360089397,0.304398573643109,0.172562253001639
25010,0.369901163551878,0.0660704136458603,0.424819271696561,0.139209151105701
25011,0.153561450144003,0.665657956351069,0.089525339927419,0.0912552535775087
25012,0.0992226493964966,0.420174321527897,0.253356085552805,0.227246943522801
25013,0.41457866235373,0.128035272709157,0.29476447681269,0.162621588124424
25014,0.16235291814366,0.174235687410242,0.529387174992332,0.134024219453767
25015,0.354311922077645,0.22099887210126,0.224341206091828,0.200347999729267
25016,0.227580234416826,0.325742667090209,0.169092799226388,0.277584299266577
25017,0.15084380005351,0.192312844869584,0.515407222186924,0.141436132889981
25018,0.545640135653704,0.201514413576783,0.130211699221946,0.122633751547568
25019,0.253571361120365,0.501849686767458,0.124734564290891,0.119844387821285
25020,0.260016942304983,0.2620625336751,0.254617012224867,0.22330351179505
25021,0.278117479593278,0.115203809615252,0.416972003580432,0.189706707211038
25022,0.172948504289353,0.279901928172495,0.360658548872873,0.18649101866528
25023,0.182670798277652,0.226326327532484,0.428068790045664,0.1629340841442
25024,0.507260674967332,0.1035843029489,0.21862205134964,0.170532970734129
25025,0.372977850424394,0.216348906246238,0.203552801772943,0.207120441556425
25026,0.324502846757499,0.323843665603086,0.18709087907109,0.164562608568325
25027,0.109174936258429,0.371955757851253,0.283148935112566,0.235720370777752
25028,0.610081214165989,0.0855279343920771,0.223639528304505,0.0807513231374288
25029,0.150765794123726,0.152756857490593,0.577397889168749,0.119079459216932
25030,0.234038105249525,0.0853117287114496,0.526870817904152,0.153779348134873
25031,0.18969010541426,0.0844312433928447,0.464940529207847,0.260938121985049
25032,0.162730605425309,0.0545538389054696,0.695137516519144,0.0875780391500774
25033,0.325840256755266,0.156706674031891,0.352927922141133,0.164525147071711
25034,0.207685430177035,0.49692261544695,0.152629947678304,0.142762006697711
25035,0.320862592568367,0.173575865441838,0.305199714146885,0.20036182784291
25036,0.221737097740105,0.255766920413224,0.250047289287289,0.272448692559383
25037,0.283949724532051,0.414004879669948,0.133411006465606,0.168634389332395
25038,0.338028397423158,0.311757317027903,0.214313740699333,0.135900544849606
25039,0.139903517847991,0.330158474404859,0.299406536534047,0.230531471213103
25040,0.316271881505648,0.387773514979365,0.194183491977265,0.101771111537722
25041,0.267469662425222,0.512193666099336,0.0784466785913578,0.141889992884085
25042,0.238892518186008,0.202960239039816,0.345591823524084,0.212555419250092
25043,0.176345562248716,0.382004402419107,0.161178727979521,0.280471307352656
25044,0.381634485827784,0.0936712025851733,0.344870612784777,0.179823698802266
25045,0.116326913167962,0.233835538291023,0.518340621277694,0.13149692726332
25046,0.0728517922019132,0.743880229466837,0.0403072686775315,0.142960709653718
25047,0.334056887811701,0.187699813379158,0.265514282129098,0.212729016680043
25048,0.102452411031237,0.388858961938263,0.267821836291005,0.240866790739496
25049,0.0743560185836488,0.395683102894521,0.458716885286705,0.071243993235126
25050,0.314441750035321,0.399056764402961,0.109832028911468,0.176669456650249
25051,0.140078105814209,0.370840747757733,0.251551838233206,0.237529308194853
25052,0.19196568116892,0.452376161526112,0.134603066733883,0.221055090571085
25053,0.198340167223109,0.267295937437528,0.33249565730892,0.201868238030443
25054,0.0742904249472673,0.583568129330965,0.219053927820373,0.123087517901395
25055,0.134396079620265,0.613154096988463,0.109313031513251,0.143136791878021
25056,0.266283335395349,0.176148910517169,0.251447670765953,0.306120083321528
25057,0.248200661285385,0.4574925202043,0.116323417211808,0.177983401298508
25058,0.480418685357869,0.221971017327998,0.142078512783017,0.155531784531117
25059,0.388576000676756,0.09087679842667,0.24675325792655,0.273793942970024
25060,0.222190965310795,0.317803121866894,0.279412828304493,0.180593084517818
25061,0.125528453151362,0.391714134819006,0.293001588879329,0.189755823150304
25062,0.283142722474389,0.430360241254541,0.0985565689331228,0.187940467337946
25063,0.0806817852018216,0.353605564794792,0.351363076255348,0.214349573748039
25064,0.354209168158364,0.369790164649723,0.0849231820401304,0.191077485151782
25065,0.256374855306426,0.447224131191649,0.118656885123582,0.177744128378343
25066,0.386276721071772,0.118541660833049,0.242923548973962,0.252258069121217
25067,0.252926635120292,0.0913438584194803,0.315593569105985,0.340135937354243
25068,0.130806923589374,0.203407005716377,0.422827555924069,0.242958514770179
25069,0.111725124412268,0.268753873866267,0.418317933172816,0.20120306854865
25070,0.193911765412626,0.154467952220816,0.206352976455611,0.445267305910948
25071,0.218077985053059,0.483245550780979,0.10183406745197,0.196842396713992
25072,0.165947080085118,0.576048333113616,0.094217447520021,0.163787139281245
25073,0.146854104805861,0.541820017177014,0.0693572110339334,0.241968666983192
25074,0.163782330067005,0.524829161140026,0.171361063793181,0.140027444999788
25075,0.274787385770919,0.0984797010935024,0.43760029727377,0.189132615861808
25076,0.117863501837533,0.190831688895902,0.365025147169488,0.326279662097077
25077,0.0714938942574246,0.239351064422859,0.506828349026323,0.182326692293394
25078,0.481710336693883,0.0716406513465491,0.266091128274475,0.180557883685093
25079,0.237190746982395,0.0855500757633912,0.444344943922016,0.232914233332198
25080,0.52211551582448,0.142038165342429,0.105336150655844,0.230510168177247
25081,0.450102274692262,0.180297132970275,0.254315202347619,0.115285389989844
25082,0.166240978420027,0.401126520223232,0.302588945105315,0.130043556251426
25083,0.195138683217942,0.323062818532977,0.25647261656241,0.225325881686671
25084,0.355475569945226,0.157879842372372,0.391784155870642,0.0948604318117602
25085,0.315175729709631,0.410589565979154,0.205579544168718,0.0686551601424965
25086,0.47762647749509,0.156575832032971,0.244354792913306,0.121442897558633
25087,0.163522688755601,0.346013907467273,0.40796809628859,0.0824953074885354
25088,0.352371570220421,0.215877250755571,0.333734322158656,0.0980168568653525
25089,0.158341450321247,0.120335226354321,0.590366142330973,0.130957180993459
25090,0.40804547985365,0.241618511797719,0.223256165791021,0.12707984255761
25091,0.333776915216852,0.159070396676441,0.375248072917127,0.131904615189579
25092,0.374219136548314,0.274474174942129,0.112681982314619,0.238624706194939
25093,0.462353739384113,0.12517286829046,0.266856805452042,0.145616586873385
25094,0.19641814766397,0.213068720679417,0.481838099098344,0.10867503255827
25095,0.14409276818006,0.310683846782283,0.433096013749015,0.112127371288643
25096,0.150700283059866,0.222082940884856,0.357432079650013,0.269784696405264
25097,0.155123518187747,0.23934514507403,0.430072927370403,0.17545840936782
25098,0.408080899612034,0.171810786549701,0.207954726706518,0.212153587131747
25099,0.11711966390008,0.423943981652606,0.362786675935437,0.0961496785118765
25100,0.162742720249856,0.198182551085321,0.520541417659619,0.118533311005205
25101,0.355988654190434,0.136942545736428,0.344700215668809,0.162368584404329
25102,0.346258686540786,0.240912980661512,0.201497562370333,0.211330770427369
25103,0.337334531801995,0.384785611945044,0.169345734272069,0.108534121980892
25104,0.166199046401102,0.226765437085263,0.505878073503644,0.101157443009991
25105,0.174753827679807,0.299015585736542,0.414662705604898,0.111567880978753
25106,0.390264777348206,0.269889701833601,0.254640787329486,0.085204733488708
25107,0.169422511199834,0.461471981110394,0.214207936677632,0.15489757101214
25108,0.199157971176709,0.343097717781903,0.315300746236723,0.142443564804666
25109,0.278072134116022,0.428668661365555,0.161096918313706,0.132162286204717
25110,0.299799901708756,0.191236463274781,0.295142124837518,0.213821510178945
25111,0.267857489326539,0.197477242106317,0.325248728300956,0.209416540266188
25112,0.184707864107803,0.198775119613158,0.476924195420443,0.139592820858596
25113,0.389162960015439,0.333334874812935,0.165628781625967,0.111873383545659
25114,0.336220614234852,0.210428074618179,0.360708373106181,0.0926429380407873
25115,0.180998499761204,0.287733797185769,0.351378196964017,0.17988950608901
25116,0.374092870690097,0.242150080171519,0.255700363259829,0.128056685878554
25117,0.506144906375178,0.24943768738165,0.143339805320042,0.10107760092313
25118,0.353022021429578,0.172773406820748,0.33282320909254,0.141381362657134
25119,0.104224156834578,0.340341515777717,0.403220761348516,0.152213566039189
25120,0.381979724037964,0.225910376499044,0.111985369861869,0.280124529601124
25121,0.409344842912069,0.139720285137334,0.183513307397469,0.267421564553128
25122,0.384688117951475,0.267829333910858,0.223433655109121,0.124048893028547
25123,0.398469406270845,0.0822399248986419,0.390667716444942,0.12862295238557
25124,0.119947587878054,0.155529616124177,0.601741308563552,0.122781487434217
25125,0.715258944821898,0.126839032098059,0.054831226263667,0.103070796816376
25126,0.0934366125336208,0.37907779815536,0.33297840951004,0.194507179800979
25127,0.325086468884202,0.179423387507709,0.230935579435851,0.264554564172238
25128,0.299381387429282,0.204628798600849,0.21180398606614,0.284185827903729
25129,0.286323155107967,0.224796776513931,0.411718197084634,0.0771618712934678
25130,0.227840134862571,0.177349591613377,0.220708300368778,0.374101973155274
25131,0.333953322253517,0.367589553910117,0.061145378308698,0.237311745527668
25132,0.432926818617658,0.247763395491398,0.140666534192014,0.178643251698929
25133,0.662185190020601,0.0500231403794228,0.138388496436515,0.149403173163461
25134,0.293631170558613,0.301664471016216,0.137508908283677,0.267195450141493
25135,0.0788979990331176,0.63969055169276,0.118591308730884,0.162820140543238
25136,0.269286013975252,0.262707641614634,0.317509790710747,0.150496553699367
25137,0.157080202276831,0.517349134658391,0.171028459546407,0.154542203518372
25138,0.156635229300492,0.356237577207678,0.219137548166016,0.267989645325814
25139,0.245501755979182,0.284224790105563,0.182436504840097,0.287836949075159
25140,0.159170434502447,0.0960991222168325,0.4122893677388,0.332441075541921
25141,0.274761769828518,0.410226781767844,0.176168671279915,0.138842777123724
25142,0.281229228182759,0.359168956863143,0.130022989884818,0.22957882506928
25143,0.21295378206189,0.303430912082765,0.140465931813426,0.343149374041919
25144,0.291311831165566,0.2888615369347,0.153947511097791,0.265879120801943
25145,0.332915448707121,0.184316990644038,0.159277454937975,0.323490105710867
25146,0.327649397777004,0.449612603892702,0.0592207769439961,0.163517221386298
25147,0.268610261629475,0.155867085609933,0.378644129597824,0.196878523162768
25148,0.255461674925769,0.361387740897062,0.0768470015591959,0.306303582617974
25149,0.18362600700034,0.452462900868185,0.173758209802019,0.190152882329457
25150,0.155995887989615,0.165910100026487,0.486358689460736,0.191735322523161
25151,0.0659207113298613,0.44477195257129,0.217561881396147,0.271745454702702
25152,0.485519131475081,0.152752610285273,0.166917462881188,0.194810795358459
25153,0.371154117787382,0.457482313508437,0.0897456553499203,0.0816179133542606
25154,0.309166981110879,0.180951704293896,0.340541935036288,0.169339379558937
25155,0.114433522823336,0.600837763171916,0.0554942308989439,0.229234483105804
25156,0.178154238027615,0.543433019417822,0.110339071346219,0.168073671208345
25157,0.188127047379872,0.501422373557226,0.140424421880412,0.17002615718249
25158,0.39377615497047,0.403601611366914,0.0686582650969455,0.13396396856567
25159,0.173899261150969,0.457033344944707,0.180531718652197,0.188535675252128
25160,0.289712608061533,0.260998859832792,0.285901772024771,0.163386760080904
25161,0.352292767512055,0.151044034089841,0.234426377085431,0.262236821312673
25162,0.378220824132227,0.253125485367106,0.108198795448642,0.260454895052024
25163,0.166607148747823,0.146936435981768,0.46945028215332,0.217006133117089
25164,0.555760847195432,0.269765218957714,0.0697946703747623,0.104679263472092
25165,0.295493067641445,0.164264667501962,0.207563865721557,0.332678399135037
25166,0.235549871453758,0.209013736847625,0.396976171634267,0.15846022006435
25167,0.381483173058878,0.301915370815233,0.110862103904242,0.205739352221647
25168,0.274890186286158,0.430935879937805,0.0800296340699106,0.214144299706126
25169,0.320933489519142,0.255350719637238,0.154957077997475,0.268758712846146
25170,0.362665131354007,0.419328421734472,0.0631903933465124,0.154816053565009
25171,0.481963625130484,0.186019292754316,0.205864101396518,0.126152980718681
25172,0.264771368540497,0.407538673531602,0.200957962900107,0.126731995027795
25173,0.482805155489648,0.0836251886747309,0.254442293902528,0.179127361933094
25174,0.494147771664339,0.0912332782700187,0.207955735589837,0.206663214475805
25175,0.636582021625402,0.147805845349498,0.0698729035772727,0.145739229447827
25176,0.149478931950771,0.240976748746143,0.486189361347725,0.123354957955362
25177,0.272933404589156,0.27729788225711,0.249214769383703,0.200553943770031
25178,0.313691586655615,0.197411066596456,0.379243738062463,0.109653608685466
25179,0.590348663158446,0.153317402679648,0.168669132966308,0.0876648011955973
25180,0.396892604500685,0.0786615628861052,0.351649048196752,0.172796784416458
25181,0.12253952171991,0.0977847742142368,0.673450114280017,0.106225589785836
25182,0.305907395567381,0.238663565548642,0.222348344805967,0.23308069407801
25183,0.312938597227383,0.289704383239807,0.277076638435219,0.120280381097591
25184,0.219908524829309,0.21123809212538,0.42746356662731,0.141389816418001
25185,0.359969009867919,0.20286820662494,0.302393701532204,0.134769081974937
25186,0.240493825871956,0.526854627359343,0.0645336114557003,0.168117935313001
25187,0.271085122346464,0.27872994368774,0.240155393103791,0.210029540862005
25188,0.193096196779372,0.139273757340767,0.519139276235826,0.148490769644035
25189,0.401184119847195,0.234221854945409,0.244031080173871,0.120562945033525
25190,0.351108109306577,0.407813820581382,0.0630076779623352,0.178070392149706
25191,0.14319661369935,0.505457415066319,0.191833431508589,0.159512539725743
25192,0.201066904775083,0.299713756935489,0.289746821668702,0.209472516620726
25193,0.343476402882152,0.374362338281793,0.119154406418118,0.163006852417937
25194,0.251917021645362,0.326855016318682,0.278773282111488,0.142454679924468
25195,0.154853752175319,0.228271324795404,0.390648783897175,0.226226139132103
25196,0.113608092913171,0.337696858751222,0.249858683953483,0.298836364382124
25197,0.101067129363279,0.55494436344189,0.133291741644695,0.210696765550137
25198,0.247184953610249,0.393098153362744,0.0974320669508315,0.262284826076176
25199,0.324151387704146,0.0938576802369322,0.40489166969959,0.177099262359331
25200,0.154011350007701,0.445948958622025,0.107784522263361,0.292255169106912
25201,0.24805749370777,0.146971070702276,0.285390375109976,0.319581060479978
25202,0.228931718854563,0.126087118178034,0.420471004522923,0.22451015844448
25203,0.328258537102626,0.396063893510031,0.134709629075346,0.140967940311997
25204,0.0935086118552048,0.114545453571691,0.524074266311726,0.267871668261378
25205,0.173936553614037,0.285374453036264,0.27268931154806,0.26799968180164
25206,0.216507412103003,0.408176581956375,0.197031686899895,0.178284319040727
25207,0.193968106784433,0.221713162267251,0.300147156394999,0.284171574553317
25208,0.279153638899176,0.269304133623834,0.299340941792088,0.152201285684902
25209,0.217142383849035,0.0583229343296058,0.49228985112835,0.23224483069301
25210,0.192233668300939,0.178551057043569,0.389624211623809,0.239591063031683
25211,0.0840825817664784,0.302974305987576,0.384581923488801,0.228361188757145
25212,0.349622215033336,0.225849769632013,0.229642594871184,0.194885420463467
25213,0.165227345151186,0.112382878940742,0.473210982033352,0.24917879387472
25214,0.206463723842619,0.214730505488707,0.387859290688692,0.190946479979983
25215,0.273232615146321,0.222828086932565,0.259954743213406,0.243984554707708
25216,0.368543896259264,0.337736547543659,0.138463111506878,0.155256444690199
25217,0.452236757207827,0.344696625911071,0.102020538805282,0.10104607807582
25218,0.395567039205416,0.354585692832651,0.103480078190904,0.146367189771029
25219,0.272665874180893,0.489202798255711,0.0826311510845583,0.155500176478837
25220,0.265957296796308,0.137409222712902,0.362418320318236,0.234215160172554
25221,0.208529275796237,0.560930535222504,0.119886750709902,0.110653438271357
25222,0.204954335722876,0.344597742694624,0.336151982608634,0.114295938973866
25223,0.219050035622203,0.337402182514735,0.2346268319855,0.208920949877562
25224,0.0889929089770171,0.689055807865197,0.106973044221289,0.114978238936497
25225,0.353865473703266,0.133935483508066,0.311173738175224,0.201025304613444
25226,0.52804801109193,0.187847164703749,0.191605584943884,0.0924992392604369
25227,0.0918005741262677,0.597287748204299,0.15204143281918,0.158870244850254
25228,0.213931931476684,0.183739140761664,0.480231077073118,0.122097850688534
25229,0.115600830410633,0.196577649763118,0.497865820696268,0.189955699129981
25230,0.24007744262674,0.16081954305235,0.476766768863342,0.122336245457567
25231,0.100439919222526,0.497699120319484,0.276948834879233,0.124912125578758
25232,0.287065913878672,0.368702137285911,0.149533095552448,0.194698853282969
25233,0.201161706452853,0.331697626712162,0.286438038080518,0.180702628754467
25234,0.247607129237122,0.249054902579191,0.36915068260566,0.134187285578027
25235,0.440431892133455,0.173869914844625,0.247707760812615,0.137990432209306
25236,0.277882300877509,0.312782674425173,0.265878997888137,0.14345602680918
25237,0.285261002771752,0.433157871789169,0.175328052484902,0.106253072954176
25238,0.355501543333095,0.208635615762042,0.239674293141113,0.19618854776375
25239,0.305622663664649,0.375858153650276,0.15860476271409,0.159914419970984
25240,0.255990511239157,0.200128176541997,0.425498774807386,0.118382537411459
25241,0.43829730648703,0.273972445974038,0.203630068168823,0.0841001793701094
25242,0.24784831407697,0.267786337662987,0.340277593393195,0.144087754866849
25243,0.229245968525884,0.317125991842502,0.334160751920056,0.119467287711559
25244,0.255609325875199,0.374516069367869,0.207866556774527,0.162008047982405
25245,0.298295986840566,0.128740575520053,0.493824690554715,0.0791387470846664
25246,0.299135564353866,0.307837892600742,0.313218680158204,0.0798078628871872
25247,0.195418144452338,0.26974416396729,0.372958065372377,0.161879626207995
25248,0.162415080854298,0.320520610462192,0.370032964702822,0.147031343980688
25249,0.261595520211374,0.377468379235437,0.268859792925541,0.0920763076276483
25250,0.314176910643066,0.265677988616146,0.307205228579359,0.11293987216143
25251,0.205515188592421,0.212878906305991,0.41486654416932,0.166739360932267
25252,0.633509375567221,0.116393428453006,0.10195416207684,0.148143033902934
25253,0.287410867674151,0.272103616509703,0.132835446137797,0.307650069678349
25254,0.419841072099947,0.24567251291302,0.0792735133743854,0.255212901612648
25255,0.511378942710772,0.219054299966388,0.0742639930299278,0.195302764292912
25256,0.115888965795974,0.678816699717408,0.0829747317168417,0.122319602769776
25257,0.197020554943178,0.239738287558863,0.338677906730664,0.224563250767296
25258,0.44846942003114,0.16018500275753,0.138883405369688,0.252462171841642
25259,0.255752527974923,0.369222724705823,0.219698108264075,0.155326639055179
25260,0.0903246241039576,0.45269164755857,0.22761799347478,0.229365734862692
25261,0.40057991007679,0.217940310111063,0.259568467053287,0.12191131275886
25262,0.2811295348136,0.32232161030698,0.0999263672542041,0.296622487625216
25263,0.371012928301702,0.162527230939442,0.250400502571222,0.216059338187634
25264,0.236347103836399,0.163936060684542,0.378851134483132,0.220865700995927
25265,0.590949184390474,0.208059045689463,0.0565337688785043,0.144458001041559
25266,0.197723686845532,0.388683121909886,0.233463701531795,0.180129489712787
25267,0.132692845335368,0.240448492186493,0.453637910711618,0.173220751766522
25268,0.148544376277442,0.332230051568114,0.397918686605606,0.121306885548838
25269,0.236859947777756,0.279996038105796,0.20546067116846,0.277683342947988
25270,0.424125542843649,0.161724850447875,0.230955396639038,0.183194210069438
25271,0.043538738891724,0.271142437118694,0.573752526490339,0.111566297499243
25272,0.203671948351856,0.274038856084643,0.322768578175282,0.19952061738822
25273,0.307051121726565,0.2028198928221,0.272167571629147,0.217961413822187
25274,0.303846293462955,0.187090191624653,0.301272130000661,0.207791384911732
25275,0.39582862633227,0.33915626988742,0.110210100987127,0.154805002793182
25276,0.31808317563514,0.383986676758597,0.151930437397241,0.145999710209022
25277,0.169908761703786,0.0990405162463575,0.496332146567257,0.2347185754826
25278,0.412656389606423,0.346362726842027,0.0938000315533906,0.14718085199816
25279,0.551757748508676,0.141999750773677,0.047777032324306,0.258465468393341
25280,0.165512496354451,0.152981780230547,0.565499430338575,0.116006293076426
25281,0.329518161939006,0.0497074718147502,0.496168244159898,0.124606122086346
25282,0.472509960398101,0.0847863692780354,0.154481837175964,0.2882218331479
25283,0.285799157738496,0.140587545000778,0.362932979306457,0.210680317954269
25284,0.246421695393346,0.488622210801456,0.148652509374108,0.11630358443109
25285,0.451989734162682,0.20531842267098,0.163837600690765,0.178854242475572
25286,0.482750439058154,0.145561824017173,0.158742730984393,0.21294500594028
25287,0.132709386105114,0.554658867986205,0.18464945340361,0.127982292505071
25288,0.172147828586395,0.155530100003898,0.361444057196227,0.31087801421348
25289,0.114446917485574,0.414366746923353,0.278800140559278,0.192386195031794
25290,0.287299496356982,0.323124303511108,0.168228353819949,0.221347846311962
25291,0.411535385091712,0.200622756577523,0.177659042757268,0.210182815573497
25292,0.191742189509464,0.160710296012556,0.309381321612596,0.338166192865384
25293,0.15809182835472,0.294385893535601,0.2784012531514,0.26912102495828
25294,0.208723099492034,0.48311954324089,0.0909037897221809,0.217253567544896
25295,0.268222404476981,0.156799395350834,0.324388290690258,0.250589909481926
25296,0.166150455796222,0.609438664985713,0.0936970490379663,0.130713830180099
25297,0.12573277561366,0.513886079616823,0.190218281762542,0.170162863006975
25298,0.632599705270276,0.107261449052139,0.0626266852668507,0.197512160410734
25299,0.359036650623426,0.117945707462814,0.359644095907723,0.163373546006036
25300,0.275816649883878,0.536148067352191,0.064948688936168,0.123086593827762
25301,0.453673086973253,0.0996388843572134,0.209545315548268,0.237142713121266
25302,0.480889256642589,0.173970633179382,0.193718779182149,0.15142133099588
25303,0.158201768878569,0.38483811493806,0.265210922762262,0.191749193421109
25304,0.0987657252029287,0.175456156590959,0.605322139520162,0.12045597868595
25305,0.547950598976331,0.152187353416398,0.131440596222303,0.168421451384968
25306,0.267962607318855,0.382253107199428,0.119641506885052,0.230142778596665
25307,0.21312725442703,0.262370411985169,0.208359564224814,0.316142769362987
25308,0.244281587664074,0.510523096160453,0.10360756300697,0.141587753168503
25309,0.173494218833215,0.26731034926969,0.382539310851937,0.176656121045158
25310,0.450406936493013,0.343248451706606,0.0811567244659989,0.125187887334383
25311,0.294011977192383,0.273481998976344,0.28838617008833,0.144119853742943
25312,0.245766079050166,0.108367367298294,0.503357736952525,0.142508816699015
25313,0.332919875071186,0.206029252084213,0.306679519876804,0.154371352967797
25314,0.438255439813924,0.20716991502741,0.123285862953609,0.231288782205057
25315,0.388183556890632,0.221176131500772,0.276857249179694,0.113783062428903
25316,0.324744839034792,0.2452788357849,0.248773930608998,0.181202394571311
25317,0.33750241051348,0.191568121108259,0.316684339991503,0.154245128386758
25318,0.495932565987875,0.216412320723815,0.171555374252241,0.116099739036069
25319,0.41808932772575,0.345289644396399,0.102912118326801,0.13370890955105
25320,0.227491603036624,0.15869768803393,0.504185073227318,0.109625635702128
25321,0.127106213595448,0.22773840474427,0.46082840992322,0.184326971737063
25322,0.443063914433555,0.131392969314896,0.315781520213017,0.109761596038531
25323,0.40036407456314,0.0904386694789586,0.384242321631817,0.124954934326085
25324,0.364710551575608,0.346911922379439,0.170359050983157,0.118018475061796
25325,0.375332696652306,0.456836754846437,0.0572883760595293,0.110542172441727
25326,0.241960764006395,0.176028453128507,0.342977669488035,0.239033113377063
25327,0.197736645530531,0.391393854697683,0.241670714647929,0.169198785123858
25328,0.205784919305513,0.116455095407944,0.536475851431993,0.14128413385455
25329,0.25451503490936,0.14225908484411,0.235030015647801,0.368195864598729
25330,0.13848113066087,0.209924305803386,0.450803377192003,0.200791186343741
25331,0.292621559863073,0.43011172988918,0.0887130253388388,0.188553684908908
25332,0.297595541378381,0.287324766595092,0.154170834213774,0.260908857812752
25333,0.149451591490403,0.470395038642803,0.142828068454859,0.237325301411935
25334,0.337994689535516,0.399461751276976,0.0668042826506048,0.195739276536903
25335,0.133271361691026,0.237122678390125,0.322548920047853,0.307057039870996
25336,0.130486694395039,0.285173693844127,0.385090893455997,0.199248718304837
25337,0.193156290804539,0.107134828574336,0.455185972030063,0.244522908591062
25338,0.193763913864978,0.168227214092797,0.437644563829512,0.200364308212712
25339,0.367434524251849,0.105618331861888,0.341424672878577,0.185522471007686
25340,0.14315615590505,0.4972310397688,0.191102596846141,0.16851020748001
25341,0.1086255976944,0.550338603326749,0.133493877403578,0.207541921575274
25342,0.122811633399507,0.264406597985361,0.437522836972703,0.175258931642428
25343,0.261126701141147,0.273821778134503,0.371174414716718,0.0938771060076319
25344,0.276672450512808,0.205561223951164,0.409509686805054,0.108256638730974
25345,0.216958778901772,0.252038501288869,0.315266708179107,0.215736011630252
25346,0.363897219477382,0.108351756555493,0.379573550473927,0.148177473493198
25347,0.507887432961634,0.228758080620604,0.10771664853114,0.155637837886622
25348,0.353721261812161,0.223312968465689,0.218210051623499,0.204755718098651
25349,0.192189774845145,0.207442298561823,0.483503685113851,0.116864241479181
25350,0.430573172398822,0.193598965395812,0.261999387855083,0.113828474350283
25351,0.295609468174565,0.149214795013687,0.326889917588975,0.228285819222773
25352,0.373083553818393,0.267391674798743,0.174190177923706,0.185334593459158
25353,0.205185045648253,0.156830919349624,0.334970307034672,0.303013727967451
25354,0.450239531256672,0.134481048342852,0.279551783850202,0.135727636550274
25355,0.177669762156635,0.418955893511413,0.144832074074964,0.258542270256988
25356,0.224736760897354,0.202191295050058,0.305700659933633,0.267371284118956
25357,0.227201146328877,0.336980642447026,0.317543045502509,0.118275165721588
25358,0.342157637480303,0.251759677403325,0.270135046999424,0.135947638116947
25359,0.420026166386556,0.103807905760617,0.329260948232116,0.146904979620711
25360,0.180395721743408,0.284618543305227,0.368284555348371,0.166701179602994
25361,0.297456899175303,0.126767732760737,0.42410347292485,0.15167189513911
25362,0.161727777578163,0.147185245433551,0.482434608388286,0.2086523686
25363,0.172870653057641,0.411575516758631,0.20879144548896,0.206762384694769
25364,0.217936131374282,0.229058715781955,0.39607120148583,0.156933951357934
25365,0.409483702496543,0.096770934375015,0.215893778025046,0.277851585103396
25366,0.183207646995349,0.306656460237818,0.295366077654186,0.214769815112647
25367,0.140646322539322,0.4265668456793,0.27989246061362,0.152894371167758
25368,0.283599035968219,0.514187577652462,0.092543716590538,0.109669669788781
25369,0.360919606102346,0.171631981385674,0.34304082139437,0.12440759111761
25370,0.205526028571048,0.252392426197908,0.380565265218579,0.161516280012465
25371,0.187559013965359,0.549413305622388,0.146428865619004,0.116598814793248
25372,0.469459516643664,0.0568339382287761,0.390494681860308,0.0832118632672519
25373,0.133842583389588,0.412669117144151,0.286375856912093,0.167112442554168
25374,0.13571280158735,0.257917791379462,0.504329979418866,0.102039427614323
25375,0.194078861752421,0.497324822456681,0.177055282093033,0.131541033697865
25376,0.288678722526391,0.204035615463586,0.350013253909169,0.157272408100853
25377,0.22615035995973,0.410894103668497,0.225529004216113,0.13742653215566
25378,0.36662808929737,0.175587089997245,0.358964259812993,0.0988205608923925
25379,0.267923264753023,0.404953547381121,0.161601701707722,0.165521486158135
25380,0.200669304471357,0.443360278776311,0.201334857544225,0.154635559208107
25381,0.258887523398422,0.294237875975992,0.252648695355556,0.194225905270031
25382,0.469168897107225,0.154999289796872,0.218135076395381,0.157696736700523
25383,0.115562808992435,0.599564121867276,0.204602043432008,0.0802710257082812
25384,0.215163484364678,0.16615815799049,0.382518478738098,0.236159878906735
25385,0.143120718476213,0.148627399801115,0.586440800615379,0.121811081107294
25386,0.380478418130411,0.260542645629104,0.176972725922783,0.182006210317702
25387,0.396212498928717,0.141934023830347,0.287967391785242,0.173886085455694
25388,0.270133161755383,0.265969841378168,0.330391153644631,0.133505843221818
25389,0.27322103398868,0.348103742648187,0.222510321856344,0.156164901506789
25390,0.230576079059414,0.25501226404355,0.395716950035146,0.118694706861889
25391,0.209966929414366,0.330046476905799,0.317476124403917,0.142510469275918
25392,0.298956203983031,0.12217164669967,0.451974108186135,0.126898041131164
25393,0.132886567476437,0.492647811529809,0.273729496702672,0.100736124291081
25394,0.191931742419042,0.232889114760217,0.506899305032971,0.0682798377877698
25395,0.212390636815303,0.229153224394929,0.348540672268953,0.209915466520815
25396,0.202813662653818,0.496932787887411,0.192345313414454,0.107908236044318
25397,0.209004777216207,0.224215200126211,0.47338027224731,0.0933997504102727
25398,0.308365055078967,0.187678609488766,0.391539811153206,0.112416524279061
25399,0.279650214456816,0.260330845533672,0.262093867742426,0.197925072267086
25400,0.127850353603445,0.34740698575335,0.355100244857496,0.169642415785709
25401,0.304261821053064,0.304807306801115,0.299098014686101,0.0918328574597204
25402,0.379700264162594,0.192400000566364,0.266413057822473,0.161486677448569
25403,0.195508112642935,0.352357110054648,0.346057486698342,0.106077290604076
25404,0.330496399768981,0.192448897542939,0.366531848944813,0.110522853743267
25405,0.336617255046831,0.264410883426744,0.246013775948685,0.152958085577741
25406,0.250668034652639,0.291625090965613,0.297726977700535,0.159979896681214
25407,0.247197907623956,0.127664267663889,0.451559072598593,0.173578752113562
25408,0.295554520608951,0.297779758977033,0.204910608517431,0.201755111896585
25409,0.309666115207008,0.115917869803109,0.480656784662907,0.0937592303269765
25410,0.0789599795049214,0.326071049054137,0.499963040904364,0.0950059305365769
25411,0.206980675651451,0.278759246313588,0.288498072615198,0.225762005419763
25412,0.377533556388254,0.232273113059882,0.243470790334659,0.146722540217205
25413,0.573660523882899,0.204533405477456,0.118115090680902,0.103690979958742
25414,0.152484626744995,0.177036493934296,0.51565050833578,0.154828370984929
25415,0.165008601509402,0.206392286192904,0.457668146042785,0.170930966254909
25416,0.325762268129912,0.286866499748564,0.304263146294645,0.0831080858268795
25417,0.156485280895379,0.245632823743153,0.465482485453319,0.132399409908149
25418,0.165828332103199,0.480962785239898,0.195321005389792,0.157887877267111
25419,0.224618922027507,0.209771290002372,0.485925497211188,0.0796842907589331
25420,0.22093345768667,0.258534104127099,0.3333046542988,0.18722778388743
25421,0.267491882300976,0.333510691438182,0.32109399947695,0.0779034267838928
25422,0.371310179639365,0.266691082172891,0.166659777834437,0.195338960353307
25423,0.417255282110997,0.0698102891033242,0.240338103116094,0.272596325669585
25424,0.188291410129054,0.183486509457365,0.464857829621274,0.163364250792307
25425,0.166740118900715,0.097772869644357,0.49464280339682,0.240844208058108
25426,0.214596374369894,0.460208241899145,0.0985457419463088,0.226649641784652
25427,0.197813862999933,0.229990625718425,0.281013670580077,0.291181840701565
25428,0.150702984682017,0.0634978292601497,0.574148235945967,0.211650950111867
25429,0.332132830245326,0.0851996447818475,0.311103637974391,0.271563886998436
25430,0.527753432508505,0.0787395463848596,0.243914914309818,0.149592106796817
25431,0.110776713603377,0.539073753978563,0.210338046337831,0.139811486080229
25432,0.348761191127789,0.134437308833252,0.22222430196181,0.294577198077149
25433,0.0784606701695657,0.107449922312753,0.533145418391165,0.280943989126516
25434,0.440238049769892,0.103652574178893,0.231322883704894,0.224786492346321
25435,0.450863165300129,0.275624691184869,0.153260162402728,0.120251981112274
25436,0.188537697113604,0.535610232229237,0.0626268309814459,0.213225239675713
25437,0.423065868830918,0.268572295039813,0.158621143670385,0.149740692458884
25438,0.264906760614683,0.194321394533865,0.336841002828682,0.20393084202277
25439,0.154412486701092,0.122191525013188,0.45751636475829,0.26587962352743
25440,0.104316711188815,0.067598222918265,0.604995747594607,0.223089318298312
25441,0.416186114729374,0.213860249345305,0.175376538186324,0.194577097738997
25442,0.0923647388885049,0.0652880787039302,0.590232913753309,0.252114268654256
25443,0.409886797838217,0.225358970991295,0.0777465059577639,0.287007725212724
25444,0.106641358686566,0.173112450411938,0.262881352476064,0.457364838425432
25445,0.217095391585048,0.439478750864873,0.146519183368614,0.196906674181464
25446,0.39536078879798,0.171302674709924,0.087985186346317,0.34535135014578
25447,0.163810632486675,0.264593900802534,0.120915287083154,0.450680179627637
25448,0.358806075009957,0.303384625335526,0.0722390689113226,0.265570230743195
25449,0.0937998213328617,0.441464765779498,0.112404863681532,0.352330549206108
25450,0.500228725328926,0.176557097453227,0.174420183772033,0.148793993445814
25451,0.283964337995366,0.444633690558496,0.132138103231103,0.139263868215035
25452,0.597132138410273,0.155389621635427,0.0325578296169862,0.214920410337314
25453,0.135574189712918,0.149796237903602,0.202116448501508,0.512513123881972
25454,0.301906914232083,0.099220273874036,0.375294399749251,0.22357841214463
25455,0.365922529663609,0.163340502334115,0.145827068791677,0.324909899210599
25456,0.207243160113103,0.142704876645782,0.175357668858111,0.474694294383004
25457,0.118867091579955,0.193847356771386,0.541838139730959,0.1454474119177
25458,0.453029107862407,0.120528603925484,0.156830632229789,0.269611655982319
25459,0.711526453250996,0.0469097151812859,0.112983023722371,0.128580807845347
25460,0.116396920814116,0.262175889138232,0.473861653186052,0.1475655368616
25461,0.038133617802226,0.0591496137484545,0.296069937603343,0.606646830845976
25462,0.0846994283938632,0.312662062475938,0.0255342132835783,0.57710429584662
25463,0.347239002361923,0.0502711225945288,0.149833065286622,0.452656809756926
25464,0.0199544505200595,0.381399752003037,0.218496804842077,0.380148992634826
25465,0.683718673307933,0.12841527781879,0.0414598657722707,0.146406183101006
25466,0.0580757960753905,0.153000614858887,0.631059988225192,0.157863600840531
25467,0.137295163155499,0.150222778501917,0.0492994944224056,0.663182563920178
25468,0.1120633222842,0.31321538192841,0.246835590549549,0.327885705237841
25469,0.159611908952488,0.510719790954549,0.0270437026386381,0.302624597454324
25470,0.17049416333156,0.192143905622928,0.477952942117846,0.159408988927666
25471,0.0372556828114583,0.277497455585379,0.0423560403482159,0.642890821254947
25472,0.146148882144941,0.153131097507552,0.130956514666828,0.569763505680679
25473,0.326559425040276,0.121054297703574,0.298625501527898,0.253760775728251
25474,0.183140272871933,0.461017961457525,0.0226202588192438,0.333221506851299
25475,0.0895938272637577,0.415589254366127,0.125071311598034,0.369745606772081
25476,0.246982955330606,0.345239358580774,0.0178667484149515,0.389910937673668
25477,0.157027336177622,0.109004009589669,0.293554036452662,0.440414617780046
25478,0.0773870599630479,0.258485685953206,0.0373395582956301,0.626787695788116
25479,0.0228440999682621,0.0169726875717519,0.698858180191871,0.261325032268115
25480,0.230222772393042,0.114877723673587,0.321393318941912,0.333506184991458
25481,0.162027673101186,0.58150940396092,0.0685950655924877,0.187867857345406
25482,0.291274167071177,0.187873873007618,0.329747331730425,0.19110462819078
25483,0.283806844270932,0.311916211798466,0.248172018382365,0.156104925548237
25484,0.252082212310647,0.105461364995331,0.255102225968724,0.387354196725297
25485,0.484206375547431,0.142714724491186,0.186367867372628,0.186711032588754
25486,0.246592039774642,0.233844262593655,0.334138317510553,0.18542538012115
25487,0.284438945998934,0.112036174090595,0.226427657802055,0.377097222108416
25488,0.272685938334425,0.170745447715473,0.178442539505365,0.378126074444737
25489,0.269609513525399,0.302075860513099,0.221665787110232,0.206648838851269
25490,0.141283673815961,0.138573856053073,0.583023416587639,0.137119053543327
25491,0.175956803404951,0.332748652279141,0.167474219282741,0.323820325033167
25492,0.416401276190873,0.192407480618516,0.265591026185543,0.125600217005067
25493,0.118136549609313,0.131637840101391,0.316883616487744,0.433341993801552
25494,0.403395480130784,0.238532761429182,0.12343395204179,0.234637806398244
25495,0.404030437354478,0.115966869365099,0.266191434329716,0.213811258950707
25496,0.0960158207073437,0.202562817753309,0.558765916300103,0.142655445239245
25497,0.0879482275783333,0.0766168506509064,0.632892246278554,0.202542675492206
25498,0.575585715630179,0.078557107292308,0.101975265244583,0.243881911832931
25499,0.168290492927312,0.189693223532153,0.501106662353609,0.140909621186926
25500,0.585966784530244,0.0886545776097249,0.224071751328666,0.101306886531366
25501,0.173805334983979,0.437158737196338,0.279291428246232,0.109744499573452
25502,0.280120546314153,0.117383961685051,0.461790446426579,0.140705045574217
25503,0.129552240149142,0.160687063462265,0.57943068806204,0.130330008326553
25504,0.328432348198425,0.456925129466267,0.0887387593478424,0.125903762987465
25505,0.221836461787945,0.333934073311156,0.259798583732102,0.184430881168797
25506,0.266640101943617,0.203794855822052,0.399620541629474,0.129944500604856
25507,0.254408139404658,0.274913290800077,0.184069157624413,0.286609412170852
25508,0.0884657433342528,0.561581014939861,0.230928112309176,0.11902512941671
25509,0.351010750390822,0.14386199625117,0.330869617628478,0.17425763572953
25510,0.335286691873787,0.235979312150625,0.260137914991851,0.168596080983737
25511,0.615034314759384,0.109014702160941,0.137209464260112,0.138741518819564
25512,0.342336524858146,0.197433798274389,0.350466824566934,0.10976285230053
25513,0.235250680655857,0.263360940303291,0.277869290303095,0.223519088737756
25514,0.197924058346246,0.358394948190393,0.302893523759183,0.140787469704178
25515,0.184691402770355,0.464213958846535,0.20096701471741,0.1501276236657
25516,0.228226313610578,0.493207673472665,0.114501905620492,0.164064107296265
25517,0.295334304734042,0.260177431523399,0.273257630387901,0.171230633354658
25518,0.387354972826139,0.248145010463102,0.257102717691082,0.107397299019677
25519,0.301238304777639,0.397276383172264,0.182291585695224,0.119193726354872
25520,0.229268183775879,0.344002249113222,0.338683567261976,0.0880459998489225
25521,0.328946440247138,0.337491172953264,0.15079026113277,0.182772125666829
25522,0.268284948767399,0.318432715231542,0.271153746131473,0.142128589869587
25523,0.543556385754403,0.130203178421901,0.223100414780606,0.103140021043091
25524,0.276534265449883,0.247899463591527,0.326642262262058,0.148924008696533
25525,0.453942968972895,0.25682828704725,0.144778339613662,0.144450404366193
25526,0.263600626965782,0.447338044395012,0.181917832887231,0.107143495751975
25527,0.266426537539559,0.294368637175696,0.305485280799284,0.133719544485462
25528,0.394540363941122,0.136704938258365,0.310880695888669,0.157874001911843
25529,0.416623256006735,0.198222745174559,0.293277664683559,0.0918763341351478
25530,0.248948164560468,0.43234131457049,0.187552419990548,0.131158100878494
25531,0.0934960498746538,0.241560505836868,0.577021801907457,0.087921642381021
25532,0.143368882534821,0.483688586360713,0.2766822084404,0.0962603226640658
25533,0.325066337935183,0.20256240647067,0.379677065948378,0.0926941896457697
25534,0.178936256765257,0.358219448140772,0.347025637400883,0.115818657693088
25535,0.244594920540233,0.5085008880036,0.116758065756032,0.130146125700135
25536,0.111864958764327,0.393688728377403,0.372908735635202,0.121537577223068
25537,0.164325489600303,0.232734131262521,0.343469432986199,0.259470946150977
25538,0.483442148247291,0.15063026982047,0.201405214163267,0.164522367768972
25539,0.402120224816455,0.266527530288804,0.187931472704354,0.143420772190388
25540,0.129269134538613,0.130499136823372,0.626793608885101,0.113438119752913
25541,0.40894058071823,0.27798576244183,0.182539034565789,0.130534622274151
25542,0.268872045197716,0.352301382826138,0.24336433830227,0.135462233673876
25543,0.32440491270035,0.165220862142712,0.381376146636112,0.128998078520826
25544,0.305923883218492,0.461318623573211,0.0588552415933309,0.173902251614966
25545,0.425265913857525,0.186474968302605,0.226221880868536,0.162037236971334
25546,0.293321165853177,0.509817443567843,0.0967260451341717,0.100135345444808
25547,0.15891390944653,0.223067486098643,0.46704436727479,0.150974237180036
25548,0.252229000910704,0.232838182262652,0.304699103117988,0.210233713708656
25549,0.209605719221614,0.117632031161594,0.490803042048187,0.181959207568606
25550,0.308385220961107,0.203925284881761,0.214126084707725,0.273563409449407
25551,0.343392339121371,0.184751956206091,0.285530571828928,0.18632513284361
25552,0.230278005827851,0.298112983594687,0.268942862644208,0.202666147933254
25553,0.160402555454552,0.492983997811176,0.208992373667201,0.137621073067071
25554,0.117701070429152,0.532594136205469,0.188768429349096,0.160936364016283
25555,0.539836218093821,0.152551695589871,0.128521123951933,0.179090962364374
25556,0.325841177760947,0.428539018070543,0.119738060409239,0.125881743759272
25557,0.391879752557489,0.311863947514851,0.191054822489696,0.105201477437964
25558,0.488901469949832,0.155476399373672,0.148608962440702,0.207013168235794
25559,0.482979139958484,0.189253282885818,0.216787490740908,0.11098008641479
25560,0.342853533240012,0.400540038081622,0.0959639773533801,0.160642451324987
25561,0.280611221405207,0.402473794205742,0.154539501736398,0.162375482652654
25562,0.249913724205618,0.233701760182824,0.343398739033573,0.172985776577985
25563,0.367111433206663,0.212142640480805,0.304204407903977,0.116541518408555
25564,0.111680397951071,0.170908384555066,0.607832165758747,0.109579051735115
25565,0.396651679990206,0.0831455294444167,0.30030226758232,0.219900522983057
25566,0.122933880868749,0.383429500440793,0.270541781188058,0.2230948375024
25567,0.0786133186176222,0.387450733732653,0.353985604083197,0.179950343566528
25568,0.395260643261499,0.325442109615599,0.17916395834726,0.100133288775641
25569,0.213177089128365,0.268371822065691,0.414699513351814,0.103751575454129
25570,0.338202129962634,0.172066012733622,0.317102327449743,0.172629529854001
25571,0.279083647344654,0.17797194856566,0.253097581568141,0.289846822521545
25572,0.413339572247601,0.133389871042779,0.197017871136509,0.256252685573111
25573,0.162984207307582,0.599427964970425,0.127905500187014,0.109682327534979
25574,0.181010006463685,0.0979331305348063,0.52944994916459,0.191606913836919
25575,0.334356627196891,0.190554478551542,0.299114151150852,0.175974743100715
25576,0.374797358813258,0.175125308680001,0.304574767963165,0.145502564543577
25577,0.389377104699384,0.161097119892992,0.303350808093235,0.146174967314389
25578,0.454027231553734,0.278990620263299,0.120326951921668,0.146655196261299
25579,0.559353115905153,0.15679564303581,0.16149518299613,0.122356058062907
25580,0.242977184244715,0.366330586930966,0.206611832751073,0.184080396073246
25581,0.444297328583198,0.180334950121859,0.130941039520187,0.244426681774756
25582,0.176623723750688,0.257422025793535,0.238199142780876,0.327755107674901
25583,0.435481129376369,0.0861126336128473,0.361312337822731,0.117093899188053
25584,0.282233819301004,0.323122901494995,0.217663434879215,0.176979844324786
25585,0.253028229471974,0.275638903781565,0.20438623730513,0.266946629441332
25586,0.14571070860317,0.202400427318422,0.53921727774765,0.112671586330759
25587,0.552406386859082,0.216264275795725,0.122028402031914,0.109300935313278
25588,0.352137924101884,0.193342924266191,0.258316785705574,0.196202365926351
25589,0.508650679888783,0.274355507603416,0.148859056178505,0.0681347563292959
25590,0.260699493432051,0.272318805351237,0.214265052588572,0.25271664862814
25591,0.182780237891689,0.322396976113412,0.285580788111451,0.209241997883449
25592,0.35171043261478,0.50070494956863,0.047858665186165,0.0997259526304244
25593,0.191880277075241,0.371047530578092,0.31515563022771,0.121916562118957
25594,0.245197259495353,0.285312986001704,0.25119125152606,0.218298502976883
25595,0.316034395634231,0.338888136939258,0.129011100042817,0.216066367383694
25596,0.110105463722541,0.048991529654816,0.661259086682419,0.179643919940224
25597,0.408280178287649,0.167389442070987,0.126632121847611,0.297698257793753
25598,0.208775064087169,0.31766168622824,0.1999565181828,0.273606731501791
25599,0.220158194499957,0.160109044030386,0.422477874272405,0.197254887197252
25600,0.165640466214405,0.0995350469503743,0.526940912278565,0.207883574556656
25601,0.548790586435891,0.0250120755001113,0.251525988360207,0.174671349703791
25602,0.292209390681077,0.126362600592533,0.280676576131538,0.300751432594852
25603,0.518842026491016,0.222932264303059,0.0859459106748958,0.172279798531029
25604,0.170308947289604,0.527739004330774,0.206144459553182,0.09580758882644
25605,0.145915433490363,0.114058031112527,0.311493727001867,0.428532808395243
25606,0.126839867638376,0.50358655588732,0.137825456106885,0.23174812036742
25607,0.281822209750098,0.374941797947878,0.0885952095637965,0.254640782738228
25608,0.134733738274751,0.279863178122874,0.304693903496863,0.280709180105513
25609,0.580524712789454,0.142381737348491,0.094881565040988,0.182211984821067
25610,0.369177937336739,0.159616554741866,0.203471439532786,0.26773406838861
25611,0.117416995909338,0.349172333865662,0.338605921752174,0.194804748472827
25612,0.176848212614593,0.287459470523244,0.375180754452221,0.160511562409942
25613,0.437163785489814,0.147861900540013,0.282115163951351,0.132859150018822
25614,0.358698654560917,0.254601613371891,0.239543026294644,0.147156705772548
25615,0.277129259436174,0.393734820773349,0.1955132644541,0.133622655336377
25616,0.139863644866495,0.453062633841614,0.242257563296887,0.164816157995004
25617,0.546062735332268,0.103622122436219,0.284975814103885,0.0653393281276277
25618,0.159073620738616,0.187517095845396,0.550732451749971,0.102676831666018
25619,0.293699891913052,0.107059683613292,0.488463082582557,0.1107773418911
25620,0.260904205861722,0.116128706129508,0.427085006458718,0.195882081550052
25621,0.23121624727111,0.0736986426888442,0.627170204503044,0.067914905537002
25622,0.31628776641712,0.1861336482175,0.360311903177271,0.137266682188109
25623,0.218784056022486,0.497718136073862,0.177860400155156,0.105637407748496
25624,0.315817577660599,0.188988953368858,0.349499161737835,0.145694307232709
25625,0.268558579010735,0.294530388638187,0.247493091663871,0.189417940687206
25626,0.284363981999865,0.394206390180959,0.190208247156155,0.131221380663021
25627,0.33339657313068,0.340137465338376,0.222317114559027,0.104148846971916
25628,0.172660067517917,0.350219976505204,0.287111026726461,0.190008929250418
25629,0.370369375619887,0.390308333904972,0.159728438644443,0.0795938518306977
25630,0.282459980301618,0.488975081554929,0.112136389136372,0.116428549007081
25631,0.324737742704835,0.203822241202555,0.313743108490951,0.157696907601659
25632,0.201956228035163,0.306282876706856,0.342383471034691,0.14937742422329
25633,0.141229931327912,0.208638469511617,0.327846783499903,0.322284815660569
25634,0.452363738731638,0.158671242430606,0.18028112870722,0.208683890130536
25635,0.549813158012843,0.183988337606238,0.0760925769313842,0.190105927449534
25636,0.345148329184205,0.193466047536428,0.219982500089254,0.241403123190113
25637,0.319186755083308,0.190767160549551,0.318853233152496,0.171192851214646
25638,0.222777857312616,0.33095370684485,0.13083073475335,0.315437701089184
25639,0.217224469145054,0.412289719021245,0.169083696627313,0.201402115206388
25640,0.266351261822858,0.209975008047415,0.272506262935098,0.251167467194629
25641,0.197767925968016,0.344040288583122,0.33011812490103,0.128073660547833
25642,0.0602776652141195,0.500827020693933,0.156591435665215,0.282303878426732
25643,0.210336932601064,0.575668570484109,0.0887776544602663,0.12521684245456
25644,0.565126995697375,0.088708442567867,0.13419438749128,0.211970174243479
25645,0.0923902532500174,0.641758042169734,0.0857380539018724,0.180113650678376
25646,0.297982682722385,0.102508371260477,0.455369993197202,0.144138952819935
25647,0.187777658093626,0.233992738246842,0.398260793770503,0.179968809889029
25648,0.280223055258303,0.155421787715474,0.362217209009682,0.202137948016541
25649,0.26008362606187,0.364930518701199,0.148849411910484,0.226136443326447
25650,0.111570457543103,0.12182720318943,0.514246408641544,0.252355930625923
25651,0.416734119180859,0.328200103105682,0.165699643936296,0.0893661337771638
25652,0.480264661530844,0.135290025126995,0.0883737053000236,0.296071608042138
25653,0.16160613229997,0.337452500185925,0.342622069366509,0.158319298147597
25654,0.081544126810015,0.507053830519781,0.257177795947773,0.154224246722431
25655,0.0940244062315833,0.08085884097117,0.676642914443911,0.148473838353336
25656,0.398316924250546,0.290178922153666,0.0952644317569573,0.21623972183883
25657,0.255388285531531,0.34853581920251,0.139004785187519,0.257071110078439
25658,0.368317439071431,0.372600141697558,0.0595390629160561,0.199543356314955
25659,0.495526503016189,0.125984589757835,0.222654493740712,0.155834413485265
25660,0.183498317754214,0.568286110817204,0.0905775615341288,0.157638009894454
25661,0.231436655606864,0.0771014532781201,0.361560095817356,0.32990179529766
25662,0.433651191644465,0.338558498329998,0.0360996500304165,0.19169065999512
25663,0.177281184463372,0.131613336468142,0.242350504383117,0.44875497468537
25664,0.0435554994733431,0.496191650036033,0.286685924762055,0.173566925728569
25665,0.0667680990525288,0.336131076467095,0.32861568751739,0.268485136962986
25666,0.185346932026953,0.16555895094588,0.260558964531829,0.388535152495337
25667,0.676902559864661,0.0624262476759193,0.100107312205577,0.160563880253842
25668,0.246885746732243,0.20829366550007,0.0791076742909966,0.46571291347669
25669,0.0668804371431857,0.486392289868597,0.15645005213662,0.290277220851597
25670,0.433941488901802,0.2980197303211,0.11909182347514,0.148946957301959
25671,0.231251981040887,0.399797657224415,0.261110424424025,0.107839937310674
25672,0.132568852143222,0.350916417604011,0.277873236171083,0.238641494081685
25673,0.150119259978533,0.476781387191147,0.166518508511353,0.206580844318967
25674,0.432998423567699,0.214128999177935,0.189680891264031,0.163191685990335
25675,0.319277567500882,0.163426955533881,0.363625152190804,0.153670324774433
25676,0.156798261986587,0.578219531635348,0.102456701296952,0.162525505081113
25677,0.478292545346589,0.293522614573838,0.0640010328162054,0.164183807263368
25678,0.179984340891764,0.33070708795017,0.325491675881442,0.163816895276623
25679,0.170369328788032,0.570301980761287,0.0922804258692153,0.167048264581465
25680,0.0932743547172206,0.623198097231552,0.178530923317552,0.104996624733675
25681,0.12845414217501,0.363016311760021,0.272448386104398,0.236081159960571
25682,0.279470408044671,0.243937226999408,0.235234163843406,0.241358201112516
25683,0.315304301149552,0.304754397522873,0.231651365637504,0.148289935690071
25684,0.0719092426013201,0.52349186321001,0.213696693924907,0.190902200263764
25685,0.231514936197461,0.384408315983145,0.169198050087943,0.214878697731452
25686,0.125257435457843,0.30480533083549,0.422532855816458,0.14740437789021
25687,0.185719779885929,0.58940412047129,0.114294521575905,0.110581578066877
25688,0.222047766304558,0.376322719103266,0.272209883090454,0.129419631501722
25689,0.607281964042534,0.0975635520764667,0.192795524645337,0.102358959235663
25690,0.174033310320975,0.476262896005057,0.235402924010153,0.114300869663815
25691,0.21917211786944,0.167088615975481,0.508890048179503,0.104849217975577
25692,0.409853674711029,0.25141188586711,0.159953185000609,0.178781254421252
25693,0.20341472162447,0.308896722539137,0.358578473705351,0.129110082131042
25694,0.365815368452684,0.149024507704785,0.3153932851394,0.169766838703131
25695,0.391322113449784,0.311835061625075,0.171953671894225,0.124889153030915
25696,0.187317700321017,0.402684162000421,0.324296202767078,0.0857019349114843
25697,0.122007272126544,0.287689274947628,0.493487157785628,0.0968162951402006
25698,0.214426598127396,0.340655739919534,0.327174667859929,0.117742994093141
25699,0.33414079085332,0.179866669806446,0.359007226078241,0.126985313261994
25700,0.293883829537559,0.225641726524972,0.37660800787019,0.103866436067279
25701,0.293467405396715,0.444303167858584,0.133895601508157,0.128333825236543
25702,0.163816997316769,0.258678468154401,0.489871969668993,0.0876325648598372
25703,0.30556107760514,0.341388712486825,0.227864984519736,0.125185225388299
25704,0.447618339380009,0.18720521201421,0.212021507495958,0.153154941109824
25705,0.100228177576733,0.268358441569883,0.472611813089278,0.158801567764106
25706,0.453248452551668,0.203984779044727,0.231677434289337,0.111089334114269
25707,0.384117600324395,0.308917748286534,0.164284741532342,0.142679909856729
25708,0.380690853345454,0.0536066339546972,0.469567955927361,0.0961345567724881
25709,0.333446931764717,0.223835175405728,0.32504340139915,0.117674491430405
25710,0.186462815354994,0.2539968952251,0.387238342710596,0.17230194670931
25711,0.385516264955177,0.17785998002842,0.340629459284625,0.0959942957317784
25712,0.409666971066488,0.228114775763748,0.244837137508471,0.117381115661293
25713,0.343757498997257,0.242271677795357,0.351369871712588,0.0626009514947977
25714,0.332898911039853,0.226842297428103,0.327694841137941,0.112563950394103
25715,0.34128429140172,0.295451739965166,0.273915116776702,0.0893488518564127
25716,0.328675009968257,0.225803388548414,0.325693110349208,0.119828491134122
25717,0.218568111554261,0.415844073918335,0.224362453948922,0.141225360578483
25718,0.425230303177899,0.202960941447653,0.211774072508906,0.160034682865542
25719,0.526436316017565,0.205417795081201,0.193134088350038,0.0750118005511954
25720,0.244410531067595,0.229413876170599,0.389262039020235,0.136913553741571
25721,0.308156132360302,0.201780641400933,0.40386593435867,0.0861972918800954
25722,0.186741422751014,0.333904264810371,0.2502644788727,0.229089833565915
25723,0.236858126473696,0.283421435648933,0.390793506074579,0.0889269318027922
25724,0.436504960752286,0.199537331728608,0.231623657742883,0.132334049776223
25725,0.252062536707095,0.242769068389845,0.369954022867762,0.135214372035298
25726,0.346121860167094,0.320707344531874,0.204268898729115,0.128901896571918
25727,0.144920196163053,0.242550360574494,0.487330490811435,0.125198952451017
25728,0.271407328763335,0.272323724747053,0.250936945290879,0.205332001198732
25729,0.314039198112848,0.193557155001833,0.381248424995546,0.111155221889773
25730,0.594925964856254,0.151953668646204,0.164407167022582,0.0887131994749603
25731,0.398050900455534,0.0759889280688157,0.351209617134791,0.17475055434086
25732,0.119474065706995,0.0941548611176323,0.678847306446363,0.10752376672901
25733,0.304112246839084,0.236276977754114,0.221043543568073,0.23856723183873
25734,0.31521449977553,0.286990498300662,0.275626527067903,0.122168474855906
25735,0.216547967794084,0.211504146743067,0.428001957476468,0.143945927986382
25736,0.359253163225233,0.201623350105394,0.301792351110148,0.137331135559225
25737,0.236479856811708,0.531169250631455,0.0621488273418889,0.170202065214948
25738,0.270524391169425,0.276997418250941,0.236683038794857,0.215795151784777
25739,0.191229042175088,0.136782998654136,0.520582985041698,0.151404974129078
25740,0.402334149803045,0.231012763724551,0.243713537941334,0.12293954853107
25741,0.353784749858705,0.404134181887088,0.0611524506890479,0.180928617565159
25742,0.139243977908796,0.510277128135359,0.188098473365771,0.162380420590074
25743,0.197758403977901,0.300984608391355,0.287362662080947,0.213894325549796
25744,0.346130562149323,0.372571165705924,0.115657897277917,0.165640374866835
25745,0.248292904021,0.328931301384886,0.278217148686058,0.144558645908055
25746,0.634828837083037,0.105070823873506,0.172076399755279,0.0880239392881781
25747,0.488566302639624,0.236320503098847,0.0856484409621674,0.189464753299362
25748,0.0978418925138779,0.544018959039608,0.131266607993343,0.226872540453172
25749,0.461847995321837,0.218063848827296,0.160373231561493,0.159714924289375
25750,0.270963854784049,0.158964119712976,0.436776625955757,0.133295399547218
25751,0.207582572195259,0.224612659352316,0.408235136102406,0.159569632350019
25752,0.295985035301516,0.191690708163095,0.290478115167065,0.221846141368325
25753,0.280530024671689,0.140102433387575,0.44229761176353,0.137069930177205
25754,0.566252995369788,0.0836943028327735,0.145994287101363,0.204058414696075
25755,0.273606029172898,0.146790023369831,0.34443363455478,0.235170312902492
25756,0.366300602288598,0.43716361714109,0.0854305661542415,0.11110521441607
25757,0.302730550789426,0.210828232532738,0.254375409278366,0.23206580739947
25758,0.26688146078495,0.124446695827497,0.387542560248645,0.221129283138908
25759,0.302371151802622,0.500953758341695,0.0773418491268934,0.11933324072879
25760,0.474334645817841,0.166885047919492,0.221345348040896,0.137434958221771
25761,0.209204143921283,0.354121102781918,0.177411033227811,0.259263720068989
25762,0.198255486734333,0.41768431315525,0.159915964910554,0.224144235199862
25763,0.31295726741655,0.199420227837229,0.276135646080265,0.211486858665956
25764,0.443643676285177,0.159799126129148,0.247446821050002,0.149110376535673
25765,0.372513909157228,0.133773900796693,0.280521044220607,0.213191145825472
25766,0.102826580566991,0.55482152206723,0.217509989647601,0.124841907718178
25767,0.452324287915007,0.261143628503985,0.103595944742344,0.182936138838664
25768,0.371030601173925,0.209730394972828,0.170821324567049,0.248417679286197
25769,0.375257516738624,0.282035794659144,0.1551605327463,0.187546155855932
25770,0.22567082619986,0.171606001957206,0.40089593474991,0.201827237093025
25771,0.115400834172506,0.372661617979418,0.314874021383157,0.197063526464918
25772,0.169520436757108,0.356725521189459,0.281845342842925,0.191908699210508
25773,0.447704288977011,0.160055112349782,0.138960234442298,0.253280364230909
25774,0.203355514496084,0.276483653957627,0.422841980130293,0.0973188514159968
25775,0.332306518878717,0.0946988353864873,0.46567955390368,0.107315091831116
25776,0.363222425210317,0.139203026627003,0.252519993876518,0.245054554286162
25777,0.147948570005371,0.142440925114517,0.570345370954928,0.139265133925184
25778,0.335295297091797,0.411061723955881,0.104466862109931,0.149176116842391
25779,0.348507176629296,0.310921168755654,0.120351776827715,0.220219877787336
25780,0.155476113934457,0.290572914266271,0.374294009302865,0.179656962496406
25781,0.459380839797134,0.251009379571806,0.0984366444378166,0.191173136193243
25782,0.183372593300126,0.51836161881287,0.0519331187756444,0.24633266911136
25783,0.36620316780077,0.222916270185775,0.27719542803842,0.133685133975035
25784,0.260399710476414,0.24550447823215,0.305045394080659,0.189050417210776
25785,0.168099941184525,0.23392022925036,0.324762056532413,0.273217773032701
25786,0.367624736465355,0.313384483519789,0.179454700448641,0.139536079566215
25787,0.151388481708764,0.385338849458278,0.34572169009079,0.117550978742168
25788,0.410474715070213,0.225691707329311,0.252882954112845,0.110950623487632
25789,0.467895935532723,0.139892072383443,0.26024300268173,0.131968989402105
25790,0.328345798047785,0.348115992289433,0.141862551439382,0.181675658223401
25791,0.167928232438988,0.36740602270082,0.283360368829006,0.181305376031186
25792,0.313146202896937,0.198746144348804,0.360418701005217,0.127688951749042
25793,0.170159474363494,0.43804392715129,0.202639702235038,0.189156896250177
25794,0.411971684587405,0.238310410819291,0.194770717183545,0.154947187409759
25795,0.16400295192797,0.404868030242484,0.280779783883809,0.150349233945737
25796,0.35017195971345,0.152833787051307,0.337466378124232,0.159527875111011
25797,0.286960831598273,0.369275711493393,0.170224709540292,0.173538747368042
25798,0.199365289444643,0.364496840045079,0.286046763152657,0.150091107357621
25799,0.286932024100902,0.139208881199505,0.385742882621362,0.188116212078231
25800,0.29961877188951,0.308021458779275,0.191326168072928,0.201033601258287
25801,0.230660029369121,0.258291455290245,0.334545231024799,0.176503284315836
25802,0.254526093604761,0.225491124427827,0.228030734667114,0.291952047300297
25803,0.490815721233428,0.264692496336716,0.132558754105692,0.111933028324164
25804,0.190896389730162,0.20842711676035,0.413155575654521,0.187520917854968
25805,0.310056829790735,0.402882403425328,0.173203906370136,0.113856860413802
25806,0.310528675570037,0.238088073220323,0.273222647019411,0.17816060419023
25807,0.175280320564438,0.543992171273852,0.164682738530625,0.116044769631085
25808,0.335661926174357,0.319700340120373,0.166576587534744,0.178061146170526
25809,0.173237664182821,0.171545152822472,0.455210575994039,0.200006607000668
25810,0.3295919873857,0.14080700595596,0.362627273220595,0.166973733437745
25811,0.253907947359618,0.454755820093072,0.176402756233299,0.11493347631401
25812,0.192510798612368,0.146520750380934,0.479596193229939,0.181372257776759
25813,0.566844806766255,0.203373755896701,0.137873279801802,0.0919081575352411
25814,0.160894281947319,0.410186810355087,0.26537645279688,0.163542454900714
25815,0.24337680263231,0.420177758814799,0.23261358683699,0.1038318517159
25816,0.14444146713759,0.406084278321138,0.35025445552915,0.0992197990121226
25817,0.271107149214987,0.13625351305264,0.338495149229839,0.254144188502535
25818,0.204187773214519,0.491233790811131,0.185327409611275,0.119251026363075
25819,0.40409967158471,0.237749855310553,0.192977461221047,0.165173011883691
25820,0.215303133926619,0.225371036360913,0.315289397964857,0.244036431747611
25821,0.333247762138966,0.0993512537472865,0.438338538998786,0.129062445114961
25822,0.218683857521349,0.216067163911477,0.445413649291517,0.119835329275657
25823,0.300961117943863,0.263366872047845,0.247031140511871,0.188640869496421
25824,0.404833833373747,0.186783365708202,0.268550011034948,0.139832789883103
25825,0.085215213004771,0.381961382296697,0.440552556776047,0.0922708479224853
25826,0.331841385451754,0.293027032182258,0.209134898994028,0.165996683371959
25827,0.279480448246803,0.309358026805624,0.27853501781953,0.132626507128044
25828,0.380003133648101,0.405655066401139,0.114535014076928,0.0998067858738308
25829,0.288612840498447,0.426530170283399,0.119275127996938,0.165581861221216
25830,0.197372786459294,0.394837667746792,0.313061647490719,0.0947278983031955
25831,0.222708267961386,0.208864559066942,0.36763917176081,0.200788001210862
25832,0.12941922278806,0.286788471143949,0.358097941932643,0.225694364135349
25833,0.223859973092687,0.23301599453936,0.423036912602012,0.120087119765942
25834,0.380740643379159,0.170090713681355,0.329569210357712,0.119599432581773
25835,0.262064050922268,0.137486061545414,0.434419731218886,0.166030156313432
25836,0.122096538751639,0.203406553686353,0.556872496936471,0.117624410625536
25837,0.311713684182659,0.256502148291699,0.338944793824887,0.0928393737007559
25838,0.301476572723429,0.446987020974065,0.0997213732381723,0.151815033064334
25839,0.56918567706379,0.236474558889709,0.116109371147562,0.078230392898939
25840,0.181786646300902,0.340301659944833,0.340028183292949,0.137883510461317
25841,0.230088029957439,0.168053936255226,0.407679921823547,0.194178111963789
25842,0.327467000866909,0.327563692309979,0.217959047761541,0.12701025906157
25843,0.395568788716072,0.383386748148846,0.107508818272667,0.113535644862414
25844,0.560403952499055,0.0845090991563262,0.218073165982923,0.137013782361696
25845,0.17942193261838,0.397596628634335,0.336502258950825,0.0864791797964601
25846,0.313479355779629,0.181491373131416,0.296910589804675,0.20811868128428
25847,0.442844672766015,0.130377236823778,0.182195916100491,0.244582174309716
25848,0.189470060804674,0.466763198755815,0.128214239695386,0.215552500744126
25849,0.327105304576687,0.228819510714214,0.361875797112518,0.0821993875965812
25850,0.239557391564212,0.229061548355741,0.408170187388328,0.123210872691719
25851,0.47569910009702,0.245166469687323,0.15534340831485,0.123791021900807
25852,0.26155071992455,0.273112179171902,0.264330878626167,0.20100622227738
25853,0.176379357969938,0.367875145106692,0.347244456024057,0.108501040899314
25854,0.377070804361913,0.234616292101347,0.134718509045803,0.253594394490937
25855,0.411347692340812,0.155935328357113,0.224598863928279,0.208118115373796
25856,0.481396189930604,0.252077017430691,0.0958078950780877,0.170718897560618
25857,0.153794651563097,0.194412100001858,0.34495778984589,0.306835458589155
25858,0.201260230667838,0.315758482953673,0.281941942968643,0.201039343409846
25859,0.312807186155455,0.14057608797707,0.292864116709159,0.253752609158316
25860,0.354815749332466,0.160630299784128,0.206751954194537,0.27780199668887
25861,0.240108690735235,0.16791800054501,0.404675787305866,0.18729752141389
25862,0.285378926441876,0.0966103980569428,0.412341201849549,0.205669473651633
25863,0.148468587803555,0.0733384139528359,0.636638715759562,0.141554282484047
25864,0.499176260704452,0.158487737908107,0.172900722151095,0.169435279236346
25865,0.141768268298317,0.353667220665519,0.340124443129197,0.164440067906967
25866,0.223116149731542,0.210762755108842,0.363173323993259,0.202947771166357
25867,0.188526744335451,0.38048079063071,0.267793717870497,0.163198747163342
25868,0.190907725624742,0.38865385699855,0.206218083055821,0.214220334320887
25869,0.0817531006795628,0.319414076447417,0.322151363634618,0.276681459238402
25870,0.25409723096181,0.12397028958867,0.267874412571802,0.354058066877719
25871,0.0670007266728508,0.24456328091847,0.518128621213668,0.170307371195011
25872,0.144957652982924,0.213575505928446,0.487584928253633,0.153881912834997
25873,0.137576925403398,0.168081279849001,0.377233370868461,0.31710842387914
25874,0.393757683990303,0.100401102890985,0.288068164021209,0.217773049097504
25875,0.255903484819998,0.224328618238654,0.331997889534026,0.187770007407322
25876,0.545119870572138,0.0617450623561699,0.21283394939763,0.180301117674062
25877,0.432948305471159,0.0981145879765421,0.185413394144778,0.283523712407522
25878,0.344377738824955,0.135334165045223,0.295524498038003,0.224763598091819
25879,0.175775601127575,0.447086071562214,0.152219496208309,0.224918831101901
25880,0.199137153809646,0.557734084433437,0.111073416515742,0.132055345241176
25881,0.352844842438948,0.337377770341048,0.218400625920177,0.091376761299827
25882,0.291508111137086,0.293361516976686,0.241833668213354,0.173296703672874
25883,0.493326875537079,0.19155335497219,0.122582827109034,0.192536942381697
25884,0.176576492478113,0.371174167385114,0.317131436744958,0.135117903391815
25885,0.251246047505629,0.205414764608044,0.300839968095914,0.242499219790413
25886,0.0983295208192317,0.490432582667127,0.247607233044321,0.16363066346932
25887,0.343831641834729,0.195338059844004,0.29373454443256,0.167095753888708
25888,0.406247051461285,0.189948161395893,0.209991269133978,0.193813518008844
25889,0.224411087180782,0.258121323861046,0.309717510853679,0.207750078104492
25890,0.509186775922573,0.202318030025191,0.131364004345632,0.157131189706604
25891,0.211824441500044,0.165002739900458,0.51534541571897,0.107827402880528
25892,0.199784751241509,0.313634460624103,0.32168112672283,0.164899661411558
25893,0.291022246210688,0.38993193264412,0.168727346655278,0.150318474489915
25894,0.432312019784133,0.365586944681162,0.0652330392556366,0.136867996279068
25895,0.370187068668958,0.158438897371709,0.307131315813586,0.164242718145747
25896,0.175270168424217,0.244997122810749,0.404823892992584,0.174908815772451
25897,0.190920672645216,0.400895387457817,0.291455365234287,0.116728574662681
25898,0.330372020374752,0.347170228190374,0.245729932123536,0.076727819311338
25899,0.168610173420343,0.458707946481837,0.188673493139594,0.184008386958227
25900,0.192846566963234,0.271334707404703,0.345401188436146,0.190417537195917
25901,0.290788509205238,0.23963577168842,0.331465977783969,0.138109741322374
25902,0.157898717831642,0.334765208377609,0.384244671585152,0.123091402205598
25903,0.237087166105049,0.260724162243171,0.376404802496389,0.125783869155391
25904,0.0817456489316037,0.354441408088141,0.450477633607851,0.113335309372404
25905,0.187872183832908,0.354421301649078,0.350694450996975,0.10701206352104
25906,0.279100263314306,0.487586623331899,0.155710468907193,0.0776026444466026
25907,0.257598277844917,0.396868371528304,0.245625405670164,0.0999079449566151
25908,0.293995750104809,0.159345029699967,0.368466958233675,0.17819226196155
25909,0.447617481394531,0.246112447338313,0.15753055639309,0.148739514874066
25910,0.0716282742690463,0.337574849740458,0.462692638197474,0.128104237793022
25911,0.3809873531622,0.173010622753024,0.322378186312718,0.123623837772059
25912,0.331194947209438,0.390943945757212,0.178392925043918,0.0994681819894319
25913,0.146700432638338,0.298992770077544,0.38213299884812,0.172173798435999
25914,0.281549848731769,0.192160665810927,0.43732537158026,0.0889641138770448
25915,0.349062726300473,0.185179515667102,0.36166063161459,0.104097126417835
25916,0.201899054936881,0.469844883510539,0.185840676289812,0.142415385262768
25917,0.310049588999124,0.41056736006103,0.0989960917520145,0.180386959187831
25918,0.193576724308185,0.261410812728808,0.300011478555831,0.245000984407176
25919,0.368979772506374,0.0546776123724357,0.276777140202082,0.299565474919108
25920,0.323426770497239,0.396323865886469,0.1199178894099,0.160331474206392
25921,0.0793765096976551,0.0913138120984678,0.631646919628615,0.197662758575263
25922,0.0977763979604393,0.0889499924289589,0.480803261545933,0.332470348064669
25923,0.320566296686072,0.196023158948285,0.146487489096987,0.336923055268656
25924,0.653890949763532,0.0999180374831829,0.103706424578044,0.142484588175242
25925,0.181035346663009,0.10636261847757,0.518400798683461,0.194201236175959
25926,0.403597643582111,0.418037695993146,0.0675038852129211,0.110860775211822
25927,0.204809620300994,0.424708805382183,0.17713267465693,0.193348899659893
25928,0.188115121041524,0.416683056341496,0.285795719001312,0.109406103615669
25929,0.0795172207099966,0.449701588773,0.144572130103485,0.326209060413518
25930,0.254983409872856,0.272897534474061,0.341667431698259,0.130451623954825
25931,0.0638216197088879,0.0678400442728014,0.730981580608682,0.137356755409628
25932,0.104824213104173,0.425895271305816,0.188413384501594,0.280867131088416
25933,0.130426768346477,0.145860375174472,0.46035539728672,0.263357459192332
25934,0.0886153896007771,0.0587016520315039,0.585718256422944,0.266964701944775
25935,0.284135461812182,0.294750703078191,0.194033876942183,0.227079958167443
25936,0.355410242863104,0.0891713739382192,0.412646660950671,0.142771722248006
25937,0.616844627701989,0.0924700088128037,0.0989066065284045,0.191778756956803
25938,0.0956997260227207,0.532936728652387,0.132277532089996,0.239086013234896
25939,0.201128092909676,0.12769939074521,0.421676800128985,0.249495716216129
25940,0.118568225384157,0.318369990290694,0.203645527431829,0.359416256893319
25941,0.138420831216586,0.352450871904135,0.390910390552752,0.118217906326527
25942,0.141565830457641,0.30284245823561,0.369547461243633,0.186044250063116
25943,0.0987485676698069,0.386037805049757,0.300565903730997,0.214647723549439
25944,0.30143053579443,0.235024933700083,0.155251496256586,0.308293034248902
25945,0.289801546816158,0.18303841006647,0.312893417548204,0.214266625569167
25946,0.363143656730936,0.239746132389507,0.158748100539195,0.238362110340363
25947,0.340384834792025,0.271282186892318,0.241048054871285,0.147284923444372
25948,0.100508799221695,0.225133179727948,0.269050447226235,0.405307573824121
25949,0.0974945518707896,0.313840804477774,0.359271003635782,0.229393640015655
25950,0.543980880720036,0.120216216343811,0.162660409929462,0.173142493006691
25951,0.168311708573813,0.257225156120248,0.404984961490707,0.169478173815232
25952,0.0760901605684822,0.148160427691722,0.528526512244865,0.247222899494931
25953,0.426936385328898,0.194493616177913,0.186273994964504,0.192296003528685
25954,0.623004153276986,0.0485173069493347,0.0566299635220169,0.271848576251663
25955,0.134127457598917,0.467495164465516,0.229847595650013,0.168529782285553
25956,0.226998633067757,0.269269870187123,0.399459011623759,0.104272485121361
25957,0.541293253899235,0.272818219540123,0.0731314202944073,0.112757106266235
25958,0.36009123782817,0.327106101339666,0.195700167270079,0.117102493562085
25959,0.114488885546443,0.258915685291976,0.461191810687197,0.165403618474385
25960,0.35871062762084,0.385927873195663,0.140043989608143,0.115317509575354
25961,0.317684866056824,0.110361598387376,0.462664975747316,0.109288559808484
25962,0.577079008373526,0.228588380398236,0.0789386186442493,0.115393992583989
25963,0.134703743319214,0.429896017592833,0.349782247110928,0.0856179919770254
25964,0.370253565981278,0.304503240765768,0.122279062437827,0.202964130815126
25965,0.323791216959264,0.166942206299882,0.392030440535925,0.117236136204929
25966,0.258121995052123,0.154232647727025,0.437320435016008,0.150324922204845
25967,0.362186688360794,0.23424519833832,0.189875709459743,0.213692403841143
25968,0.290897933912711,0.341172931110167,0.224665856911444,0.143263278065678
25969,0.0787697705509214,0.422922372857004,0.373831015567017,0.124476841025058
25970,0.340568131434067,0.315595112420326,0.239714078446766,0.10412267769884
25971,0.359291468639445,0.284320840790903,0.243784083553769,0.112603607015883
25972,0.277614719899762,0.356379409661934,0.19960749515785,0.166398375280454
25973,0.188722016316343,0.291149385871031,0.369932140372107,0.150196457440519
25974,0.434632530264916,0.11552123393121,0.221640354916232,0.228205880887641
25975,0.0775826744637494,0.42519101692671,0.289481794598822,0.207744514010719
25976,0.0979404064565567,0.299993982031518,0.214947333570482,0.387118277941443
25977,0.41093033570321,0.098645685425191,0.368923484089175,0.121500494782424
25978,0.261576327651702,0.463507852981975,0.189042771425343,0.0858730479409803
25979,0.628486831875443,0.0666888081956671,0.127766824471469,0.177057535457422
25980,0.12217228803725,0.389606563730042,0.374188038832489,0.11403310940022
25981,0.428149682118734,0.141773352667673,0.298120691999596,0.131956273213997
25982,0.138229152837569,0.0567793967424581,0.632696572096515,0.172294878323458
25983,0.463193586903865,0.148244004653109,0.228729890916598,0.159832517526428
25984,0.357555225182454,0.102047805309979,0.327443438386363,0.212953531121203
25985,0.252167700298818,0.166928483600872,0.0841303023098619,0.496773513790448
25986,0.478210827846875,0.0699758531182549,0.224830021851866,0.226983297183005
25987,0.0856559612406227,0.102950909069757,0.649167366051243,0.162225763638377
25988,0.0819244421385391,0.362102497638916,0.411176250646798,0.144796809575747
25989,0.0884257836513174,0.159973873321849,0.209728947440774,0.541871395586059
25990,0.065226190128021,0.123548648701942,0.558683739982983,0.252541421187054
25991,0.307319149128685,0.116777527200123,0.213017688036241,0.362885635634952
25992,0.0558580747639706,0.304721180390464,0.482450242489766,0.156970502355799
25993,0.253348537820644,0.325622552082478,0.122270455429773,0.298758454667105
25994,0.208726751160823,0.125420787777796,0.213729815347695,0.452122645713686
25995,0.27177758324619,0.385710878554696,0.165600849697409,0.176910688501705
25996,0.336017827549209,0.162584867799681,0.362282739116066,0.139114565535044
25997,0.418438020771055,0.197404552360744,0.189323628715364,0.194833798152838
25998,0.377117468794274,0.230310627270201,0.220887519258896,0.17168438467663
25999,0.217358721404318,0.2756925787797,0.394839041559268,0.112109658256713
26000,0.152301055848592,0.468201992119302,0.199342576153209,0.180154375878898
26001,0.279559705477993,0.417227086545378,0.148796136089295,0.154417071887334
26002,0.438959312492182,0.197965651508604,0.256897597641203,0.10617743835801
26003,0.370222586551128,0.157720032155969,0.209709839560545,0.262347541732358
26004,0.0923457076172926,0.480551132774322,0.173270142495875,0.25383301711251
26005,0.131886429610407,0.235248960030588,0.41117053699776,0.221694073361244
26006,0.24173924124163,0.284418535463864,0.223882770359322,0.249959452935183
26007,0.372065081061522,0.365889080702697,0.128693275739602,0.133352562496179
26008,0.168121801338563,0.0565718704837738,0.631602794244764,0.143703533932899
26009,0.198567445309895,0.520147489309843,0.159883723138585,0.121401342241677
26010,0.303037630288423,0.25454922161386,0.226504143930549,0.215909004167168
26011,0.618442640447468,0.115611143130934,0.100383656483602,0.165562559937996
26012,0.255482005392519,0.242574157378305,0.305689253935944,0.196254583293231
26013,0.164233157938936,0.231788374721508,0.31953899040444,0.284439476935116
26014,0.365898966695811,0.314122640903237,0.176108658155529,0.143869734245423
26015,0.144862595937078,0.390147272203175,0.345129290614283,0.119860841245465
26016,0.415018341415817,0.22183767663588,0.248564591340329,0.114579390607974
26017,0.468808103976167,0.136262943931381,0.258916427148045,0.136012524944407
26018,0.328983928745926,0.343903509485759,0.137209606417726,0.189902955350589
26019,0.160591337585467,0.379719498736335,0.270980168063725,0.188708995614473
26020,0.309618323319014,0.193752640359301,0.363984342676854,0.132644693644832
26021,0.165960663771721,0.442581401197095,0.194869099986043,0.196588835045141
26022,0.411842105348884,0.239922891533987,0.186635940722953,0.161599062394176
26023,0.15979011740757,0.402909600794587,0.283393936562344,0.153906345235499
26024,0.345785429308249,0.14466149055622,0.345209151653596,0.164343928481934
26025,0.283897776892894,0.373152189070074,0.162568164969594,0.180381869067437
26026,0.199333010499567,0.361874642795577,0.280008255209442,0.158784091495414
26027,0.280662339638593,0.132376498141799,0.393635992877963,0.193325169341645
26028,0.30073714485883,0.300564615992877,0.186694383125548,0.212003856022746
26029,0.227723583933574,0.258628447897181,0.327963276809529,0.185684691359716
26030,0.25279372422222,0.222381233411793,0.220174078939938,0.304650963426049
26031,0.269175052948439,0.280766493192045,0.267128250712259,0.182930203147256
26032,0.42758274542682,0.260634212339484,0.225920871865156,0.0858621703685392
26033,0.368861385146412,0.37842750282749,0.125031966709022,0.127679145317076
26034,0.199359842594274,0.115280838340062,0.47964886944823,0.205710449617434
26035,0.416225389886252,0.118902911406545,0.314837309529782,0.15003438917742
26036,0.369164900692829,0.0831138028810866,0.423973698115351,0.123747598310733
26037,0.178748314314828,0.632770002377027,0.104209120098057,0.0842725632100885
26038,0.108197920618511,0.432418978982916,0.268394126645844,0.190988973752729
26039,0.424127143349354,0.147056580712416,0.292952924218205,0.135863351720025
26040,0.162556886549749,0.195861058908303,0.514934821915025,0.126647232626924
26041,0.350814462541207,0.238660784565625,0.228647891797816,0.181876861095352
26042,0.24382468113229,0.329370665045559,0.19759116496895,0.229213488853201
26043,0.187141269620278,0.206451603318641,0.478771541884043,0.127635585177039
26044,0.517925433039218,0.208624989710357,0.160364703916318,0.113084873334107
26045,0.253730874178216,0.487843298469917,0.148476764602835,0.109949062749032
26046,0.254306207996347,0.287757043161259,0.279581508844061,0.178355239998333
26047,0.29774887592807,0.119818053093524,0.421304294763614,0.161128776214792
26048,0.189736802883017,0.289806286745128,0.362770292530853,0.157686617841003
26049,0.214459619634588,0.223363864018653,0.410416653436319,0.151759862910441
26050,0.266563051150609,0.19255567449404,0.430956561480364,0.109924712874987
26051,0.249589726066548,0.359283478807341,0.219101536590601,0.172025258535509
26052,0.218087572287766,0.260816503894053,0.302262286945801,0.21883363687238
26053,0.216111723883728,0.363262535458387,0.280952004665289,0.139673735992595
26054,0.248129138992936,0.333525715375497,0.217897287496089,0.200447858135478
26055,0.410259746306428,0.253475888152161,0.166962259516153,0.169302106025258
26056,0.385041165393669,0.174897424610267,0.255783984916342,0.184277425079722
26057,0.386837859776314,0.201174140190959,0.289566392054129,0.122421607978599
26058,0.220650382132786,0.460187699576808,0.174662139696778,0.144499778593628
26059,0.476343180006628,0.247006787023068,0.209736941438893,0.0669130915314102
26060,0.485431169697179,0.247040643451373,0.165306839412561,0.102221347438887
26061,0.309631036800431,0.24064025194359,0.254664915609279,0.1950637956467
26062,0.323749158814375,0.209025831777258,0.346768459788303,0.120456549620064
26063,0.532528352237922,0.0963822416787145,0.25354121432186,0.117548191761503
26064,0.255724789446064,0.201741514801138,0.385289950251636,0.157243745501161
26065,0.549471267395639,0.196428377858023,0.143875462243128,0.11022489250321
26066,0.292279620261805,0.385026874397032,0.171145209919053,0.151548295422111
26067,0.305821512637279,0.327130467462544,0.235309857667543,0.131738162232634
26068,0.218758989043156,0.46546859774904,0.206331679651883,0.109440733555921
26069,0.134683845659995,0.149924050665284,0.581375530478578,0.134016573196143
26070,0.382710801822362,0.244489428137255,0.166068631307085,0.206731138733297
26071,0.38448679816999,0.140145653358242,0.274635526819131,0.200732021652638
26072,0.256409116676662,0.252457312709216,0.348035152811515,0.143098417802607
26073,0.278940717268471,0.355391040874794,0.197710207049568,0.167958034807167
26074,0.207048021275275,0.241233418819779,0.422707598764096,0.12901096114085
26075,0.21135522743443,0.315368002708077,0.314074957635313,0.159201812222179
26076,0.277249157632277,0.109434278524887,0.47332039520017,0.139996168642666
26077,0.131226592336878,0.503682705459241,0.256591813682174,0.108498888521707
26078,0.16691768386822,0.236790047384421,0.524415846972673,0.0718764217746854
26079,0.192519313008871,0.226550065631279,0.350615846808742,0.230314774551107
26080,0.199080184988387,0.505019553515209,0.182361318279281,0.113538943217124
26081,0.206904018619545,0.207070550140395,0.485179655216471,0.100845776023589
26082,0.308901645040948,0.178463855651668,0.385470489115761,0.127164010191623
26083,0.268049498665977,0.258348048273133,0.255621017429575,0.217981435631314
26084,0.125153679885629,0.352095075295245,0.341627486117655,0.181123758701471
26085,0.301164482469246,0.296511682485538,0.2960532428576,0.106270592187615
26086,0.396624581619867,0.174914149589202,0.250758171686841,0.17770309710409
26087,0.187520340848713,0.349901942341867,0.349664401432481,0.11291331537694
26088,0.134404630192403,0.231211815660919,0.243942943025481,0.390440611121197
26089,0.268108249279379,0.135023567721172,0.223602359768716,0.373265823230733
26090,0.355101294849693,0.0388001271453898,0.399016527224572,0.207082050780345
26091,0.0697419937449416,0.0601000261026804,0.627726293845718,0.24243168630666
26092,0.202918218941314,0.25175797522886,0.0258048939735144,0.519518911856312
26093,0.418414537161062,0.225178942295704,0.0460106787553547,0.310395841787879
26094,0.275146990800758,0.0477243229109165,0.163537306134728,0.513591380153598
26095,0.0650420274424599,0.237799231369065,0.25396697389766,0.443191767290816
26096,0.559708347529912,0.12309090515081,0.141530099939443,0.175670647379835
26097,0.0421180773896183,0.561145616069045,0.0857272253324329,0.311009081208904
26098,0.648336101629442,0.102653765417242,0.075390334834831,0.173619798118486
26099,0.121577471528303,0.319202731628805,0.120671325277067,0.438548471565825
26100,0.521531049064921,0.123271837346602,0.181942601532029,0.173254512056447
26101,0.463593198221981,0.355082743987709,0.0230959829825124,0.158228074807798
26102,0.128189084422761,0.12704309730572,0.170978902915716,0.573788915355804
26103,0.0403202320445517,0.488419964972762,0.222816462094149,0.248443340888538
26104,0.073236352693798,0.16484867050418,0.194161162810443,0.567753813991579
26105,0.392817299636308,0.125585565117397,0.0751690265585576,0.406428108687737
26106,0.0310970268089387,0.523383966926225,0.155020508137771,0.290498498127066
26107,0.303173091204243,0.445973844800883,0.178221128421944,0.0726319355729303
26108,0.300961797995294,0.191240121625943,0.343297756737628,0.164500323641136
26109,0.280772961783576,0.26256213217528,0.319032817534741,0.137632088506403
26110,0.42112452292627,0.162090470974284,0.256761300180749,0.160023705918698
26111,0.202282379492478,0.11501269755307,0.542416277025773,0.140288645928679
26112,0.132219958369172,0.561803151631664,0.170535167694453,0.135441722304712
26113,0.426354303860857,0.260860167165279,0.134740920655598,0.178044608318266
26114,0.307884763459847,0.354259677831141,0.246596201911977,0.091259356797035
26115,0.217134527974187,0.125775515158513,0.547494433367496,0.109595523499804
26116,0.142067872673653,0.234367197376851,0.445330052104322,0.178234877845174
26117,0.416524762448613,0.218234656694696,0.197229140680368,0.168011440176322
26118,0.371701661625441,0.256565242033172,0.194920840589519,0.176812255751868
26119,0.224025579532859,0.541324100680854,0.101943190960842,0.132707128825444
26120,0.25207430856926,0.415227185867972,0.20921058373246,0.123487921830308
26121,0.45790466109021,0.0817341654461893,0.284941300993531,0.17541987247007
26122,0.180694792788426,0.286958731836389,0.36302779239093,0.169318682984255
26123,0.231211408398413,0.210940470790636,0.393585026305812,0.164263094505139
26124,0.290622446713618,0.152405651786969,0.379770654807522,0.177201246691892
26125,0.435504913673694,0.156765887537267,0.316231814655809,0.0914973841332304
26126,0.603081273180453,0.0803049914894192,0.169958640319691,0.146655095010437
26127,0.520459329319923,0.256926397933599,0.133888819661991,0.0887254530844875
26128,0.285537951539346,0.194605345330204,0.19505434279671,0.324802360333739
26129,0.234257690563989,0.301426295780835,0.311481722552752,0.152834291102424
26130,0.301112023781425,0.223216120330689,0.152558440866915,0.32311341502097
26131,0.355953416134135,0.111790606032828,0.315514802925413,0.216741174907625
26132,0.269343222866591,0.100695126726234,0.398444103336369,0.231517547070807
26133,0.15996672965598,0.425598441525857,0.27392185087501,0.140512977943153
26134,0.27421583431723,0.455246865570573,0.132744333570379,0.137792966541818
26135,0.17020757912736,0.272365617842919,0.360892440229066,0.196534362800655
26136,0.365884943836794,0.286232499638516,0.176669344845787,0.171213211678903
26137,0.203732733778757,0.388975600305813,0.18229691116523,0.224994754750199
26138,0.259357251053453,0.284505036654718,0.156718024901231,0.299419687390598
26139,0.257018176745705,0.445753619750675,0.098414989490149,0.198813214013471
26140,0.183834053135404,0.0894830733778603,0.522157078135062,0.204525795351674
26141,0.25473198506256,0.251763228322172,0.224376264598538,0.26912852201673
26142,0.114390008795859,0.460394883747783,0.23156856078489,0.193646546671468
26143,0.172223306485979,0.33757710985615,0.322720487646969,0.167479096010902
26144,0.0950833737145055,0.16631281023076,0.511330771228646,0.227273044826089
26145,0.40702797389153,0.119052879967857,0.286774256221081,0.187144889919532
26146,0.200908452361125,0.162056244638244,0.546994452251518,0.090040850749113
26147,0.356106012307389,0.273349705077294,0.22453670478879,0.146007577826527
26148,0.392036540545246,0.220684454051543,0.270272103527765,0.117006901875446
26149,0.112272596229629,0.556722640695821,0.231479872220007,0.0995248908545432
26150,0.269735085717801,0.228425321355244,0.275299521556818,0.226540071370137
26151,0.323401843044497,0.362052577291385,0.215970071548989,0.0985755081151296
26152,0.121669324760715,0.47117696100954,0.236175934949412,0.170977779280333
26153,0.193775800764631,0.177258685751015,0.517310839303468,0.111654674180886
26154,0.228161070601841,0.168905508921475,0.404552984804224,0.198380435672461
26155,0.083673455108201,0.542636156901148,0.253077598430566,0.120612789560086
26156,0.334329082513274,0.299018295849364,0.25052479221066,0.116127829426701
26157,0.250935300838977,0.297014234580906,0.361800123137266,0.0902503414428516
26158,0.483268718113112,0.246234127040376,0.153978642807841,0.116518512038672
26159,0.275638871865355,0.179691725068789,0.39983814090513,0.144831262160726
26160,0.291370383907581,0.253723081737131,0.307216096312381,0.147690438042907
26161,0.202648774813405,0.370802880455367,0.300734690316836,0.125813654414392
26162,0.387655474422241,0.0851125010945534,0.394213384726355,0.133018639756851
26163,0.454475166245939,0.135189711573388,0.232609352900893,0.17772576927978
26164,0.138005514605806,0.288861908988198,0.416046878021214,0.157085698384782
26165,0.332187467495333,0.239413045197506,0.256202169132438,0.172197318174724
26166,0.260560855867313,0.124457466096328,0.492760241386758,0.122221436649601
26167,0.269022191567919,0.243585684107077,0.247611170220031,0.239780954104974
26168,0.133881989824327,0.357695456221605,0.391548730360368,0.1168738235937
26169,0.513938597651756,0.0764439896433871,0.287055516090362,0.122561896614495
26170,0.143669580769417,0.367533113264741,0.335541841827844,0.153255464137998
26171,0.210591361215037,0.171361262689834,0.532704665486821,0.0853427106083071
26172,0.248140438760185,0.317852333097594,0.280720065908885,0.153287162233336
26173,0.131660350332532,0.33279174766402,0.400819970934187,0.134727931069261
26174,0.18127433318083,0.323209366644182,0.310994494144755,0.184521806030234
26175,0.167366172198,0.65155991409958,0.0451522260134607,0.135921687688959
26176,0.275702943834791,0.133367913087004,0.439348897182697,0.151580245895508
26177,0.0851716507415766,0.117144851174593,0.55868206422417,0.23900143385966
26178,0.0956797593243862,0.391974163448037,0.265583112398247,0.24676296482933
26179,0.486586986087507,0.238160235692002,0.0986781654180998,0.176574612802391
26180,0.270164959467007,0.347296495873069,0.168678418082654,0.21386012657727
26181,0.300059522444337,0.188406811088858,0.306323877369628,0.205209789097177
26182,0.0707549530401391,0.47174680663061,0.236594225139869,0.220904015189382
26183,0.201270086251104,0.266323872983208,0.453777493949761,0.0786285468159277
26184,0.105614996490712,0.247655772662364,0.402579182344767,0.244150048502157
26185,0.436288250334705,0.356566624250967,0.102120322776118,0.10502480263821
26186,0.170806327143516,0.21871892433305,0.457234457596361,0.153240290927073
26187,0.457587181733952,0.263709451092963,0.126098670159877,0.152604697013209
26188,0.185997122963441,0.27382339055852,0.423800925220584,0.116378561257456
26189,0.366567698766495,0.187743301393901,0.262053476917186,0.183635522922419
26190,0.404900881508714,0.290586333860614,0.142062471252663,0.162450313378009
26191,0.343021769443209,0.299915633647061,0.20487196407632,0.15219063283341
26192,0.155165151433363,0.128452200820119,0.592152052222497,0.124230595524021
26193,0.243606901410713,0.252446256564279,0.398334589328056,0.105612252696953
26194,0.289386191650794,0.471009513630183,0.121981539797995,0.117622754921028
26195,0.172899700465011,0.362314766955197,0.327195448891285,0.137590083688507
26196,0.28559627285763,0.12318360511802,0.482860439356774,0.108359682667576
26197,0.221502859183167,0.354957225643063,0.213093298916807,0.210446616256962
26198,0.250952672807356,0.6058819266588,0.0797357675473215,0.0634296329865226
26199,0.408264529492015,0.201992104387702,0.190574390780034,0.199168975340249
26200,0.169707745250917,0.26216060876142,0.346592703961432,0.22153894202623
26201,0.612156236865103,0.17406497893493,0.0827710777794118,0.131007706420555
26202,0.447318140464348,0.148047075549887,0.288159110858602,0.116475673127163
26203,0.398494741530775,0.332283191395347,0.138994174194958,0.130227892878919
26204,0.331017651492392,0.257282830769844,0.246849684831,0.164849832906764
26205,0.199936110680494,0.342452201369833,0.310095591373165,0.147516096576508
26206,0.367826810967177,0.191969794581694,0.172905019760453,0.267298374690675
26207,0.314110510916724,0.280160589937771,0.258233881248108,0.147495017897397
26208,0.419009904520425,0.162811390429519,0.261077942089878,0.157100762960178
26209,0.376964968014116,0.495988086030524,0.0400665599271942,0.0869803860281658
26210,0.556451646893739,0.177249408002403,0.135202261598451,0.131096683505407
26211,0.374041624190019,0.393358513349237,0.150955400865583,0.0816444615951613
26212,0.267976701070044,0.383453839019214,0.242984588228825,0.105584871681918
26213,0.467511682305339,0.256486187147144,0.149097273181213,0.126904857366304
26214,0.175192536461013,0.194057792015455,0.436752696561267,0.193996974962264
26215,0.254306886464434,0.409738399622275,0.141369574439068,0.194585139474222
26216,0.234038870752735,0.211309557858669,0.44721690253162,0.107434668856976
26217,0.314121605034661,0.173499972383646,0.302045365847036,0.210333056734657
26218,0.161725223526417,0.491871801722264,0.262147567162625,0.0842554075886951
26219,0.295904835093611,0.14759296025239,0.315396781944253,0.241105422709747
26220,0.185637573965729,0.291439425771301,0.421773002792104,0.101149997470867
26221,0.164496138955566,0.188796115024217,0.503261802333145,0.143445943687072
26222,0.590590821765094,0.0865736875542337,0.219802758078568,0.103032732602104
26223,0.173116780269809,0.44136618686177,0.273204947470424,0.112312085397997
26224,0.282433839101402,0.113639425402475,0.461417597382548,0.142509138113575
26225,0.127758872256891,0.159179939147023,0.57920388758969,0.133857301006396
26226,0.328412078121561,0.458964945633527,0.0855847383590643,0.127038237885847
26227,0.214355599954668,0.3360579218041,0.261450924342503,0.188135553898728
26228,0.265372602595857,0.202826097390936,0.399521079741343,0.132280220271864
26229,0.250695479989154,0.274596546674733,0.180565697218284,0.29414227611783
26230,0.0848452078883371,0.563478539778945,0.231708394792899,0.119967857539819
26231,0.355180751563273,0.141041248353698,0.325850377182847,0.177927622900182
26232,0.333921403428726,0.232905270709151,0.261429234602397,0.171744091259726
26233,0.619049896198831,0.106793228244761,0.132604688048973,0.141552187507436
26234,0.347195855149162,0.191394749133611,0.349078497015783,0.112330898701444
26235,0.230369493198921,0.263786053442244,0.275815369369104,0.230029083989731
26236,0.194350462126127,0.356724306561067,0.305593873625945,0.143331357686861
26237,0.182436190282786,0.464800239259354,0.197618600035422,0.155144970422439
26238,0.227676235127502,0.494245914750559,0.110671490051989,0.16740636006995
26239,0.296496278568889,0.255369240675885,0.27309664915281,0.175037831602416
26240,0.368380844247687,0.102678437784952,0.325676036839616,0.203264681127745
26241,0.161518889364314,0.266350655135556,0.431610762398296,0.140519693101835
26242,0.0897941866085215,0.422599956637009,0.338714436628934,0.148891420125536
26243,0.287368851491989,0.45350593695861,0.144267012978099,0.114858198571303
26244,0.16062472741418,0.256420688255632,0.364955504157139,0.217999080173049
26245,0.226882064422128,0.153242442835886,0.51585881346915,0.104016679272836
26246,0.354272443468978,0.288300386177174,0.265068676528977,0.0923584938248703
26247,0.417870825812296,0.196990019470852,0.268681195923303,0.116457958793549
26248,0.153850591884405,0.518879011812552,0.179449103509592,0.147821292793451
26249,0.312372504416084,0.302673592178088,0.172373022134201,0.212580881271627
26250,0.404639440013404,0.190125341656355,0.249363749672882,0.155871468657358
26251,0.170338359875046,0.182639522328013,0.343635405920658,0.303386711876283
26252,0.181026925844075,0.581508051027324,0.131461382301722,0.10600364082688
26253,0.223872690013281,0.322871813146396,0.267181967614461,0.186073529225862
26254,0.238153275378469,0.104160789071155,0.516321868535725,0.141364067014651
26255,0.188992775183001,0.329330124831672,0.253067211199021,0.228609888786307
26256,0.216005056323009,0.277107360914819,0.375342436597376,0.131545146164797
26257,0.223143857485738,0.135826321224768,0.443210807834915,0.197819013454579
26258,0.125928087191218,0.219740489064348,0.530331182245397,0.124000241499037
26259,0.43899925196018,0.100289717538253,0.312609611963075,0.148101418538491
26260,0.32904528900103,0.248878942959954,0.226130762411923,0.195945005627093
26261,0.231491792960751,0.256490427278608,0.175973842292893,0.336043937467749
26262,0.57877175943358,0.149615461456838,0.0909084430848046,0.180704336024777
26263,0.141179767568465,0.539634716261964,0.156336924785619,0.162848591383953
26264,0.286418708526649,0.182248799078768,0.270495401028133,0.26083709136645
26265,0.24319244963206,0.292226629169888,0.243358814877218,0.221222106320833
26266,0.311653970710746,0.171312130662105,0.306679989542445,0.210353909084704
26267,0.313998005583283,0.0716490285127156,0.458723534646551,0.155629431257451
26268,0.322654898470834,0.0478084800362867,0.498982470384583,0.130554151108296
26269,0.4411020373214,0.169733074708188,0.165942859088595,0.223222028881816
26270,0.323473436859533,0.366526627116458,0.185380293834473,0.124619642189536
26271,0.347379175384758,0.138837056059505,0.412595118334052,0.101188650221685
26272,0.204979657813995,0.445183773162496,0.160327049198847,0.189509519824662
26273,0.391535760298941,0.285609993977704,0.184156033285826,0.13869821243753
26274,0.474219970678524,0.162770625030976,0.209343655867988,0.153665748422512
26275,0.145206106351684,0.614260063117366,0.0657355455623188,0.17479828496863
26276,0.317182646758406,0.198109568321237,0.346148590981333,0.138559193939024
26277,0.121590144785364,0.104526763055606,0.46702897340596,0.30685411875307
26278,0.182596746920497,0.333175138286306,0.291906742731668,0.192321372061529
26279,0.253509018699234,0.227122234809476,0.377949647846742,0.141419098644549
26280,0.432928588945138,0.158981239446949,0.257994219787003,0.15009595182091
26281,0.29356753151845,0.294322939391433,0.253833343622752,0.158276185467365
26282,0.288969056768858,0.438788409304846,0.158195684909536,0.11404684901676
26283,0.328976133720103,0.198736564311188,0.256316459975569,0.21597084199314
26284,0.310478432067811,0.37634542599611,0.143514701844475,0.169661440091604
26285,0.241941088721405,0.183750095471736,0.44500672523185,0.129302090575009
26286,0.444221488071161,0.265881430123298,0.203418034445031,0.0864790473605096
26287,0.228967581678779,0.269820987542788,0.34286303434787,0.158348396430563
26288,0.219468546971983,0.32168830738765,0.334099374566263,0.124743771074103
26289,0.258287351618107,0.37843988424225,0.18981414319971,0.173458620939933
26290,0.30284400927873,0.11309798916646,0.501353875901625,0.0827041256531853
26291,0.299422634814395,0.308133314396502,0.309016037574945,0.0834280132141585
26292,0.197069607255028,0.256728431473374,0.370707655963931,0.175494305307667
26293,0.165610241869502,0.317504856184722,0.350982274791395,0.165902627154381
26294,0.249693445980352,0.398694196907329,0.252941148639452,0.0986712084728671
26295,0.312244788135121,0.267891985926074,0.300930580055955,0.11893264588285
26296,0.20249512390461,0.21280728458,0.402898681070247,0.181798910445143
26297,0.259893044194134,0.219383370184813,0.35775819659918,0.162965389021873
26298,0.0812012782377219,0.17326811008376,0.61348848566624,0.132042126012278
26299,0.120951966890112,0.397915914976959,0.323306819278633,0.157825298854295
26300,0.214291265932184,0.172246816440636,0.348765049488946,0.264696868138234
26301,0.185702193905129,0.386289612959778,0.222136775233577,0.205871417901516
26302,0.125288134178688,0.633930878852469,0.12344316603385,0.117337820934992
26303,0.36293326311334,0.295832698430784,0.154901994770479,0.186332043685397
26304,0.227131968412976,0.133949158816985,0.45854259135315,0.180376281416889
26305,0.481253214639501,0.275207186706072,0.101863810192719,0.141675788461708
26306,0.364221306617917,0.166530208418399,0.250940219020928,0.218308265942756
26307,0.100675130818969,0.480042982801288,0.317633846369682,0.101648040010061
26308,0.457150121573378,0.128676569544977,0.216257609891887,0.197915698989758
26309,0.102914284018316,0.389151894919652,0.222893022319295,0.285040798742736
26310,0.164550072769038,0.287447161818712,0.405262106405201,0.142740659007049
26311,0.378783096546623,0.306442553151236,0.201262445467889,0.113511904834252
26312,0.214289904113216,0.428096079099994,0.244948608836678,0.112665407950112
26313,0.184467376607927,0.325603434339053,0.313330554714205,0.176598634338815
26314,0.124739644817433,0.470446677250171,0.181394858937894,0.223418818994502
26315,0.395198066513649,0.210188966814984,0.155338016448057,0.23927495022331
26316,0.198059484727329,0.212172379838473,0.301847303452094,0.287920831982105
26317,0.284751556189706,0.242660066398109,0.299089292849341,0.173499084562845
26318,0.25895759190505,0.255111639790496,0.249019400002677,0.236911368301777
26319,0.598160498238602,0.0686483806505771,0.173623974567274,0.159567146543547
26320,0.207331413564202,0.323237488782768,0.170966550881333,0.298464546771697
26321,0.312515510971101,0.212307724920752,0.333963162277,0.141213601831146
26322,0.292909414208464,0.266699696406336,0.323744654249359,0.116646235135841
26323,0.151905409645512,0.568933124029314,0.133427613520002,0.145733852805173
26324,0.233521722274196,0.317090118317595,0.212651161791556,0.236736997616653
26325,0.268426546257729,0.112592020929358,0.455380509812293,0.163600923000621
26326,0.49720397955032,0.179985599601385,0.250539956773951,0.0722704640743441
26327,0.571526538971859,0.136325413551294,0.105569812930765,0.186578234546082
26328,0.359978304014894,0.388452680631367,0.123295613443789,0.12827340190995
26329,0.245238722937932,0.182408530149728,0.403319395813985,0.169033351098355
26330,0.192241923664184,0.325074573858861,0.290472757954721,0.192210744522235
26331,0.340005550956487,0.170129884282468,0.293693243075606,0.196171321685439
26332,0.205347885750673,0.534525879093537,0.141691517854253,0.118434717301537
26333,0.270815875421562,0.169354738440699,0.355924635897747,0.203904750239992
26334,0.440612339736224,0.229278967556956,0.150540963655314,0.179567729051506
26335,0.180225284283356,0.366908695986169,0.334335243824595,0.118530775905879
26336,0.224343610066332,0.337232535973562,0.254633677846563,0.183790176113542
26337,0.374240695700351,0.0628691955492206,0.469658670776272,0.0932314379741564
26338,0.153068363008671,0.408300896434512,0.172400467292454,0.266230273264363
26339,0.169524804484769,0.449807543257852,0.213793949692901,0.166873702564478
26340,0.342146071475581,0.174368894893531,0.204625883520077,0.278859150110812
26341,0.0629149612387668,0.118103053682605,0.70851376302341,0.110468222055218
26342,0.377279345141818,0.256938625136525,0.265133563257398,0.100648466464259
26343,0.368364443406091,0.234926217193941,0.26674052489122,0.129968814508748
26344,0.294803940723372,0.317554924078698,0.248107255305011,0.139533879892919
26345,0.368316432290924,0.193752312701129,0.345849973901609,0.0920812811063388
26346,0.136696462076143,0.156760124497747,0.237099641339851,0.469443772086259
26347,0.290143619080122,0.543094034190506,0.0460217842900093,0.120740562439363
26348,0.133297088843119,0.223498139933689,0.524427567363381,0.118777203859811
26349,0.131549791411157,0.157146985853786,0.53708301834987,0.174220204385187
26350,0.358699564940905,0.173153923129634,0.254908490251495,0.213238021677965
26351,0.0593983738672147,0.377360240109739,0.376449339846074,0.186792046176973
26352,0.234909770785956,0.242857154709732,0.241528321588778,0.280704752915535
26353,0.154921694083448,0.451358612059963,0.195376580765846,0.198343113090743
26354,0.346159732259153,0.295862356891455,0.21923647369506,0.138741437154333
26355,0.302369204172182,0.177567265367689,0.235846627145678,0.284216903314451
26356,0.326996394122012,0.116277567793086,0.453338761739127,0.103387276345776
26357,0.130401353551536,0.225777589638915,0.387145710323938,0.256675346485611
26358,0.225407006772773,0.248985099272785,0.397998555636612,0.127609338317829
26359,0.227483977985707,0.290245657649162,0.258695696513145,0.223574667851987
26360,0.398037540044304,0.176654390545278,0.306997758733615,0.118310310676802
26361,0.191715738725626,0.189062137102724,0.444994727982658,0.174227396188992
26362,0.20174439584279,0.30143086115825,0.307841303228464,0.188983439770497
26363,0.123425950707624,0.369208901507874,0.267212303973057,0.240152843811445
26364,0.593992832494196,0.177954826441363,0.133659370272988,0.0943929707914535
26365,0.0825671346679916,0.461623406426982,0.275520505109499,0.180288953795528
26366,0.299981753207192,0.207693196123293,0.337512018013272,0.154813032656243
26367,0.366105944876717,0.173137966249545,0.25607466491299,0.204681423960748
26368,0.203895739897637,0.141271102475243,0.537421058419962,0.117412099207158
26369,0.159631848780945,0.36973650504707,0.231339484231415,0.239292161940571
26370,0.470109297650056,0.237862255066124,0.13026363962837,0.161764807655451
26371,0.187301477897718,0.194253921600866,0.322496199982698,0.295948400518719
26372,0.413342064824391,0.380392093647652,0.0935951182777915,0.112670723250166
26373,0.104176570686346,0.588842096165307,0.110190853424083,0.196790479724264
26374,0.127206634811524,0.103670562405027,0.222498406407831,0.546624396375619
26375,0.0719801412906389,0.10859055286004,0.61713316656207,0.202296139287252
26376,0.475374502213988,0.204621222395093,0.143848299307543,0.176155976083377
26377,0.226021354886564,0.217609169433473,0.152282704512497,0.404086771167466
26378,0.180338363281031,0.134313424015217,0.376144691435897,0.309203521267855
26379,0.0624410575815575,0.134740764652622,0.582080283894395,0.220737893871426
26380,0.138235467741493,0.235234450953675,0.362928630903592,0.263601450401241
26381,0.562120726468305,0.0575352471229028,0.170809490111114,0.209534536297678
26382,0.282291019367573,0.217757867810112,0.260991063164528,0.238960049657788
26383,0.199661009738543,0.550789442357766,0.0636351618504124,0.185914386053279
26384,0.291289883001029,0.117399961043099,0.397370669651883,0.193939486303989
26385,0.0934884846774235,0.282771713956594,0.109292033613369,0.514447767752613
26386,0.0731860731155912,0.150768332895921,0.569650702688213,0.206394891300274
26387,0.132683080883901,0.186070468993272,0.233171642091025,0.448074808031802
26388,0.240269384625323,0.139678326006384,0.360109526454234,0.259942762914058
26389,0.176942113208828,0.381367323464309,0.269179511609948,0.172511051716915
26390,0.248350316833466,0.351693403845595,0.169331779620883,0.230624499700055
26391,0.374167271806074,0.144273180566951,0.37045583498504,0.111103712641935
26392,0.203875003004264,0.304364660358739,0.345636437484137,0.146123899152861
26393,0.156239033654754,0.21334431512149,0.335241375448623,0.295175275775132
26394,0.444129549421249,0.165905580477921,0.194528610328617,0.195436259772213
26395,0.532601116898294,0.205349777388832,0.0836009112160613,0.178448194496813
26396,0.341030800097528,0.203579233766565,0.227867101337894,0.227522864798013
26397,0.319101506024953,0.193741576666046,0.328961642283236,0.158195275025765
26398,0.21923038143809,0.352348215432304,0.141497846028692,0.286923557100914
26399,0.219572295696088,0.410238184316045,0.182016776913461,0.188172743074405
26400,0.261481624886881,0.230144487215758,0.280458476298492,0.227915411598869
26401,0.19785676682529,0.349654864109378,0.330266419813234,0.122221949252098
26402,0.0691925147489783,0.498968865717693,0.16355332110105,0.268285298432279
26403,0.217230262123553,0.567115664752239,0.0961200797341388,0.119533993390069
26404,0.551784136042419,0.101377208896154,0.146286437018044,0.200552218043383
26405,0.107053452251887,0.625400750572083,0.0947638016988376,0.172781995477193
26406,0.305039689358106,0.111754635142362,0.444655908696304,0.138549766803229
26407,0.19062821373605,0.245141073454384,0.397993146108167,0.166237566701399
26408,0.285716987504345,0.166130650030963,0.363551596843522,0.18460076562117
26409,0.280576915008906,0.34711016616844,0.160578001111068,0.211734917711586
26410,0.122851886334151,0.136273719925811,0.507174405939482,0.233699987800556
26411,0.222351277428431,0.428016650888581,0.238144259792187,0.111487811890801
26412,0.260643287657199,0.370585830853678,0.166330626759837,0.202440254729287
26413,0.213484800368849,0.10123630153503,0.494989842748289,0.190289055347833
26414,0.201496179183692,0.287351154621248,0.320948953359689,0.190203712835371
26415,0.39864020625183,0.381889298312969,0.124416801271825,0.0950536941633769
26416,0.171025899805975,0.22560658504558,0.452763115963248,0.150604399185197
26417,0.256259047299772,0.357723980462307,0.180779643642656,0.205237328595265
26418,0.282232693643269,0.300075153614754,0.14221874973216,0.275473403009817
26419,0.201955755033717,0.309048279290214,0.307514165989115,0.181481799686955
26420,0.46592273215055,0.142413961755027,0.242304126692403,0.14935917940202
26421,0.582115209642648,0.178286834927137,0.12285434890111,0.116743606529105
26422,0.292403373598665,0.124316475148894,0.343740839391795,0.239539311860646
26423,0.178926732611499,0.375987548324297,0.301921668452344,0.14316405061186
26424,0.506884975582735,0.158220137987215,0.152946485572623,0.181948400857427
26425,0.232177570096005,0.144838902515244,0.456545922652663,0.166437604736087
26426,0.204624499647969,0.21569637601279,0.409760447945733,0.169918676393508
26427,0.24902713180926,0.352702180691243,0.272194543541319,0.126076143958178
26428,0.402082032058362,0.334515451366744,0.162567521499707,0.100834995075187
26429,0.060614046385347,0.56787617894948,0.259028872128665,0.112480902536508
26430,0.236233696277245,0.273940554800849,0.333025070485137,0.15680067843677
26431,0.349814393723904,0.411468581116758,0.123963995330588,0.11475302982875
26432,0.142227102492047,0.472256638556938,0.206061633748011,0.179454625203004
26433,0.246407931513334,0.286080329550474,0.275716181663525,0.191795557272667
26434,0.248565211478449,0.380706684880636,0.192626057950146,0.17810204569077
26435,0.181494561343708,0.431495760473176,0.17569741894358,0.211312259239536
26436,0.451917071511661,0.167577952192963,0.260428873884005,0.120076102411371
26437,0.128007221262839,0.189302684348674,0.524694211524484,0.157995882864003
26438,0.212523624840477,0.353577682746657,0.313604058280096,0.12029463413277
26439,0.230416188323001,0.134867365234326,0.484936268461359,0.149780177981313
26440,0.207845471465788,0.345866489832514,0.236012336594323,0.210275702107375
26441,0.228310282819365,0.468277622319873,0.192295674059832,0.11111642080093
26442,0.47818781021665,0.199528395320797,0.142133433101458,0.180150361361095
26443,0.444498787145503,0.21902718101376,0.214525596401663,0.121948435439074
26444,0.59370436095952,0.133424657128791,0.176643441849188,0.0962275400625009
26445,0.419245648247947,0.295132009006799,0.145329846345435,0.140292496399819
26446,0.413914957648705,0.367185965426656,0.0772956518720921,0.141603425052547
26447,0.28701749326558,0.282656766727365,0.33435715266367,0.0959685873433851
26448,0.303766349812571,0.335747950602444,0.236870791548399,0.123614908036586
26449,0.552877171695275,0.143922589793618,0.0368552488418683,0.266344989669239
26450,0.374633444749629,0.102230714623068,0.0287053914335728,0.49443044919373
26451,0.382498988341456,0.304965604670995,0.200146573729172,0.112388833258377
26452,0.0545716493055864,0.429762580255063,0.147995705323131,0.367670065116219
26453,0.0166204809563435,0.199417888493525,0.563370971036905,0.220590659513227
26454,0.275479099944783,0.0292384571204451,0.312508512452833,0.382773930481938
26455,0.0747771971360744,0.359899740255834,0.038555396396883,0.526767666211209
26456,0.149898325854432,0.124095322381838,0.248746053075623,0.477260298688106
26457,0.146404377556578,0.197839302249823,0.405824982736818,0.249931337456781
26458,0.136926191352307,0.415334238911021,0.0995210370783814,0.34821853265829
26459,0.0170529589506013,0.0274961568171236,0.602159625757925,0.353291258474351
26460,0.0624076563844312,0.186594910449894,0.0521225942832023,0.698874838882473
26461,0.155176654553219,0.256807579594125,0.387023818371318,0.200991947481338
26462,0.485336209119206,0.310173661369419,0.0183135829198898,0.186176546591485
26463,0.0470733397468599,0.0575653828221896,0.611506170279274,0.283855107151676
26464,0.0362955802858673,0.286560909112149,0.299618815666713,0.377524694935271
26465,0.0145833001438743,0.307742806970716,0.182283701547816,0.495390191337594
26466,0.109060520915506,0.466088032777452,0.0161882740230844,0.408663172283957
26467,0.655629734802746,0.0200383426284741,0.0136542947717843,0.310677627796996
26468,0.221406667005834,0.399578317172382,0.300379482644297,0.0786355331774875
26469,0.421380474335564,0.263454163148052,0.21277509921515,0.102390263301235
26470,0.182869292817998,0.366266016341338,0.299051247138653,0.151813443702011
26471,0.413024971548703,0.226405386994023,0.279152973358608,0.0814166680986662
26472,0.101107998842864,0.155627559728628,0.6632078814166,0.0800565600119076
26473,0.497208876898542,0.163792498724585,0.241678988502279,0.0973196358745936
26474,0.127598981159348,0.29670974102719,0.428442815255906,0.147248462557556
26475,0.290669060979871,0.195916688626505,0.317244785394974,0.19616946499865
26476,0.225311382213016,0.300214550896798,0.247446161586857,0.22702790530333
26477,0.208533795925357,0.228724501478226,0.444439507544745,0.118302195051673
26478,0.266324346884195,0.283495778896347,0.31132989130814,0.138849982911317
26479,0.261909027062314,0.296407040679868,0.299998605510851,0.141685326746968
26480,0.318716863454364,0.303366103381085,0.249779016621063,0.128138016543487
26481,0.242523845002457,0.251730191883195,0.361926329655226,0.143819633459123
26482,0.348104303079235,0.189320690805901,0.359787297027893,0.102787709086971
26483,0.315611851603803,0.335504906653277,0.190461602862337,0.158421638880583
26484,0.199295647000117,0.181008253539921,0.489022504270134,0.130673595189828
26485,0.204656418925131,0.433639028445718,0.20540152847094,0.15630302415821
26486,0.267558125223945,0.270554791389763,0.254892530119806,0.206994553266487
26487,0.0870362937820163,0.262942835909404,0.556401712799808,0.0936191575087719
26488,0.201606086759958,0.291608807990579,0.369229005420307,0.137556099829156
26489,0.341453875478679,0.209805001583369,0.302661887668177,0.146079235269775
26490,0.322941646858959,0.213765296861914,0.320205708966405,0.143087347312723
26491,0.32445461447369,0.37128797583265,0.186221085134896,0.118036324558764
26492,0.256988047448058,0.414335991969964,0.218950313618032,0.109725646963946
26493,0.260148158823742,0.151641432096134,0.426038482457399,0.162171926622725
26494,0.407698151203164,0.34220103440992,0.133055705085251,0.117045109301664
26495,0.543641529916959,0.200877879695414,0.0781080584997973,0.177372531887829
26496,0.228309319643344,0.169857353155917,0.505392281102995,0.0964410460977448
26497,0.333672892130061,0.0897825221748941,0.467363147631513,0.109181438063532
26498,0.403082781621525,0.149097380756752,0.235065699558696,0.212754138063027
26499,0.331008119086818,0.217464728854025,0.314731243055868,0.136795909003289
26500,0.236667910775471,0.436533492944147,0.236889149278925,0.0899094470014575
26501,0.449287087268136,0.219401379959108,0.188209302244225,0.143102230528531
26502,0.405097374145738,0.202673387950193,0.23760695872548,0.154622279178589
26503,0.165793783035536,0.48262766605133,0.247988017742524,0.10359053317061
26504,0.202471351967052,0.211401772504756,0.395445877710863,0.19068099781733
26505,0.172382783725764,0.404369385084662,0.292484213030264,0.13076361815931
26506,0.0771944291145917,0.254439041915805,0.267763421224935,0.400603107744668
26507,0.603485319155733,0.0795385957180544,0.0496257134447294,0.267350371681483
26508,0.357289204442909,0.259329345353402,0.0260113210991565,0.357370129104532
26509,0.0855192296375611,0.738268286631325,0.0240786547835317,0.152133828947583
26510,0.173821211518646,0.204868876112061,0.171360509652746,0.449949402716547
26511,0.0578119577083149,0.270929921126942,0.573020446850509,0.0982376743142347
26512,0.110984553288294,0.114927712020328,0.169794422202338,0.60429331248904
26513,0.0783835915040419,0.356027007076531,0.441862372868434,0.123727028550994
26514,0.0911459962067129,0.3806000646482,0.134392045234104,0.393861893910983
26515,0.276873897917874,0.160915581990436,0.346292689036594,0.215917831055096
26516,0.155373414875673,0.0971446506404359,0.171371526669749,0.576110407814142
26517,0.182303972462443,0.31477202207901,0.164130714550467,0.338793290908079
26518,0.131855683817431,0.0562476740462212,0.371497087612992,0.440399554523356
26519,0.428360300583202,0.174471922089581,0.0792282550468331,0.317939522280384
26520,0.595471555908232,0.0542288279657066,0.0339518833720931,0.316347732753968
26521,0.176241980708243,0.434762471006014,0.0640014504499198,0.324994097835823
26522,0.793126995959211,0.0258062214696649,0.0197440463920388,0.161322736179085
26523,0.0514393867320044,0.393167452920209,0.353301065764286,0.202092094583501
26524,0.362980544900325,0.0784816978830049,0.0832710464257761,0.475266710790894
26525,0.251391912465908,0.220878068800254,0.306837812448386,0.220892206285453
26526,0.178443025606765,0.431287864134818,0.280538721620322,0.109730388638094
26527,0.224448310320186,0.179724788511843,0.438593253605803,0.157233647562169
26528,0.123628387389188,0.434990202695269,0.321961038579294,0.119420371336249
26529,0.335749681882104,0.130764719295501,0.411170679727256,0.122314919095139
26530,0.438153345668004,0.289021256390135,0.151493055028248,0.121332342913613
26531,0.11926640988858,0.362068145583491,0.405434708001111,0.113230736526819
26532,0.282878498623714,0.465150570238601,0.126045504144722,0.125925426992963
26533,0.18283446440674,0.442178751640084,0.22022486602637,0.154761917926806
26534,0.506704889179452,0.161173912610139,0.235120456479907,0.0970007417305016
26535,0.147187249184355,0.288748448118804,0.419127804607424,0.144936498089418
26536,0.412357295601606,0.154933821426647,0.250416128855151,0.182292754116596
26537,0.259760664165461,0.283183321466741,0.295618494052237,0.161437520315561
26538,0.152748768144136,0.134044391625435,0.614924115766358,0.0982827244640719
26539,0.143865042318566,0.375360640139025,0.355549002907854,0.125225314634554
26540,0.274424105193289,0.333207940127475,0.285612085160536,0.1067558695187
26541,0.42641738585027,0.215106526983402,0.121458947780004,0.237017139386324
26542,0.355483660706522,0.283944682673556,0.24530795889561,0.115263697724312
26543,0.370547814968993,0.342866066224093,0.10835378329915,0.178232335507763
26544,0.207909851875905,0.383202932662006,0.199725674315683,0.209161541146407
26545,0.313076188795624,0.234473241933646,0.192762141424141,0.259688427846589
26546,0.283300081433224,0.295321726682769,0.284519093991676,0.13685909789233
26547,0.546374484086974,0.140164078093249,0.111825384575592,0.201636053244185
26548,0.544932220488179,0.150589802060589,0.215603731065472,0.0888742463857594
26549,0.195949529162545,0.172049177514895,0.512146772056772,0.119854521265789
26550,0.213398861554888,0.161441823034408,0.542583575566112,0.0825757398445924
26551,0.146805759449073,0.373780966493273,0.383759773875157,0.0956535001824968
26552,0.325078915974017,0.150212367386801,0.283985911947103,0.240722804692078
26553,0.280888766053804,0.37121928206209,0.152721293000808,0.195170658883299
26554,0.327105301756457,0.364024374016848,0.231736533448011,0.0771337907786834
26555,0.284457378167078,0.110456785105468,0.462908825400459,0.142177011326995
26556,0.331522788131529,0.176410607096589,0.28780759212184,0.204259012650042
26557,0.433587733655905,0.229565807085979,0.160028489496648,0.176817969761468
26558,0.315636599942549,0.192539424573725,0.348224888364023,0.143599087119703
26559,0.35712346109106,0.372249154288184,0.110339960943075,0.16028742367768
26560,0.202735287462467,0.195309497642606,0.528504980635753,0.0734502342591742
26561,0.214447039450781,0.379523457993039,0.200667843986156,0.205361658570024
26562,0.135240445250732,0.346320771477203,0.303471323297265,0.2149674599748
