No,Ch1,Ch2,Ch3,Ch4
21566,0.220898232458784,0.166717502943002,0.376974075532234,0.23541018906598
21567,0.0689760719980698,0.467949368311592,0.30908467238197,0.153989887308368
21568,0.348656309631649,0.370024634772759,0.159382845044648,0.121936210550945
21569,0.44871642420455,0.159659729334057,0.2624170787184,0.129206767742993
21570,0.275628790276696,0.273570316578507,0.369284276911906,0.0815166162328912
21571,0.119680091764809,0.586098580929455,0.204645011630273,0.089576315675463
21572,0.276670827833452,0.0745840690603029,0.483778813320239,0.164966289786007
21573,0.188472737150949,0.213983102090267,0.213495545045153,0.384048615713632
21574,0.210380988914156,0.260133064458632,0.405723675843915,0.123762270783297
21575,0.0803872974763097,0.143917410412362,0.626398593574397,0.149296698536931
21576,0.249339371940721,0.197202382295579,0.345916346147948,0.207541899615753
21577,0.192114075253335,0.159423340007013,0.551823972183635,0.096638612556017
21578,0.349151847451968,0.292531224425916,0.210316233975148,0.148000694146968
21579,0.118048714848745,0.251509931561269,0.221762649737239,0.408678703852747
21580,0.121328989893545,0.424971891584181,0.296482062852516,0.157217055669757
21581,0.345946563808806,0.134988372337194,0.317252638830029,0.201812425023972
21582,0.170940704497252,0.223226883458044,0.366531760784114,0.23930065126059
21583,0.16279759426461,0.221852330058807,0.308745648677911,0.306604426998672
21584,0.297724200402945,0.286033584126286,0.109191195068556,0.307051020402213
21585,0.380404361709507,0.193625209054935,0.105372290854015,0.320598138381543
21586,0.229780505815577,0.325503713225514,0.217281187345179,0.22743459361373
21587,0.0302465779171086,0.555456050998217,0.152740652182443,0.261556718902232
21588,0.0439813886412702,0.050609244862385,0.584357077427992,0.321052289068353
21589,0.139017070467953,0.0557233141966374,0.560853795800885,0.244405819534525
21590,0.0287766219343919,0.106337281033653,0.571546283188252,0.293339813843703
21591,0.0324792434321713,0.22516529114581,0.428549657302282,0.313805808119737
21592,0.0734728554533796,0.226181476449608,0.0698208892671138,0.630524778829898
21593,0.600902421314932,0.145084335981343,0.0918038497674556,0.162209392936269
21594,0.14607626212084,0.157983994601089,0.178309536342493,0.517630206935579
21595,0.323681026110544,0.131647520535222,0.0673332810776752,0.477338172276559
21596,0.129395468819564,0.566630119453549,0.105675155164791,0.198299256562096
21597,0.343759951128711,0.211660007310191,0.0589783179755513,0.385601723585547
21598,0.0982741105637993,0.32957725884052,0.340814917932886,0.231333712662795
21599,0.24974883928601,0.355307920303418,0.252384052404322,0.14255918800625
21600,0.0733389030558779,0.138996155738325,0.0808837851759004,0.706781156029896
21601,0.0458960554388459,0.145662979550687,0.210276465900084,0.598164499110383
21602,0.0267602304046341,0.360102452028361,0.424250637347804,0.1888866802192
21603,0.508824591380061,0.0285458826526883,0.112822466246811,0.349807059720439
21604,0.0438199003503112,0.300058367359456,0.325515381714327,0.330606350575906
21605,0.2562401382895,0.047755372863467,0.470446630544784,0.22555785830225
21606,0.243150681697258,0.0376571639753029,0.363773484788834,0.355418669538606
21607,0.457003221140561,0.0826598592215352,0.086852173597918,0.373484746039986
21608,0.258410612777111,0.414282187244779,0.0292339062298679,0.298073293748242
21609,0.0752114604598947,0.0660334302755332,0.468475378321913,0.39027973094266
21610,0.335704859520518,0.314986072530763,0.032811871763075,0.316497196185644
21611,0.0722460909469813,0.0437943144097035,0.550836628047805,0.33312296659551
21612,0.510043489580844,0.151064760517489,0.207190515057352,0.131701234844315
21613,0.0492645811972615,0.218524478767237,0.277013668179318,0.455197271856183
21614,0.103589934600317,0.393760636874127,0.292350420116888,0.210299008408667
21615,0.254691486319854,0.355535838042323,0.0433642569446804,0.346408418693143
21616,0.255661996154328,0.0201512620756423,0.555171467249986,0.169015274520044
21617,0.252835809669847,0.312819287535527,0.220256317834163,0.214088584960463
21618,0.187628662021314,0.0991552577647381,0.270778881825469,0.442437198388478
21619,0.15536829944344,0.176149059367698,0.0918261243086572,0.576656516880205
21620,0.0801670768522068,0.680202228030925,0.0646470878322061,0.174983607284662
21621,0.241333161960803,0.305398603900217,0.182600489412949,0.270667744726031
21622,0.125246747524527,0.189750519088725,0.196521612458933,0.488481120927816
21623,0.398447579598865,0.273997711940625,0.212230767492917,0.115323940967593
21624,0.465684539701023,0.219664989970815,0.174082134615725,0.140568335712437
21625,0.125690775518832,0.16412534544376,0.531464621849332,0.178719257188076
21626,0.444319906136159,0.175036669079456,0.254079397989202,0.126564026795184
21627,0.249412907891224,0.192925082481363,0.379401720618721,0.178260289008692
21628,0.15461928609309,0.385237338164819,0.37830564995574,0.0818377257863512
21629,0.390440118874946,0.243413341475534,0.212035217397188,0.154111322252332
21630,0.257423670319944,0.246174307704424,0.208818891096932,0.2875831308787
21631,0.179834341649503,0.162606784975829,0.59270902204161,0.0648498513330578
21632,0.192538374042204,0.192767527512003,0.464515818929178,0.150178279516615
21633,0.24404936841275,0.304287445050298,0.25142725916926,0.200235927367693
21634,0.209505474754835,0.579114405716445,0.143728831455113,0.0676512880736077
21635,0.139561075172706,0.528786442419561,0.259536858399587,0.0721156240081468
21636,0.487690373054815,0.169726797180348,0.211267913153951,0.131314916610885
21637,0.353149492684176,0.416384037624228,0.129652796902253,0.100813672789344
21638,0.276449813897046,0.308831088843612,0.310808262227867,0.103910835031475
21639,0.268067351026645,0.47418345625407,0.150795410302776,0.10695378241651
21640,0.433657999317702,0.339710043734224,0.149693112839642,0.0769388441084319
21641,0.370821948096183,0.179043926981686,0.348967385420084,0.101166739502047
21642,0.383115606926106,0.300334066021706,0.157880339128259,0.158669987923928
21643,0.111844942922012,0.291275847979197,0.417376815997558,0.179502393101232
21644,0.326944129019117,0.241711233459406,0.210456342887376,0.220888294634102
21645,0.11005929420262,0.572165494497578,0.17226947871272,0.145505732587083
21646,0.243899193060259,0.177531057358911,0.466427569478877,0.112142180101953
21647,0.200271679444014,0.235881746434262,0.424232586582761,0.139613987538964
21648,0.348165065732131,0.141310831585686,0.360270257523913,0.15025384515827
21649,0.449169610477838,0.134274414592631,0.325545572474261,0.0910104024552703
21650,0.290221416592246,0.355307704396871,0.216591814327807,0.137879064683076
21651,0.36084768067258,0.155110191878216,0.241107130175702,0.242934997273502
21652,0.127542969023394,0.205572603803401,0.267784511060252,0.399099916112953
21653,0.544403566435926,0.171098375120578,0.161149070732232,0.123348987711264
21654,0.555480095963698,0.160695151510229,0.190943610200861,0.0928811423252117
21655,0.327973113458807,0.112272309339778,0.460753624375608,0.0990009528258071
21656,0.41381134383973,0.158302378954914,0.274125476789647,0.153760800415709
21657,0.574177575871536,0.0981321024375762,0.166465725035898,0.16122459665499
21658,0.307243266326256,0.151374113234894,0.390440618783079,0.150942001655771
21659,0.566979151894919,0.156118101742507,0.115543806920291,0.161358939442283
21660,0.189173686352146,0.168537559415779,0.329816599886186,0.312472154345889
21661,0.131121842257159,0.315672753753571,0.222986207462711,0.330219196526558
21662,0.0590688540943955,0.595361609812458,0.113412040514555,0.232157495578591
21663,0.163490950330006,0.155509009094837,0.526675942794187,0.15432409778097
21664,0.0628319326837644,0.392084239647755,0.192087338848318,0.352996488820163
21665,0.351828102990749,0.22842778336984,0.178146671953369,0.241597441686042
21666,0.0911126105997337,0.323424601074382,0.348488367637899,0.236974420687985
21667,0.0460352375210581,0.433353455100832,0.30145126024844,0.21916004712967
21668,0.292155953237792,0.233965424112294,0.25624125375958,0.217637368890334
21669,0.337285653400793,0.202224632035936,0.101680816036307,0.358808898526964
21670,0.16719074127464,0.455641410458965,0.121027265744922,0.256140582521473
21671,0.118707807443134,0.429111414936284,0.346124911985356,0.106055865635226
21672,0.062897843810477,0.213106459922492,0.507394940309015,0.216600755958016
21673,0.416517268471148,0.193802926081569,0.0647547607305768,0.324925044716707
21674,0.383517114402332,0.124967857234408,0.284797579094525,0.206717449268736
21675,0.3808987708764,0.156341470997699,0.117551575607647,0.345208182518253
21676,0.087398586582963,0.578410875343257,0.171238244212849,0.162952293860931
21677,0.456016110803771,0.0605891571545738,0.331855684796271,0.151539047245385
21678,0.142867151654455,0.493175209140811,0.259322775951565,0.104634863253169
21679,0.192435279808566,0.490641407515494,0.101504812928258,0.215418499747681
21680,0.296104844215104,0.105805925794689,0.428244618793602,0.169844611196605
21681,0.241989098266819,0.054513045287565,0.156128235659084,0.547369620786532
21682,0.354678695451236,0.243929640753804,0.0646292177187419,0.336762446076219
21683,0.257674337045074,0.0344335852962783,0.348756396378287,0.35913568128036
21684,0.377040931551587,0.0466090233228279,0.202683468446809,0.373666576678777
21685,0.126155275655187,0.244671979075286,0.0908280870199631,0.538344658249564
21686,0.0873068514768147,0.461412662538775,0.149809251676162,0.301471234308249
21687,0.164970542137926,0.12198860650584,0.368215036457215,0.344825814899019
21688,0.178000527961789,0.148797944514649,0.0757002321178387,0.597501295405724
21689,0.143712426439187,0.601038806368583,0.0682042217696874,0.187044545422543
21690,0.647558980036662,0.16358359959298,0.0299528810722927,0.158904539298065
21691,0.124369303067725,0.492691869524712,0.0943342555818734,0.288604571825689
21692,0.0355723419945061,0.341888570930235,0.46867189903601,0.153867188039249
21693,0.0634187641682634,0.635864070239194,0.0611832997065435,0.239533865885999
21694,0.115638588883922,0.309131759957384,0.127649673658408,0.447579977500287
21695,0.374758932712076,0.325305254391105,0.135751601506228,0.164184211390591
21696,0.531544196455286,0.155253526241662,0.0383159062644689,0.274886371038584
21697,0.513092469088152,0.144761833194124,0.141733834777067,0.200411862940657
21698,0.139465429035493,0.0440902980562853,0.685893764638609,0.130550508269612
21699,0.208975494823505,0.578754675071588,0.0251767256964635,0.187093104408444
21700,0.270789791288863,0.263289591072955,0.198510783708139,0.267409833930043
21701,0.484898422493641,0.137769425822412,0.095077543220584,0.282254608463363
21702,0.0515331091905964,0.606746956565833,0.0833052253692613,0.25841470887431
21703,0.0855785898591555,0.328215513759725,0.0685205869323664,0.517685309448753
21704,0.0812954974256131,0.195132670889142,0.464332727278229,0.259239104407016
21705,0.18059252974473,0.0385688839688913,0.361014711785063,0.419823874501315
21706,0.0941565224613202,0.455597871998038,0.0693998707363058,0.380845734804336
21707,0.0908969121567183,0.498133273152084,0.166134142275734,0.244835672415463
21708,0.0458246708567036,0.497260036222101,0.130777732210653,0.326137560710542
21709,0.287253198822473,0.15578178002565,0.0419704198469066,0.51499460130497
21710,0.386084206396643,0.0804444909300611,0.0756846589744715,0.457786643698825
21711,0.036837530310717,0.522215250821569,0.16756786937073,0.273379349496984
21712,0.0670809124602839,0.31787906617893,0.0585477349523113,0.556492286408475
21713,0.632038200217945,0.0799373273511812,0.0983516124844846,0.18967285994639
21714,0.0488888517208158,0.653903526990749,0.0486221265480118,0.248585494740424
21715,0.533302351851335,0.114254755295171,0.161392458097445,0.191050434756049
21716,0.109925422507418,0.121922357192264,0.183296973536293,0.584855246764026
21717,0.311604919243695,0.0288033312773112,0.357465253922948,0.302126495556045
21718,0.344692663735734,0.412928416106074,0.0252397451145094,0.217139175043683
21719,0.185779869091754,0.128631261363884,0.146011331354959,0.539577538189403
21720,0.381255057822868,0.240928333421231,0.0486318829682847,0.329184725787616
21721,0.134934306415441,0.197259086283865,0.419404618627857,0.248401988672837
21722,0.60339467613917,0.174149968258568,0.0351498290943129,0.187305526507949
21723,0.0515211228692488,0.293089507082855,0.195174325590647,0.460215044457249
21724,0.332279498317669,0.198404928507914,0.221707866269893,0.247607706904525
21725,0.0797934957174971,0.167880441376608,0.228395437899763,0.523930625006133
21726,0.0356438783204217,0.333956054292582,0.3713130962916,0.259086971095397
21727,0.237508630728043,0.053284954534802,0.546416600305431,0.162789814431724
21728,0.104214517620783,0.119145964361545,0.341413424005536,0.435226094012135
21729,0.254154140180856,0.213726595334835,0.123780346206304,0.408338918278005
21730,0.442857756696282,0.0573495234689212,0.0914730031027155,0.408319716732081
21731,0.19027207826348,0.167782007164794,0.445266645595911,0.196679268975816
21732,0.313997865358989,0.186170222205802,0.0884922411522932,0.411339671282915
21733,0.444575246530336,0.318441998208027,0.0888354927977379,0.1481472624639
21734,0.0379294559891111,0.558655477070505,0.22481507123372,0.178599995706664
21735,0.212925573692868,0.309805661224443,0.0552607594152887,0.4220080056674
21736,0.682396713272235,0.0939732449873376,0.0836843530055172,0.139945688734911
21737,0.348244836145278,0.179577383157217,0.379555466427668,0.092622314269837
21738,0.372509841494366,0.254011132280948,0.269549424151537,0.103929602073149
21739,0.221911322495423,0.321759259086368,0.355546494582698,0.100782923835511
21740,0.102303663012882,0.536800522022084,0.266272822984146,0.0946229919808886
21741,0.288633388186343,0.32438947107939,0.17854811297495,0.208429027759317
21742,0.282282841000181,0.177042643541646,0.367466322171672,0.173208193286501
21743,0.345432893770315,0.401951807034946,0.0747562741329559,0.177859025061783
21744,0.284520754103336,0.204859040288265,0.414335990644199,0.0962842149642005
21745,0.249098766104597,0.162101341619696,0.39317769164211,0.195622200633598
21746,0.335579827192083,0.362481616390531,0.166106556178024,0.135832000239362
21747,0.571288721312084,0.182301969441063,0.14657995161299,0.0998293576338632
21748,0.317142805823737,0.44114489806942,0.126274852454101,0.115437443652742
21749,0.143377876385832,0.389288079153467,0.318178113840854,0.149155930619846
21750,0.156609830402064,0.184688442795183,0.468126076288349,0.190575650514405
21751,0.578907238793538,0.0718039407442759,0.270607493856447,0.0786813266057389
21752,0.445650756554191,0.125422371544311,0.244284462396592,0.184642409504906
21753,0.326787260856428,0.216320285523592,0.248104057880097,0.208788395739883
21754,0.168966804133217,0.514523590916575,0.13392790887873,0.182581696071478
21755,0.226269714860849,0.296058770740313,0.304258379920864,0.173413134477974
21756,0.0873310619230547,0.406470850350521,0.135431042598132,0.370767045128293
21757,0.126706892433811,0.55554592227196,0.0221170068290611,0.295630178465168
21758,0.233064840573555,0.228515079563485,0.204790902802482,0.333629177060478
21759,0.39666555268027,0.292981148034916,0.153893269760843,0.156460029523971
21760,0.135170522889684,0.0519539574887211,0.36960906483019,0.443266454791405
21761,0.115691279614579,0.167422912101277,0.462105306969639,0.254780501314504
21762,0.0345128553628913,0.766148244195461,0.0182643657574333,0.181074534684215
21763,0.55300051295098,0.0588133570008407,0.0282977716163564,0.359888358431823
21764,0.269371805395497,0.0346236168789138,0.489374534878827,0.206630042846762
21765,0.472902674716666,0.164327943744777,0.096392887912649,0.266376493625909
21766,0.0691041306832347,0.425769168419697,0.0461502735797697,0.458976427317299
21767,0.0755114353127852,0.175537685855907,0.39329350463801,0.355657374193298
21768,0.222668401932917,0.268337122569261,0.319856638835319,0.189137836662504
21769,0.197285466112341,0.171929749863575,0.086001601198515,0.544783182825569
21770,0.091710792203049,0.400912770370632,0.239116641521269,0.26825979590505
21771,0.0316339412637663,0.10165088672023,0.41450431952803,0.452210852487974
21772,0.14485836252015,0.361947285176079,0.215341552376061,0.27785279992771
21773,0.135427388307327,0.463049443798447,0.0516311443289579,0.349892023565269
21774,0.0298312871740685,0.115945302980365,0.594206108513645,0.260017301331922
21775,0.218742767531542,0.255668222431468,0.225944381861069,0.299644628175921
21776,0.354894742998173,0.301533750527051,0.124802193149075,0.2187693133257
21777,0.0719339823349572,0.0402254253879083,0.627478992749296,0.260361599527839
21778,0.328000235719639,0.122790540890261,0.105102884645066,0.444106338745035
21779,0.26130661841407,0.266614553133282,0.146240364268939,0.325838464183709
21780,0.191004533705958,0.130194326036878,0.425266701735902,0.253534438521263
21781,0.116622553815866,0.0900740937655597,0.586595407457782,0.206707944960792
21782,0.50865851235996,0.0295294487533731,0.313837983640759,0.147974055245908
21783,0.268456823354429,0.0909263361904232,0.213799376373456,0.426817464081692
21784,0.572280055042261,0.222144241858568,0.0624733239854735,0.143102379113697
21785,0.146222999610865,0.539985296111314,0.216360206616143,0.0974314976616779
21786,0.0975348427271295,0.0857573667412103,0.240301159543444,0.576406630988216
21787,0.0869126015789588,0.625279733780676,0.0969288648222356,0.19087879981813
21788,0.314201848479893,0.355285443168548,0.0650629735687898,0.26544973478277
21789,0.101883209854769,0.271504538349411,0.272985585498162,0.353626666297658
21790,0.572335842037913,0.116072048786714,0.0851630490328132,0.226429060142559
21791,0.320906290066263,0.157581954614137,0.158509811690164,0.363001943629436
21792,0.0924898188119986,0.337226795170048,0.365229490290823,0.20505389572713
21793,0.14298820394677,0.267433942007047,0.443665076435613,0.14591277761057
21794,0.0328605960557787,0.524825025302463,0.248686207310965,0.193628171330793
21795,0.247467320658696,0.0270958398131806,0.525939661430413,0.199497178097711
21796,0.241027395887643,0.224651499533243,0.155106257504093,0.379214847075022
21797,0.300357408556038,0.367279264566966,0.111438058954835,0.220925267922161
21798,0.466561163392348,0.0425135115152356,0.255855537203832,0.235069787888585
21799,0.0691578659973975,0.0569054530389948,0.191587778781675,0.682348902181932
21800,0.0843338269096817,0.0913899792088513,0.329563010887699,0.494713182993768
21801,0.168491226947573,0.136027155863757,0.206060407581514,0.489421209607156
21802,0.0447699833289204,0.1779921493555,0.363507035617942,0.413730831697637
21803,0.0867156956093464,0.102173441231257,0.583495407542875,0.227615455616522
21804,0.195703021936997,0.463374305709886,0.115840684320718,0.225081988032399
21805,0.534506899080884,0.0655490526536057,0.0948093806729575,0.305134667592553
21806,0.107761272342174,0.340157433358819,0.194200809062375,0.357880485236632
21807,0.189077844950467,0.369058859335486,0.148417980132487,0.293445315581561
21808,0.292710473368975,0.0981501838055086,0.164554627097662,0.444584715727854
21809,0.574209932229423,0.0431143329779294,0.0656882327662982,0.31698750202635
21810,0.715904369315646,0.0354869924193247,0.117255362208108,0.131353276056921
21811,0.339067173957026,0.355371133698695,0.189400957561163,0.116160734783116
21812,0.149307439546389,0.0508517855688389,0.479785731736791,0.320055043147982
21813,0.305641418767634,0.393193467809877,0.14433034165146,0.156834771771029
21814,0.238766814169278,0.337155428266735,0.286615797767287,0.1374619597967
21815,0.369380175346245,0.0956519343799352,0.30942613700103,0.22554175327279
21816,0.307592279152755,0.375570172476771,0.185722610431403,0.131114937939072
21817,0.132381475755703,0.154723259163201,0.587167110460761,0.125728154620335
21818,0.116532646931015,0.114911942826273,0.440151206858714,0.328404203383998
21819,0.2961976780238,0.203818981274933,0.163268989765358,0.336714350935909
21820,0.621645102608868,0.134989709474114,0.139107415898215,0.104257772018804
21821,0.199566746265132,0.161298874761665,0.510446640390144,0.128687738583059
21822,0.376355307860767,0.432134880249684,0.0937989782085299,0.0977108336810192
21823,0.195627119222072,0.418850372517322,0.214495173835023,0.171027334425583
21824,0.212126038438283,0.393998376956574,0.28574642929514,0.108129155310004
21825,0.0970276574217049,0.473876178321339,0.165792639817878,0.263303524439078
21826,0.236497634469449,0.310031406836596,0.357414368511423,0.0960565901825322
21827,0.0932004040864237,0.113475774092303,0.691635237473942,0.101688584347332
21828,0.145668523406547,0.426236385423595,0.225750467924842,0.202344623245016
21829,0.17203224768996,0.254544088905902,0.424678204949246,0.148745458454893
21830,0.145554055572934,0.094796689955796,0.559226575243318,0.200422679227952
21831,0.261472256257639,0.294835842009377,0.211557226616749,0.232134675116235
21832,0.255834665026533,0.38520067622977,0.0664583877190027,0.292506271024694
21833,0.525612051342916,0.0880106768897248,0.218743988359198,0.167633283408161
21834,0.616033455153485,0.152683129604764,0.0925450053686096,0.138738409873141
21835,0.137228953553365,0.361247466557744,0.128781647896557,0.372741931992334
21836,0.0785785505475123,0.129207208870213,0.550199543664117,0.242014696918157
21837,0.101997863983598,0.057171257264384,0.501047752714744,0.339783126037274
21838,0.25641523895781,0.0794899301433758,0.487037233782678,0.177057597116137
21839,0.131747131114353,0.449673465965809,0.202682351851392,0.215897051068446
21840,0.630604052113441,0.0483643846746967,0.16298698036523,0.158044582846632
21841,0.510647979579292,0.148516307432858,0.106929635550287,0.233906077437563
21842,0.0519748461577784,0.297854484090078,0.46786220344944,0.182308466302704
21843,0.535574776280035,0.109607308534472,0.0881323729240258,0.266685542261467
21844,0.0502556145778924,0.547646289223669,0.148593114813497,0.253504981384942
21845,0.282680752861841,0.130890374387904,0.296484212913754,0.289944659836501
21846,0.0965621789539133,0.449075489063146,0.177924771008081,0.276437560974859
21847,0.30439929867263,0.0936034698665714,0.400252926903754,0.201744304557045
21848,0.117366372280445,0.155387612120833,0.0885999784989766,0.638646037099746
21849,0.609905700404671,0.199828324039876,0.0426292114399145,0.147636764115539
21850,0.508667959025962,0.113161147469317,0.0866980837029221,0.291472809801799
21851,0.171361692358144,0.561178880235996,0.106686818298902,0.160772609106959
21852,0.402312906205603,0.129879205025651,0.286903734743451,0.180904154025295
21853,0.139399290623902,0.211286035868567,0.449063757464151,0.20025091604338
21854,0.361451751987071,0.159655525227497,0.20128868577516,0.277604037010272
21855,0.150080391527326,0.469091051298924,0.171422047121258,0.209406510052493
21856,0.406478972525328,0.154576495237607,0.335839734202642,0.103104798034423
21857,0.131095618298214,0.634120890751868,0.0680611729654966,0.166722317984421
21858,0.541813621277975,0.116698555971258,0.092932129162097,0.24855569358867
21859,0.475328422690203,0.128674281647634,0.13600938751895,0.259987908143213
21860,0.520065739591381,0.270896864583139,0.0909194112637584,0.118117984561722
21861,0.332658672125008,0.152126223977931,0.399451740850598,0.115763363046463
21862,0.0575480423826383,0.393570479079264,0.400153874051466,0.148727604486631
21863,0.099550304191605,0.338245953980104,0.265963958246286,0.296239783582005
21864,0.268737033135108,0.559921304755549,0.051223109462253,0.12011855264709
21865,0.146775934189037,0.298986778569145,0.435810360586962,0.118426926654856
21866,0.239208151727543,0.21052144181082,0.406593719288082,0.143676687173556
21867,0.139092074640236,0.199503720510848,0.300464432719466,0.36093977212945
21868,0.199118162488722,0.121230354054481,0.513193905097382,0.166457578359416
21869,0.392677201688395,0.125414742739541,0.203251085197386,0.278656970374678
21870,0.308957191247106,0.225799859343283,0.279538269392855,0.185704680016757
21871,0.589023868237539,0.189528679564948,0.0762792800293558,0.145168172168158
21872,0.0857207092484368,0.371068919635013,0.425199447635086,0.118010923481465
21873,0.324139396095177,0.349462230161388,0.244164418415793,0.0822339553276421
21874,0.161098831169242,0.582955470482166,0.134624082046989,0.121321616301602
21875,0.346366482765476,0.418456224944558,0.072133770242273,0.163043522047693
21876,0.449308192597064,0.166140007184469,0.265983231640988,0.118568568577478
21877,0.146886667015734,0.364224446761557,0.259990255586427,0.228898630636282
21878,0.355477106758287,0.448931054997647,0.109116474406617,0.0864753638374497
21879,0.387274378126005,0.292342186988028,0.111623854437058,0.208759580448909
21880,0.279703920235481,0.198643896581612,0.421366241925273,0.100285941257634
21881,0.198029469627733,0.301097978968607,0.286005513374752,0.214867038028907
21882,0.244819561484579,0.262493885479707,0.266977114868238,0.225709438167476
21883,0.129527166266358,0.325479772538118,0.308281080594981,0.236711980600544
21884,0.231226908006564,0.534998079403452,0.0657228601517362,0.168052152438248
21885,0.173882011175109,0.446390742230321,0.142410014918819,0.237317231675751
21886,0.246265320996456,0.309009031493878,0.196027175026732,0.248698472482934
21887,0.335168940602132,0.140518502180531,0.347699481007182,0.176613076210155
21888,0.0854340002226673,0.431667283472586,0.34722106921121,0.135677647093537
21889,0.142301334253377,0.296186786239686,0.287978327527189,0.273533551979748
21890,0.198523660759154,0.247543240746742,0.219923679295945,0.334009419198159
21891,0.418445141348634,0.0490918232106086,0.405167782787517,0.127295252653241
21892,0.104588056703058,0.347465104292232,0.116447401230214,0.431499437774496
21893,0.12643248292301,0.431399913125504,0.135906561455322,0.306261042496163
21894,0.240870131223937,0.115639521337163,0.226827603185398,0.416662744253502
21895,0.0427844439867277,0.0722350879391848,0.744040060032496,0.140940408041591
21896,0.358468492881114,0.213818607059519,0.275633332724178,0.15207956733519
21897,0.305146736691517,0.273361023914502,0.276635621964593,0.144856617429388
21898,0.238666581453734,0.294283856640249,0.272954639172603,0.194094922733414
21899,0.31338856484913,0.167284240583728,0.405525576247914,0.113801618319228
21900,0.0941255124016343,0.0954089091722998,0.150308615542698,0.660156962883368
21901,0.216858927384025,0.595508333369385,0.0453759180222007,0.14225682122439
21902,0.0849055467672539,0.183099588682516,0.560634496445301,0.17136036810493
21903,0.0887727458230908,0.129844946304912,0.575580747074588,0.205801560797409
21904,0.297965098752546,0.115755109782335,0.264525120486824,0.321754670978295
21905,0.0496880906269132,0.420643706370315,0.329984539367971,0.199683663634801
21906,0.155245606522972,0.235064282119626,0.156242624245117,0.453447487112285
21907,0.0988320165621372,0.410214983244947,0.182301330938484,0.308651669254431
21908,0.303758527044701,0.181603797731769,0.297944462743367,0.216693212480164
21909,0.301137461655012,0.146478506291569,0.312801974977243,0.239582057076176
21910,0.456239437435816,0.145702558891106,0.168036041023191,0.230021962649887
21911,0.202268794565831,0.519021546602431,0.13265476132795,0.146054897503788
21912,0.188156057688684,0.521951164568473,0.0687509216023336,0.221141856140509
21913,0.133302158053263,0.506134953193706,0.136688649868761,0.22387423888427
21914,0.173220335121935,0.127509009657814,0.207654390492556,0.491616264727695
21915,0.346589658903541,0.0932722486742722,0.306868139061284,0.253269953360903
21916,0.086641790912972,0.114014149511796,0.275365629043629,0.523978430531602
21917,0.185058939918649,0.159445725883254,0.237804766476194,0.417690567721904
21918,0.113504311149218,0.0954449681939126,0.65495047006688,0.13610025058999
21919,0.222548480086087,0.0781524048891347,0.549437292426699,0.149861822598079
21920,0.329931534179082,0.148696216309184,0.186466055566592,0.334906193945142
21921,0.177424348233298,0.523408643736111,0.144736821086627,0.154430186943964
21922,0.452889745837664,0.250827179277594,0.0730122953391875,0.223270779545554
21923,0.229521582598088,0.125790144203602,0.236757543996772,0.407930729201538
21924,0.251546100336469,0.125979108592206,0.265810634798525,0.3566641562728
21925,0.48452251867251,0.120722598554583,0.21216326006237,0.182591622710537
21926,0.439315401104754,0.129126696086222,0.129192728914296,0.302365173894728
21927,0.113538506244555,0.155884697949388,0.51101855374327,0.219558242062787
21928,0.125971288144867,0.563368902300168,0.0506948345781264,0.259964974976838
21929,0.0967532700021049,0.101007680595464,0.127948362543709,0.674290686858723
21930,0.0295989125406776,0.366848096726838,0.242876427284468,0.360676563448016
21931,0.1561530374077,0.407866096794389,0.0685591430468693,0.367421722751042
21932,0.0901595375433823,0.0538878277575867,0.53509724904404,0.320855385654991
21933,0.0814185138558779,0.526861387731869,0.0583307772028447,0.333389321209408
21934,0.107205245273,0.396895261519517,0.191502929315107,0.304396563892376
21935,0.159166695963257,0.215479059209821,0.118155231338441,0.507199013488482
21936,0.194917151232852,0.347403133226612,0.140535854102725,0.317143861437812
21937,0.0697377264313051,0.149000029743708,0.504305383466771,0.276956860358216
21938,0.0345650961870485,0.479683760928692,0.157599689117301,0.328151453766958
21939,0.0694042868817871,0.392558438449258,0.0958805899634981,0.442156684705457
21940,0.444712067501865,0.225525367137207,0.0951643547933031,0.234598210567625
21941,0.149137546434499,0.0666575994142949,0.270645225155171,0.513559628996035
21942,0.137153728074521,0.615613116912287,0.105867798817621,0.141365356195572
21943,0.0717085441634923,0.384305398552961,0.079515762870947,0.4644702944126
21944,0.0659791194498376,0.320951262645087,0.354656459306171,0.258413158598905
21945,0.128641774913965,0.311197702985057,0.0832890802902989,0.47687144181068
21946,0.514378682968057,0.142498626103796,0.0847089358985196,0.258413755029628
21947,0.47471755141941,0.173451254278888,0.122778300169908,0.229052894131794
21948,0.109354437912635,0.414964223756127,0.25898832038529,0.216693017945949
21949,0.129561943966587,0.339102348487066,0.129447976310186,0.401887731236161
21950,0.151956108390881,0.444228793276141,0.101173572844192,0.302641525488786
21951,0.124556461367025,0.212321141033378,0.328786044537671,0.334336353061927
21952,0.381354731053515,0.0741605792986641,0.0906107537526847,0.453873935895137
21953,0.448766400265983,0.225800340683019,0.0633316445625232,0.262101614488475
21954,0.169844938670386,0.0898511243399365,0.138691325585582,0.601612611404095
21955,0.398825315902255,0.0918233400637703,0.23730591222027,0.272045431813706
21956,0.0448022698103442,0.109921791745284,0.18028819172076,0.664987746723611
21957,0.442349968551414,0.123222611205806,0.196347903373368,0.238079516869412
21958,0.035345195696511,0.648720317520562,0.12532199722815,0.190612489554777
21959,0.0892837557491522,0.0962666004908599,0.0947342619464984,0.71971538181349
21960,0.152077107413738,0.523289424500184,0.0471639819160885,0.277469486169989
21961,0.22205523508537,0.175724623086991,0.314792698925107,0.287427442902532
21962,0.654899033240122,0.121643703985816,0.0726428814771256,0.150814381296936
21963,0.0906262977072292,0.357606944027537,0.380711808527101,0.171054949738133
21964,0.178552317940425,0.0365940976929311,0.62409421890352,0.160759365463123
21965,0.113291379062568,0.0840758579935463,0.416714091225695,0.38591867171819
21966,0.110147763237605,0.0586483247188474,0.398260040407311,0.432943871636237
21967,0.524494902242381,0.0291205713175161,0.213096835566227,0.233287690873876
21968,0.206337101163324,0.525349988853445,0.0549071729786888,0.213405737004541
21969,0.0412928342679711,0.167161175306108,0.243113617306822,0.548432373119099
21970,0.160282503527598,0.218989475957391,0.146941536022303,0.473786484492708
21971,0.304907690062596,0.27688211916651,0.290165128264994,0.128045062505901
21972,0.371751174822015,0.170330155313753,0.186464934234452,0.27145373562978
21973,0.447679415658563,0.181893624563781,0.0539505360261156,0.316476423751541
21974,0.466315269994623,0.197550432568025,0.0730808637008535,0.263053433736498
21975,0.0638309075470194,0.117722683088184,0.344188445568307,0.47425796379649
21976,0.357670309123987,0.301995727968996,0.221816751808631,0.118517211098386
21977,0.184537454590841,0.33533611111404,0.232511071220996,0.247615363074123
21978,0.248808909176726,0.0638650015730207,0.274393638847563,0.41293245040269
21979,0.341890868799243,0.20905912379704,0.0711874769863427,0.377862530417374
21980,0.0811796555410459,0.577972766669481,0.103712885296801,0.237134692492673
21981,0.145242340171908,0.409042470646972,0.239748417472988,0.205966771708133
21982,0.183373931302179,0.243836725081762,0.226633486604816,0.346155857011243
21983,0.0697155833851065,0.0866437324652354,0.332737649811433,0.510903034338225
21984,0.124110636292519,0.295610334058383,0.215261556317365,0.365017473331732
21985,0.0544412075674805,0.577768524095999,0.109952081937631,0.25783818639889
21986,0.152863254190866,0.1444087296159,0.531795536079023,0.170932480114212
21987,0.0596823752121156,0.368791505555233,0.179892296777884,0.391633822454768
21988,0.332540284297993,0.216307808264327,0.171504898625003,0.279647008812677
21989,0.0875978214504275,0.294691815363612,0.341887107068952,0.275823256117009
21990,0.0462479841079772,0.40963528373818,0.291645294297008,0.252471437856835
21991,0.280736987990117,0.221337311951976,0.24798436586631,0.249941334191596
21992,0.318755138870748,0.192128898045342,0.0976178534539392,0.391498109629971
21993,0.159619104257094,0.428992101009479,0.119779697070866,0.291609097662562
21994,0.115625553972997,0.417418300350577,0.34873154495191,0.118224600724516
21995,0.0654773726804985,0.199621127393723,0.494247600202292,0.240653899723487
21996,0.400099198293338,0.175746417566717,0.0603469692113351,0.363807414928609
21997,0.377510066830332,0.112662114838432,0.275386952652469,0.234440865678767
21998,0.365843311143904,0.144125126045624,0.112630199977228,0.377401362833244
21999,0.085797123114507,0.560241457433235,0.172436544538513,0.181524874913745
22000,0.442570284632381,0.0544854464597579,0.329403034084038,0.173541234823823
22001,0.142929663036155,0.483795331783114,0.252689595017017,0.120585410163715
22002,0.182794566271418,0.469443477596554,0.100235073376226,0.247526882755802
22003,0.0590875922313853,0.16371531703445,0.534258066113964,0.242939024620201
22004,0.568431617741854,0.0890563830277824,0.0736636053587549,0.268848393871609
22005,0.288626682343756,0.0802218963529909,0.189892968912596,0.441258452390657
22006,0.0527564241043298,0.186605931230566,0.166903311185811,0.593734333479293
22007,0.2215343187283,0.40751466125169,0.1450172017657,0.22593381825431
22008,0.0493378324747361,0.130251224353681,0.512957479466158,0.307453463705425
22009,0.407219909257801,0.104567381697722,0.144017062651969,0.344195646392507
22010,0.12073285345659,0.486800916807099,0.0423540162081221,0.35011221352819
22011,0.0715136089610678,0.362624988755938,0.194306484003672,0.371554918279322
22012,0.267314411369842,0.115395801288039,0.141009532154568,0.476280255187551
22013,0.338770982976645,0.0895158859450369,0.325262947972839,0.246450183105479
22014,0.129241994747758,0.0801912492696579,0.588392680988298,0.202174074994287
22015,0.0796936392364682,0.0774604654080703,0.333548521429901,0.50929737392556
22016,0.0480324853165771,0.434990666342844,0.0472932345881874,0.469683613752392
22017,0.0484864207921332,0.713123409834107,0.0337002163290249,0.204689953044735
22018,0.267236954922338,0.144555727547829,0.320585908692855,0.267621408836978
22019,0.211444479288625,0.0944351200090749,0.263659118924313,0.430461281777987
22020,0.157161922819318,0.104870982987183,0.306473567159119,0.431493527034381
22021,0.0474945093241407,0.28352723291647,0.291493082320939,0.377485175438451
22022,0.517926791172565,0.0417001060051049,0.138418622699393,0.301954480122938
22023,0.395001127863436,0.0385843523149079,0.264181265580948,0.302233254240708
22024,0.196243257060225,0.0414643488625053,0.0987073168630406,0.663585077214229
22025,0.435857883956797,0.155118604830658,0.0464139110232376,0.362609600189308
22026,0.626206295024482,0.0702146104566351,0.0286358554564359,0.274943239062447
22027,0.269760112402295,0.234144626848409,0.0646491007367647,0.431446160012531
22028,0.370698607973773,0.0851819024244229,0.0323372051934069,0.511782284408397
22029,0.0427154394209435,0.0548890915742701,0.0499663464181865,0.8524291225866
22030,0.452321234741902,0.0282499373751846,0.323748903743786,0.195679924139128
22031,0.162871378869469,0.150323358354749,0.0692573623725237,0.617547900403258
22032,0.072693990279722,0.210002170071734,0.0551270088375981,0.662176830810946
22033,0.0380288059031347,0.0741567670052308,0.676968397317276,0.210846029774358
22034,0.679869090133965,0.0604751953060277,0.0404227820844837,0.219232932475523
22035,0.134359987051743,0.107704619325544,0.0901567211756418,0.667778672447072
22036,0.471171966329037,0.207060176480104,0.0662554540812421,0.255512403109617
22037,0.1230792967663,0.124019171130457,0.043056834142619,0.709844697960624
22038,0.106151533466487,0.270285462554597,0.0598884025950708,0.563674601383846
22039,0.369729677706609,0.362784309311756,0.0193514246663311,0.248134588315303
22040,0.170681179716347,0.355621885193811,0.162551588339158,0.311145346750683
22041,0.14996929843375,0.059318081169423,0.534233453105707,0.25647916729112
22042,0.249514599561694,0.179316673986082,0.252148704717124,0.319020021735099
22043,0.154591003561999,0.518976775441317,0.0948080973496938,0.231624123646991
22044,0.0706796054362418,0.112781706758324,0.269125223685143,0.547413464120291
22045,0.110599845040717,0.338988601108116,0.102857096238577,0.44755445761259
22046,0.154050750541659,0.22140658467486,0.22132993166405,0.403212733119431
22047,0.185920852157854,0.372047767210956,0.0579417848639977,0.384089595767193
22048,0.134528342317208,0.654271594860436,0.0431993772505087,0.168000685571847
22049,0.156173157346546,0.540958288480675,0.0615138785869343,0.241354675585844
22050,0.259468082288684,0.272344444185649,0.351016247213209,0.117171226312459
22051,0.0559307190770994,0.086370293404838,0.608943523869087,0.248755463648976
22052,0.19946960673865,0.392012556271503,0.175044403631614,0.233473433358234
22053,0.0390976644602234,0.660873574482367,0.147042517158659,0.152986243898751
22054,0.102131125114761,0.0757571793209526,0.620742368477864,0.201369327086423
22055,0.202763907693333,0.127066261536242,0.489856945408747,0.180312885361678
22056,0.274944928298906,0.0684223310975537,0.470504442384288,0.186128298219252
22057,0.264484383944701,0.197568941016755,0.190528436700985,0.34741823833756
22058,0.362778596192606,0.424918390183016,0.0853690774226087,0.126933936201769
22059,0.186750280869329,0.471968337940573,0.104172248779605,0.237109132410493
22060,0.149282640621857,0.172651615204008,0.0694492155042385,0.608616528669896
22061,0.0810244002617907,0.146452347303735,0.412763913868484,0.359759338565991
22062,0.113343947234509,0.278118400249995,0.391678975570645,0.216858676944851
22063,0.0159549956880126,0.586228727492263,0.211995502505536,0.185820774314188
22064,0.444725945629176,0.205830666824341,0.101258925486412,0.24818446206007
22065,0.105493207185084,0.137365300403158,0.423000884135348,0.334140608276409
22066,0.408477858059281,0.123353581941116,0.131793262376629,0.336375297622973
22067,0.364347980647316,0.206704122654354,0.0320945316313077,0.396853365067022
22068,0.13483860987098,0.698637620393996,0.0140678390363726,0.152455930698652
22069,0.0326514112912045,0.538879790468072,0.0657150234482488,0.362753774792474
22070,0.372928200432901,0.0434826668763407,0.106622995559867,0.476966137130891
22071,0.364059960033748,0.13170691480669,0.0921842894447347,0.412048835714827
22072,0.0251243813438973,0.515895913888639,0.293443788211917,0.165535916555546
22073,0.150958959483897,0.117087663520748,0.24293732963363,0.489016047361725
22074,0.0318075737174381,0.643277175888295,0.108057965788608,0.216857284605659
22075,0.0713924410992993,0.263997490507508,0.163686991424157,0.500923076969037
22076,0.637833770193773,0.114577215014697,0.0540164485364375,0.193572566255092
22077,0.160474057347066,0.0823266441563818,0.0724780427620224,0.684721255734529
22078,0.371717388139768,0.133494996808894,0.0975828794165121,0.397204735634826
22079,0.446468973480283,0.027467589726303,0.0654950524467167,0.460568384346698
22080,0.0993883790227182,0.0492798189493567,0.538740780103538,0.312591021924387
22081,0.115248646808804,0.493241918865584,0.108737398635956,0.282772035689656
22082,0.540722406074069,0.135996937710915,0.0987974166352926,0.224483239579723
22083,0.0198922423424031,0.603757585054875,0.105240882600589,0.271109290002133
22084,0.158495993923219,0.0989770011752599,0.0487756079600898,0.693751396941431
22085,0.283402573095501,0.114793244858373,0.152401590925177,0.449402591120949
22086,0.0506667204972043,0.41606668000956,0.0436215297121545,0.489645069781082
22087,0.042659105491719,0.0445914494936117,0.420660594072819,0.49208885094185
22088,0.0971230846758727,0.111969309298776,0.152223497246833,0.638684108778519
22089,0.018217398174629,0.550021837973281,0.163681390766882,0.268079373085208
22090,0.124160203205108,0.191947614875847,0.211893065507783,0.471999116411262
22091,0.0528706098808094,0.113143024207084,0.607480840261094,0.226505525651012
22092,0.567985829772272,0.186881908618504,0.0299143785748091,0.215217883034415
22093,0.0697970945935117,0.0954679947191255,0.502539806541159,0.332195104146204
22094,0.112508614478377,0.0819239646629797,0.322021025444208,0.483546395414435
22095,0.070276397808681,0.232666604119169,0.160323115244561,0.536733882827589
22096,0.179429741962824,0.0288370546227675,0.559407219495038,0.23232598391937
22097,0.535500680400301,0.0231217734586889,0.0604150639261741,0.380962482214836
22098,0.229496472691048,0.0360449058735015,0.525127743416771,0.209330878018679
22099,0.0378994747997861,0.209379707136486,0.136611667174049,0.616109150889678
22100,0.0478774138549902,0.138148323242608,0.601802914637627,0.212171348264775
22101,0.463678242995298,0.198957866442055,0.0654052484575539,0.271958642105093
22102,0.0677893594226904,0.283117372194254,0.0992028513410613,0.549890417041994
22103,0.293021204687248,0.214062572608924,0.186696873453322,0.306219349250506
22104,0.387439089375149,0.260852741020325,0.044976673800151,0.306731495804375
22105,0.0313529110891416,0.227390630494713,0.224490406852555,0.516766051563591
22106,0.655150497428748,0.110074195367877,0.0234774760975868,0.211297831105788
22107,0.0971791770955508,0.0585922961398671,0.542528104541959,0.301700422222623
22108,0.265130850090302,0.0836392347116856,0.245296003832768,0.405933911365245
22109,0.270050689356953,0.421553812219014,0.0764174326112916,0.231978065812742
22110,0.0579325831221145,0.0564765518399479,0.120142303517571,0.765448561520366
22111,0.371729415733945,0.108427908990156,0.122302032289975,0.397540642985925
22112,0.0329653169654714,0.219821458448246,0.434665760702454,0.312547463883829
22113,0.0513585860102744,0.429787724220893,0.175336243043624,0.343517446725208
22114,0.1488827189279,0.0840369059498335,0.139544059340292,0.627536315781974
22115,0.120180797358476,0.111816152233272,0.0645884289327809,0.703414621475471
22116,0.0498078013246253,0.219535918002208,0.430065624213877,0.30059065645929
22117,0.270982001912066,0.0958733283362353,0.468364765745613,0.164779904006086
22118,0.677697424105752,0.0588362951867946,0.0573141254950023,0.206152155212451
22119,0.0677637300312315,0.575895462050362,0.0826431663990451,0.273697641519362
22120,0.13964891772762,0.0794881787629954,0.474744667274476,0.306118236234909
22121,0.0735784515703176,0.257006122723628,0.145248728529089,0.524166697176966
22122,0.123164824756391,0.301765211885205,0.437225996838129,0.137843966520275
22123,0.10841853653801,0.373413155559419,0.281282307191467,0.236886000711104
22124,0.056837308460791,0.361397390665749,0.274451674943543,0.307313625929918
22125,0.259997209706082,0.139427357033178,0.132941596706138,0.467633836554602
22126,0.234865247857038,0.130670640581053,0.255847227618864,0.378616883943045
22127,0.475521705171159,0.167388817555681,0.137533019759947,0.219556457513212
22128,0.349867722063006,0.23917910254736,0.21984485729526,0.191108318094374
22129,0.0566350505280264,0.113456949163754,0.149590393125247,0.680317607182972
22130,0.0617516489054355,0.30029633751332,0.433806037270016,0.204145976311229
22131,0.615708585189503,0.0735331891685446,0.133399989222808,0.177358236419144
22132,0.0952453050933735,0.240279737538048,0.408855290605698,0.25561966676288
22133,0.0465593762179021,0.0932984119548623,0.596578303724327,0.263563908102909
22134,0.336386493619015,0.141124460284774,0.162491761305667,0.359997284790544
22135,0.645579886480385,0.0351070001173074,0.0389522817753599,0.280360831626948
22136,0.266184329029054,0.12303825197844,0.0612976808389778,0.549479738153528
22137,0.275369636220545,0.0770417636422122,0.171644040156815,0.475944559980428
22138,0.272175340846151,0.195837591280123,0.142678604837174,0.389308463036552
22139,0.138728272984982,0.409079852685796,0.144321973193509,0.307869901135714
22140,0.0327906957609891,0.0401768774423647,0.453494044973706,0.47353838182294
22141,0.0404128997025582,0.261888441006135,0.198583111610514,0.499115547680793
22142,0.171775068205275,0.0439202912252023,0.590580926018929,0.193723714550594
22143,0.271158731592044,0.11649160128027,0.289767960827817,0.322581706299869
22144,0.0217906333785506,0.221398072027607,0.548977224988736,0.207834069605106
22145,0.0962309892901298,0.146162412367041,0.275940219905973,0.481666378436856
22146,0.259343443329878,0.0427342603507476,0.327554717085536,0.370367579233839
22147,0.402558888154206,0.0626151140208879,0.161430213942134,0.373395783882772
22148,0.282139274695147,0.0932598159553677,0.133197205681835,0.491403703667651
22149,0.070923985986507,0.325872639046227,0.0269567470084756,0.57624662795879
22150,0.0683892945185975,0.0636523523924104,0.65573029103715,0.212228062051842
22151,0.200700338418377,0.0364773834991937,0.335376984050191,0.427445294032238
22152,0.135540152743513,0.0777620933699666,0.0390503037208338,0.747647450165687
22153,0.0317191142893887,0.327914734261153,0.413865330658126,0.226500820791332
22154,0.0938320422871882,0.442742705954841,0.12922534466453,0.334199907093441
22155,0.110316325512776,0.204133225128912,0.382078777707746,0.303471671650566
22156,0.0587827093931645,0.464970358567339,0.0565815023422153,0.419665429697281
22157,0.093323202056468,0.306061946452532,0.357059483692417,0.243555367798583
22158,0.065220591956682,0.31856600918169,0.109428701303694,0.506784697557933
22159,0.0968616685203185,0.218355430397385,0.460119420117435,0.224663480964861
22160,0.139790474513637,0.255758197741608,0.0823873704287191,0.522063957316036
22161,0.0568729055939358,0.310360952979733,0.145916045869925,0.486850095556407
22162,0.0969959497611664,0.287723566874862,0.244723128108204,0.370557355255768
22163,0.436643718360361,0.0717026818839276,0.060048698164203,0.431604901591508
22164,0.047658277916719,0.0377700768761134,0.534544969469355,0.380026675737812
22165,0.0656701250480443,0.447657515863974,0.118650246352873,0.368022112735109
22166,0.437900769147465,0.380551911306744,0.0465914080339332,0.134955911511858
22167,0.334326438943585,0.219973518982031,0.223141771680562,0.222558270393822
22168,0.171841304862433,0.16001090876202,0.303788030749226,0.364359755626321
22169,0.307477564487368,0.0443441313040587,0.184536708248373,0.4636415959602
22170,0.0762056673011912,0.201388941599204,0.526045104495411,0.196360286604194
22171,0.102681472511286,0.275959445931812,0.316585266421064,0.304773815135838
22172,0.0606230804713599,0.111947387934747,0.0749934220588723,0.752436109535021
22173,0.132381494498466,0.528899535442026,0.0611468812951476,0.277572088764361
22174,0.573955965069921,0.114409319084716,0.0597778114685374,0.251856904376825
22175,0.0787326306461203,0.45934641513798,0.150958617287106,0.310962336928794
22176,0.257236151520212,0.0841057542282065,0.29924485713444,0.359413237117141
22177,0.122204418655244,0.0967154847542042,0.16235049787919,0.618729598711361
22178,0.249214266113194,0.368196489579281,0.13462382049222,0.247965423815305
22179,0.0573756490469627,0.38602597878225,0.0583817665453459,0.498216605625442
22180,0.274206693367591,0.0714134715565314,0.483639089885042,0.170740745190835
22181,0.121300134932956,0.498107071668857,0.0847548442787775,0.295837949119409
22182,0.329976439514748,0.0823688860195865,0.322495858355833,0.265158816109832
22183,0.236787992515814,0.425296072617528,0.0873301123808547,0.250585822485804
22184,0.326309743928973,0.0706333562746978,0.102061524720495,0.500995375075834
22185,0.170885040122412,0.31684075181887,0.0535744501629926,0.458699757895726
22186,0.0638835985049378,0.505153738616712,0.0939809933203091,0.336981669558041
22187,0.100478812585729,0.222221019622652,0.0923824936532938,0.584917674138325
22188,0.245923600040027,0.175234329381299,0.336921322526166,0.241920748052507
22189,0.208829207923517,0.0358899059383399,0.472644358220494,0.282636527917649
22190,0.0589697422060727,0.502547622823728,0.152021497440637,0.286461137529563
22191,0.304919996603985,0.119701310333812,0.417172935315055,0.158205757747147
22192,0.138311830338348,0.156899165178657,0.22859066776871,0.476198336714285
22193,0.0926570171340969,0.141667867139602,0.0864004831954565,0.679274632530845
22194,0.279341596179075,0.275741626107034,0.0288525276436661,0.416064250070225
22195,0.255721087277001,0.471848781319845,0.153068226223467,0.119361905179687
22196,0.310657165569976,0.0344601237718583,0.0872874690807849,0.56759524157738
22197,0.112908662205855,0.453119583635358,0.0504526988280751,0.383519055330712
22198,0.0602291281346967,0.0369235486618331,0.0751195761145084,0.827727747088962
22199,0.60709517788988,0.0676012480593447,0.0658959611548676,0.259407612895908
22200,0.465878101964828,0.0886977282851613,0.111913941001479,0.333510228748531
22201,0.255759088832348,0.373210934266063,0.165146285635452,0.205883691266137
22202,0.502260861439809,0.251044582764958,0.0411596452473093,0.205534910547923
22203,0.406273063842433,0.348161846749286,0.0539439922884682,0.191621097119813
22204,0.122452357207459,0.304165742905872,0.0381865979431685,0.5351953019435
22205,0.301213057311623,0.298186399001777,0.144374583259913,0.256225960426687
22206,0.0673553821524044,0.160362637669972,0.456084268089341,0.316197712088282
22207,0.0925545202449733,0.0604604601027478,0.349282892736701,0.497702126915578
22208,0.23204343069126,0.487236781074044,0.0480380727517867,0.232681715482909
22209,0.122978299547818,0.106510695341753,0.049086451322157,0.721424553788271
22210,0.131814293342125,0.181144194095792,0.18074746251997,0.506294050042114
22211,0.101627617553155,0.311008340931727,0.0448269502845822,0.542537091230536
22212,0.0316750141560532,0.312979901956675,0.347706972005713,0.307638111881558
22213,0.0791197545003785,0.233682242577087,0.178489643985063,0.508708358937472
22214,0.0434534916261502,0.168714357194715,0.364702960756813,0.423129190422322
22215,0.0502725556358119,0.0726245793494713,0.660647649527803,0.216455215486914
22216,0.473781812730229,0.10799570468461,0.084592450543207,0.333630032041954
22217,0.0940373696497633,0.0792884112563139,0.550605453153568,0.276068765940355
22218,0.08608998682727,0.315696317089106,0.0381550500015719,0.560058646082052
22219,0.379780520797525,0.0438309880000978,0.113438019909521,0.462950471292856
22220,0.699643393854057,0.0275488314911491,0.054917647886611,0.217890126768183
22221,0.0420166105469792,0.162735368572751,0.0867528213089372,0.708495199571333
22222,0.678356859406426,0.070988081069526,0.037290055144487,0.213365004379562
22223,0.205952134179719,0.356124392691117,0.0556955679976673,0.382227905131496
22224,0.239789787458182,0.0794096303418205,0.153993155699287,0.526807426500711
22225,0.54628029209961,0.193786520301487,0.104250339255946,0.155682848342957
22226,0.0744471640528864,0.041477694922814,0.649087162934133,0.234987978090167
22227,0.501250851831812,0.162582437343344,0.163943602049366,0.172223108775477
22228,0.0278111581648987,0.617504170774809,0.0959176985558233,0.258766972504469
22229,0.252388028251515,0.343300649606979,0.0740434307914445,0.330267891350062
22230,0.112385571474364,0.0656872734587912,0.634782353402646,0.187144801664199
22231,0.546077466436957,0.138289968641947,0.139255012750649,0.176377552170447
22232,0.328573015007149,0.224910245310953,0.0573282430234205,0.389188496658478
22233,0.115648903307005,0.0835050769345135,0.260430638474884,0.540415381283598
22234,0.212903191850337,0.442199385655092,0.0671444863689431,0.277752936125627
22235,0.202123978834622,0.0772188010797809,0.142122556718616,0.578534663366981
22236,0.625477878042164,0.109378752759575,0.0681431389184889,0.197000230279773
22237,0.318582025085441,0.0655750290576785,0.294467133632634,0.321375812224247
22238,0.0437653389862439,0.207588907738387,0.421715195061177,0.326930558214192
22239,0.134911962090097,0.465422193516015,0.190562510798733,0.209103333595156
22240,0.157935417512993,0.20833660088656,0.272593935057362,0.361134046543085
22241,0.317328426169572,0.121258227164483,0.114918473359963,0.446494873305982
22242,0.476777710145275,0.160281460804957,0.0563244867599807,0.306616342289787
22243,0.0357615776808665,0.663907757042439,0.0401423208230233,0.260188344453671
22244,0.265787099537563,0.396485670190864,0.148230106367607,0.189497123903966
22245,0.478920383676957,0.100004799926256,0.0720038234609837,0.349070992935803
22246,0.188857707902344,0.449960475282253,0.0914751109329819,0.269706705882421
22247,0.0937425537385256,0.082721331318619,0.574667877540855,0.248868237402
22248,0.543311745332185,0.0932931084674433,0.237962279047706,0.125432867152666
22249,0.0713926091808239,0.147674212265534,0.279798990508132,0.50113418804551
22250,0.444545570495343,0.0687895618297407,0.219393224585085,0.267271643089832
22251,0.148517694189833,0.151024401436818,0.430752553748101,0.269705350625248
22252,0.154716761564886,0.0867228411011802,0.5088699934215,0.249690403912434
22253,0.195239134433248,0.460412060959372,0.0782915040405834,0.266057300566797
22254,0.165761775287177,0.199587138884106,0.297931968229534,0.336719117599183
22255,0.110820687849428,0.054514984601537,0.472158190325542,0.362506137223493
22256,0.300355905214679,0.0710653989070525,0.279495589267083,0.349083106611185
22257,0.509851956574188,0.080230672312594,0.221432393143687,0.188484977969532
22258,0.0937267989439608,0.497980920596173,0.202837681304115,0.205454599155752
22259,0.292445264967512,0.120310030160611,0.200958671494715,0.386286033377162
22260,0.0630077256132506,0.0873286463725207,0.476368654189266,0.373294973824963
22261,0.371611473019616,0.0987033697346932,0.253433073091223,0.276252084154467
22262,0.418749384684076,0.250116935368973,0.132282678502404,0.198851001444547
22263,0.148879312871877,0.439330123079242,0.0512240752167623,0.360566488832119
22264,0.397212322599121,0.246811195896073,0.12922726078046,0.226749220724346
22265,0.257346680209424,0.176920773409696,0.385274871802885,0.180457674577996
22266,0.142890363390713,0.0970462861909729,0.40078055748692,0.359282792931394
22267,0.0846174673537834,0.0627116484974391,0.559854889323717,0.292815994825061
22268,0.363297758529129,0.192920222080594,0.151686776596521,0.292095242793756
22269,0.276354738327404,0.559969720243946,0.0463975615388756,0.117277979889774
22270,0.120755400659777,0.247434740644416,0.361170557373757,0.27063930132205
22271,0.186354405201795,0.301717812118952,0.35873865443699,0.153189128242262
22272,0.250509108760932,0.42714331143384,0.126886949259844,0.195460630545383
22273,0.255212844933076,0.243954301544651,0.270707042240462,0.230125811281811
22274,0.200801012337412,0.505704515891382,0.084387722084466,0.20910674968674
22275,0.140266401169751,0.49131969384911,0.183227640925552,0.185186264055586
22276,0.0760010261887465,0.137407929887127,0.498979795695169,0.287611248228958
22277,0.317998133678655,0.154590334400542,0.423273296280983,0.10413823563982
22278,0.116721712071047,0.363306387012895,0.309596971886154,0.210374929029904
22279,0.347329596529022,0.24186322709992,0.180117091711847,0.230690084659211
22280,0.234632146215106,0.1121879707817,0.335555329590139,0.317624553413054
22281,0.661233898640101,0.0772492096591752,0.128435762732419,0.133081128968306
22282,0.0841294790607347,0.335926976642149,0.484898685691922,0.0950448586051952
22283,0.16846400976078,0.363240907900296,0.169164048340331,0.299131033998592
22284,0.377240236766988,0.135516411025378,0.362119456034051,0.125123896173584
22285,0.116018957161551,0.350843506068969,0.250831482392538,0.282306054376942
22286,0.153503698078841,0.0757313969434797,0.550106235379264,0.220658669598415
22287,0.374579619255788,0.27181404101862,0.11073222057741,0.242874119148181
22288,0.372080544525625,0.205647251787869,0.142545104366732,0.279727099319774
22289,0.156023786780029,0.339512685940328,0.288352502219926,0.216111025059717
22290,0.489448833081007,0.0614235488913138,0.31726927732533,0.131858340702349
22291,0.676353723547669,0.0541982153766179,0.0860504017924463,0.183397659283267
22292,0.252770817262925,0.187389294929259,0.306428565182423,0.253411322625393
22293,0.243145104232194,0.363519424637701,0.121213203867812,0.272122267262293
22294,0.300914377786531,0.161026831639669,0.112372471740552,0.425686318833248
22295,0.0994896143976455,0.284704232725745,0.439327865734749,0.176478287141861
22296,0.290739624049058,0.0759027145728502,0.194359519169516,0.438998142208575
22297,0.229166212643912,0.190370964634102,0.332821743994419,0.247641078727568
22298,0.120241927266798,0.166004678062321,0.494299175924066,0.219454218746815
22299,0.0513900575076759,0.653564832846078,0.0709954660562333,0.224049643590013
22300,0.595507714740397,0.187900686093084,0.0730212986912426,0.143570300475277
22301,0.101411768066199,0.21807296104052,0.530988671711943,0.149526599181338
22302,0.159039577349683,0.460815906125866,0.150094051228977,0.230050465295475
22303,0.437268352978383,0.122127129604329,0.148438235334454,0.292166282082834
22304,0.283212253276701,0.367523498648196,0.0612034357282075,0.288060812346896
22305,0.221670340844968,0.263127596415102,0.321412842087431,0.193789220652498
22306,0.242330798199914,0.179346903048509,0.443481140997905,0.134841157753671
22307,0.0899250235865987,0.283200259049914,0.0634315420907388,0.563443175272749
22308,0.138432137083014,0.260765430148449,0.22255243836293,0.378249994405608
22309,0.396523390680681,0.0872692748719894,0.0426972220656607,0.473510112381669
22310,0.272847166179386,0.0531926047510035,0.187878339133552,0.486081889936059
22311,0.185862069474104,0.322464707520871,0.167543190038588,0.324130032966436
22312,0.604491078166165,0.0899790777043461,0.062491214362481,0.243038629767009
22313,0.426016734465561,0.239381163469547,0.0732347649695873,0.261367337095305
22314,0.337969685592027,0.244646874555095,0.217632257420988,0.19975118243189
22315,0.159330391449352,0.285245348934527,0.191008987595025,0.364415272021096
22316,0.0555499375819334,0.401221544569292,0.166162874809965,0.37706564303881
22317,0.0925244485918972,0.436644476083336,0.136163516480682,0.334667558844085
22318,0.181115848886975,0.0416383262592519,0.522049709724168,0.255196115129605
22319,0.366073730826583,0.237807374047421,0.0708574909999338,0.325261404126062
22320,0.143953274452203,0.34813072850088,0.321802568423017,0.186113428623901
22321,0.210633433701868,0.174431538533489,0.17102865272451,0.443906375040133
22322,0.0639372637580234,0.120095412231502,0.503457933792704,0.312509390217771
22323,0.0431863568540218,0.323063926066895,0.160300581825931,0.473449135253152
22324,0.0664463060684385,0.393451637324426,0.314793390023688,0.225308666583447
22325,0.230425108214501,0.218552528423352,0.0764596679940857,0.474562695368061
22326,0.486591862251548,0.095950676200936,0.15318864832634,0.264268813221175
22327,0.312724685327912,0.144652680383221,0.441243965959625,0.101378668329241
22328,0.358118566527557,0.157161265469187,0.239745435825706,0.24497473217755
22329,0.302719714462114,0.187225808210482,0.222703622316914,0.287350855010491
22330,0.195332343017588,0.152675551904334,0.35423266391797,0.297759441160109
22331,0.324240996581956,0.208081973126809,0.0739575327973361,0.393719497493899
22332,0.234175556900758,0.14946654021382,0.255687001484003,0.360670901401418
22333,0.548546901616415,0.0325440556355926,0.306864017161717,0.112045025586276
22334,0.238437372326084,0.154999089651043,0.363398368490859,0.243165169532014
22335,0.323012091149408,0.391991116659613,0.0733264991546881,0.211670293036291
22336,0.519749740941707,0.122629566054962,0.171522738474622,0.186097954528709
22337,0.129445695561765,0.295475874067991,0.395903483180158,0.179174947190087
22338,0.107907551932849,0.19077131684618,0.193838768290125,0.507482362930846
22339,0.162423914178057,0.0828889462631865,0.590743296300077,0.16394384325868
22340,0.0637175132777478,0.494455036321355,0.103097067411499,0.338730382989398
22341,0.252315464099357,0.126167546626524,0.273415399168332,0.348101590105787
22342,0.283154283289026,0.103917791322069,0.437763984833859,0.175163940555045
22343,0.169444190696235,0.638028854014159,0.0711395896291177,0.121387365660489
22344,0.166951299868131,0.319326134522399,0.411559843894002,0.102162721715468
22345,0.708545466748804,0.0536165744659834,0.0923984043734802,0.145439554411733
22346,0.479238869147734,0.139173307248325,0.0768004612356748,0.304787362368266
22347,0.141874372492062,0.3052781356558,0.411132843068624,0.141714648783514
22348,0.0630056691813524,0.278587662781489,0.541968322175031,0.116438345862128
22349,0.216202333932491,0.273340596729838,0.400474942133842,0.109982127203828
22350,0.227347185760744,0.313895487910397,0.348011534448448,0.110745791880411
22351,0.210222500138065,0.24971397302166,0.43301095657892,0.107052570261356
22352,0.536798950955618,0.0852204024067836,0.240938793499698,0.1370418531379
22353,0.206774283425888,0.134593635207247,0.401056530395615,0.25757555097125
22354,0.274393312464714,0.307441477304662,0.240443910397643,0.177721299832981
22355,0.174981680034494,0.300020223487334,0.321958397434761,0.203039699043412
22356,0.187063958527467,0.0994737290669219,0.44265559126345,0.270806721142161
22357,0.136302844277126,0.498747699453492,0.164975720580568,0.199973735688815
22358,0.633468738795815,0.0872033649429726,0.155651128926876,0.123676767334336
22359,0.1765306275108,0.289966103517361,0.439095766580635,0.0944075023912043
22360,0.237037720817828,0.500645504524822,0.0542367488020381,0.208080025855313
22361,0.28815787514978,0.279721837312217,0.132847187772795,0.299273099765208
22362,0.148260958997459,0.285307901535017,0.359307147120467,0.207123992347057
22363,0.0961331292092718,0.130746551047156,0.457196720411937,0.315923599331635
22364,0.262113607152528,0.302924632886166,0.148377094866476,0.286584665094829
22365,0.269295319211697,0.239541330141357,0.255567856115974,0.235595494530971
22366,0.199930734255542,0.473814738357337,0.228834920187069,0.0974196072000518
22367,0.459394620546112,0.108384826072959,0.231353354336024,0.200867199044904
22368,0.256631639815219,0.393346820810827,0.135928816916677,0.214092722457277
22369,0.158925202186039,0.565377895469904,0.150484462296648,0.12521244004741
22370,0.133154849626003,0.376640592788201,0.226600785014982,0.263603772570814
22371,0.443069328168674,0.095214518869716,0.211538034702165,0.250178118259445
22372,0.363444472012383,0.411457378282767,0.0846320880891958,0.140466061615655
22373,0.236414800887692,0.112608373991177,0.309362038652907,0.341614786468224
22374,0.287968037131795,0.503469536127788,0.0922916576951769,0.11627076904524
22375,0.150214384370392,0.486800906894295,0.149543209630633,0.21344149910468
22376,0.241076335051369,0.138177130020432,0.204715249801364,0.416031285126836
22377,0.390168937737252,0.287078434311954,0.127134909058155,0.195617718892638
22378,0.155604552044298,0.145131211476768,0.585469303137169,0.113794933341765
22379,0.467631719463502,0.272601014227679,0.0707387374925387,0.189028528816281
22380,0.124095967293134,0.240758900998135,0.220833858806916,0.414311272901815
22381,0.144418470735794,0.354255461511888,0.23325491842779,0.268071149324528
22382,0.0832176310673508,0.502778248220536,0.171224625841153,0.242779494870961
22383,0.242115626465484,0.121049841616877,0.311587520152263,0.325247011765377
22384,0.166746938741165,0.589874167337622,0.0819732350979911,0.161405658823223
22385,0.326063664849263,0.203335872508993,0.334140245048714,0.136460217593031
22386,0.270651913069789,0.35037290752516,0.263948995216149,0.115026184188902
22387,0.265520028676724,0.127713115019946,0.261504890202762,0.345261966100568
22388,0.475029211451027,0.176411668309338,0.187029912134204,0.161529208105431
22389,0.227912041448468,0.227664960564596,0.361033215844851,0.183389782142085
22390,0.277483117426949,0.154777325020468,0.222961762883939,0.344777794668644
22391,0.307126203052106,0.19189315789512,0.198262257125702,0.302718381927072
22392,0.261947886700512,0.31546535172866,0.214723001287093,0.207863760283735
22393,0.143464591463457,0.152755443673961,0.568525649635109,0.135254315227473
22394,0.173770264132332,0.340888449211101,0.177710322124583,0.307630964531984
22395,0.402968114733579,0.221002796080851,0.24376880223774,0.13226028694783
22396,0.11183694633232,0.125787670031711,0.284020767242114,0.478354616393855
22397,0.40585154060022,0.266551658123822,0.138483908295473,0.189112892980485
22398,0.393598869017659,0.140736293585176,0.281322466929339,0.184342370467826
22399,0.109547808095592,0.215533798786917,0.560452198163359,0.114466194954133
22400,0.0954313415414581,0.0995022201117296,0.662869296902557,0.142197141444256
22401,0.612787102603947,0.0937268819133805,0.107271287802507,0.186214727680166
22402,0.170972583221234,0.337787754229599,0.304200200555667,0.1870394619935
22403,0.212721725643302,0.296158220439529,0.245549489965364,0.245570563951804
22404,0.43670815191581,0.0583855141640349,0.417472480176584,0.0874338537435717
22405,0.122838377933324,0.410240048512034,0.140657797082116,0.326263776472526
22406,0.152384118220105,0.477176898118446,0.164379842612614,0.206059141048835
22407,0.296835508051872,0.150972818575092,0.249580913009964,0.302610760363073
22408,0.0565990974899912,0.101028146124495,0.744788402454087,0.0975843539314272
22409,0.367505927744063,0.237345283219529,0.293431659007012,0.101717130029397
22410,0.3255666398018,0.295024159574228,0.279562851540839,0.0998463490831337
22411,0.255108811562318,0.330429829030433,0.284588475431405,0.129872883975843
22412,0.332893162964511,0.183516206468827,0.401466515352112,0.0821241152145501
22413,0.116169080703105,0.133497539232676,0.205454498072002,0.544878881992217
22414,0.241941247505619,0.612667220898128,0.0450628465146644,0.100328685081588
22415,0.106256491454398,0.207300930944785,0.567867101243954,0.118575476356863
22416,0.104896391642991,0.154154449081564,0.592352750808314,0.148596408467131
22417,0.331026179914784,0.153167546271491,0.27989214516713,0.235914128646594
22418,0.0580161969312147,0.456366105387709,0.349435201212637,0.13618249646844
22419,0.186793479283121,0.279556725008849,0.190317027979268,0.343332767728762
22420,0.120788854871048,0.465674119414226,0.200219805820424,0.213317219894303
22421,0.230143887001015,0.0615182664612331,0.552315534866978,0.156022311670774
22422,0.0654000364399086,0.261483107265725,0.216948977140334,0.456167879154032
22423,0.0731920431737031,0.189639008352177,0.584444069187448,0.152724879286672
22424,0.476143229420292,0.236502987303527,0.0909972510943085,0.196356532181872
22425,0.134067887011018,0.320786293703424,0.13639745685298,0.408748362432579
22426,0.316949584421184,0.241374564821682,0.216710883431412,0.224964967325721
22427,0.410847294546191,0.284049149518121,0.0691867139011792,0.23591684203451
22428,0.0545797559121618,0.264632226627896,0.307280816911504,0.373507200548439
22429,0.654607884973308,0.15223856316558,0.0380777740260788,0.155075777835034
22430,0.14374438457483,0.0856159632837252,0.556803608760493,0.213836043380953
22431,0.300329740351249,0.110782672165594,0.278463071837534,0.310424515645623
22432,0.272296988855388,0.438175653735377,0.114592574811065,0.17493478259817
22433,0.111781357470733,0.102378297775759,0.184636060325531,0.601204284427977
22434,0.385985781312929,0.147868244961199,0.162873063966571,0.303272909759301
22435,0.0583695068752343,0.264121585104847,0.448503827396371,0.229005080623548
22436,0.0733093654833319,0.434201452379636,0.230543949524854,0.261945232612178
22437,0.204742093827275,0.14877954651615,0.182687099482784,0.463791260173791
22438,0.165797485942538,0.204262655032151,0.0874109313045272,0.542528927720784
22439,0.0745541137195748,0.262213329683244,0.439216648088299,0.224015908508882
22440,0.17627646442365,0.445067494875519,0.174432898889283,0.204223141811548
22441,0.380726856011602,0.153842360241027,0.351080292110557,0.114350491636814
22442,0.125169290290753,0.283209350802616,0.485773217357362,0.105848141549269
22443,0.108848838735112,0.704582842776112,0.0755273862030475,0.111040932285729
22444,0.335890450492873,0.25611323102569,0.282845969843961,0.125150348637476
22445,0.132087713194519,0.418271919097654,0.289148566539781,0.160491801168046
22446,0.0989777018832048,0.375291281076208,0.466342063209198,0.0593889538313885
22447,0.318505400376618,0.400055594472558,0.169759074350934,0.11167993079989
22448,0.187155278816931,0.396563983294647,0.297754819583476,0.118525918304946
22449,0.231919537852301,0.454833849776139,0.170198027930856,0.143048584440704
22450,0.178606355775367,0.264285780688836,0.323743309040669,0.233364554495129
22451,0.09791572576562,0.550981913879203,0.230203350796403,0.120899009558774
22452,0.150337245865466,0.574497131238464,0.158510254616415,0.116655368279656
22453,0.264352277713076,0.206805457310046,0.284218872239631,0.244623392737248
22454,0.261008997520698,0.463108474217006,0.178650383057115,0.0972321452051807
22455,0.459636319550047,0.238939164559737,0.187003431807743,0.114421084082473
22456,0.385572268203897,0.131200846137727,0.270753179157054,0.212473706501322
22457,0.25153656367057,0.326415890498002,0.285556691166465,0.136490854664964
22458,0.139217901622526,0.398939608632078,0.305696017937424,0.156146471807972
22459,0.212348018003395,0.294603973119644,0.416394105859305,0.0766539030176565
22460,0.176859596327966,0.167887988964917,0.540380741214368,0.114871673492749
22461,0.35307456939325,0.261748822743771,0.229109901419005,0.156066706443975
22462,0.431973180651563,0.210549447824619,0.206728757298774,0.150748614225044
22463,0.165524055444876,0.439411310319832,0.14268019059277,0.252384443642521
22464,0.247494613690329,0.365289369452956,0.211707323746947,0.175508693109767
22465,0.36216139970094,0.383267137651568,0.167815078546791,0.0867563841007012
22466,0.280981666012753,0.292170388001777,0.142382070750384,0.284465875235086
22467,0.190180293893349,0.493623817040749,0.195259289480422,0.120936599585481
22468,0.241751806747659,0.357644573060715,0.2157292677897,0.184874352401926
22469,0.414679354017466,0.174097592377776,0.275276975197548,0.13594607840721
22470,0.196626078584271,0.558315200264916,0.109544192394668,0.135514528756145
22471,0.460405828910507,0.259779826198311,0.164663708293969,0.115150636597212
22472,0.123493888681321,0.397923818082758,0.333521179828872,0.14506111340705
22473,0.570208715535815,0.13043376767265,0.196109754581322,0.103247762210213
22474,0.539613049692215,0.0687649569460961,0.301737786320478,0.089884207041211
22475,0.316730815392586,0.503393120732614,0.0884718747337046,0.0914041891410953
22476,0.237440822148882,0.233725819839463,0.331205595675454,0.197627762336201
22477,0.150070140181726,0.240130690099386,0.456843126519205,0.152956043199683
22478,0.090305007554674,0.0467761190481343,0.551028370651526,0.311890502745666
22479,0.206262917877486,0.053275752939367,0.111670788290584,0.628790540892563
22480,0.0442445765489592,0.161758283272441,0.405065660362092,0.388931479816508
22481,0.141817392472406,0.287997565241949,0.0547762119437666,0.515408830341879
22482,0.203172527976725,0.172312363113161,0.0733590645214442,0.55115604438867
22483,0.121853144358021,0.221222460861727,0.0857581707649156,0.571166224015336
22484,0.278979500219571,0.327160295152653,0.0301310882554649,0.363729116372311
22485,0.0505163018422577,0.260139990939757,0.208244000786474,0.481099706431512
22486,0.0452920632013898,0.217574237156169,0.440118231325958,0.297015468316483
22487,0.0674441434236395,0.0379476495384108,0.39801354849413,0.49659465854382
22488,0.105298235041128,0.0919391960794512,0.457225416201452,0.345537152677969
22489,0.332576150253553,0.0367559702471056,0.313326664696905,0.317341214802436
22490,0.0954529741480286,0.541471297547898,0.0859847771846317,0.277090951119442
22491,0.040460212871322,0.558020243826505,0.0819951716491704,0.319524371653002
22492,0.0411370303674863,0.241228232876712,0.452826276425749,0.264808460330052
22493,0.177466718081004,0.312681936492341,0.339579260730799,0.170272084695855
22494,0.203074960078907,0.111468311749327,0.381618392316519,0.303838335855247
22495,0.0799482244341205,0.256064609933994,0.352026521333744,0.311960644298141
22496,0.290792477584307,0.0418974798251601,0.228947064913768,0.438362977676765
22497,0.176929731409626,0.356823315521582,0.334166045381479,0.132080907687312
22498,0.0976876879916892,0.190861005384818,0.273532671871991,0.437918634751502
22499,0.456558692556173,0.14698635168716,0.137193869349616,0.259261086407052
22500,0.587781362441846,0.131358389951674,0.0601349303869088,0.220725317219571
22501,0.376996284133605,0.166631775710245,0.190778923846653,0.265593016309497
22502,0.284186209821708,0.179038908903528,0.241882791721501,0.294892089553262
22503,0.238741474861626,0.252396254225078,0.0998639697809836,0.408998301132313
22504,0.198000590262386,0.413413783316825,0.11745034172764,0.271135284693149
22505,0.274455880292591,0.146939483579432,0.221746908744007,0.35685772738397
22506,0.205371691301681,0.2968296756327,0.307447974662914,0.190350658402706
22507,0.0498977294166505,0.505107762248595,0.135244040141341,0.309750468193414
22508,0.164049326619998,0.603347483559136,0.0665836998481257,0.16601948997274
22509,0.592963939414262,0.0677289503711854,0.106395770847416,0.232911339367137
22510,0.0627181112900917,0.724470532320552,0.0619430760133638,0.150868280375992
22511,0.282455237895219,0.0896144581998618,0.483710182323595,0.144220121581325
22512,0.177622785750525,0.173676864193067,0.352442153438974,0.296258196617434
22513,0.224724759432982,0.110831278144316,0.320633598003846,0.343810364418856
22514,0.2048660456426,0.478924812556095,0.118093621977886,0.198115519823419
22515,0.0877356078691501,0.0882964830712794,0.494191977150187,0.329775931909384
22516,0.0809403827413671,0.507381597417089,0.185883577476576,0.225794442364968
22517,0.259751714116353,0.124217392700487,0.372885832542402,0.243145060640758
22518,0.153856451588307,0.230977033812844,0.294642443852762,0.320524070746087
22519,0.202995447420027,0.3946433903377,0.0783519610750685,0.324009201167205
22520,0.358670870553222,0.305162082938128,0.185006048844672,0.151160997663978
22521,0.0835905199651187,0.356823739446098,0.385623888057168,0.173961852531615
22522,0.0428677099470361,0.105137327704223,0.60529140973832,0.246703552610422
22523,0.0429625870544322,0.634405458504977,0.195337795813593,0.127294158626998
22524,0.107851536170481,0.0929984263074039,0.361317538688682,0.437832498833433
22525,0.255305950781097,0.0831351716164284,0.57454467931806,0.0870141982844146
22526,0.429257955099803,0.360091216103843,0.0585023116088393,0.152148517187515
22527,0.139498781622564,0.375676250614703,0.213984596120724,0.270840371642009
22528,0.147095798540561,0.0859280571769932,0.558627476690327,0.208348667592119
22529,0.226213479639298,0.355821993383678,0.219208190056044,0.198756336920979
22530,0.232317150262922,0.0711707014043643,0.156762693317514,0.539749455015199
22531,0.114978025490749,0.0731594968314612,0.650584614320986,0.161277863356804
22532,0.330896596525964,0.23175608014215,0.0838401748570089,0.353507148474878
22533,0.107859182736394,0.471164453421719,0.0985209665849777,0.32245539725691
22534,0.222405961328775,0.361942291542085,0.144052352976955,0.271599394152186
22535,0.165667103382559,0.248909670934402,0.406712834440137,0.178710391242902
22536,0.138959438030762,0.487709207032243,0.124698984900873,0.248632370036122
22537,0.133370134393717,0.3281543130001,0.389806871770009,0.148668680836175
22538,0.105713392740924,0.406123653371544,0.179469388911863,0.308693564975669
22539,0.149978225133421,0.256104487293358,0.461290704326134,0.132626583247086
22540,0.22980533200528,0.300684445750251,0.148811423316157,0.320698798928312
22541,0.129314140195139,0.321482727602699,0.250423350319739,0.298779781882423
22542,0.167440956528893,0.336499700938071,0.27936626894804,0.216693073584996
22543,0.491592781155994,0.126021839632215,0.116753077349014,0.265632301862778
22544,0.112212232367593,0.0645892295699553,0.588861377026789,0.234337161035662
22545,0.145807857199846,0.478160302918721,0.160551252159104,0.215480587722329
22546,0.443818157741387,0.389227060316859,0.0832009017516334,0.0837538801901202
22547,0.359541158579492,0.239788474416577,0.266341258820533,0.134329108183398
22548,0.211537015409154,0.256318658005899,0.33039873001317,0.201745596571778
22549,0.394490909643923,0.0805285828665073,0.24323278392026,0.281747723569309
22550,0.117803012361213,0.272629541927197,0.492815905218992,0.116751540492598
22551,0.152029999731561,0.308787128351589,0.362306492280079,0.17687637963677
22552,0.118825742088949,0.192962039175579,0.156378781025585,0.531833437709887
22553,0.216549137464914,0.499088192015772,0.121521266733166,0.162841403786148
22554,0.411164190955417,0.147595284209175,0.238616733363015,0.202623791472393
22555,0.157517642956067,0.464397625709538,0.227869627844338,0.150215103490057
22556,0.403777040583772,0.328034989405674,0.184422093554127,0.0837658764564265
22557,0.118477455741437,0.469140326906172,0.191674826924789,0.220707390427602
22558,0.221708405706978,0.140256823040172,0.54868559394335,0.0893491773094995
22559,0.206880595140139,0.270546453836516,0.205960509195722,0.316612441827623
22560,0.253148141538941,0.256498110876571,0.32565219853936,0.164701549045128
22561,0.145000582019546,0.311672214607526,0.443158646122308,0.10016855725062
22562,0.207532058893379,0.455387978609912,0.271019356294931,0.0660606062017778
22563,0.425726165802594,0.167925304611331,0.3022846434914,0.104063886094675
22564,0.465613590141505,0.113218386304875,0.27881016818702,0.1423578553666
22565,0.160301085156263,0.211768107243753,0.394934529512035,0.232996278087949
22566,0.190553080836919,0.422572497640033,0.287128986219033,0.0997454353040158
22567,0.31580057733071,0.125654863298839,0.304078728908525,0.254465830461926
22568,0.284823104927545,0.223418010978883,0.221319754782619,0.270439129310954
22569,0.324298894339609,0.190525983031411,0.403815917047104,0.0813592055818759
22570,0.354790865293868,0.233301712989974,0.207981154065519,0.20392626765064
22571,0.271600314793321,0.406339306354492,0.160246770909059,0.161813607943128
22572,0.240194433856076,0.23944235493764,0.268380412636212,0.251982798570073
22573,0.288099044608339,0.255081095552026,0.279460938590204,0.177358921249431
22574,0.295684733863688,0.097651814672747,0.274113602604389,0.332549848859176
22575,0.127093337471083,0.362122495706797,0.316070097800979,0.194714069021141
22576,0.325167223349751,0.309185202312985,0.179457808207231,0.186189766130033
22577,0.392188992512626,0.285395980666276,0.229936859323861,0.0924781674972372
22578,0.111608722986557,0.3824490874875,0.401848104959094,0.104094084566849
22579,0.157768658840671,0.268611296569937,0.248450594501997,0.325169450087394
22580,0.470885346853352,0.229773230960401,0.190154990865688,0.109186431320559
22581,0.139755125413377,0.244590299173117,0.367658770397435,0.247995805016071
22582,0.417826190151376,0.191543916173435,0.296539710361618,0.0940901833135714
22583,0.293250577644119,0.254542801077632,0.336878850860112,0.115327770418138
22584,0.144855738810829,0.358268843195678,0.341515034518478,0.155360383475014
22585,0.222909378812762,0.410575562554659,0.24357074379555,0.12294431483703
22586,0.139659090369903,0.55720524221788,0.158950216190647,0.14418545122157
22587,0.388178662497107,0.140347960751702,0.137575606550089,0.333897770201102
22588,0.330580418166833,0.150853939481469,0.32338522577155,0.195180416580148
22589,0.322607869444102,0.417131640067788,0.188757464788927,0.0715030256991828
22590,0.174109320244878,0.155287951522613,0.38825973205193,0.28234299618058
22591,0.331368847382505,0.0948342513772457,0.46152706833407,0.11226983290618
22592,0.244697932896908,0.426842113152541,0.194852290513823,0.133607663436728
22593,0.315811007358882,0.354910050049838,0.11886750238458,0.2104114402067
22594,0.169902901959583,0.0832113146141226,0.491254241410393,0.255631542015902
22595,0.140962296930384,0.190787918655668,0.269386943868053,0.398862840545895
22596,0.32790815582644,0.398705746075398,0.144209245859254,0.129176852238908
22597,0.113895938144275,0.202443843800514,0.5166613368834,0.166998881171811
22598,0.161654900272925,0.442334636789766,0.116999386209984,0.279011076727325
22599,0.214661538068911,0.190475641641516,0.121625533783644,0.473237286505929
22600,0.149382526762394,0.266243047769366,0.201697021834938,0.382677403633303
22601,0.400239751609167,0.0903653865879166,0.158692512622276,0.35070234918064
22602,0.628677047254893,0.129676783512016,0.0877643033035047,0.153881865929586
22603,0.320263858308961,0.0896812894082418,0.27700049018168,0.313054362101117
22604,0.102553596432962,0.360037807667182,0.30125541966582,0.236153176234037
22605,0.551219112241277,0.102583134192283,0.0990521981983415,0.247145555368098
22606,0.216131285540506,0.108306088222187,0.474176412666712,0.201386213570594
22607,0.155739783855544,0.141358001102491,0.392994279511431,0.309907935530534
22608,0.176764829341266,0.464005503537038,0.200879986885834,0.158349680235862
22609,0.327174130155195,0.300462520715763,0.096538779716875,0.275824569412167
22610,0.0441162808909628,0.611201927002546,0.199681389819385,0.145000402287106
22611,0.144056980476044,0.237920899582484,0.363494071813237,0.254528048128235
22612,0.124883865310908,0.143164080624941,0.417874156356661,0.31407789770749
22613,0.467256975790747,0.254845260679588,0.116808782381752,0.161088981147913
22614,0.405274641864679,0.249940485598512,0.160871252499,0.183913620037809
22615,0.129281039898291,0.435072594257614,0.330115884337729,0.105530481506366
22616,0.567674820771775,0.0659396557591843,0.288954403027423,0.077431120441618
22617,0.178131367318671,0.141803360528589,0.536282893148067,0.143782379004674
22618,0.472136628629155,0.111545120660558,0.211091273040797,0.20522697766949
22619,0.132958685971976,0.446705640993142,0.156796475890718,0.263539197144164
22620,0.105645926537509,0.660505079142879,0.0961269147912185,0.137722079528393
22621,0.114162475977372,0.077746254783401,0.625876190971603,0.182215078267624
22622,0.246285234250862,0.140139348821465,0.279336473747325,0.334238943180348
22623,0.150218573150244,0.567965864396801,0.119927230081515,0.161888332371439
22624,0.248284419715052,0.365794783056008,0.134269433417782,0.251651363811158
22625,0.27507410578273,0.233231302387162,0.161257004943427,0.330437586886681
22626,0.312095126838769,0.167879633874754,0.236542444612763,0.283482794673714
22627,0.2865626819893,0.118076909111399,0.392537739427335,0.202822669471965
22628,0.104649170205805,0.342374150857463,0.436538421988232,0.1164382569485
22629,0.185163485062495,0.322233742862288,0.260346793502154,0.232255978573063
22630,0.350260084783898,0.427026444865607,0.132054802585164,0.0906586677653317
22631,0.403157826749616,0.389673802721738,0.0522003795252258,0.15496799100342
22632,0.203292148407151,0.407577151763979,0.151286037983598,0.237844661845272
22633,0.179763130931357,0.164599443929312,0.326139792447052,0.32949763269228
22634,0.0451892713915888,0.429754803838942,0.296809462553224,0.228246462216245
22635,0.0797584650673329,0.624170172273257,0.0650669441796106,0.2310044184798
22636,0.0495806487997368,0.594569222256051,0.197871372201894,0.157978756742318
22637,0.601900775287783,0.0880551682106863,0.0745170215634033,0.235527034938128
22638,0.169694519347888,0.315271454923327,0.187667275749469,0.327366749979315
22639,0.0977433639030214,0.3341129350218,0.164220898581134,0.403922802494044
22640,0.100932791403153,0.158639344902224,0.544451956224209,0.195975907470414
22641,0.0783546035968195,0.634329531040707,0.146479263687937,0.140836601674536
22642,0.13551061628752,0.345634349971098,0.16302333812119,0.355831695620192
22643,0.224831618390034,0.144611527689536,0.411435699037571,0.219121154882858
22644,0.0627638437905057,0.203117779018762,0.608767692967895,0.125350684222837
22645,0.308296694278283,0.0855395282505334,0.219074175867913,0.387089601603271
22646,0.284122604991576,0.311992362592881,0.175776627596284,0.228108404819259
22647,0.580571500851143,0.279317376990604,0.0392573053883767,0.100853816769877
22648,0.636562747075803,0.197958465842123,0.0430831706610374,0.122395616421037
22649,0.146184801714297,0.283405033667246,0.296089322907238,0.27432084171122
22650,0.219120273569158,0.325434742672895,0.131871885840691,0.323573097917256
22651,0.180653122658362,0.14030483065435,0.418563786897338,0.26047825978995
22652,0.115695302638513,0.185219154559057,0.252011858346365,0.447073684456065
22653,0.0912841347749779,0.242081145896326,0.516100755439859,0.150533963888836
22654,0.116235989105504,0.217337784202605,0.205569066982533,0.460857159709358
22655,0.201236113593801,0.444144157028893,0.122550669214321,0.232069060162985
22656,0.214937575692922,0.17858776111245,0.453400178078763,0.153074485115864
22657,0.329030675438682,0.242922653355899,0.17348522263245,0.254561448572969
22658,0.217003955617309,0.116926949501302,0.202101361010082,0.463967733871307
22659,0.200640469833489,0.188662336075394,0.431855108837457,0.178842085253661
22660,0.479395300151665,0.243727311224358,0.0777400000863639,0.199137388537613
22661,0.38167512743802,0.160958593976514,0.282329789290495,0.175036489294971
22662,0.187666253781763,0.205075419957971,0.472862954832551,0.134395371427715
22663,0.269415315094614,0.484581899230726,0.123848710896758,0.122154074777903
22664,0.184627191766437,0.443362365116846,0.108693706928918,0.263316736187799
22665,0.282504838097014,0.319909289254904,0.270663590313368,0.126922282334715
22666,0.394248696414725,0.249622729862872,0.108493583142304,0.247634990580099
22667,0.09709886979207,0.210801932209857,0.536135844632316,0.155963353365757
22668,0.129123443623859,0.199087430246805,0.0675498901971608,0.604239235932175
22669,0.0789638289972031,0.0614878262665979,0.103485930769409,0.75606241396679
22670,0.133204210325508,0.267220203344309,0.112417341400066,0.487158244930118
22671,0.231605716998556,0.102679751605327,0.443705980894677,0.22200855050144
22672,0.374288415629435,0.0904702498899311,0.139292749991148,0.395948584489487
22673,0.320206350794509,0.189235538078005,0.133596321644895,0.356961789482592
22674,0.178762574153374,0.182109089634469,0.448418652789027,0.190709683423131
22675,0.0790795613813673,0.413309579616634,0.209943691360561,0.297667167641438
22676,0.189398211332539,0.46251235831055,0.111464049752367,0.236625380604544
22677,0.425219664656788,0.121273922341452,0.218339943257354,0.235166469744406
22678,0.206756575597239,0.134796617612308,0.124909006944001,0.533537799846452
22679,0.0397975654537885,0.490635341965922,0.0992419545337004,0.370325138046589
22680,0.0673896584961854,0.168759116587955,0.324913558305492,0.438937666610368
22681,0.118590610050995,0.306753061255874,0.133153687933069,0.441502640760062
22682,0.331755530465913,0.449166237353611,0.0524016418330221,0.166676590347454
22683,0.0653386482669067,0.0314022056785804,0.619144081709631,0.284115064344882
22684,0.187644182252532,0.52201896939085,0.151551395460239,0.138785452896379
22685,0.241169775761424,0.139531033903077,0.191199949288179,0.42809924104732
22686,0.696499736456461,0.0514188939860657,0.0438339257638072,0.208247443793667
22687,0.116322145147729,0.470583760176384,0.14147792307772,0.271616171598168
22688,0.366175191486074,0.303800377462004,0.247887566587086,0.0821368644648364
22689,0.264771071427228,0.361171742195892,0.209999911249479,0.164057275127401
22690,0.0762058508267095,0.22267140494647,0.599171672944669,0.101951071282152
22691,0.130872293402993,0.448353486195284,0.323014935129431,0.0977592852722918
22692,0.237208599651144,0.215511561835555,0.230850034442011,0.31642980407129
22693,0.312766802844139,0.28872901053668,0.183113940431268,0.215390246187913
22694,0.4240235490662,0.116657507921741,0.340071453133041,0.119247489879018
22695,0.249012968960205,0.170763237929523,0.435396357813616,0.144827435296656
22696,0.15051231060495,0.379837093190715,0.177113215938798,0.292537380265537
22697,0.107980715245712,0.379280985879706,0.206044842312757,0.306693456561825
22698,0.368069549620218,0.349536118768318,0.096113640308259,0.186280691303204
22699,0.414672965947383,0.125911296639166,0.248406666459642,0.211009070953809
22700,0.232337653827561,0.178509467646756,0.198456294911166,0.390696583614518
22701,0.185344674991235,0.376187066749228,0.0807041221261358,0.357764136133401
22702,0.0807001315893405,0.189204675675833,0.509809131607675,0.220286061127152
22703,0.300806920734686,0.146678775935057,0.407083149003875,0.145431154326382
22704,0.169413720421651,0.348743604422178,0.255512022375187,0.226330652780985
22705,0.105908061088397,0.284401454505838,0.371815233790776,0.237875250614988
22706,0.227615608683096,0.168819695836214,0.352972943351145,0.250591752129546
22707,0.097886617967918,0.604584062371364,0.166897299341955,0.130632020318764
22708,0.20199191214919,0.146946573009776,0.473048115880844,0.17801339896019
22709,0.161799274230116,0.610266734550131,0.0755456786774158,0.152388312542337
22710,0.185176809116525,0.442509417983628,0.159819632788677,0.21249414011117
22711,0.552771927396212,0.1430309081651,0.157512598446992,0.146684565991696
22712,0.334275281892764,0.340538318635269,0.0972009165906102,0.227985482881357
22713,0.188667653555007,0.207028958995134,0.399772833055337,0.204530554394522
22714,0.137454867470629,0.202292994443045,0.538734393633044,0.121517744453282
22715,0.260082788093064,0.289358236858075,0.190812927261213,0.259746047787648
22716,0.182548806782624,0.329631104460809,0.23930297805448,0.248517110702087
22717,0.168605268403017,0.15877961466033,0.458309571121464,0.214305545815189
22718,0.432448787846597,0.156652150161865,0.161129248173201,0.249769813818336
22719,0.474519660026609,0.255436078546872,0.154134409263037,0.115909852163483
22720,0.0882798811589286,0.45096306659124,0.273563167177547,0.187193885072284
22721,0.421858078930766,0.346056088362514,0.112499964673447,0.119585868033273
22722,0.213970424866798,0.251303906353892,0.265048949051616,0.269676719727694
22723,0.223711383358138,0.479013418823842,0.0767878783806003,0.22048731943742
22724,0.16902585366805,0.190233253670357,0.545128583071709,0.0956123095898846
22725,0.137218203271041,0.316617453667155,0.233136585965088,0.313027757096716
22726,0.0597904705867002,0.605117082552276,0.112226356248022,0.222866090613001
22727,0.153644667722505,0.153145805570505,0.531605925121126,0.161603601585864
22728,0.064483900072953,0.399783967624042,0.201044597737481,0.334687534565524
22729,0.354296589212604,0.229913249643269,0.184050412066036,0.23173974907809
22730,0.0910207249860811,0.3353420820942,0.351634635168757,0.222002557750962
22731,0.0476511766378936,0.445655289762801,0.299863209687708,0.206830323911598
22732,0.298927946937577,0.238713452965407,0.259543496315727,0.202815103781289
22733,0.340949011905549,0.216864672591747,0.108408068492545,0.333778247010159
22734,0.166548419910132,0.453919488948468,0.125377695826719,0.254154395314682
22735,0.111542794971324,0.436193578534579,0.341914178235899,0.110349448258198
22736,0.0634354763025129,0.219805402648692,0.519042469582652,0.197716651466143
22737,0.430380599323099,0.18397748665347,0.0717579051693023,0.31388400885413
22738,0.395597856481924,0.124548786835021,0.289144108549399,0.190709248133656
22739,0.377002306198633,0.170865870976914,0.129158114287808,0.322973708536646
22740,0.0916535185767807,0.563248835865318,0.175535298055129,0.169562347502772
22741,0.445878747184187,0.0679407508311089,0.335102602230748,0.151077899753957
22742,0.139424914414837,0.497765537451644,0.257452473580673,0.105357074552847
22743,0.189475069690262,0.493847437464998,0.105697069408874,0.210980423435867
22744,0.210180223018028,0.40384038685857,0.208639952815422,0.17733943730798
22745,0.28392163890624,0.230054023190557,0.17953138014526,0.306492957757944
22746,0.263292250214393,0.310483220300955,0.290783452881363,0.13544107660329
22747,0.534633915171356,0.152658604620453,0.121200157008109,0.191507323200082
22748,0.496117998163239,0.154916130634721,0.271503291379944,0.0774625798220967
22749,0.18073720341258,0.183190114360745,0.516021566556544,0.120051115670131
22750,0.199214094874826,0.163649042517146,0.561525686362618,0.0756111762454101
22751,0.144458431248831,0.365474395305766,0.388194446058331,0.101872727387072
22752,0.367620960144697,0.175300077295872,0.280245141897217,0.176833820662214
22753,0.297695560536344,0.398363437208725,0.165391731402654,0.138549270852277
22754,0.339889893775061,0.347622832982102,0.243467943925255,0.0690193293175813
22755,0.249558272688996,0.120448842152026,0.459208044774596,0.170784840384382
22756,0.311356388509473,0.179911785000492,0.30357905037012,0.205152776119916
22757,0.358373397283827,0.210368213769023,0.154705626657898,0.276552762289253
22758,0.281331437599367,0.210563889363161,0.404994051594952,0.103110621442521
22759,0.354870287167291,0.358239185314927,0.112725965487481,0.174164562030301
22760,0.18746306697283,0.186822749891726,0.502909453946743,0.122804729188702
22761,0.205485522408887,0.396608757952496,0.196863755776802,0.201041963861814
22762,0.141648762864268,0.358404001150215,0.364811899545236,0.135135336440281
22763,0.134848247205181,0.391610692489353,0.26473819330765,0.208802866997816
22764,0.179460292718232,0.583497353988641,0.0622965228730184,0.174745830420109
22765,0.243675707920479,0.283214865533771,0.283889300850976,0.189220125694775
22766,0.404328152325138,0.291981788213699,0.205457038895738,0.0982330205654246
22767,0.195204481280886,0.146916719786678,0.41489664335843,0.242982155574006
22768,0.213681897977914,0.181783136686873,0.440711725133204,0.163823240202009
22769,0.116564751726464,0.715888588375603,0.0602079929700911,0.107338666927841
22770,0.575288470074614,0.1341614199347,0.0872369046591509,0.203313205331536
22771,0.352029174670559,0.133482674673233,0.390485043338279,0.124003107317929
22772,0.437108552426703,0.239479687295056,0.172040492681904,0.151371267596338
22773,0.162454566354393,0.441454186655344,0.142908067164418,0.253183179825846
22774,0.155468884692959,0.242680155336927,0.396204409606977,0.205646550363137
22775,0.284207304801211,0.363461471551,0.243613744483895,0.108717479163893
22776,0.273504401786215,0.288335885908669,0.142800273262013,0.295359439043103
22777,0.126924482267576,0.384157265956734,0.328165844080366,0.160752407695324
22778,0.0818248451219311,0.22687365108036,0.434832211532111,0.256469292265598
22779,0.245138558052093,0.422637222774785,0.176524327213719,0.155699891959404
22780,0.362315839405783,0.333181500314328,0.109675989704417,0.194826670575472
22781,0.104858675246096,0.206737246612295,0.537520479856395,0.150883598285214
22782,0.091722188695715,0.102038447860245,0.463227993659897,0.343011369784143
22783,0.22388315921089,0.14613493643689,0.452100479493538,0.177881424858682
22784,0.110188306556552,0.537099050305738,0.107145611878776,0.245567031258934
22785,0.163835149144574,0.384274468706616,0.291691637978116,0.160198744170693
22786,0.309735135849411,0.0976084423513083,0.334182631261539,0.258473790537742
22787,0.34648051943502,0.214091908629816,0.182570257467286,0.256857314467878
22788,0.432062729188499,0.0632934795340919,0.253596231679976,0.251047559597433
22789,0.435961825474806,0.191937920195885,0.133827778382633,0.238272475946676
22790,0.0890355398737936,0.219355159111598,0.523717396994617,0.167891904019991
22791,0.183738386109649,0.271291599070481,0.17149324531463,0.373476769505241
22792,0.146937175792046,0.109639266723593,0.592283506592316,0.151140050892046
22793,0.608115680435359,0.145253015558724,0.0836610413310571,0.16297026267486
22794,0.150306818697024,0.249913055843877,0.423749289415957,0.176030836043143
22795,0.245428056870669,0.370519547387016,0.127776976654119,0.256275419088196
22796,0.495592704283835,0.0975754685602517,0.206659221004748,0.200172606151165
22797,0.0786737165364979,0.0913037686120248,0.719791411887392,0.110231102964085
22798,0.116403611868642,0.193204387273419,0.313262148584768,0.377129852273171
22799,0.51263095565141,0.1139929859329,0.112954110555097,0.260421947860594
22800,0.275224531657144,0.16499213279597,0.274854978783666,0.284928356763221
22801,0.107148123599524,0.277568542941474,0.265406499323347,0.349876834135655
22802,0.0875780447039966,0.419726993098408,0.204272773817372,0.288422188380223
22803,0.354051817499849,0.444428250729942,0.0537253932904804,0.147794538479729
22804,0.310562404781039,0.111193619412128,0.310427407521494,0.267816568285339
22805,0.177479748439974,0.265058667029596,0.26679582017571,0.29066576435472
22806,0.127348275814231,0.529711346161172,0.101040059230073,0.241900318794523
22807,0.417335307418465,0.041383249087072,0.382976046349771,0.158305397144692
22808,0.0747473676018368,0.418186264170305,0.230524048197447,0.276542320030412
22809,0.112091525521018,0.188825803375523,0.516713612558485,0.182369058544975
22810,0.115281144133687,0.511364229304498,0.175389689316495,0.19796493724532
22811,0.232847080607141,0.163806974676175,0.286999603430106,0.316346341286578
22812,0.180043435439927,0.412791105461047,0.168962407271496,0.238203051827531
22813,0.379787984750852,0.121796686486838,0.293069507839787,0.205345820922524
22814,0.224943057206636,0.499445092255302,0.0996404799084674,0.175971370629594
22815,0.154493204826477,0.468737113800285,0.144859301923,0.231910379450238
22816,0.182605402712069,0.225038522210503,0.16230178579403,0.430054289283398
22817,0.456565123874792,0.145451484479842,0.133531336167612,0.264452055477754
22818,0.070904902292234,0.553405994486435,0.199099129930123,0.176589973291208
22819,0.17539401492278,0.131534116316494,0.40606860875936,0.287003260001365
22820,0.0745269228475349,0.250869543041511,0.466113631681652,0.208489902429301
22821,0.0648806182908717,0.118908197249382,0.374772627462586,0.44143855699716
22822,0.293661661229817,0.0523064950127959,0.369810235321354,0.284221608436034
22823,0.0596018931582728,0.439378774487513,0.0649011885187161,0.436118143835498
22824,0.0321743625035909,0.524072989195383,0.11193324514431,0.331819403156716
22825,0.147560932939378,0.0240701824900413,0.694170556224775,0.134198328345806
22826,0.120654201444501,0.111852119656552,0.338136185920944,0.429357492978003
22827,0.524419506130205,0.0339862065267174,0.155781566052026,0.285812721291051
22828,0.0617933803914436,0.311893213484787,0.468457465320847,0.157855940802921
22829,0.0568046564128939,0.433803074813841,0.30757827882913,0.201813989944135
22830,0.0590721501319308,0.0274256344300208,0.713225495002472,0.200276720435576
22831,0.0713380845351431,0.618247468663639,0.0438707650889016,0.266543681712316
22832,0.102577508998798,0.0616200857338719,0.6204064758047,0.21539592946263
22833,0.187815300664428,0.510698663319671,0.076125040582889,0.225360995433011
22834,0.0435218589110925,0.0885955013969638,0.300009788563658,0.567872851128286
22835,0.207131396132455,0.188022350164464,0.121390913557298,0.483455340145783
22836,0.236702654470291,0.396392499562414,0.0582959264946241,0.308608919472671
22837,0.0499300170214859,0.416743249055955,0.116565481234631,0.416761252687928
22838,0.350611793944233,0.169410500694697,0.05107652618099,0.42890117918008
22839,0.136271231438775,0.227645651128745,0.235002265400969,0.401080852031511
22840,0.520649051398437,0.0342595577158276,0.154019863379672,0.291071527506063
22841,0.152015795834951,0.0960772879450874,0.103173499481804,0.648733416738158
22842,0.322395663091909,0.0512928163706188,0.192464711664087,0.433846808873384
22843,0.36023923300196,0.0746825362062451,0.245349919316384,0.319728311475411
22844,0.521936934450792,0.0638270753316146,0.235283027342056,0.178952962875538
22845,0.479762995744033,0.214403809113553,0.165018027391064,0.140815167751349
22846,0.0840177511571954,0.640428608338591,0.0289810040504596,0.246572636453755
22847,0.261912527724138,0.44118465056269,0.0932109733854516,0.203691848327721
22848,0.231898702332459,0.203592508426643,0.104679512321822,0.459829276919076
22849,0.354260516622501,0.0278759040463843,0.451552622435511,0.166310956895603
22850,0.431211955925928,0.082753474720607,0.269821217564605,0.216213351788859
22851,0.159483862058329,0.448337927357237,0.0939907483654111,0.298187462219023
22852,0.52494511675248,0.0767310669548422,0.0545019207156866,0.343821895576992
22853,0.498636499036849,0.0930905447980561,0.244784526027116,0.163488430137979
22854,0.121050767200732,0.159023629887961,0.0792493989324662,0.640676203978841
22855,0.414316601002978,0.18848807933791,0.0543782163614881,0.342817103297624
22856,0.0361370301345074,0.0495138747454774,0.501486888828893,0.412862206291122
22857,0.0393571329862948,0.0721773105029544,0.301031193028827,0.587434363481924
22858,0.271595800240155,0.230462642633248,0.309358027270328,0.18858352985627
22859,0.131346628826192,0.687431077319022,0.071150383513028,0.110071910341758
22860,0.169843754033108,0.246770732827582,0.171361350597775,0.412024162541535
22861,0.205496903364262,0.355476410342239,0.300826868383705,0.138199817909794
22862,0.167055574342065,0.171231758786503,0.199714527683713,0.461998139187719
22863,0.155003366809982,0.577235053631716,0.14510911406137,0.122652465496933
22864,0.0922260081983146,0.383094931156993,0.19369457184239,0.330984488802303
22865,0.276357908620417,0.288733196574139,0.182063467836353,0.252845426969091
22866,0.263553048760688,0.0559329406039035,0.520830223839599,0.15968378679581
22867,0.225861262057501,0.0958322871969482,0.496396161904299,0.181910288841252
22868,0.196993989309249,0.213177106512995,0.291994611116201,0.297834293061555
22869,0.339567875988234,0.173109725339397,0.202481589062299,0.28484080961007
22870,0.31611177232323,0.256133975124773,0.236521964015484,0.191232288536513
22871,0.221908678466424,0.464638335854063,0.132321131586918,0.181131854092595
22872,0.172775590442574,0.631263010206784,0.062408843031314,0.133552556319329
22873,0.0964532284415084,0.248617750651243,0.383459776224325,0.271469244682924
22874,0.196746423266282,0.512216238835375,0.109710639428197,0.181326698470146
22875,0.0825310783847561,0.581304357511377,0.105157839813782,0.231006724290085
22876,0.27143823813817,0.36777249940297,0.206236911132752,0.154552351326108
22877,0.320945825412546,0.110285919134539,0.128383002000538,0.440385253452378
22878,0.12209206566411,0.0545395105424357,0.431763701884736,0.391604721908719
22879,0.228100101713164,0.137692379046079,0.467918352409581,0.166289166831177
22880,0.175666052201036,0.161272692781161,0.523589703062019,0.139471551955784
22881,0.295076760614364,0.157112487872204,0.264860790034574,0.282949961478859
22882,0.0408394940543676,0.72454783034095,0.027483073587316,0.207129602017367
22883,0.196456848773569,0.101263329354648,0.386618317682627,0.315661504189156
22884,0.0917336397673059,0.262452959905417,0.326279214234892,0.319534186092385
22885,0.425081432763165,0.153033675989536,0.0408144288459697,0.381070462401329
22886,0.252968723823086,0.049457470627123,0.149978721477957,0.547595084071834
22887,0.152770538976019,0.522835375732542,0.103241840261354,0.221152245030086
22888,0.456856179775492,0.306803130049928,0.058944147903133,0.177396542271446
22889,0.0298089988209613,0.049234913507974,0.699010846096625,0.22194524157444
22890,0.279245094952038,0.453336019038738,0.0960835439791532,0.17133534203007
22891,0.195203549131173,0.319901789251658,0.263870939571762,0.221023722045407
22892,0.226647866603865,0.0815615407014438,0.47740362702295,0.214386965671741
22893,0.383187101099041,0.224021730736004,0.207029799881324,0.18576136828363
22894,0.096665394315713,0.085640782797474,0.0572336239660051,0.760460198920808
22895,0.351334093370023,0.206340027896825,0.187380607421581,0.254945271311572
22896,0.410391746107391,0.451682059062292,0.0242232221873211,0.113702972642996
22897,0.0936457934251387,0.222095107721425,0.454034245203848,0.230224853649589
22898,0.083259880126908,0.131037522237026,0.507837100133268,0.277865497502798
22899,0.549940806946876,0.125233453981163,0.100547322720852,0.224278416351109
22900,0.384057727796594,0.113201875251203,0.0920492344610191,0.410691162491183
22901,0.250780585921817,0.271121325177995,0.188340166363596,0.289757922536593
22902,0.167169742668262,0.336988405280073,0.173631177454836,0.322210674596829
22903,0.209711246298926,0.215585613813011,0.421369772203742,0.153333367684321
22904,0.600596134342911,0.106230922928932,0.135344001865379,0.157828940862778
22905,0.409617447466722,0.301111583118506,0.0695933148888096,0.219677654525963
22906,0.606389343405708,0.20270786779557,0.0357958424727349,0.155106946325987
22907,0.219240546415029,0.173219287777723,0.423048749569752,0.184491416237497
22908,0.181327669379021,0.301023996793079,0.30281852575642,0.214829808071479
22909,0.213846394658232,0.606575617250481,0.0493289796145765,0.130249008476711
22910,0.21915339202953,0.283281008720603,0.174965820188829,0.322599779061037
22911,0.159941228045753,0.176032159147376,0.274234424784194,0.389792188022678
22912,0.273083905952956,0.43773683417383,0.177890145609215,0.111289114263999
22913,0.203055720781184,0.0693062074078956,0.602597998300879,0.125040073510041
22914,0.12172456374653,0.392167149876392,0.155617836395194,0.330490449981884
22915,0.651180442544374,0.0474464806442663,0.0579690417327315,0.243404035078628
22916,0.132795769260303,0.413439824785281,0.0628281095078032,0.390936296446613
22917,0.224400524977648,0.141909133482276,0.0470264103470578,0.586663931193018
22918,0.479010499642066,0.123043450465885,0.0384614301765298,0.359484619715519
22919,0.0514541895036037,0.728356828080535,0.0373732405365119,0.182815741879349
22920,0.166430194792209,0.0972658613540398,0.447218901666788,0.289085042186964
22921,0.346558268763859,0.1166693542767,0.065408639287266,0.471363737672175
22922,0.188692000545454,0.424430540863906,0.149991765228012,0.236885693362628
22923,0.0350636674884114,0.413074471541632,0.181255094138301,0.370606766831655
22924,0.51576821298038,0.153279818957174,0.155277388255525,0.175674579806922
22925,0.197807876005802,0.285237468329821,0.046284656929587,0.47066999873479
22926,0.450607839901049,0.0845766486595394,0.175861745604464,0.288953765834948
22927,0.0835505606538977,0.133015056667326,0.31140637275811,0.472028009920667
22928,0.660200435630058,0.102773705482417,0.0317620446105964,0.205263814276929
22929,0.0742025627954911,0.564496650914284,0.133210044554878,0.228090741735347
22930,0.111157638122165,0.119318846906477,0.475125166459815,0.294398348511544
22931,0.0884621905891978,0.297666003957916,0.454358405297477,0.159513400155409
22932,0.176848534184499,0.174131242227117,0.0816632804069055,0.567356943181478
22933,0.404771139488053,0.122473340723196,0.118405585543719,0.354349934245033
22934,0.132697332192675,0.103721853590455,0.271266524242067,0.492314289974803
22935,0.0894485099053197,0.55348278379773,0.162257534189852,0.194811172107098
22936,0.473664462156611,0.112103054556174,0.21680069158124,0.197431791705976
22937,0.414906875762334,0.188626844869862,0.139255294416736,0.257210984951068
22938,0.493889206487687,0.209280121066476,0.106268978997452,0.190561693448385
22939,0.146124446696582,0.264898958286349,0.198754286116286,0.390222308900783
22940,0.163019446599172,0.0649170271549146,0.534021788547144,0.23804173769877
22941,0.267500573256778,0.0981955572669944,0.435240985385213,0.199062884091015
22942,0.037591009890235,0.248254584668867,0.593999035959458,0.12015536948144
22943,0.128078835506815,0.292064065007453,0.168980578034443,0.410876521451288
22944,0.138447229990234,0.424307872515954,0.0986705944589147,0.338574303034898
22945,0.19472890722778,0.284778213470607,0.139063374107917,0.381429505193697
22946,0.124359748592673,0.171311550181196,0.265528644190959,0.438800057035172
22947,0.261670159620002,0.521550828612211,0.0586298410085749,0.158149170759212
22948,0.22766514657265,0.144595853791543,0.147986473843861,0.479752525791945
22949,0.10251906971606,0.314877647597157,0.34011451187285,0.242488770813933
22950,0.201120095566799,0.267646589746749,0.128673450134284,0.402559864552169
22951,0.171107650450281,0.424361144841227,0.176175172976813,0.22835603173168
22952,0.240081099357475,0.280950419878671,0.105211473920329,0.373757006843524
22953,0.453683256768774,0.194581063288347,0.197035388197671,0.154700291745208
22954,0.174905972417286,0.205474639786239,0.239352575733349,0.380266812063125
22955,0.232617106380022,0.515404067559295,0.131546907727944,0.120431918332739
22956,0.356100778344823,0.219775440076987,0.152318260178921,0.271805521399269
22957,0.249391939020436,0.196128049166976,0.346463386160914,0.208016625651674
22958,0.590286646359764,0.175564946760191,0.100923354467929,0.133225052412116
22959,0.12213339673384,0.193309672299473,0.463259112429075,0.221297818537612
22960,0.38722906189262,0.329859115498498,0.175078848332374,0.107832974276509
22961,0.184525879786059,0.268283234796489,0.361021979047569,0.186168906369883
22962,0.223481144607607,0.133227649751173,0.554328960864298,0.0889622447769228
22963,0.13951798012311,0.348998859499861,0.126702269340205,0.384780891036824
22964,0.156313778510151,0.145267999518636,0.501297211301912,0.197121010669302
22965,0.30570188747445,0.381478441742274,0.124862036539881,0.187957634243395
22966,0.180542746766034,0.148892406632008,0.531850731475464,0.138714115126494
22967,0.0740186696275823,0.474066790894945,0.372195078661825,0.0797194608156482
22968,0.245765608625,0.230454107075199,0.39718470764812,0.12659557665168
22969,0.375587314214351,0.230043727689367,0.26807128141738,0.126297676678902
22970,0.434567553743062,0.204665373797752,0.205111094510115,0.15565597794907
22971,0.225974600394401,0.220307177004363,0.471888263736242,0.0818299588649937
22972,0.297548613006939,0.510552317064019,0.0836411594279602,0.108257910501082
22973,0.0823063495502207,0.423374063610355,0.0903434047512922,0.403976182088133
22974,0.0897607147691221,0.123116208069164,0.470107316840556,0.317015760321158
22975,0.293072481254201,0.154664172768522,0.402206571891684,0.150056774085593
22976,0.0649738508165003,0.219278416365931,0.44019881645345,0.275548916364119
22977,0.0893772197552584,0.29402615313873,0.431684422939435,0.184912204166577
22978,0.0486118910332862,0.218932919394937,0.533144522691685,0.199310666880092
22979,0.0871825243409072,0.30149549334344,0.38590204029337,0.225419942022283
22980,0.325430677935517,0.502932253571516,0.058122182074432,0.113514886418535
22981,0.217263843675136,0.522444077711788,0.139008393174739,0.121283685438337
22982,0.220590693441497,0.106219988541633,0.265916614339951,0.407272703676919
22983,0.484185710194478,0.337240077385572,0.044077551999547,0.134496660420404
22984,0.0352374215394797,0.368678102697361,0.360895211617162,0.235189264145997
22985,0.396821505164547,0.0869245498907006,0.180275211111121,0.335978733833632
22986,0.33433728686661,0.324886909576098,0.108192629269579,0.232583174287712
22987,0.0949495034936095,0.167868411929931,0.433294355248534,0.303887729327927
22988,0.160861433334035,0.0848579288283472,0.581011778816046,0.173268859021571
22989,0.497908839930484,0.102094407376151,0.202311461559936,0.197685291133429
22990,0.153472179334398,0.407418458667913,0.112261720578248,0.326847641419441
22991,0.568143880925287,0.118975371664626,0.069949720235304,0.242931027174784
22992,0.242098032737882,0.398105868205737,0.200787449871317,0.159008649185065
22993,0.143126801897015,0.131258867387323,0.606948132059987,0.118666198655675
22994,0.653875541699406,0.177300247321455,0.0754576301339431,0.0933665808451966
22995,0.148206450764605,0.329709857707204,0.30205214481654,0.220031546711651
22996,0.468624645365542,0.21863635311387,0.194046912204077,0.118692089316512
22997,0.287568913079307,0.328708080314924,0.198086197080837,0.185636809524932
22998,0.232975201404048,0.210598724911319,0.169406795377689,0.387019278306945
22999,0.391017678267667,0.194393924989289,0.262355639841782,0.152232756901261
23000,0.197253293304731,0.221349650610163,0.505078591204724,0.0763184648803823
23001,0.262943035909933,0.405612648856887,0.179693669543095,0.151750645690085
23002,0.120897516648709,0.418629079161946,0.222470859043291,0.238002545146054
23003,0.627644518492511,0.133287843335425,0.142044905702303,0.097022732469761
23004,0.122612622839883,0.342817899818056,0.393542805681974,0.141026671660087
23005,0.307953028362254,0.507916432278079,0.0804930770609102,0.103637462298757
23006,0.154468741976411,0.138868208559497,0.603523502104383,0.10313954735971
23007,0.0510015040885334,0.40186467998941,0.465394912562101,0.0817389033599556
23008,0.112453894392468,0.468022270309026,0.277316997328716,0.14220683796979
23009,0.308924673069069,0.152363770592579,0.36086338519955,0.177848171138802
23010,0.415617292977593,0.298874363521396,0.141398373421117,0.144109970079894
23011,0.350457951774906,0.146423037663394,0.249942294264782,0.253176716296917
23012,0.285816385937487,0.126495700344392,0.395897477366332,0.191790436351789
23013,0.333511915429162,0.130965024440732,0.273620907909676,0.26190215222043
23014,0.142275517638458,0.295098089630249,0.369144445855883,0.193481946875411
23015,0.228569785341521,0.149157468125304,0.420535949325323,0.201736797207852
23016,0.427125800372192,0.202172003234981,0.2612819547064,0.109420241686428
23017,0.27481222113761,0.175783754148526,0.366759639780046,0.182644384933818
23018,0.431776198919901,0.216394472735638,0.218992967973762,0.132836360370699
23019,0.144982837422034,0.210766496268978,0.533517038753581,0.110733627555408
23020,0.323597130387809,0.133654950400467,0.19275111358144,0.349996805630284
23021,0.421058869337773,0.264851129932453,0.0794527151507758,0.234637285578998
23022,0.220782221897585,0.259515008072454,0.133915729721963,0.385787040307998
23023,0.435570132723699,0.202597891877571,0.18029503931044,0.181536936088289
23024,0.388766109963619,0.293276081331398,0.107333975274332,0.210623833430652
23025,0.165054270781069,0.38417690215546,0.237794860023726,0.212973967039745
23026,0.594749698292408,0.133058548584929,0.153733622350432,0.11845813077223
23027,0.241523750327816,0.27886470835763,0.221850101295223,0.257761440019331
23028,0.199345871604442,0.504307953761841,0.115630002348171,0.180716172285547
23029,0.0507183441358598,0.0379477952928068,0.509198065786633,0.4021357947847
23030,0.393472333726715,0.233540933852225,0.0485339527163751,0.324452779704684
23031,0.0640079575698009,0.140741714620683,0.257760964630785,0.537489363178732
23032,0.175783425686249,0.464063410003454,0.142664909386738,0.21748825492356
23033,0.42174996987419,0.100199763654525,0.0515069125378436,0.426543353933442
23034,0.114840099348983,0.275377317465295,0.0758132341806115,0.533969349005111
23035,0.370271501590556,0.236220985451862,0.0516462476189836,0.341861265338598
23036,0.0567881715836901,0.457691000612609,0.0604392586290072,0.425081569174694
23037,0.559669605020953,0.127818090208706,0.129486745743252,0.183025559027089
23038,0.283321372162661,0.48749877186245,0.0780545241832552,0.151125331791634
23039,0.601311942904208,0.103939286900343,0.0275703010038838,0.267178469191565
23040,0.0865238713843317,0.0797697449632102,0.113428981066494,0.720277402585964
23041,0.264443775242194,0.0753433533551817,0.411927293677426,0.248285577725198
23042,0.38875015919615,0.121020264240763,0.0723054841849469,0.417924092378141
23043,0.131525792224745,0.124957138632509,0.197892665605841,0.545624403536905
23044,0.132013103443376,0.171533857968402,0.464795661436997,0.231657377151225
23045,0.527518477413211,0.0751817980130537,0.135514514209074,0.261785210364661
23046,0.721337350423936,0.034456223150633,0.0631666362513976,0.181039790174033
23047,0.0882853226168782,0.242907396639973,0.501593249441623,0.167214031301526
23048,0.538836703056875,0.152750145216456,0.16406463046786,0.144348521258809
23049,0.420063469023886,0.265612969800778,0.149809364482093,0.164514196693243
23050,0.287248067721399,0.463067462851976,0.120877912254978,0.128806557171647
23051,0.427347692199261,0.232176144549629,0.197233281488769,0.143242881762341
23052,0.148994039167566,0.614866873392052,0.144203284276341,0.0919358031640411
23053,0.499488689490362,0.0845381030682234,0.244637281196181,0.171335926245233
23054,0.429690838468675,0.0801195002744763,0.368161650047525,0.122028011209323
23055,0.591662940824168,0.234193406841448,0.0725541104877962,0.101589541846589
23056,0.244841051493345,0.216625454160383,0.234878140486336,0.303655353859936
23057,0.231235441495079,0.504146001750417,0.068945858079746,0.195672698674758
23058,0.0680031128687493,0.428659902690378,0.372288116421086,0.131048868019787
23059,0.407254265016722,0.189738004238514,0.149172159826694,0.25383557091807
23060,0.497729781337159,0.157501150279044,0.0851166364548897,0.259652431928907
23061,0.4175723338788,0.125638199204654,0.363361914982923,0.0934275519336239
23062,0.298484542080978,0.260959151573647,0.119707442085364,0.320848864260012
23063,0.12015125274412,0.0985178817416634,0.65162416670443,0.129706698809787
23064,0.192618820594812,0.0856374547604155,0.547817416099484,0.173926308545288
23065,0.174275440534484,0.288803839999112,0.360227594516463,0.176693124949942
23066,0.133679709470045,0.61506224583586,0.0766359524321097,0.174622092261985
23067,0.227123969888057,0.163278893417481,0.277258341895264,0.332338794799198
23068,0.643631881975752,0.186815173924378,0.0369644299761652,0.132588514123705
23069,0.0891288891598362,0.413334121949315,0.259152672107732,0.238384316783117
23070,0.26655610220446,0.316808574034144,0.130282480021119,0.286352843740278
23071,0.0655159563145105,0.472266171266075,0.301641695903894,0.16057617651552
23072,0.243136146362983,0.142449125622109,0.426314423013338,0.18810030500157
23073,0.176172841350601,0.0854022361780543,0.464854799796808,0.273570122674537
23074,0.446512709955127,0.152784632064551,0.13179356287713,0.268909095103192
23075,0.328842765814454,0.221362664041179,0.224566125662158,0.225228444482209
23076,0.480761162303974,0.0896814712590889,0.126835292464906,0.302722073972031
23077,0.699882841424183,0.0812870710564057,0.0814189229678828,0.137411164551528
23078,0.124251592167747,0.236503492925792,0.470890036315851,0.168354878590609
23079,0.402827694898601,0.14980858224956,0.308697334368714,0.138666388483125
23080,0.295016312008741,0.32637200191303,0.15379164430555,0.224820041772679
23081,0.0813653176046725,0.119612758915337,0.618437990949496,0.180583932530494
23082,0.289046434450067,0.540878601182346,0.0612777809245047,0.108797183443082
23083,0.222545609689415,0.369516021164452,0.225064592222039,0.182873776924095
23084,0.102388673207203,0.297166035433654,0.45953292856167,0.140912362797473
23085,0.136363808108888,0.118844344416662,0.202275801847548,0.542516045626903
23086,0.323605081141818,0.331866636425233,0.224604431673217,0.119923850759731
23087,0.222879235042147,0.31647906742845,0.341165064889916,0.119476632639487
23088,0.37614963287571,0.138566620187607,0.400461575198396,0.0848221717382875
23089,0.480670943257715,0.283002040518783,0.162982311778001,0.0733447044455009
23090,0.119706229001309,0.197907598382672,0.459667856935387,0.222718315680632
23091,0.338941858924866,0.264329381961004,0.24635877651201,0.15036998260212
23092,0.312967282343195,0.171588946905722,0.343777090932256,0.171666679818827
23093,0.363894415860726,0.166357329086792,0.215915266678339,0.253832988374143
23094,0.564546436392466,0.207268082116859,0.144905338715361,0.0832801427753148
23095,0.363884035890268,0.224450403328438,0.158146434953481,0.253519125827813
23096,0.331873889265468,0.203358999045879,0.288175949637524,0.176591162051129
23097,0.592929759580719,0.0797888250454048,0.258298482281094,0.0689829330927822
23098,0.424360579215663,0.164106409289348,0.276300053164772,0.135232958330218
23099,0.441756211110571,0.208968566242904,0.223674055112085,0.12560116753444
23100,0.197892332862146,0.176715483493845,0.54944112542633,0.0759510582176793
23101,0.198219982655769,0.491388400895753,0.141676602584284,0.168715013864195
23102,0.319209056459716,0.175197133896326,0.339829578653157,0.165764230990801
23103,0.262283069843964,0.314821609334902,0.339022476990407,0.0838728438307271
23104,0.210954028418874,0.318427877036862,0.283144585486854,0.18747350905741
23105,0.139077245174788,0.30267770261333,0.367133240027089,0.191111812184793
23106,0.311359401921143,0.246524110746029,0.242270040110444,0.199846447222384
23107,0.253696730520156,0.134072446851381,0.512046544672005,0.100184277956457
23108,0.261338146359748,0.257222850225229,0.225669429454971,0.255769573960051
23109,0.131991104636189,0.363674958278669,0.383633108071507,0.120700829013634
23110,0.491997440661418,0.0931703111764983,0.267028941047634,0.14780330711445
23111,0.144794149216474,0.424421187587425,0.306247637690085,0.124537025506015
23112,0.201189204744571,0.170746047413207,0.542858696821826,0.0852060510203967
23113,0.239445372428131,0.325856407253248,0.260512626667945,0.174185593650677
23114,0.133158276574898,0.327360196814122,0.430365719529564,0.109115807081416
23115,0.177402202965002,0.309536943173543,0.33228959198973,0.180771261871725
23116,0.148280856342863,0.630257840922377,0.0490124489799292,0.172448853754831
23117,0.267183074738297,0.148814768857052,0.461209741529535,0.122792414875117
23118,0.0935217111540373,0.131719561431261,0.527675001540515,0.247083725874187
23119,0.0897653678033688,0.347160288416972,0.217870202529197,0.345204141250462
23120,0.480464123822046,0.231959370845142,0.108722381854755,0.178854123478057
23121,0.282809154600261,0.354292064824591,0.16289937090261,0.199999409672538
23122,0.26986671974671,0.197741626988687,0.285647098226181,0.246744555038422
23123,0.0829070201319421,0.494893586293148,0.229479096513446,0.192720297061464
23124,0.281901225713116,0.419820634888004,0.151443718352843,0.146834421046037
23125,0.327663474131168,0.368539595303418,0.167925824755596,0.135871105809818
23126,0.34085125953484,0.291456734837137,0.227033700367372,0.140658305260651
23127,0.289488938238779,0.165228448114042,0.443252529658435,0.102030083988743
23128,0.537154967380302,0.225443727246566,0.11225592783487,0.125145377538262
23129,0.402822117612813,0.308309262174076,0.150990107381005,0.137878512832106
23130,0.223049477366503,0.490075268889938,0.141941792521354,0.144933461222205
23131,0.308054906948613,0.191132679852876,0.389038758083619,0.111773655114892
23132,0.358257848172569,0.292093091303498,0.231447926786337,0.118201133737596
23133,0.215062883335504,0.1919097067994,0.501465299811605,0.0915621100534902
23134,0.180087201240384,0.237493795147062,0.404657286649886,0.177761716962668
23135,0.172166025240244,0.395514462833853,0.321368022131367,0.110951489794536
23136,0.213434844963395,0.0942798340294759,0.543267414140296,0.149017906866833
23137,0.198615578444951,0.290840421143824,0.190211098105968,0.320332902305257
23138,0.151537339031497,0.202931982273092,0.526755647484248,0.118775031211163
23139,0.381844724322325,0.269243268077929,0.19018778323134,0.158724224368406
23140,0.226094494290414,0.500822250257825,0.129498342156308,0.143584913295454
23141,0.180901053106759,0.466422989221197,0.174127715300508,0.178548242371535
23142,0.275782631045359,0.115770482309034,0.489582682159273,0.118864204486334
23143,0.24670386796555,0.24091636522043,0.43096978571003,0.08140998110399
23144,0.146125832128655,0.341118370558111,0.39460742860039,0.118148368712844
23145,0.210099688452276,0.399625658823969,0.23712136895976,0.153153283763995
23146,0.210690288875111,0.464605305472208,0.254375234583145,0.0703291710695357
23147,0.29003149808885,0.18734759402993,0.337803787380196,0.184817120501024
23148,0.231769677483635,0.483443893826019,0.155710625831534,0.129075802858812
23149,0.415237669342823,0.345467896782582,0.0993367612093478,0.139957672665247
23150,0.227965696148755,0.375981657277633,0.194568934029052,0.20148371254456
23151,0.296912950274876,0.153784841181809,0.458418251341265,0.0908839572020489
23152,0.306956907575017,0.137484659199118,0.449215636206028,0.106342797019838
23153,0.370977870396023,0.255034888283098,0.228496787188363,0.145490454132516
23154,0.287731328368486,0.26949341058078,0.274037932498599,0.168737328552136
23155,0.500687572065761,0.243066511219709,0.143666924687517,0.112578992027012
23156,0.422278849039343,0.180512345140305,0.262273608952708,0.134935196867644
23157,0.135177860207354,0.571659213115119,0.178465157575962,0.114697769101565
23158,0.435781264361913,0.197013492411887,0.258806025647287,0.108399217578913
23159,0.286209676648682,0.235462081115118,0.354412170152859,0.123916072083342
23160,0.15898798606729,0.212273620949794,0.390505091918025,0.238233301064891
23161,0.358676619874586,0.245360093352655,0.302623350912139,0.0933399358606193
23162,0.212794885902212,0.306425080822626,0.113599178424256,0.367180854850906
23163,0.135059101095113,0.703868569439631,0.0482983723425285,0.112773957122728
23164,0.244361372655488,0.437156399306579,0.185238078680768,0.133244149357166
23165,0.0611372608644306,0.217562403913333,0.388294649336689,0.333005685885547
23166,0.554667881593486,0.14302060043205,0.0963084737433645,0.206003044231099
23167,0.336112933265572,0.18077288391566,0.222814057795501,0.260300125023266
23168,0.28992540213898,0.0726874744961011,0.233936064713614,0.403451058651305
23169,0.238786976830656,0.338337061478716,0.319456248563775,0.103419713126853
23170,0.196243751382023,0.137283522060516,0.204906275622344,0.461566450935117
23171,0.279330224850419,0.185118304044219,0.261624566845618,0.273926904259744
23172,0.310016741804725,0.403161882201697,0.156968105199874,0.129853270793704
23173,0.0963250372078263,0.142690560709017,0.332820357690753,0.428164044392404
23174,0.735277627495752,0.104968715640993,0.0402604716944619,0.119493185168793
23175,0.379777447738793,0.139868214173486,0.238689293564044,0.241665044523677
23176,0.066542558120535,0.575354754299929,0.134204639995237,0.223898047584299
23177,0.3510862550945,0.249263313501916,0.323553576738623,0.0760968546649611
23178,0.2290708329648,0.437147363143638,0.197197942202516,0.136583861689046
23179,0.183739795969936,0.535465233065356,0.108652454823273,0.172142516141435
23180,0.063855209049255,0.219014357753217,0.554350260311783,0.162780172885745
23181,0.213566710354796,0.466926386178882,0.15544342456636,0.164063478899963
23182,0.389394470863508,0.386127456333815,0.106184371274088,0.118293701528589
23183,0.179591712661055,0.41438328027976,0.189572486459859,0.216452520599327
23184,0.284568353060324,0.273277618173802,0.28167433214247,0.160479696623403
23185,0.330655782123171,0.173142645981649,0.22747547531235,0.268726096582831
23186,0.331870660753829,0.282456987127298,0.117068806661224,0.268603545457648
23187,0.18219968669515,0.212453559285505,0.460733349184739,0.144613404834607
23188,0.502316225377902,0.306588274705424,0.093535906710111,0.0975595932065629
23189,0.252334996846874,0.164114422379649,0.202501617873693,0.381048962899785
23190,0.218375570476475,0.219851680678277,0.34527092227335,0.216501826571898
23191,0.352520623515724,0.356497341708606,0.14794330397768,0.143038730797991
23192,0.261263673685031,0.409279929891399,0.0932899127677632,0.236166483655807
23193,0.276670718333854,0.257864198325917,0.162091849474545,0.303373233865683
23194,0.376215991550559,0.397198632465835,0.101756194450134,0.124829181533473
23195,0.439948173829048,0.210783732188929,0.21596693198621,0.133301161995813
23196,0.261872153742234,0.37938041458931,0.204141406345428,0.154606025323028
23197,0.437657259128135,0.105688496911586,0.230567295199975,0.226086948760304
23198,0.452409968580917,0.13195722345527,0.230012768335565,0.185620039628248
23199,0.566168640471999,0.190828012955011,0.0861014785019134,0.156901868071077
23200,0.337564358350538,0.183470152109301,0.386380962662597,0.0925845268775637
23201,0.370123661505793,0.254265617175539,0.270526079069579,0.105084642249089
23202,0.233904633097913,0.302330477813149,0.363558706122532,0.100206182966406
23203,0.106096222156658,0.531725206954984,0.264333963817767,0.0978446070705912
23204,0.312402680632633,0.303071517402364,0.179886385672018,0.204639416292986
23205,0.284805761514435,0.17707539352669,0.363315001812623,0.174803843146252
23206,0.330850441520688,0.404303594031089,0.080503922119897,0.184342042328326
23207,0.279988171083502,0.209054535136538,0.410807073863104,0.100150219916856
23208,0.251323069765945,0.161571027871669,0.387326969475643,0.199778932886742
23209,0.330798785040849,0.344183647115469,0.184208022514354,0.140809545329328
23210,0.554023137577508,0.177858906533389,0.160019652060954,0.108098303828148
23211,0.311783300803076,0.441222026583148,0.124590628256383,0.122404044357394
23212,0.160065832656392,0.371769003596714,0.313739287170466,0.154425876576427
23213,0.174628216457347,0.19050163025875,0.447544612586861,0.187325540697042
23214,0.567033036342055,0.0814368185167842,0.271869757300096,0.079660387841065
23215,0.425656570618952,0.132277529980843,0.253924603763545,0.18814129563666
23216,0.318997336652541,0.219867214015961,0.248720197625801,0.212415251705696
23217,0.18919386214879,0.490120767503801,0.140225269311092,0.180460101036317
23218,0.232093841709165,0.292936433340823,0.301445039867223,0.173524685082789
23219,0.24858254588015,0.0920511708153752,0.0684120606376151,0.59095422266686
23220,0.547174114546493,0.182594219110768,0.0753540442415774,0.194877622101162
23221,0.73886749611646,0.0286157683187685,0.0307432723914356,0.201773463173336
23222,0.0959101315469961,0.0954210638017415,0.523612272584178,0.285056532067085
23223,0.149941052412195,0.416264626347434,0.100083288048107,0.333711033192264
23224,0.0730133591928327,0.255716806414377,0.195049407406164,0.476220426986626
23225,0.267098296983336,0.495239032102696,0.028284486640857,0.209378184273111
23226,0.101196868749594,0.149234986001472,0.30434011430431,0.445228030944624
23227,0.587619748402335,0.154521651528387,0.0569163893323494,0.200942210736929
23228,0.0986209730950314,0.0752900587353925,0.113220399726257,0.712868568443319
23229,0.15788733992975,0.144690011151911,0.338501731246511,0.358920917671827
23230,0.109815925700567,0.289012192276972,0.0626302614512986,0.538541620571163
23231,0.0629367762822782,0.284982900944729,0.115501136234621,0.536579186538372
23232,0.236077835226026,0.254146069312405,0.152991819429859,0.35678427603171
23233,0.114626296555521,0.102532622928739,0.341182225745074,0.441658854770667
23234,0.188935049837103,0.0503427221428033,0.118772546004173,0.64194968201592
23235,0.130640801679719,0.0336172879354587,0.440265618343176,0.395476292041646
23236,0.415061868811077,0.0309830782918262,0.352977588565216,0.20097746433188
23237,0.0464556493289363,0.17519340897,0.427117420947629,0.351233520753435
23238,0.118264462661538,0.230706032649638,0.269318666365054,0.381710838323771
23239,0.23672225927774,0.432221453769658,0.0497331589058582,0.281323128046744
23240,0.165299739349673,0.551057216856395,0.0570478387542611,0.226595205039671
23241,0.40555179340028,0.122973164089095,0.20152080174269,0.269954240767934
23242,0.618888832149372,0.126538063661063,0.0498127756873047,0.20476032850226
23243,0.299478632863016,0.0584634941955002,0.307843422488792,0.334214450452692
23244,0.20570605981495,0.447563468591477,0.122873983628686,0.223856487964886
23245,0.53787071433582,0.0347626659557071,0.145505063113476,0.281861556594997
23246,0.344365667931176,0.253050831884789,0.101925800755986,0.300657699428049
23247,0.120574954610829,0.0883828056784982,0.30018502798488,0.490857211725793
23248,0.108990452787906,0.470838843975462,0.192399818526331,0.227770884710301
23249,0.277998068922038,0.225988364250687,0.207877069039308,0.288136497787967
23250,0.27521114300058,0.0826703249819934,0.46879607677169,0.173322455245736
23251,0.0956861072351642,0.592898765391873,0.0896415118526683,0.221773615520295
23252,0.146901471506113,0.278153676119643,0.249096560594181,0.325848291780063
23253,0.0635776851884444,0.209738830418309,0.573182618739898,0.153500865653348
23254,0.475803862121193,0.0817216750750912,0.301036137584212,0.141438325219503
23255,0.354792148638663,0.246481860699463,0.0454924588985127,0.353233531763362
23256,0.587950179311186,0.0404736022136989,0.16108336486228,0.210492853612835
23257,0.269491555159893,0.514625458888178,0.0341214754313248,0.181761510520605
23258,0.619719783535944,0.0720236538613516,0.124293994856382,0.183962567746323
23259,0.0838826183349855,0.203699697927592,0.369360216592604,0.343057467144819
23260,0.16868801097781,0.0593870695158328,0.559275983434177,0.21264893607218
23261,0.127062726893251,0.496370745400308,0.119086164761225,0.257480362945216
23262,0.564836977415467,0.0930217806599336,0.134912102614158,0.207229139310441
23263,0.410730946984553,0.181820336576054,0.279834623189057,0.127614093250336
23264,0.0554253248124522,0.366246600141842,0.370844376436127,0.207483698609579
23265,0.591725398860278,0.153249152828468,0.0996050714467847,0.15542037686447
23266,0.247427335623884,0.144996265806007,0.22833479424402,0.379241604326089
23267,0.262201563278279,0.234412700671972,0.32174417346762,0.181641562582129
23268,0.210578576133708,0.191763942353036,0.105382718780107,0.492274762733149
23269,0.349009470417481,0.361167565838518,0.0484473992677163,0.241375564476285
23270,0.227702834059427,0.248679206027829,0.40993293874875,0.113685021163995
23271,0.363452955220592,0.11078448088893,0.111928542821488,0.41383402106899
23272,0.155189551998448,0.243541001761344,0.445059526576474,0.156209919663734
23273,0.16404359566017,0.478984835584462,0.11381063354826,0.243160935207109
23274,0.421582359579271,0.165963457577989,0.132004458277544,0.280449724565196
23275,0.133431460098107,0.264482489381639,0.293567753561474,0.308518296958781
23276,0.214943712038182,0.45039734638948,0.171200409770527,0.163458531801811
23277,0.412055582916411,0.352841922648183,0.0843549956881715,0.150747498747235
23278,0.161915123960938,0.181529454377022,0.339238344984626,0.317317076677415
23279,0.317521580204117,0.364341223795409,0.126810057335112,0.191327138665363
23280,0.301398105724119,0.198324737295915,0.267738567691377,0.23253858928859
23281,0.131047759300722,0.503917648035265,0.182280399916726,0.182754192747287
23282,0.260416740096152,0.416265109545576,0.160253957247507,0.163064193110765
23283,0.186882911101504,0.340068384091632,0.276884089171905,0.196164615634959
23284,0.158921235409108,0.36523002870589,0.238964939609285,0.236883796275717
23285,0.392375209575903,0.204248210746,0.190327431744042,0.213049147934055
23286,0.238076840544822,0.120022068708266,0.448356095642946,0.193544995103967
23287,0.172955436734565,0.26209186926369,0.308543630842743,0.256409063159002
23288,0.590613048448932,0.125362752243927,0.163227745284823,0.120796454022317
23289,0.244235243980051,0.414282730641492,0.225579406089008,0.115902619289448
23290,0.222722303882765,0.369520484253955,0.148837132251058,0.258920079612222
23291,0.373434027624547,0.168026192314268,0.224099023045878,0.234440757015307
23292,0.194640455140056,0.178200904759315,0.46709245433086,0.160066185769769
23293,0.510742046716726,0.235306830788869,0.115115157060627,0.138835965433777
23294,0.257882369455579,0.248422548541795,0.183514097555665,0.310180984446962
23295,0.325802986070797,0.0193797127294959,0.479266475407712,0.175550825791996
23296,0.221096073545254,0.22235334689823,0.41909021163942,0.137460367917096
23297,0.104159862042428,0.0796597728947815,0.511405722605258,0.304774642457533
23298,0.340979986463537,0.061817774219104,0.316939626626095,0.280262612691264
23299,0.358455952650597,0.179318289294768,0.10530639799329,0.356919360061345
23300,0.386592106875984,0.182558763760923,0.300331408463025,0.130517720900069
23301,0.363395232982296,0.106378813598211,0.147272743428924,0.382953209990569
23302,0.27996782479628,0.207662948333455,0.388686625433166,0.123682601437099
23303,0.206143273717994,0.178114934516651,0.37329614083341,0.242445650931946
23304,0.0756574222877395,0.397582754098569,0.105120898974967,0.421638924638724
23305,0.354781170586361,0.0750378183697417,0.0965234986802053,0.473657512363692
23306,0.380863787481728,0.350605279411205,0.101945603848845,0.166585329258222
23307,0.169720576173349,0.286241087911957,0.225896579176525,0.318141756738169
23308,0.306816517497925,0.0584217601758546,0.477897836075025,0.156863886251195
23309,0.153161197238802,0.163723542977539,0.0948753988677387,0.58823986091592
23310,0.145459650015436,0.087978990497195,0.535712861446119,0.23084849804125
23311,0.208441876216249,0.0877972867922803,0.244069009716809,0.459691827274662
23312,0.292908923777705,0.144254076764002,0.428092906701891,0.134744092756403
23313,0.137913153024984,0.286929007888696,0.284550521001678,0.290607318084642
23314,0.488558718038109,0.0563674334904852,0.0894181584506268,0.365655690020779
23315,0.342890332800344,0.10839005341876,0.410021591670248,0.138698022110648
23316,0.283594976897714,0.107766777986884,0.260354800490015,0.348283444625386
23317,0.265050766569044,0.16587904656075,0.173631030265309,0.395439156604896
23318,0.083278588538561,0.0766849237401659,0.419891022820571,0.420145464900702
23319,0.259187516147969,0.131343224630853,0.0385935036529145,0.570875755568263
23320,0.13060517111119,0.0746161781336338,0.242840052841096,0.55193859791408
23321,0.575119351356004,0.0179377794232627,0.254058858135754,0.15288401108498
23322,0.179231547300152,0.0715841350560878,0.384682724738389,0.364501592905371
23323,0.336393877804729,0.366253500056285,0.0358205634705816,0.261532058668404
23324,0.5438960461886,0.0689717286524221,0.143200355162574,0.243931869996404
23325,0.0477210590663587,0.33740954681991,0.377499217492027,0.237370176621705
23326,0.0708871810502279,0.107938104578427,0.0973015848823298,0.723873129489015
23327,0.081782263147969,0.037502598650523,0.667162356271576,0.213552781929932
23328,0.029316514683016,0.4471973269527,0.0486039293026857,0.474882229061598
23329,0.247432305076693,0.0584199677356387,0.203812538560969,0.4903351886267
23330,0.192811527303998,0.0577388319019119,0.522236806511568,0.227212834282522
23331,0.137069098947392,0.661724845234315,0.0317184219520152,0.169487633866278
23332,0.160196597698961,0.267326415099896,0.42916220291976,0.143314784281384
23333,0.57339037687581,0.0747022633779756,0.150510663735158,0.201396696011056
23334,0.347442264736242,0.151503842360139,0.143928436082455,0.357125456821164
23335,0.414880709494255,0.243649482055787,0.164678596860399,0.176791211589559
23336,0.0801832524328909,0.269224363349995,0.331109052691884,0.31948333152523
23337,0.621153847983541,0.076276660568237,0.157425188441957,0.145144303006265
23338,0.144662476802946,0.119531353214855,0.59544776239709,0.14035840758511
23339,0.154321728360862,0.0693187927635686,0.477323900107981,0.299035578767588
23340,0.126248161089296,0.0657419703371014,0.479259203146611,0.328750665426992
23341,0.0940616080175376,0.0440714657223598,0.686560083557835,0.175306842702267
23342,0.337504722885622,0.127859849921439,0.317393929850429,0.21724149734251
23343,0.171224230889008,0.426844229004523,0.113722218737067,0.288209321369401
23344,0.266319762176381,0.155304958115713,0.226089776615205,0.352285503092701
23345,0.149458959523513,0.191096497187142,0.224893085389316,0.434551457900029
23346,0.243177659288213,0.413793160709398,0.0890165766857366,0.254012603316653
23347,0.306139088139846,0.250052319184685,0.177479171667996,0.266329421007473
23348,0.116576596145535,0.297645894003626,0.317534326350147,0.268243183500692
23349,0.242909913865629,0.329557066680726,0.299539081914384,0.127993937539261
23350,0.229042813852297,0.504742313210593,0.054189797994189,0.212025074942922
23351,0.161884825131305,0.205447098802003,0.343455389013385,0.289212687053307
23352,0.135150788031943,0.196015732296867,0.381718987939983,0.287114491731208
23353,0.104913396853906,0.326284323974191,0.231933900090761,0.336868379081142
23354,0.0911681512597828,0.548432360184598,0.118770984265267,0.241628504290353
23355,0.216575929844944,0.410104426561492,0.0862821209938892,0.287037522599675
23356,0.306986756350137,0.0910847159747819,0.421500158457626,0.180428369217455
23357,0.133010230888679,0.453388128655217,0.108570389600448,0.305031250855656
23358,0.239275124555069,0.122855367258669,0.324107472050042,0.31376203613622
23359,0.26798349568413,0.136511551947562,0.350543271527548,0.244961680840761
23360,0.36065047796941,0.375289715643231,0.124385249839757,0.139674556547602
23361,0.086811355561294,0.11836075350761,0.5202460114811,0.274581879449997
23362,0.169349040345034,0.261947755737118,0.242693795370021,0.326009408547827
23363,0.185889783239256,0.387019983694821,0.216284941524465,0.210805291541458
23364,0.147185874243267,0.198645442808527,0.244634134741233,0.409534548206974
23365,0.297858557127668,0.240889610482924,0.269891589058851,0.191360243330556
23366,0.197153720442113,0.0610403880801398,0.47160581619657,0.270200075281177
23367,0.168683577502601,0.206083199303354,0.44793127060007,0.177301952593974
23368,0.0817489231578672,0.285983119801959,0.412609766492398,0.219658190547776
23369,0.35571248825311,0.216432063188855,0.203688916824604,0.224166531733431
23370,0.179606672861673,0.113388369008484,0.486679391092071,0.220325567037772
23371,0.695369030914077,0.0352639907179033,0.0646389148380784,0.204728063529942
23372,0.424050167179563,0.0859433056524401,0.0466900967983696,0.443316430369627
23373,0.117916986887463,0.276730972426596,0.396763034462742,0.208589006223199
23374,0.0378264131243235,0.247154051758509,0.54941123224211,0.165608302875058
23375,0.201728970524582,0.266559835152168,0.366034383551201,0.165676810772049
23376,0.233379496898068,0.270083039061523,0.34337423741718,0.153163226623228
23377,0.19435073855457,0.200802467522628,0.451010109834417,0.153836684088385
23378,0.553723976270331,0.0541845507459148,0.198311842922959,0.193779630060796
23379,0.157271365300721,0.0942592009158351,0.371407686585413,0.377061747198031
23380,0.226998915100279,0.321291614727413,0.182286226706063,0.269423243466245
23381,0.139903975494945,0.287398508298129,0.276072797771848,0.296624718435078
23382,0.120466832239575,0.0623017161286033,0.425584921660248,0.391646529971574
23383,0.0896112076042515,0.536875842173207,0.104528248708897,0.268984701513645
23384,0.63502993298026,0.0620129675292047,0.130096234930497,0.172860864560039
23385,0.172014070614293,0.297121963179884,0.404672845688372,0.126191120517452
23386,0.182625946878769,0.488412200049946,0.0317933871955736,0.297168465875711
23387,0.2565381624256,0.216976113222257,0.0908953369852489,0.435590387366895
23388,0.119728886270245,0.249278334890636,0.325181415403684,0.305811363435434
23389,0.0659345387048379,0.0794950414569561,0.401163167772327,0.453407252065879
23390,0.259353788057222,0.359910569228431,0.263259023168613,0.117476619545734
23391,0.25395114266454,0.311164260330151,0.339214053705289,0.0956705433000206
23392,0.321529603315651,0.251287549453865,0.356465913663619,0.0707169335668654
23393,0.104731728332198,0.504794852251343,0.317270163618773,0.0732032557976864
23394,0.308721633984313,0.39137513715627,0.230259974203837,0.069643254655581
23395,0.201856766428122,0.278081188218223,0.419922296870199,0.100139748483456
23396,0.489527937667513,0.248712880347959,0.16491771024676,0.0968414717377679
23397,0.41091960691115,0.314972610792176,0.159564015081015,0.114543767215659
23398,0.246407840586189,0.591076299990052,0.111419175116067,0.0510966843076916
23399,0.154518363714271,0.581711406807635,0.173640091057113,0.0901301384209811
23400,0.464462758820906,0.139671353764673,0.273564991848867,0.122300895565553
23401,0.380799615777294,0.302446831679527,0.204606917898863,0.112146634644316
23402,0.185990059969299,0.454182401060359,0.297950413871581,0.0618771250987617
23403,0.32115373416767,0.21752326449815,0.348797062814521,0.11252593851966
23404,0.197827638791408,0.421099204646649,0.315593519524517,0.0654796370374264
23405,0.133393316808159,0.488398050525815,0.272662292396248,0.105546340269778
23406,0.47413206735025,0.289789758554415,0.168402618706259,0.0676755553890754
23407,0.310496863094208,0.265722104940568,0.249361603097489,0.174419428867735
23408,0.380745937159975,0.302719152937085,0.215354078119801,0.101180831783139
23409,0.303843001472308,0.300124987269758,0.273130164246321,0.122901847011614
23410,0.245647212925766,0.361899511051325,0.214163151330621,0.178290124692287
23411,0.2283374536755,0.317820411672957,0.316867516302646,0.136974618348897
23412,0.166399170823785,0.498140406191618,0.193758694011827,0.141701728972771
23413,0.251609396372185,0.276507227536271,0.324570257207098,0.147313118884446
23414,0.347633258152311,0.325842016090678,0.164301036470204,0.162223689286807
23415,0.30995333099946,0.374223007202672,0.205206176719879,0.110617485077989
23416,0.200695939102094,0.508122725846714,0.166765226115023,0.124416108936169
23417,0.395025922331111,0.184750186951525,0.287703585784367,0.132520304932998
23418,0.201487442831696,0.254889289375212,0.248724061486655,0.294899206306437
23419,0.214094227089754,0.39236867430232,0.185808053258324,0.207729045349601
23420,0.277034216093414,0.163120690909739,0.430570553824969,0.129274539171877
23421,0.352349493063158,0.314662299674707,0.152126386637344,0.180861820624792
23422,0.265429286968334,0.175329486959464,0.366357180337268,0.192884045734935
23423,0.478459995261946,0.118586731768867,0.307829158198194,0.0951241147709942
23424,0.357337586819055,0.208828151309129,0.219957945682817,0.213876316188999
23425,0.376557205587324,0.295375647870203,0.161458507923698,0.166608638618776
23426,0.271566026150707,0.416332528409519,0.163168835737135,0.148932609702638
23427,0.457264461633304,0.0914099296076253,0.37097735753971,0.0803482512193603
23428,0.374264673683773,0.192642110044062,0.252145289587833,0.180947926684333
23429,0.26756210733188,0.464914674989764,0.162594745194313,0.104928472484044
23430,0.294482491910113,0.261046286257471,0.345536305540807,0.0989349162916097
23431,0.290441044823856,0.295384879882161,0.331080930846993,0.0830931444469904
23432,0.258130118030962,0.237699958214153,0.300104212014459,0.204065711740426
23433,0.436678606715871,0.251585564334301,0.203795816235489,0.107940012714339
23434,0.254563833525036,0.270725381535008,0.357407282976952,0.117303501963004
23435,0.277072954000154,0.190588693589968,0.344760246124547,0.187578106285332
23436,0.275494202923052,0.341764689085424,0.204513227431529,0.178227880559995
23437,0.263634690549906,0.313670918438737,0.287736358584455,0.134958032426902
23438,0.192298869639813,0.174612158827828,0.53933480467236,0.0937541668599987
23439,0.295441780509814,0.306848832581442,0.223290071090944,0.1744193158178
23440,0.384263851055727,0.233504611778814,0.285327935769855,0.0969036013956042
23441,0.165857412268487,0.188227278046912,0.356529461331804,0.289385848352797
23442,0.315669174906156,0.279475805628888,0.28543342426135,0.119421595203605
23443,0.409338683329094,0.218834444503566,0.248652564501759,0.123174307665582
23444,0.20089753535625,0.317876767018625,0.410581020360605,0.0706446772645201
23445,0.158901775379633,0.224598798396894,0.522182951704,0.0943164745194725
23446,0.477707648071458,0.18923055063774,0.211529713537986,0.121532087752817
23447,0.257784992291285,0.0787801005165749,0.381760806213747,0.281674100978393
23448,0.141850787902417,0.233974331501981,0.101482544138305,0.522692336457297
23449,0.501597722850141,0.0415498267697816,0.14743113990772,0.309421310472357
23450,0.062913216487547,0.112539988476497,0.371067209766037,0.453479585269919
23451,0.176096318718443,0.225578644404351,0.289572763226665,0.308752273650541
23452,0.0551564445010756,0.542751450445016,0.0416041121931107,0.360487992860798
23453,0.462497087234526,0.109131466588103,0.165967558056556,0.262403888120815
23454,0.172623039516281,0.110333855007301,0.0552585685770451,0.661784536899373
23455,0.311932206534264,0.0723916375390111,0.0904170338136392,0.525259122113086
23456,0.0946534830029966,0.563558857935099,0.0414908283319591,0.300296830729945
23457,0.11233352503128,0.0486429372547709,0.226735249999001,0.612288287714948
23458,0.0260590881831894,0.346513148972153,0.29148962125136,0.335938141593299
23459,0.280684574364314,0.375196602405194,0.0491102561016964,0.295008567128795
23460,0.209047938470158,0.553334223490855,0.0511081973701178,0.186509640668869
23461,0.0236671831993924,0.290821468269564,0.401419084086438,0.284092264444606
23462,0.5428218027462,0.194605054072032,0.0477880521692501,0.214785091012517
23463,0.0585627486430619,0.0975137035013156,0.47118994884888,0.372733599006742
23464,0.0722854913254825,0.0340428276016648,0.500152149363245,0.393519531709607
23465,0.276226234976972,0.355524644875484,0.0833217617006649,0.28492735844688
23466,0.340908262842998,0.117951398978133,0.15598920062662,0.38515113755225
23467,0.0539044667113824,0.630454655600615,0.0839448381066957,0.231696039581307
23468,0.450679125807459,0.115179477536073,0.103293386078912,0.330848010577556
23469,0.106193052856151,0.055366715631236,0.713289365118323,0.12515086639429
23470,0.426070098839303,0.245905603464803,0.201978647041999,0.126045650653895
23471,0.0748150884593893,0.30471679428927,0.469632007789306,0.150836109462035
23472,0.277457470971602,0.294311880010771,0.26217710242773,0.166053546589897
23473,0.20388175764699,0.112141608319336,0.445107916607333,0.23886871742634
23474,0.264664867942202,0.12615323792313,0.312232916188296,0.296948977946372
23475,0.124314650117503,0.539645479218199,0.0878754986219872,0.248164372042311
23476,0.187876246495023,0.552546407118907,0.0922869965841465,0.167290349801924
23477,0.362644663254951,0.0959354835871549,0.314781370554841,0.226638482603053
23478,0.262369351341011,0.373929195447652,0.183227025248149,0.180474427963189
23479,0.0798985606545896,0.183622809226976,0.277285473840686,0.459193156277748
23480,0.0659328996744648,0.419584360849006,0.368271852923123,0.146210886553406
23481,0.338686869822206,0.443196563013372,0.0997316853784434,0.118384881785979
23482,0.678909671120724,0.0623541239446042,0.107662263282056,0.151073941652615
23483,0.151589654032959,0.310651509649922,0.243438326668607,0.294320509648513
23484,0.0508608463466106,0.281276955785652,0.571693190798129,0.0961690070696082
23485,0.250646373716195,0.402229497910866,0.0406605677373032,0.306463560635637
23486,0.0387050511633647,0.348248631782142,0.203658600222795,0.409387716831698
23487,0.250596649633471,0.389822817402031,0.0416509258599816,0.317929607104516
23488,0.190944510268195,0.477998080586705,0.0606776362899508,0.270379772855149
23489,0.259743129029142,0.0578658843435256,0.214119569537729,0.468271417089603
23490,0.121349860490137,0.0454102259693861,0.300809312969249,0.532430600571228
23491,0.0716500572749028,0.143882256616046,0.268888957708661,0.51557872840039
23492,0.0530107867767797,0.317902797808022,0.358067638283919,0.271018777131279
23493,0.0981990561822837,0.103767375289464,0.11235509840575,0.685678470122503
23494,0.199816008793447,0.481262537460068,0.0522357076232979,0.266685746123187
23495,0.109146764372753,0.64486556074119,0.0571637251325312,0.188823949753526
23496,0.113983286349763,0.450448365367399,0.032653134101454,0.402915214181383
23497,0.137536056393763,0.536684248135459,0.0929911474139173,0.232788548056861
23498,0.199424826188809,0.047624383621783,0.336837429357442,0.416113360831966
23499,0.0523623027299006,0.0875229717318934,0.253588105867615,0.606526619670592
23500,0.0418674071031487,0.172758302325776,0.47545726560408,0.309917024966996
23501,0.444540989697044,0.0461047108891685,0.242182766566095,0.267171532847693
23502,0.175294709933638,0.05460304947811,0.390653958820612,0.37944828176764
23503,0.56321567399788,0.0689932012228382,0.0604968088900319,0.30729431588925
23504,0.32267489290185,0.270208235405112,0.189310178806261,0.217806692886777
23505,0.0513214591284704,0.302515095757859,0.412899667515316,0.233263777598355
23506,0.427214254215386,0.0416499483005675,0.37289247552766,0.158243321956386
23507,0.611583725328523,0.15504151140628,0.0881547862839395,0.145219976981258
23508,0.0791176636502123,0.110854143999101,0.307084566388776,0.502943625961911
23509,0.319118971353476,0.234127673162256,0.0915833450411804,0.355170010443088
23510,0.303897692146406,0.0653758620400121,0.231284930485328,0.399441515328254
23511,0.261941644215771,0.0789285192538218,0.0820446696105983,0.577085166919809
23512,0.620175708941111,0.184977495430716,0.048475187681584,0.146371607946589
23513,0.144904327610544,0.17620476882014,0.0574526925867384,0.621438210982578
23514,0.285812646918671,0.0859528899348745,0.232304821614034,0.39592964153242
23515,0.632584666606992,0.0368190615191371,0.200050236548557,0.130546035325314
23516,0.311955668376748,0.0844150509200361,0.327958512594848,0.275670768108368
23517,0.565281165743091,0.0960344871614438,0.0729717789818593,0.265712568113606
23518,0.0932150875498351,0.0448599578535348,0.710137809340817,0.151787145255813
23519,0.0773428625622377,0.447608407342139,0.0756053228234417,0.399443407272182
23520,0.399206035733491,0.0790689007316392,0.150747338054355,0.370977725480514
23521,0.189094529180904,0.402711498660722,0.246115266785629,0.162078705372744
23522,0.111149529588601,0.269941858846186,0.208495771081264,0.410412840483949
23523,0.130850324251271,0.580340626537539,0.164811436112102,0.123997613099088
23524,0.0608504727051824,0.676264802415467,0.0704797616958477,0.192404963183503
23525,0.229717910452141,0.189539390323334,0.155275237342473,0.425467461882052
23526,0.154422853020187,0.274012342876469,0.440879365062646,0.130685439040698
23527,0.157101407619536,0.269553941911684,0.337608520050345,0.235736130418435
23528,0.0728783590633932,0.610256754090454,0.157835088416692,0.159029798429461
23529,0.243835915532604,0.435469300477251,0.0581693946778539,0.262525389312291
23530,0.116767845796388,0.0776797431871674,0.639808953809175,0.16574345720727
23531,0.485093038188041,0.0739703783760805,0.0785236418969029,0.362412941538975
23532,0.229759468634664,0.217617584216796,0.124831957087352,0.427790990061188
23533,0.319147970523976,0.167622762057877,0.204476865167026,0.308752402251121
23534,0.185340362054079,0.104768082382375,0.333257525254443,0.376634030309103
23535,0.195891095962814,0.095590549343378,0.156377926790985,0.552140427902823
23536,0.215890169746922,0.105295454478281,0.27478681844975,0.404027557325047
23537,0.253417302345596,0.264718160775186,0.0866143832806903,0.395250153598528
23538,0.509582384897669,0.144988037125534,0.0352407093849131,0.310188868591884
23539,0.0980043394247516,0.147730134924755,0.171166826859505,0.583098698790988
23540,0.0972311399915249,0.0529776320078364,0.451407929531748,0.398383298468891
23541,0.184396945343943,0.309770649525427,0.0764075871482416,0.429424817982389
23542,0.0483739070617222,0.168820636601177,0.470900572130405,0.311904884206695
23543,0.294942903690516,0.252076885560054,0.110605681137714,0.342374529611717
23544,0.0410980308688809,0.1308262966243,0.673883514608682,0.154192157898137
23545,0.218163075863673,0.059141888243752,0.0792646993183474,0.643430336574228
23546,0.0486862840827941,0.0718965425083337,0.672331128780151,0.207086044628721
23547,0.348718959294263,0.370902997145003,0.023503350999053,0.256874692561682
23548,0.296542325109078,0.0871226318628976,0.0619375815720334,0.554397461455991
23549,0.256915014638348,0.0893848875040122,0.176789263428884,0.476910834428756
23550,0.0666920805495832,0.21343927827234,0.132837901206628,0.587030739971449
23551,0.450107950603512,0.106048105636992,0.243825476433684,0.200018467325812
23552,0.036990972890164,0.433944196153302,0.437557026970525,0.0915078039860091
23553,0.0759244520363138,0.631128696273375,0.0957546594000232,0.197192192290288
23554,0.572412920911491,0.176264265368467,0.0928638808208317,0.15845893289921
23555,0.0339361863992429,0.160707217059409,0.632867333134666,0.172489263406682
23556,0.40038650699733,0.129485748756093,0.128040281788142,0.342087462458436
23557,0.0665208061135984,0.0555626915127063,0.578273428660558,0.299643073713137
23558,0.233877327818781,0.143075365939456,0.387428347221691,0.235618959020072
23559,0.20754090149093,0.0684753234194741,0.391066322317663,0.332917452771933
23560,0.0903986283133653,0.0783552674902898,0.458800536798081,0.372445567398264
23561,0.39548752489377,0.319659187389091,0.18107864174163,0.103774645975508
23562,0.445409787288097,0.135567715069407,0.0864711252142917,0.332551372428205
23563,0.159885310558857,0.346284363063462,0.313832108953149,0.179998217424532
23564,0.0798718599714359,0.464817849276045,0.25356973608837,0.201740554664149
23565,0.0961302561354039,0.082647920902905,0.654085629253527,0.167136193708164
23566,0.418848080538871,0.263214524614226,0.0906088172756171,0.227328577571286
23567,0.246407814153279,0.432588624920145,0.137376011691348,0.183627549235228
23568,0.344264326991019,0.434373219904788,0.0606843967526159,0.160678056351578
23569,0.553000652921329,0.122795709399981,0.194456627870086,0.129747009808604
23570,0.174430400846566,0.606790622817756,0.0922087398480183,0.12657023648766
23571,0.201224485779369,0.0750718163456995,0.311755054422509,0.411948643452423
23572,0.37327080340681,0.382341381682317,0.0411292442787897,0.203258570632083
23573,0.160442110151571,0.112270928450935,0.206584515317115,0.520702446080378
23574,0.053439524349162,0.511884266348986,0.260669871158291,0.174006338143561
23575,0.0648000717907677,0.302633574270313,0.29866505020942,0.3339013037295
23576,0.192748518657589,0.155699645536512,0.242322519431135,0.409229316374764
23577,0.685647641095775,0.0670949502403559,0.101956832379958,0.145300576283911
23578,0.239091858513001,0.185984034959542,0.0798774666138754,0.495046639913582
23579,0.0741624862462765,0.490572296099086,0.147366613613378,0.287898604041259
23580,0.184393612476285,0.575579227524871,0.0424074785681899,0.197619681430654
23581,0.208467547304698,0.302221385807235,0.274469767014677,0.214841299873391
23582,0.115967036435564,0.227273373296621,0.518385101895642,0.138374488372173
23583,0.647090999601201,0.0810156589267017,0.0923828220102787,0.179510519461818
23584,0.50065791174109,0.170156599297165,0.105216470647837,0.223969018313909
23585,0.554266971043441,0.241836112365513,0.0752225296862087,0.128674386904837
23586,0.305638587591696,0.247370371572608,0.294655481668659,0.152335559167038
23587,0.182546151622177,0.13127280696842,0.401947987180938,0.284233054228465
23588,0.368816670867966,0.0747454448519888,0.283072017346767,0.273365866933278
23589,0.679058586663879,0.0647870110679726,0.0657371295798121,0.190417272688336
23590,0.277279361653442,0.140806829762791,0.283712975420831,0.298200833162936
23591,0.619276546016851,0.0662785699914219,0.126862821196698,0.187582062795029
23592,0.477688477660605,0.119074043755962,0.0942236098289808,0.309013868754453
23593,0.0819542724196017,0.493238339093206,0.168860792811219,0.255946595675973
23594,0.579864960481422,0.0450012742761782,0.257916948643859,0.117216816598541
23595,0.244163569538367,0.0975108110361291,0.522755104074608,0.135570515350897
23596,0.093957152819938,0.321350212260324,0.304521228098163,0.280171406821575
23597,0.364084333723136,0.0845541313969302,0.274278174743032,0.277083360136901
23598,0.68272961894402,0.0828282712002407,0.0464756501378267,0.187966459717913
23599,0.220764811492643,0.35396561500065,0.20356592993347,0.221703643573237
23600,0.228936599037331,0.416442550250767,0.199346109943905,0.155274740767997
23601,0.228848622526997,0.418334491421396,0.218991279733616,0.13382560631799
23602,0.232223474231827,0.484202584409645,0.146761573878904,0.136812367479625
23603,0.151165060461865,0.260224873523649,0.415086936676772,0.173523129337715
23604,0.297863640853407,0.4924894802491,0.112271268365365,0.0973756105321282
23605,0.44530959916604,0.118123910403399,0.192813634548236,0.243752855882324
23606,0.278386343159878,0.36326924306051,0.153574769894084,0.204769643885528
23607,0.22569568712528,0.265179451595246,0.242637526300953,0.266487334978521
23608,0.436904695870755,0.173855256053612,0.153294868427669,0.235945179647964
23609,0.281432832934257,0.258760065248434,0.288051637050452,0.171755464766856
23610,0.231837818945879,0.407012974319819,0.225051529863349,0.136097676870953
23611,0.17191745297367,0.16713237371025,0.52931084403662,0.131639329279461
23612,0.214424122398226,0.336061727827461,0.21616450927411,0.233349640500204
23613,0.329547862426587,0.182504280603368,0.399746684759994,0.0882011722100517
23614,0.250684954847122,0.446637198603844,0.197747618907137,0.104930227641897
23615,0.300809017815183,0.253029968175767,0.168793304712421,0.277367709296629
23616,0.337644008411113,0.22445714530835,0.336164174079758,0.101734672200778
23617,0.230329894749102,0.412319554135169,0.202907423059335,0.154443128056394
23618,0.323470840306847,0.0233531848134629,0.334126159129894,0.319049815749796
23619,0.056670278025451,0.29892330191176,0.221016057472074,0.423390362590716
23620,0.0849937082206963,0.217912506422849,0.0292517409493106,0.667842044407144
23621,0.368791699023596,0.107364593980258,0.0813070995953778,0.442536607400769
23622,0.231556653558331,0.313922351936397,0.0361146282367488,0.418406366268523
23623,0.0361409593178801,0.111586788819592,0.0564986329463935,0.795773618916135
23624,0.0371159345585664,0.738853386055847,0.0568056469016,0.167225032483986
23625,0.152965579424291,0.135619693223555,0.185943514261077,0.525471213091077
23626,0.0579536480560272,0.505562205660405,0.102309491068491,0.334174655215078
23627,0.176214413418498,0.0250506468582249,0.535947925504519,0.262787014218758
23628,0.300259664555996,0.106494996686123,0.0393041244607563,0.553941214297125
23629,0.209456904482213,0.194096445429924,0.149945673524466,0.446500976563397
23630,0.369005579307407,0.309225339897712,0.0837558803516988,0.238013200443182
23631,0.0351864771032048,0.191574599874738,0.456513339461934,0.316725583560124
23632,0.0566986867603053,0.0374423028632986,0.356247681756757,0.549611328619639
23633,0.148108842395502,0.45920444559023,0.108532507700751,0.284154204313517
23634,0.672074341433718,0.0787785341365128,0.0156178327471298,0.233529291682639
23635,0.032993017786937,0.318693228881679,0.0888389183889588,0.559474834942425
23636,0.0549306326293707,0.405247661600036,0.238748996653999,0.301072709116594
23637,0.372958040719374,0.402519667187745,0.0982351407816045,0.126287151311276
23638,0.478780845390229,0.218818182723783,0.197109480803386,0.105291491082602
23639,0.252981917167611,0.190466723423056,0.422977908007641,0.133573451401691
23640,0.331781784653324,0.117296473784768,0.42891229618477,0.122009445377137
23641,0.160021430880598,0.393409631378526,0.25231176517176,0.194257172569117
23642,0.331373445811996,0.154924395171264,0.344749277536064,0.168952881480676
23643,0.362032143651573,0.36883332603003,0.189412664460309,0.0797218658580879
23644,0.332668489140957,0.358441025590513,0.138865053774651,0.17002543149388
23645,0.170424534357941,0.369101937963995,0.249600119189675,0.21087340848839
23646,0.272174345381019,0.341881081417174,0.226603836724566,0.15934073647724
23647,0.187229128921667,0.552687078953611,0.144135740279609,0.115948051845113
23648,0.309290599336251,0.510062794935724,0.069367772233477,0.111278833494548
23649,0.307204892714186,0.288158071855586,0.22608772794435,0.178549307485878
23650,0.340181022402694,0.247338168068366,0.171403677188325,0.241077132340616
23651,0.2491373852064,0.437681935502606,0.188314441323311,0.124866237967684
23652,0.129792180458021,0.313807036189201,0.483753674482255,0.0726471088705233
23653,0.201258550618941,0.155978071863148,0.524241743684152,0.118521633833759
23654,0.177570020057458,0.184259068894353,0.510914787581401,0.127256123466789
23655,0.285188132051316,0.372477870557544,0.205941757167538,0.136392240223602
23656,0.140789737885165,0.147031800047697,0.212550454271792,0.499628007795346
23657,0.456852032601208,0.274106370918873,0.0887712803898435,0.180270316090076
23658,0.30449360785295,0.0882050302920267,0.248006429786831,0.359294932068192
23659,0.522624258236912,0.28218392069542,0.0863096654002056,0.108882155667463
23660,0.248675284209001,0.185387628107625,0.0760490581496579,0.489888029533716
23661,0.20540611833004,0.0813960317914857,0.143757268102624,0.569440581775851
23662,0.141722329137537,0.377723479936918,0.148141980359888,0.332412210565657
23663,0.235881000915971,0.165643979464769,0.236221966980046,0.362253052639215
23664,0.0829783187324308,0.307984628452672,0.137776165901452,0.471260886913445
23665,0.285225011162152,0.290991510034867,0.0579366791550392,0.365846799647941
23666,0.298962023050648,0.11773296519535,0.265684307028679,0.317620704725323
23667,0.357659979724853,0.0664146090458874,0.416604613730126,0.159320797499134
23668,0.506468262570226,0.0781690847498026,0.14648710767276,0.268875545007212
23669,0.266401501866494,0.275693201558042,0.12283047978453,0.335074816790934
23670,0.242044551086866,0.102506713513895,0.461478452916763,0.193970282482476
23671,0.0679917571488,0.309389807893947,0.430786964734587,0.191831470222666
23672,0.223143372141526,0.173236647062702,0.327595078112653,0.276024902683119
23673,0.309184952755041,0.473419622339948,0.063256124942364,0.154139299962647
23674,0.0309536939032724,0.311817081784141,0.510872933419266,0.146356290893321
23675,0.0833274205334647,0.516030730337964,0.060981871967733,0.339659977160838
23676,0.17448146318279,0.119231377665976,0.102521428807209,0.603765730344025
23677,0.210966005945621,0.257201105925885,0.266118597024529,0.265714291103966
23678,0.500908425692269,0.0724331562443463,0.0391381332854737,0.387520284777911
23679,0.491400636108365,0.0697884252275759,0.296110957661658,0.142699981002401
23680,0.0495314909153431,0.0896798029182456,0.614385827915289,0.246402878251123
23681,0.102514337876453,0.16196770138209,0.598880150973002,0.136637809768455
23682,0.0589928206833108,0.336800983859738,0.402380691135517,0.201825504321434
23683,0.412144399400846,0.0725399285073068,0.196064489469964,0.319251182621883
23684,0.10741344141794,0.536542396538611,0.104730826034399,0.251313336009051
23685,0.33492928437034,0.302955678185459,0.239787252328256,0.122327785115945
23686,0.0827466005505454,0.0495192981054896,0.518437772176757,0.349296329167208
23687,0.139739723290278,0.0955589475697334,0.325714415610149,0.43898691352984
23688,0.259618696886528,0.0928004517523801,0.0696758310547491,0.577905020306343
23689,0.174763703170929,0.1921093328184,0.449485825008326,0.183641139002345
23690,0.359599857109456,0.231860839793959,0.0401472159102173,0.368392087186368
23691,0.115175300577766,0.151781331507759,0.473708793416484,0.259334574497991
23692,0.0599375245631045,0.454797094527246,0.102862953978779,0.382402426930871
23693,0.0734476849809076,0.338968281416229,0.371426268243981,0.216157765358882
23694,0.113018404784228,0.293386333978284,0.281087084792506,0.312508176444982
23695,0.0946729316044212,0.457505931679969,0.211851192316674,0.235969944398936
23696,0.398241897464815,0.438933300155836,0.0517173963542021,0.111107406025147
23697,0.335324107157404,0.116338222558632,0.31981501322632,0.228522657057644
23698,0.192042075532069,0.290638308392701,0.273907592933352,0.243412023141878
23699,0.137298253881332,0.572826610656846,0.103834447685257,0.186040687776565
23700,0.434061366945358,0.0390867289161217,0.404391383836076,0.122460520302444
23701,0.0810726124910036,0.460996450469886,0.24293618701906,0.21499475002005
23702,0.118466486066594,0.193322661859301,0.546834849322494,0.141376002751611
23703,0.129273241309585,0.532164987388149,0.184861444463127,0.15370032683914
23704,0.242943124190729,0.167605997058767,0.307270414846788,0.282180463903716
23705,0.190937673260131,0.452493479944683,0.170664781739568,0.185904065055618
23706,0.419391550364374,0.119390248151952,0.295357439538928,0.165860761944747
23707,0.229875273992399,0.529511595035638,0.0958388270690357,0.144774303902927
23708,0.16188155666598,0.50991852674467,0.154819234963956,0.173380681625394
23709,0.191915400696546,0.243373983609577,0.167818265115228,0.396892350578649
23710,0.488496163708567,0.146741692105286,0.135290634515884,0.229471509670264
23711,0.0781485112622836,0.59318415212337,0.206619039922058,0.122048296692289
23712,0.185300672493284,0.134302834154753,0.431459250404511,0.248937242947453
23713,0.106213298514457,0.34845451568873,0.325568132194402,0.219764053602412
23714,0.261923104921287,0.121056997074453,0.461956845377918,0.155063052626342
23715,0.335917340910982,0.0965609877624738,0.344594542028128,0.222927129298416
23716,0.407741648631877,0.185645312659064,0.169257100478205,0.237355938230855
23717,0.281159459660012,0.45572399728754,0.0704720698214967,0.192644473230952
23718,0.19343705640575,0.143428944388308,0.406185168097591,0.256948831108351
23719,0.34096407439476,0.375188842221617,0.0745903314701793,0.209256751913444
23720,0.159709930550128,0.110780315421133,0.524602351877243,0.204907402151496
23721,0.486703060824432,0.19829274581494,0.221244046642567,0.0937601467180615
23722,0.121290769860346,0.278981431912068,0.316488810752344,0.283238987475242
23723,0.150987606446977,0.388887329968623,0.314131275688678,0.145993787895722
23724,0.270343961210785,0.404026145286466,0.0984679036511433,0.227161989851607
23725,0.27737408467477,0.0605540299324994,0.549811644718547,0.112260240674183
23726,0.268954001346234,0.332456216828994,0.25328077892668,0.145309002898092
23727,0.213685477158557,0.183169650140046,0.327095430165522,0.276049442535875
23728,0.189938311175445,0.276431631172844,0.187329284024292,0.346300773627418
23729,0.153597690220726,0.58471191620752,0.14019605802526,0.121494335546493
23730,0.274008612819916,0.311580071007458,0.231276462725115,0.183134853447511
23731,0.175205984737873,0.226032189926451,0.299238716529101,0.299523108806575
23732,0.440577004181012,0.258509867076399,0.0972857756762774,0.203627353066312
23733,0.556503506100393,0.108188678655748,0.0912367267259626,0.244071088517897
23734,0.0793426184412518,0.0887983055622918,0.493268112762964,0.338590963233492
23735,0.544351690397883,0.0742871060835182,0.150756751500967,0.230604452017632
23736,0.148584303812457,0.174061347174359,0.345167336493172,0.332187012520012
23737,0.115086219665752,0.523536322260246,0.217543271800598,0.143834186273404
23738,0.419941430117543,0.164621062800773,0.128667841218883,0.286769665862801
23739,0.195479534939246,0.156500992162079,0.136286537314705,0.511732935583971
23740,0.140336301135008,0.0574468691172,0.696486884307762,0.10572994544003
23741,0.0944019853780721,0.156300624443212,0.468926071302684,0.280371318876032
23742,0.181804193814949,0.305728306218718,0.13125535035789,0.381212149608443
23743,0.106639559938533,0.703203786923747,0.0743282872369898,0.11582836590073
23744,0.0603350811203218,0.635938756590424,0.178064366704072,0.125661795585183
23745,0.57607002523493,0.0990397931329531,0.104468446494455,0.220421735137662
23746,0.463748499279144,0.274259668618247,0.0686598047617482,0.193332027340861
23747,0.113388081537022,0.28436511328589,0.418410904070535,0.183835901106553
23748,0.264878846382578,0.433914952417757,0.107264540474497,0.193941660725168
23749,0.54216664266121,0.262403153783812,0.0667285174755863,0.128701686079391
23750,0.250093860442973,0.18669957940551,0.390416235097305,0.172790325054211
23751,0.318449203301866,0.208731315928603,0.329598298747782,0.143221182021749
23752,0.271549672861872,0.282447247824432,0.188801243377,0.257201835936696
23753,0.201085582653558,0.209358257543912,0.214363020434626,0.375193139367903
23754,0.329499567723163,0.229454288999369,0.217813546379778,0.223232596897689
23755,0.384933405886918,0.213418989669584,0.265350411597688,0.136297192845811
23756,0.158578921050335,0.323366406976732,0.22850767863847,0.289546993334463
23757,0.324425633100276,0.359702782940585,0.162030906135972,0.153840677823167
23758,0.425801632392961,0.202378273121996,0.103601944175133,0.268218150309909
23759,0.15508527116411,0.367191538238685,0.288143498458496,0.189579692138709
23760,0.313900551770356,0.0930259092410886,0.470992599667234,0.122080939321321
23761,0.278483814792097,0.181740778547363,0.325655095973555,0.214120310686985
23762,0.20759815942578,0.327061279883058,0.268081467916364,0.197259092774799
23763,0.44008086593483,0.251185460235399,0.135613766112157,0.173119907717614
23764,0.46044015122335,0.100447024816483,0.207516848450208,0.231595975509959
23765,0.105523997457833,0.112127489909152,0.469734393626728,0.312614119006287
23766,0.0865335037894105,0.0916165376864952,0.738216738903555,0.0836332196205392
23767,0.336908157373817,0.248099282179436,0.244259449132074,0.170733111314673
23768,0.14979024373192,0.105061274281233,0.285683016973404,0.459465465013442
23769,0.224045814266015,0.153975069524077,0.366228259969019,0.255750856240889
23770,0.221309146814533,0.0704488596889755,0.501493652666925,0.206748340829566
23771,0.0806512259207105,0.438500247421103,0.0733668637904335,0.407481662867753
23772,0.0754585403757537,0.161623213203133,0.109651397455902,0.653266848965211
23773,0.0683024774967673,0.256893878379944,0.466503271400306,0.208300372722982
23774,0.15182793986608,0.304184270438041,0.128271425210251,0.415716364485628
23775,0.48815196449388,0.149398560812283,0.0728949648240078,0.289554509869829
23776,0.271929161451966,0.0683035746059573,0.275543043969605,0.384224219972472
23777,0.275828490320483,0.288510928728514,0.277486579954325,0.158174000996678
23778,0.0916838879523648,0.380540200809245,0.0765943403288541,0.451181570909536
23779,0.46524827978743,0.256064222069746,0.119900282076754,0.158787216066071
23780,0.426766668051109,0.31023012314193,0.0526028052615714,0.21040040354539
23781,0.515438138093966,0.172598339996864,0.0652665604017352,0.246696961507435
23782,0.146144692859167,0.262514521598514,0.321542445952515,0.269798339589804
23783,0.355624765562135,0.0343400751339159,0.291932311353391,0.318102847950558
23784,0.11024759285183,0.06402399784842,0.4874032895238,0.33832511977595
23785,0.55943522723503,0.189974753344087,0.0436602974752625,0.206929721945621
23786,0.28691562789363,0.271792986834212,0.113392079356112,0.327899305916046
23787,0.512939781069101,0.167490482056609,0.119743415836375,0.199826321037915
23788,0.153726324661603,0.480818872571419,0.120590854996968,0.244863947770011
23789,0.653005773101592,0.0727856355603483,0.0582322524263131,0.215976338911747
23790,0.0465320525359666,0.139121738915227,0.550519220883883,0.263826987664924
23791,0.219334609986472,0.0654200100058644,0.519849692861834,0.19539568714583
23792,0.209514240783002,0.559596595008605,0.0856159793532447,0.145273184855148
23793,0.236201479998338,0.112739754551784,0.249392515200874,0.401666250249003
23794,0.302358108062206,0.167016196542395,0.157603456699811,0.373022238695588
23795,0.29686606436216,0.271389111923537,0.0742395515070542,0.357505272207248
23796,0.210825887932577,0.238924753095515,0.180502887899655,0.369746471072253
23797,0.34227873498854,0.20168347129517,0.32986134973381,0.126176443982479
23798,0.312709944791685,0.0508959094326378,0.241965233706149,0.394428912069528
23799,0.561418527148283,0.0761597928460582,0.0793746504484393,0.28304702955722
23800,0.21064720412662,0.58682706018169,0.0606743149665015,0.141851420725189
23801,0.0519031009304862,0.123785556463475,0.660966700328176,0.163344642277862
23802,0.116860664281002,0.587752531191875,0.108098001354894,0.187288803172229
23803,0.308502482494839,0.201136013296918,0.0894026477782852,0.400958856429958
23804,0.291466202076265,0.0936878515230808,0.313842599182067,0.301003347218587
23805,0.307184733833805,0.060691304543853,0.445830788801708,0.186293172820635
23806,0.153612227174126,0.312953606042599,0.181776673462942,0.351657493320334
23807,0.443005802599355,0.128728251095146,0.11226854911047,0.315997397195029
23808,0.248558509634878,0.448107461509779,0.175617167104768,0.127716861750574
23809,0.330930558662816,0.343998115369412,0.188514851933942,0.136556474033829
23810,0.177938009531508,0.536637826353845,0.189351351685327,0.0960728124293193
23811,0.450610364578814,0.248828538691819,0.19797484080261,0.102586255926757
23812,0.316502338057523,0.278418188413585,0.294720896863743,0.110358576665149
23813,0.5129291215357,0.241113592105456,0.111485312618517,0.134471973740327
23814,0.324038557077787,0.299090697049197,0.263602976953433,0.113267768919583
23815,0.19182495656258,0.155475346795323,0.396188831898632,0.256510864743465
23816,0.403120105481414,0.306886955657587,0.170261438275083,0.119731500585916
23817,0.274799919682225,0.199725042469355,0.372699378342762,0.152775659505658
23818,0.250010509578288,0.202332229369266,0.365092277332358,0.182564983720089
23819,0.171974308531596,0.511650103766151,0.199970275005949,0.116405312696304
23820,0.299800499855266,0.198563542005123,0.366552922766088,0.135083035373523
23821,0.151882457433591,0.27952452466262,0.234989990841689,0.3336030270621
23822,0.223564272231695,0.357867587302219,0.170652853874229,0.247915286591857
23823,0.157750771216122,0.207004395061318,0.40749533817138,0.22774949555118
23824,0.202024490444059,0.533550755183535,0.148820814515794,0.115603939856612
23825,0.438358421613094,0.213910269338439,0.218248784433367,0.129482524615101
23826,0.123792113952393,0.553116889713258,0.153285929766857,0.169805066567492
23827,0.384170482137899,0.268277789753142,0.12728249872179,0.220269229387169
23828,0.0487027975968268,0.279405212225935,0.426181741627505,0.245710248549733
23829,0.3222039589673,0.209401721203814,0.161349081403874,0.307045238425011
23830,0.0843789631572167,0.593662975231525,0.130760681891223,0.191197379720035
23831,0.215544905104412,0.199592471611858,0.437077516035343,0.147785107248388
23832,0.180056373559311,0.195928818046731,0.440121627153209,0.183893181240748
23833,0.339344572945297,0.099192612290943,0.354363672583853,0.207099142179907
23834,0.462621316908862,0.108024057172095,0.305648878468561,0.123705747450482
23835,0.233339723616108,0.347230944739481,0.232317253999058,0.187112077645353
23836,0.407888302293236,0.089732579067162,0.161975330942352,0.34040378769725
23837,0.0690730336307979,0.121512140702253,0.243668376656096,0.565746449010853
23838,0.585115726365224,0.160468600832744,0.0894178100239647,0.164997862778068
23839,0.63781695996836,0.103052546379048,0.118788433734308,0.140342059918284
23840,0.327750764557974,0.0562350215950742,0.48193791596871,0.134076297878242
23841,0.435954193062144,0.117662907889863,0.225518097597671,0.220864801450322
23842,0.594137866870157,0.0766182796081146,0.108082299675519,0.22116155384621
23843,0.337665291792965,0.118268281945135,0.335768358351987,0.208298067909913
23844,0.583230598498811,0.104388579940336,0.092985529989004,0.219395291571849
23845,0.12536718749705,0.102837731366297,0.324954249402436,0.446840831734217
23846,0.474902421954754,0.30559859604852,0.1493586757707,0.0701403062260259
23847,0.204920295213674,0.474362380825937,0.211771168074248,0.10894615588614
23848,0.0788046512791455,0.14913983706823,0.579421961738182,0.192633549914443
23849,0.293875583146314,0.20603044675188,0.285038891878755,0.215055078223051
23850,0.106535781516127,0.190078761886016,0.548815122996273,0.154570333601584
23851,0.450922572908971,0.234539268104101,0.226955879126588,0.0875822798603407
23852,0.303044304780982,0.283542169714803,0.200970295406383,0.212443230097832
23853,0.157374987926298,0.258549494262704,0.455609044570515,0.128466473240484
23854,0.413108184949508,0.239020475779612,0.194743739114262,0.153127600156618
23855,0.307958243491349,0.25570877013856,0.158770771500054,0.277562214870036
23856,0.24822682341884,0.448308620885585,0.114747724893894,0.188716830801681
23857,0.428114012076201,0.408498998243858,0.0730137661538245,0.0903732235261162
23858,0.413671970400635,0.151058522959124,0.273905771677638,0.161363734962604
23859,0.613650128275316,0.0988863719082702,0.146764189458617,0.140699310357796
23860,0.222665225291462,0.289165284605272,0.276201950191144,0.211967539912122
23861,0.246414038231203,0.0941024999528779,0.550919749556997,0.108563712258922
23862,0.151597587259422,0.142295024440841,0.591659355707984,0.114448032591752
23863,0.372993642890997,0.112743571467353,0.346924097897702,0.167338687743948
23864,0.301106185458478,0.425060281536368,0.0883887497541417,0.185444783251012
23865,0.0769520019085252,0.160491554194968,0.403834813837006,0.358721630059501
23866,0.350866715582146,0.282561033714543,0.137945147091611,0.228627103611699
23867,0.0702492100287194,0.264089354665244,0.139587057966642,0.526074377339395
23868,0.0540185736501935,0.116695936278285,0.503518803989735,0.325766686081787
23869,0.252764722507283,0.0927473050917542,0.196063410880006,0.458424561520957
23870,0.155864378129369,0.0657075399395433,0.603022296170242,0.175405785760846
23871,0.0581719561597191,0.165145110040388,0.545220227625669,0.231462706174224
23872,0.0337777431730471,0.159788255136742,0.597741125762293,0.208692875927919
23873,0.142029734789176,0.276757162108403,0.375916971357865,0.205296131744556
23874,0.480032265855104,0.300807352833005,0.0659334939789667,0.153226887332925
23875,0.0379297870118458,0.510340635082067,0.319202758030633,0.132526819875454
23876,0.237564862046259,0.307184964891236,0.123823876098583,0.331426296963923
23877,0.268138017919144,0.211940533907505,0.0591181387784927,0.460803309394858
23878,0.163482070572546,0.323779189937547,0.145146704937713,0.367592034552194
23879,0.145735817232195,0.431903433532634,0.265427528957944,0.156933220277228
23880,0.452281049780789,0.275491312671928,0.0683275605522301,0.203900076995052
23881,0.517697977434773,0.0764469947194126,0.261613275205426,0.144241752640389
23882,0.12343136611388,0.617753562578541,0.0662867748413369,0.192528296466243
23883,0.36580999813617,0.0863406800376324,0.375938931868819,0.171910389957378
23884,0.242825669837507,0.381535125782451,0.277313849824147,0.0983253545558953
23885,0.352854376613177,0.225589662917064,0.0604896864121755,0.361066274057583
23886,0.294535395989544,0.15456560346539,0.30886437024284,0.242034630302227
23887,0.371008365963593,0.210858168280168,0.163990949145556,0.254142516610683
23888,0.249938386573492,0.284042880291984,0.363330109085176,0.102688624049349
23889,0.610649137915238,0.176870252535116,0.0865253791076349,0.125955230442011
23890,0.22734558175352,0.563073923208745,0.0520526968537308,0.157527798184004
23891,0.506561139853228,0.0815807272982677,0.146247608546941,0.265610524301563
23892,0.117014649433188,0.385602646324853,0.210595698827747,0.286787005414212
23893,0.228146266953678,0.419155001105564,0.0596175303259814,0.293081201614776
23894,0.217739272520719,0.339382750599847,0.180899570519676,0.261978406359758
23895,0.110794126421453,0.25179094805158,0.503613293900329,0.133801631626638
23896,0.142746076825372,0.182872534373764,0.442597705395354,0.231783683405511
23897,0.210585256026048,0.305456617693234,0.128850973498369,0.355107152782349
23898,0.17268030039276,0.525780852889081,0.120081161789726,0.181457684928433
23899,0.229297271610202,0.266713189231224,0.136794750966767,0.367194788191806
23900,0.143296916283595,0.317586815553611,0.181041340142103,0.358074928020692
23901,0.251134327392835,0.436473785397496,0.124694635280115,0.187697251929555
23902,0.103623052025794,0.371666471624474,0.357748695327616,0.166961781022117
23903,0.342267783576447,0.216101185855284,0.133832287087596,0.307798743480673
23904,0.159102097946289,0.318962726187381,0.285787128070226,0.236148047796105
23905,0.493608798145012,0.0606441326200171,0.308178097466626,0.137568971768345
23906,0.673701048174637,0.0487421621963394,0.0829119088420481,0.194644880786976
23907,0.233011845775447,0.190938083571231,0.293300912644668,0.282749158008654
23908,0.248405253423572,0.321186085914669,0.117280216521619,0.31312844414014
23909,0.286457141400207,0.167397839463359,0.0986788936674812,0.447466125468954
23910,0.0895501829488357,0.277389191907118,0.415284429624907,0.217776195519139
23911,0.260084187314693,0.0696160670825951,0.198693097302895,0.471606648299817
23912,0.229151077429441,0.182030377888901,0.309685025814236,0.279133518867423
23913,0.125292697762242,0.167395275081395,0.462876631601053,0.24443539555531
23914,0.0483008667803876,0.64414367476345,0.067928981487639,0.239626476968523
23915,0.60459245760214,0.179870606981416,0.0688472379015853,0.146689697514859
23916,0.11447959068676,0.204872865823009,0.528074351081647,0.152573192408584
23917,0.140661369426624,0.438778435365498,0.153182469444389,0.26737772576349
23918,0.415415830939482,0.109620787716014,0.135870794420096,0.339092586924408
23919,0.280553744404103,0.351843932994759,0.0578801686606369,0.309722153940502
23920,0.227554907613232,0.251549621429793,0.310914542490371,0.209980928466604
23921,0.246123589392093,0.179398816593453,0.43687184065563,0.137605753358823
23922,0.124434830631829,0.231437267300922,0.504273744825928,0.13985415724132
23923,0.477262819382416,0.324744849826753,0.0887648454914598,0.109227485299371
23924,0.250780529892246,0.533276465350479,0.133615849974134,0.0823271547831409
23925,0.264826480930132,0.286204524097581,0.14352414659481,0.305444848377477
23926,0.392684895654036,0.380383030741817,0.134069126608386,0.0928629469957608
23927,0.227152191385003,0.18926505935237,0.347425013091976,0.236157736170652
23928,0.127009973744331,0.3347034065456,0.352912346549935,0.185374273160134
23929,0.0929717741952489,0.415255243266567,0.174076398169812,0.317696584368373
23930,0.162064854061975,0.287964077560928,0.239174404743371,0.310796663633726
23931,0.205174085207145,0.52757972106781,0.160561855493052,0.106684338231993
23932,0.376079558963378,0.353616674263127,0.0891399473842058,0.18116381938929
23933,0.12206562906159,0.520231048861725,0.244269756120608,0.113433565956077
23934,0.0713301353066457,0.611402493963801,0.202841583280513,0.11442578744904
23935,0.29106110086433,0.217975281049826,0.239110106808599,0.251853511277245
23936,0.477734837075451,0.145484966649521,0.188163693631324,0.188616502643703
23937,0.132388438393996,0.224108452205509,0.45962780037598,0.183875309024514
23938,0.498412777082475,0.164203398895044,0.0784773960798451,0.258906427942636
23939,0.374853790407542,0.171532387402463,0.301125715908844,0.152488106281151
23940,0.32359027809302,0.114607754909245,0.268842698543539,0.292959268454196
23941,0.144738051218629,0.197770197745342,0.50783185804052,0.149659892995509
23942,0.581857656348686,0.0974528893147187,0.200398679284402,0.120290775052193
23943,0.175552334870516,0.424684797465766,0.244429270093414,0.155333597570304
23944,0.348237877155999,0.117102230144691,0.427312726923925,0.107347165775385
23945,0.116963773717297,0.162612903811491,0.502195263782926,0.218228058688286
23946,0.308691340944159,0.512778856811307,0.0864268418973002,0.0921029603472343
23947,0.202745107249662,0.367828446441069,0.255023905016137,0.174402541293132
23948,0.240386439299132,0.195961676244323,0.40517013219901,0.158481752257536
23949,0.232811893026715,0.288017657564979,0.166190391494583,0.312980057913723
23950,0.085855659414006,0.575434581181296,0.24742618609098,0.0912835733137181
23951,0.408988933871951,0.148850920719293,0.291025833598831,0.151134311809926
23952,0.316342633404117,0.227765806494619,0.273580499050097,0.182311061051166
23953,0.601538786735458,0.119394064477163,0.126639018430031,0.152428130357349
23954,0.37718502822743,0.186839378481326,0.312692980335267,0.123282612955977
23955,0.195444551544736,0.280867701604346,0.241871220284784,0.281816526566134
23956,0.185904362627267,0.341225925520711,0.344947999188497,0.127921712663525
23957,0.152716491776921,0.423790201389266,0.158137222908536,0.265356083925278
23958,0.213518670178082,0.486070891771912,0.108216426325257,0.19219401172475
23959,0.300761288949024,0.248913381007977,0.248367925619096,0.201957404423903
23960,0.218542318272223,0.162962135549347,0.280328571827861,0.338166974350569
23961,0.670819514898316,0.168015221650288,0.0320778049452197,0.129087458506176
23962,0.0860832756845885,0.415810661669251,0.255162973491106,0.242943089155055
23963,0.263961406157761,0.325914328695945,0.119518330548489,0.290605934597806
23964,0.0575623633206299,0.488254117787969,0.302087644341591,0.15209587454981
23965,0.241885006306662,0.134182536165579,0.441245475555134,0.182686981972625
23966,0.175447197977078,0.0768272648363802,0.477792049545459,0.269933487641083
23967,0.453400068463777,0.14910073539932,0.121316409052015,0.276182787084888
23968,0.343253627800959,0.214115748566825,0.218820231803862,0.223810391828354
23969,0.492801589989247,0.0842278580394175,0.112509508851456,0.31046104311988
23970,0.717081357430971,0.071974778248695,0.0739465407686566,0.136997323551677
23971,0.111685054310711,0.229542507314179,0.486797137755588,0.171975300619523
23972,0.411956159381008,0.138002707097777,0.311757894650431,0.138283238870784
23973,0.297837849100047,0.322921549413392,0.156937230172455,0.222303371314106
23974,0.0773072815109866,0.11270500937601,0.629434307653294,0.180553401459709
23975,0.280046995883235,0.563051012890502,0.0533492906963489,0.103552700529914
23976,0.21860144487641,0.370170678097307,0.232138721795797,0.179089155230486
23977,0.0948630737075282,0.284628140686412,0.476335885616272,0.144172899989788
23978,0.12751272629278,0.117067664677761,0.191674342545945,0.563745266483513
23979,0.30884480083768,0.165490052307699,0.122616173683869,0.403048973170752
23980,0.11434320018085,0.512395937046357,0.117245458897381,0.256015403875413
23981,0.0961200802450924,0.254389907351739,0.486181301712358,0.163308710690811
23982,0.201877179930099,0.0657955820590092,0.565703800776603,0.166623437234289
23983,0.22964413159078,0.274279913238022,0.192588845075419,0.303487110095778
23984,0.25794602177756,0.372876643156434,0.142187806924015,0.226989528141991
23985,0.200551497365965,0.109887391670816,0.179609390753354,0.509951720209865
23986,0.463574864366462,0.293325863308873,0.108671690098733,0.134427582225931
23987,0.252181668615306,0.360096056448181,0.117047182684524,0.270675092251989
23988,0.238650041128494,0.30901252749495,0.351622708713212,0.100714722663344
23989,0.13344076129273,0.194053077899995,0.481476804319772,0.191029356487504
23990,0.191478111856205,0.446400789956678,0.167160823732017,0.1949602744551
23991,0.0812758577589001,0.179386170538585,0.29798666957257,0.441351302129946
23992,0.152166154876182,0.470747888931629,0.19439912829061,0.182686827901579
23993,0.170251532057431,0.241170509662373,0.434983734077087,0.153594224203109
23994,0.13518206035035,0.356580416397858,0.217806528991076,0.290430994260715
23995,0.0665517983843431,0.242212912039257,0.436497518989385,0.254737770587015
23996,0.0924547389171193,0.221724014909038,0.57307546529303,0.112745780880812
23997,0.353902488604505,0.163540761260257,0.303689095473413,0.178867654661826
23998,0.193532191927496,0.231513845710423,0.313129915112508,0.261824047249573
23999,0.42732600422754,0.191730309523392,0.168347671070251,0.212596015178817
24000,0.340105112173265,0.39301379378266,0.10237463534611,0.164506458697966
24001,0.477204167485549,0.351156590976038,0.0642194590863565,0.107419782452057
24002,0.347771713039969,0.369908795045732,0.0732372345065862,0.209082257407712
24003,0.227878798109798,0.514159423593066,0.0599502500170413,0.198011528280094
24004,0.204805348790374,0.113701538873932,0.445074519437341,0.236418592898354
24005,0.175723027092037,0.602559456427612,0.0905109765983167,0.131206539882034
24006,0.195490109724182,0.28159585580242,0.411966297658069,0.11094773681533
24007,0.185201293362883,0.343626123744405,0.177019461560454,0.294153121332259
24008,0.0762162930773354,0.696749980345634,0.0876828625182937,0.139350864058737
24009,0.415370885016943,0.101659749910332,0.241889758105079,0.241079606967647
24010,0.613869015820609,0.141125108070984,0.143284746596268,0.10172112951214
24011,0.0714816716184656,0.695923743103142,0.0920290728383971,0.140565512439995
24012,0.139783235999903,0.129278754389491,0.521337914993701,0.209600094616905
24013,0.086717887163733,0.13921893382775,0.548564333296126,0.225498845712392
24014,0.227781686792201,0.128097633027153,0.527693388095733,0.116427292084913
24015,0.0727936921998711,0.496993399056799,0.223596900162807,0.206616008580523
24016,0.235950174288349,0.440072054284649,0.0952155370845878,0.228762234342414
24017,0.400596387251307,0.298193155619699,0.180454648184319,0.120755808944675
24018,0.446469534954043,0.0949162402908926,0.0678270264972938,0.390787198257771
24019,0.119233535551497,0.335713027361253,0.326022287508739,0.21903114957851
24020,0.0570085241861867,0.464031785832145,0.241071834585799,0.237887855395869
24021,0.0680687128938093,0.0877411833297284,0.650635419751747,0.193554684024716
24022,0.410977562338781,0.243627141835364,0.0729768911446725,0.272418404681182
24023,0.228755095232772,0.432554799738459,0.109202887320073,0.229487217708695
24024,0.339488252906254,0.424349684347981,0.0498142700724595,0.186347792673305
24025,0.549146617039261,0.112997025169561,0.179549561953029,0.158306795838149
24026,0.181487097967575,0.591404307040783,0.0634674765162894,0.163641118475352
24027,0.157665815913997,0.0678151939346429,0.287074228015118,0.487444762136242
24028,0.336719368391647,0.393498388385176,0.0285442508233494,0.241237992399828
24029,0.125496978343346,0.0868453154109563,0.183242391318829,0.604415314926869
24030,0.0388973540056334,0.50311386371283,0.245694684019923,0.212294098261614
24031,0.0414124842390754,0.299376073898661,0.27049100416152,0.388720437700743
24032,0.16816235008933,0.102224782671791,0.252419277823147,0.477193589415732
24033,0.690692931811884,0.0539460512783851,0.083993230897296,0.171367786012435
24034,0.227557316684774,0.123638028574063,0.0642095064592118,0.584595148281952
24035,0.0470964376587459,0.505921817181494,0.107488021036832,0.339493724122927
24036,0.346628603696976,0.0855414433903414,0.468346070864633,0.0994838820480498
24037,0.25808333064338,0.511917736848932,0.118527727622789,0.111471204884899
24038,0.223819775995734,0.161356884336337,0.372216644227817,0.242606695440112
24039,0.394844846144959,0.37804387855929,0.0581770960951828,0.168934179200569
24040,0.120729860673204,0.180419227093009,0.556488489103005,0.142362423130782
24041,0.282577016044681,0.355256215831642,0.149673006510036,0.21249376161364
24042,0.111746017370213,0.363857230442776,0.373447388737668,0.150949363449344
24043,0.317646652488183,0.318895378972827,0.131566021376733,0.231891947162257
24044,0.279118025134637,0.379440194029989,0.213836065659233,0.127605715176141
24045,0.419886511749699,0.132801064032391,0.232133153779617,0.215179270438293
24046,0.196527618385951,0.317783635430031,0.392325203376011,0.0933635428080063
24047,0.412667823966309,0.0430366526939143,0.451986258989375,0.0923092643504022
24048,0.186862175675564,0.252392130220984,0.423452930377574,0.137292763725878
24049,0.456161212415659,0.16797765210148,0.255004554825803,0.120856580657059
24050,0.184242064510066,0.123988282507587,0.306349138058896,0.385420514923452
24051,0.152428691475747,0.430517841902581,0.159656716841311,0.257396749780361
24052,0.629121106746816,0.14026836933998,0.143355632426731,0.0872548914864731
24053,0.373960659682824,0.0793746754686158,0.393961525796249,0.152703139052311
24054,0.366194291396178,0.192689308653783,0.171868882335609,0.26924751761443
24055,0.338291733648636,0.333433910374026,0.163654876286728,0.16461947969061
24056,0.285793982395011,0.401618958704257,0.150907780602109,0.161679278298624
24057,0.208608294654885,0.18000680995937,0.214929902587639,0.396454992798106
24058,0.0995017914097316,0.274966261385169,0.306462461253379,0.31906948595172
24059,0.274726077744426,0.427501977644402,0.0828623924394248,0.214909552171747
24060,0.386705362084738,0.198302186313667,0.119638787115195,0.2953536644864
24061,0.161366499856041,0.343880176156191,0.26897597229634,0.225777351691428
24062,0.343166156245884,0.162557958083478,0.319420132496838,0.174855753173799
24063,0.13057850948346,0.427395225834029,0.336842929350623,0.105183335331888
24064,0.500840175512169,0.138322767348939,0.205922666325696,0.154914390813196
24065,0.178346051846878,0.20765446305997,0.462261426494771,0.151738058598382
24066,0.354769290498222,0.385910127629111,0.101744746862333,0.157575835010335
24067,0.239559857399437,0.297883188975488,0.190350279652205,0.27220667397287
24068,0.475878542936367,0.14545804768887,0.243772011665551,0.134891397709212
24069,0.26078588074789,0.132355592106861,0.220761766646618,0.386096760498631
24070,0.444143125710411,0.290719099399883,0.133200618617978,0.131937156271728
24071,0.157879744733074,0.1250593800286,0.312891240931347,0.404169634306979
24072,0.119805042694879,0.268076475190527,0.17059031645651,0.441528165658085
24073,0.341511915408754,0.170698204143686,0.245086371436952,0.242703509010609
24074,0.458400466759234,0.152884633654769,0.137012033777207,0.25170286580879
24075,0.331942188991233,0.0703764813663422,0.310406403496951,0.287274926145474
24076,0.123969316946858,0.456976856680345,0.186777135986095,0.232276690386703
24077,0.422371029779464,0.283151141421292,0.092296212819154,0.20218161598009
24078,0.369463935101912,0.248977578008524,0.104674111666735,0.276884375222829
24079,0.333990228007976,0.244737283947725,0.0594053121729312,0.361867175871367
24080,0.513945357987158,0.111893263435859,0.0658188351885065,0.308342543388477
24081,0.163151476056805,0.171009236649359,0.186261504189314,0.479577783104523
24082,0.173970672458971,0.334605436819694,0.34402498945861,0.147398901262726
24083,0.356380734274089,0.261625071765658,0.0416305222967033,0.34036367166355
24084,0.441190922039461,0.305095822162364,0.0648653398371538,0.188847915961022
24085,0.414659694151006,0.0806648767243796,0.0420418185647032,0.462633610559911
24086,0.28426720395611,0.216085724030975,0.219476102477039,0.280170969535877
24087,0.250120895233685,0.274632435707586,0.180097429917222,0.295149239141507
24088,0.0642878784328076,0.0506474511015344,0.650700668578912,0.234364001886746
24089,0.253106371509825,0.454509601657431,0.0637891753478258,0.228594851484918
24090,0.090965731354253,0.0812240277729254,0.338563231044739,0.489247009828083
24091,0.211917656213946,0.205276944040336,0.424210165527377,0.158595234218341
24092,0.390337145817856,0.082682162340284,0.105643009907716,0.421337681934144
24093,0.39053449978472,0.296718957012031,0.130243133774054,0.182503409429195
24094,0.0865926686057764,0.62343121399964,0.187806875870653,0.102169241523931
24095,0.277514820495714,0.0668932365573566,0.460731207945445,0.194860735001485
24096,0.17370557368917,0.423104901096913,0.11638992448606,0.286799600727857
24097,0.0778774348466569,0.140499480701376,0.59915125455332,0.182471829898647
24098,0.649046176727452,0.0959676637483887,0.0771689597386229,0.177817199785537
24099,0.218261001046828,0.379064938527208,0.166704044659232,0.235970015766732
24100,0.436242931848168,0.349458697508328,0.0484449190195545,0.16585345162395
24101,0.183337623009281,0.278597501106984,0.174084218820898,0.363980657062836
24102,0.245584339629288,0.132896954737042,0.407216006490125,0.214302699143545
24103,0.105704266077772,0.49376475287251,0.244274591689348,0.15625638936037
24104,0.528643923556577,0.0777989135554643,0.186331169787,0.207225993100959
24105,0.52858545935361,0.0899772891776156,0.175513856607494,0.20592339486128
24106,0.0596400386953004,0.67684984577178,0.125658288783512,0.137851826749408
24107,0.241522001468284,0.10466409761413,0.318130132375986,0.3356837685416
24108,0.190386380730707,0.0717589003896314,0.538804744113843,0.199049974765819
24109,0.428833699473805,0.205269822357611,0.113135354123396,0.252761124045188
24110,0.316551647844382,0.216429639178273,0.204366892821115,0.262651820156229
24111,0.138700750750381,0.281484711497547,0.108229489267987,0.471585048484085
24112,0.245631535628832,0.119838604037924,0.171511727602394,0.46301813273085
24113,0.0898953055271573,0.491475778427836,0.284968539685664,0.133660376359343
24114,0.184562983130609,0.14935878535114,0.364710896405057,0.301367335113195
24115,0.0586445116103882,0.568037784321904,0.227371345705811,0.145946358361897
24116,0.279352897938602,0.084149502573873,0.50628208285563,0.130215516631895
24117,0.50936673717004,0.204428923562586,0.101940064245817,0.184264275021558
24118,0.150298159210574,0.229523470614382,0.420945669798354,0.199232700376691
24119,0.18796538396649,0.579443976065083,0.0783445765525696,0.154246063415857
24120,0.113028053521909,0.586447045935478,0.119521532484887,0.181003368057726
24121,0.601833086869353,0.115256022728147,0.145243842175229,0.137667048227272
24122,0.0727997770287186,0.285499400946878,0.482756574995214,0.158944247029189
24123,0.202795486067138,0.110805566197144,0.168259687808651,0.518139259927066
24124,0.223040838098207,0.442677678756425,0.138434060249957,0.195847422895412
24125,0.0738184066246825,0.0744289230261452,0.637921260945009,0.213831409404164
24126,0.0899412386792479,0.413452298073332,0.322108761078674,0.174497702168746
24127,0.29925649032832,0.327786960960785,0.204594144097596,0.168362404613299
24128,0.328735596059625,0.131973046253436,0.0754770642989082,0.463814293388031
24129,0.307639467243431,0.23747795788706,0.192469028442825,0.262413546426684
24130,0.335062833019306,0.273755773570243,0.0605076372062343,0.330673756204217
24131,0.152060674813403,0.373019631481385,0.316713007183808,0.158206686521404
24132,0.20274009161477,0.566404763151513,0.0980174331400095,0.132837712093708
24133,0.240598969376572,0.303891793259932,0.310671178747546,0.144838058615949
24134,0.401441611197521,0.294255362966177,0.22305869748481,0.0812443283514918
24135,0.208411800289836,0.196145247772826,0.414011095750934,0.181431856186405
24136,0.249707492127094,0.17668175071581,0.448978563020597,0.124632194136499
24137,0.169480902308187,0.665531148660947,0.084856483693839,0.0801314653370267
24138,0.54943561686295,0.170666257799711,0.125636368406877,0.154261756930461
24139,0.348249235365709,0.189780293439629,0.369644704513065,0.0923257666815969
24140,0.415358852988402,0.262235190204599,0.205442383866684,0.116963572940315
24141,0.200610634707403,0.416311676384795,0.197570196736357,0.185507492171445
24142,0.191729891764176,0.260286594269665,0.38943162304315,0.158551890923009
24143,0.3008951263481,0.368805217390639,0.247301009252434,0.0829986470088275
24144,0.29414291241557,0.322410531241578,0.159795438053706,0.223651118289147
24145,0.137124253631412,0.373237928215089,0.36782874260657,0.121809075546929
24146,0.106061764561275,0.277779804631224,0.424951278282336,0.191207152525165
24147,0.282863555534885,0.426999241532229,0.172643572030817,0.117493630902069
24148,0.442354045793331,0.294375235241955,0.130164834272657,0.133105884692057
24149,0.150577073159048,0.236133841239587,0.503320380960152,0.109968704641213
24150,0.396422783274417,0.251533901636767,0.142225202122138,0.209818112966677
24151,0.245843755779238,0.304124584187205,0.285209033973868,0.164822626059689
24152,0.0561493126310853,0.524827153554485,0.225693890630703,0.193329643183727
24153,0.103850027610821,0.11377809499266,0.55538237053053,0.226989506865989
24154,0.183469582558055,0.122998512123865,0.527224483210653,0.166307422107427
24155,0.0595418967763022,0.194612490264747,0.543506267641929,0.202339345317021
24156,0.0616996498514915,0.301149143889915,0.423034646856667,0.214116559401927
24157,0.130385771083357,0.277615724712138,0.144213791105852,0.447784713098652
24158,0.54428934499378,0.174259644329509,0.162241914312972,0.119209096363738
24159,0.192857410242678,0.246312720053957,0.219484225266068,0.341345644437297
24160,0.358873047287933,0.190877963365705,0.128165681084713,0.322083308261649
24161,0.192429944732429,0.470443516235285,0.195243276168469,0.141883262863817
24162,0.396602926440361,0.251478227516887,0.0788935018743323,0.27302534416842
24163,0.153030523176657,0.337296415209997,0.341740849919379,0.167932211693967
24164,0.272863347736301,0.350633361434162,0.273690258763914,0.102813032065623
24165,0.134276085947644,0.206137060049255,0.147091592121839,0.512495261881263
24166,0.0920639249271157,0.215366875194189,0.291573880725744,0.400995319152951
24167,0.0507550065218111,0.352908144528585,0.452557815118689,0.143779033830915
24168,0.552668684618172,0.0602397629072822,0.152041515189805,0.235050037284742
24169,0.263931583225113,0.230330284328159,0.355638932511356,0.150099199935371
24170,0.103374363214479,0.204640848298842,0.600945958548974,0.0910388299377056
24171,0.142060272820988,0.427998991443217,0.334067874925552,0.0958728608102434
24172,0.241719151588208,0.21456422554383,0.385490129498111,0.158226493369852
24173,0.198119273047898,0.415562130500268,0.227176905890019,0.159141690561815
24174,0.146468255822319,0.635112112664822,0.140821485126195,0.0775981463866627
24175,0.362325452076275,0.330627467087695,0.178420239595304,0.128626841240726
24176,0.221289997328275,0.160903025360571,0.454082191160031,0.163724786151122
24177,0.482937330038112,0.278681456915649,0.130473261954805,0.107907951091433
24178,0.304390896143884,0.169126264708704,0.255958749223416,0.270524089923996
24179,0.117650749919231,0.484869168206455,0.325097410542554,0.0723826713317601
24180,0.381558462869429,0.129887842418685,0.200973071201635,0.287580623510251
24181,0.11798184573119,0.444389450331527,0.231005481852257,0.206623222085025
24182,0.179167714709691,0.30700416831398,0.420939358156271,0.0928887588200591
24183,0.381700174511574,0.311175497254919,0.222634174905284,0.084490153328223
24184,0.193533998639188,0.496009015074017,0.239036479743811,0.0714205065429846
24185,0.198110010684275,0.361180029506776,0.31314443276049,0.127565527048459
24186,0.140633747185469,0.45060521101922,0.23063006374171,0.178130978053602
24187,0.407725223384027,0.257703071177547,0.17520475636434,0.159366949074087
24188,0.134382256737009,0.370967101970851,0.360154934222139,0.134495707070001
24189,0.133068048056087,0.27665584085961,0.393045587147397,0.197230523936907
24190,0.148093819837167,0.212609733925906,0.477343948342602,0.161952497894325
24191,0.132793938284822,0.197377074150164,0.562511021901872,0.107317965663142
24192,0.33843138166631,0.258250589153966,0.256767482601349,0.146550546578375
24193,0.259626601668262,0.166565478311209,0.472543269572216,0.101264650448312
24194,0.199135899053976,0.455019704561349,0.137677615597788,0.208166780786888
24195,0.407041540409483,0.129057932303121,0.280689394678603,0.183211132608793
24196,0.641903483301347,0.126184459603056,0.135604909537942,0.096307147557655
24197,0.113821228552072,0.334082351791248,0.257972748947974,0.294123670708705
24198,0.530542462134182,0.157639003612965,0.209238963908557,0.102579570344296
24199,0.296655877633387,0.365033176909302,0.183599215368522,0.154711730088789
24200,0.445108038078287,0.145512832899136,0.208137180756624,0.201241948265954
24201,0.457856754263509,0.256007302703258,0.209568007536851,0.076567935496382
24202,0.177771608904436,0.192035885802303,0.535609576667933,0.0945829286253282
24203,0.458151360669862,0.269505546496037,0.183116515948941,0.0892265768851609
24204,0.126720546604713,0.546350909592556,0.195136573446387,0.131791970356344
24205,0.360816602408565,0.348388185011881,0.159360019857794,0.13143519272176
24206,0.185885967143894,0.198537166358077,0.524432798778303,0.0911440677197263
24207,0.543114872846762,0.0764081500805129,0.143491917615967,0.236985059456759
24208,0.205633094630891,0.465258944712995,0.0904272976426921,0.238680663013422
24209,0.12836690257351,0.277984908236216,0.358778309455671,0.234869879734604
24210,0.185288284321268,0.0816670083443517,0.307318197428929,0.425726509905451
24211,0.0688324207933008,0.101818010938004,0.332970982498399,0.496378585770297
24212,0.338082637491528,0.0678799920358956,0.10934354414941,0.484693826323166
24213,0.0475515289459387,0.121587088405582,0.576803874241929,0.25405750840655
24214,0.157231544404145,0.0553028577111727,0.32470324930665,0.462762348578032
24215,0.115375882190513,0.113984835116496,0.499705048231557,0.270934234461434
24216,0.156471630374638,0.153519219477124,0.309037251914385,0.380971898233853
24217,0.150113771711213,0.405018656509856,0.0650938497645495,0.379773722014382
24218,0.137510117624786,0.0568841984417263,0.34137647871734,0.464229205216147
24219,0.3140020817676,0.099027195577368,0.305717238759123,0.281253483895909
24220,0.252013017198616,0.239695604147443,0.138315027720021,0.369976350933921
24221,0.280093689427878,0.408318180956559,0.162838713312842,0.148749416302722
24222,0.569718374841817,0.124221217970022,0.131066613678237,0.174993793509925
24223,0.429779477124959,0.111519944238213,0.0944441305806502,0.364256448056178
24224,0.116686369113659,0.0924353072392086,0.394229900226707,0.396648423420426
24225,0.26701584254342,0.252138084011451,0.139759833545215,0.341086239899915
24226,0.340952582099743,0.166575989748596,0.3135918374855,0.17887959066616
24227,0.289945533391069,0.274468096538548,0.314572431830994,0.121013938239389
24228,0.280366259111013,0.367260896016638,0.157535937820073,0.194836907052276
24229,0.235761105328548,0.435205356189157,0.195538374523877,0.133495163958418
24230,0.158874557236635,0.427894713381878,0.184021586081921,0.229209143299567
24231,0.304891010017432,0.255580583546548,0.267364908807794,0.172163497628226
24232,0.208730906209351,0.3743925729616,0.264321095476534,0.152555425352515
24233,0.333031096977538,0.322755408598829,0.162192598956949,0.182020895466684
24234,0.326562485867168,0.252438085623564,0.316042193051657,0.104957235457612
24235,0.473122819664425,0.227979180024343,0.189324871920689,0.109573128390544
24236,0.181541634324179,0.252853619074675,0.474258821014153,0.0913459255869927
24237,0.503366573059405,0.0835776532808942,0.244214213393383,0.168841560266318
24238,0.0960549292646973,0.272099534322161,0.461622263697871,0.170223272715271
24239,0.273317146116715,0.341342363275379,0.234344100827035,0.150996389780871
24240,0.226787853415062,0.424915854772257,0.205059878479367,0.143236413333314
24241,0.135559105085884,0.227578443144336,0.307784175769426,0.329078276000354
24242,0.288339533243707,0.263799767467893,0.349169990212772,0.0986907090756277
24243,0.231105262757977,0.432483359632044,0.186249338240327,0.150162039369652
24244,0.309905823498136,0.233704269852091,0.337385068371443,0.11900483827833
24245,0.205398500645887,0.33624225346494,0.381528107662321,0.0768311382268509
24246,0.172964653720747,0.339068896402196,0.36051239530549,0.127454054571567
24247,0.322132890249413,0.215616604536243,0.37088717280552,0.0913633324088242
24248,0.302564923714108,0.124265459468145,0.326788983626526,0.246380633191222
24249,0.361148160613908,0.371868800428012,0.146011597150872,0.120971441807209
24250,0.23900420895239,0.360557116414457,0.198071888770485,0.202366785862669
24251,0.23872868399339,0.381958528694004,0.217138299716361,0.162174487596245
24252,0.222690034739997,0.373478527684906,0.181471601407726,0.222359836167371
24253,0.168635533713788,0.256154322970029,0.469758558274364,0.105451585041819
24254,0.181426518127065,0.23800277017221,0.438630773912682,0.141939937788043
24255,0.133271249861968,0.355057547889202,0.321527659766635,0.190143542482195
24256,0.279723494009678,0.303786152764764,0.18451613138209,0.231974221843469
24257,0.298265161469839,0.284764202328733,0.297613354492496,0.119357281708932
24258,0.290015247781305,0.453139729547687,0.111431718606889,0.14541330406412
24259,0.237471235842367,0.255355381368856,0.276599198873915,0.230574183914862
24260,0.200854953501168,0.36730000442118,0.295137393012239,0.136707649065413
24261,0.412622285351254,0.145925784407071,0.191780791262495,0.249671138979179
24262,0.368773988984261,0.184724537921922,0.318464490094595,0.128036982999222
24263,0.291355277945817,0.259705078762606,0.290698719645984,0.158240923645593
24264,0.267386638789866,0.444569419237465,0.202420666610857,0.0856232753618114
24265,0.418817562920608,0.360567719361997,0.1312292230558,0.0893854946615961
24266,0.213807171471059,0.251979731458509,0.366730255309691,0.167482841760742
24267,0.338271946761245,0.408966914854762,0.155381323304113,0.0973798150798794
24268,0.339946968690565,0.216227814634752,0.335550531797731,0.108274684876952
24269,0.152870314188039,0.540715838576208,0.212402147478874,0.0940116997568784
24270,0.290546852335354,0.43437756172326,0.195867044422643,0.0792085415187431
24271,0.238651156393852,0.375406787145618,0.284823924515451,0.10111813194508
24272,0.194673232604056,0.411558418237207,0.275688243993935,0.118080105164803
24273,0.386273048179392,0.257328947485108,0.247744987251162,0.108653017084338
24274,0.258184455101596,0.181521755902577,0.454649355959157,0.10564443303667
24275,0.218309544555931,0.324791543531621,0.30213493120213,0.154763980710318
24276,0.525979504727188,0.196912441156242,0.208943756325356,0.068164297791214
24277,0.283257338156562,0.413011481773974,0.236976167497776,0.0667550125716877
24278,0.248363923822742,0.43944282929886,0.204368192315726,0.107825054562672
24279,0.380857007091654,0.237415223280896,0.257734325307095,0.123993444320355
24280,0.235797220628258,0.249687262323904,0.427288438257036,0.0872270787908027
24281,0.443132076560409,0.301596275112726,0.177816476306316,0.0774551720205495
24282,0.306983517505265,0.342328361919085,0.206788354543134,0.143899766032516
24283,0.205742478976387,0.393559288341383,0.129198742552277,0.271499490129953
24284,0.174688085071235,0.124988669302062,0.566277042455494,0.13404620317121
24285,0.0425924237807519,0.557170895025863,0.136787775869846,0.26344890532354
24286,0.121607099960724,0.0748074371212173,0.628740396321605,0.174845066596454
24287,0.173954869657225,0.480365020582552,0.0467642724307981,0.298915837329424
24288,0.0736210031995088,0.613844188162072,0.152894259747749,0.159640548890669
24289,0.0641098725772467,0.495839904851828,0.288019903925023,0.152030318645902
24290,0.183512323374073,0.294888465246114,0.159302310145427,0.362296901234387
24291,0.314596334447402,0.117516192675712,0.266485768510498,0.301401704366387
24292,0.122050280080942,0.103867249315443,0.441299504270054,0.33278296633356
24293,0.33203060546708,0.289773881485937,0.285106141772332,0.0930893712746515
24294,0.219632697436471,0.504687284410385,0.0697530112112665,0.205927006941878
24295,0.147940099145604,0.28922586588231,0.286507978657206,0.27632605631488
24296,0.275117224042701,0.318765617344733,0.0706386804538687,0.335478478158697
24297,0.389673275390848,0.1588620481684,0.1126275543589,0.338837122081853
24298,0.330285937548327,0.343373833763531,0.157138409565585,0.169201819122556
24299,0.249760717356257,0.15233782230693,0.126919976047691,0.470981484289123
24300,0.278378729512649,0.177987996858236,0.197948513538746,0.345684760090369
24301,0.224275511402506,0.0868309199286335,0.227362514036299,0.461531054632561
24302,0.533854327488425,0.160597208270985,0.166436618349166,0.139111845891424
24303,0.351369853663293,0.255471240733521,0.0680021752150421,0.325156730388144
24304,0.159815050860537,0.100939755763624,0.286505291067324,0.452739902308515
24305,0.2359413056688,0.451202720161964,0.0931921769145812,0.219663797254654
24306,0.230519004787114,0.0975081914885477,0.178955626697023,0.493017177027316
24307,0.614953407728583,0.136913829636711,0.0912600613378118,0.156872701296895
24308,0.321684567963989,0.0834172179191413,0.329504593634924,0.265393620481946
24309,0.0583582876164477,0.247867473381248,0.438966846110732,0.254807392891572
24310,0.171718454918735,0.456134455237456,0.207231423246932,0.164915666596878
24311,0.194146986510073,0.217426927047253,0.297056049327328,0.291370037115346
24312,0.359299784126734,0.127735221049011,0.14446135371962,0.368503641104635
24313,0.483784459506211,0.196313016063146,0.0766663774841509,0.243236146946492
24314,0.0461002116079609,0.680094624744657,0.0560117088259321,0.21779345482145
24315,0.279546936230157,0.401360853635721,0.172446952906372,0.14664525722775
24316,0.49689235911907,0.131066210730934,0.0964276571698253,0.275613772980171
24317,0.217810817820255,0.465156080093802,0.0974337807826669,0.219599321303276
24318,0.107088694933578,0.0985329626929486,0.586438500939833,0.207939841433641
24319,0.553094712342652,0.122463185597096,0.226177295881495,0.0982648061787576
24320,0.093634863816231,0.178813113175291,0.303762915124026,0.423789107884452
24321,0.581344405665249,0.122353978988098,0.0603797426999367,0.235921872646716
24322,0.539818867106429,0.188230390869728,0.0909127963810468,0.181037945642796
24323,0.0862498981719104,0.049217773452158,0.684849016401785,0.179683311974147
24324,0.174571736686321,0.0998778436370796,0.409996453448347,0.315553966228252
24325,0.416469075590324,0.16170451242905,0.0731001889049571,0.34872622307567
24326,0.105927584832697,0.13038216097947,0.434059408809318,0.329630845378516
24327,0.170370704826959,0.325910355005866,0.192824908249176,0.310894031917998
24328,0.073952783728179,0.0720411811534882,0.541034450172226,0.312971584946107
24329,0.216791967284897,0.54668435679795,0.0435870208636856,0.192936655053467
24330,0.544948744053125,0.0746159066196057,0.204676226303489,0.175759123023781
24331,0.103843561968781,0.133449280581515,0.3950044570649,0.367702700384804
24332,0.437666805460172,0.161286564437276,0.244120997806496,0.156925632296057
24333,0.47880772806475,0.182321274277416,0.113075259672998,0.225795737984836
24334,0.352681739597844,0.230020376958567,0.17509883165993,0.24219905178366
24335,0.0873408923083049,0.550322716146823,0.0621777153507931,0.300158676194079
24336,0.144162458330147,0.235666991055644,0.22747857953652,0.392691971077689
24337,0.551653036652691,0.0533241743798424,0.257153175111452,0.137869613856015
24338,0.588174285001138,0.0505787524789691,0.162892652239511,0.198354310280382
24339,0.437096574747655,0.375194762573299,0.0368651075490057,0.150843555130041
24340,0.22784691363358,0.346873711669001,0.0432726907443453,0.382006683953074
24341,0.558668108501634,0.0534537134715693,0.1748760058937,0.213002172133097
24342,0.638067721592013,0.122018419196384,0.0656690949209928,0.17424476429061
24343,0.0901086126687471,0.337095476956381,0.0860498391255399,0.486746071249332
24344,0.0528222395009672,0.091073753892877,0.53799652944336,0.318107477162796
24345,0.0731645936278444,0.034738390810384,0.451058190703362,0.44103882485841
24346,0.220516839838392,0.060519294951832,0.484885541189017,0.234078324020759
24347,0.0987777117669814,0.451471176106561,0.170274588122684,0.279476524003773
24348,0.642445624363027,0.0315976880661842,0.131005401978687,0.194951285592102
24349,0.490719624905932,0.124098674439121,0.0774220250084555,0.307759675646492
24350,0.0394438405172966,0.22281866271296,0.50868892252534,0.229048574244403
24351,0.521034588067947,0.0696624629821695,0.0621245227090453,0.347178426240838
24352,0.0345161153902364,0.530201792904431,0.11731164002142,0.317970451683913
24353,0.259738181182943,0.0993610562134744,0.249655077305262,0.39124568529832
24354,0.0727815591025176,0.409439179892101,0.150077414071029,0.367701846934352
24355,0.296400781493815,0.0686362170782514,0.371919550281736,0.263043451146198
24356,0.077552849372716,0.104112711926918,0.0562883533305128,0.762046085369854
24357,0.593312463032612,0.185371272272876,0.030604990893359,0.190711273801153
24358,0.498207886937342,0.0738666155499172,0.0532017144624303,0.37472378305031
24359,0.125594685847847,0.637769106021245,0.045014507370171,0.191621700760738
24360,0.0856032075284319,0.29429328838629,0.300227517812298,0.31987598627298
24361,0.197263130824297,0.295740762344531,0.069429198709717,0.437566908121455
24362,0.516879213256972,0.0545577477153744,0.284843602155764,0.14371943687189
24363,0.0630036410382167,0.128917588107187,0.549328536206266,0.25875023464833
24364,0.0536184135542796,0.623172578488652,0.139524295902327,0.183684712054742
24365,0.326371978958715,0.132512805753719,0.164396822602745,0.37671839268482
24366,0.115030792215321,0.342021162741725,0.217377040204874,0.32557100483808
24367,0.158530582008184,0.159019686297525,0.109410561612072,0.573039170082219
24368,0.0630683161460233,0.278230727816224,0.415611747713371,0.243089208324382
24369,0.382940115914837,0.291806868832773,0.142783761561239,0.182469253691151
24370,0.0846320919454152,0.401457364438849,0.375619793688404,0.138290749927331
24371,0.259735234376475,0.1546770690094,0.408982359700298,0.176605336913827
24372,0.0819899248965661,0.0783777449572125,0.450425882771761,0.389206447374461
24373,0.30577431912079,0.356286982132721,0.225767341653634,0.112171357092855
24374,0.340652558278235,0.187737972646351,0.225946988553837,0.245662480521577
24375,0.160386660523008,0.0862216930395664,0.391150557410907,0.362241089026518
24376,0.14456463938738,0.159494047105999,0.557472137928293,0.138469175578328
24377,0.0948712490581546,0.502326980943819,0.248824329751908,0.153977440246119
24378,0.0706587131945078,0.531152107951454,0.101967793440272,0.296221385413766
24379,0.0936111419883775,0.484963853179011,0.167947964673474,0.253477040159138
24380,0.120140496996648,0.352063413894161,0.115618500851927,0.412177588257264
24381,0.425410095045338,0.143937964493842,0.107463581570154,0.323188358890666
24382,0.422818641046214,0.126898056707854,0.340597792804066,0.109685509441867
24383,0.123286502209618,0.0826774298859463,0.64735899674234,0.146677071162096
24384,0.142997331722139,0.176143796524096,0.507568735212796,0.17329013654097
24385,0.454157847527301,0.103280390004696,0.262240864317054,0.180320898150948
24386,0.0879133016011385,0.117518004070777,0.580233817857862,0.214334876470223
24387,0.486309381847381,0.0847358035683346,0.163266332333459,0.265688482250826
24388,0.388754515669333,0.0701136502125551,0.245447523133485,0.295684310984627
24389,0.387061290882562,0.147863765854582,0.236335669867195,0.228739273395661
24390,0.259234538188916,0.108335020309707,0.504649818801245,0.127780622700131
24391,0.20240448876477,0.213055285991752,0.101099889423742,0.483440335819737
24392,0.0834927331295089,0.357066207198102,0.313245253538877,0.246195806133513
24393,0.0592407227247587,0.146586244194455,0.629100517954864,0.165072515125923
24394,0.141020809548385,0.566108418456115,0.173850645093239,0.119020126902262
24395,0.248012338459931,0.252941625574676,0.416784706422812,0.0822613295425806
24396,0.495402354351119,0.229601050522059,0.0729751950597975,0.202021400067024
24397,0.169584217178711,0.243096307954076,0.359482002315433,0.22783747255178
24398,0.346256493933002,0.262791449016155,0.224826081000192,0.166125976050651
24399,0.122211519470685,0.311606801677705,0.265467106414203,0.300714572437407
24400,0.114781667743439,0.229478979679796,0.448272574051096,0.207466778525669
24401,0.273376286656772,0.17217375895762,0.27514305571026,0.279306898675349
24402,0.256536457262468,0.134781204910951,0.486765967073705,0.121916370752875
24403,0.0963779637887792,0.223472312669617,0.518320332139659,0.161829391401945
24404,0.0976783454744828,0.217668933725434,0.532884489683552,0.151768231116531
24405,0.242160769895302,0.25976137155397,0.352360184168184,0.145717674382544
24406,0.414442291924906,0.330286494200226,0.140520328043109,0.114750885831759
24407,0.102762577345921,0.443463120015737,0.358521611815939,0.0952526908224035
24408,0.23466339542321,0.348463419811708,0.208288263626119,0.208584921138963
24409,0.276703563358594,0.336633782185325,0.109361328218638,0.277301326237443
24410,0.238525567198424,0.263165993404753,0.266983406763034,0.231325032633789
24411,0.195464699973406,0.399278101507552,0.286069175908495,0.119188022610547
24412,0.390587420393192,0.296701047476928,0.150620921853954,0.162090610275927
24413,0.390429670992536,0.191377162359821,0.313529916598205,0.104663250049439
24414,0.291618428259606,0.428842207624177,0.154690489398747,0.12484887471747
24415,0.382636557847787,0.133685580377899,0.356752727307599,0.126925134466716
24416,0.574257407781839,0.0840527984564658,0.135533151390488,0.206156642371208
24417,0.210807716486298,0.0855483855427961,0.295852109525173,0.407791788445734
24418,0.119678839649685,0.132161506024721,0.0978980748580116,0.650261579467583
24419,0.272920185308648,0.320187673336468,0.243290701397093,0.163601439957791
24420,0.140438622687123,0.414593153699384,0.198543104156491,0.246425119457003
24421,0.217270228534812,0.0794421300048488,0.0543459112735763,0.648941730186763
24422,0.440896007694834,0.145669746764011,0.0491813985339174,0.364252847007237
24423,0.0766468070514323,0.521278439778912,0.0590469906393077,0.343027762530348
24424,0.132553340233772,0.286285913113277,0.247736716375511,0.33342403027744
24425,0.11380298546999,0.061396042993582,0.165340362329244,0.659460609207184
24426,0.438424942592773,0.198429868343497,0.05370929668619,0.309435892377539
24427,0.0835311047220369,0.0840457891887608,0.603386403871861,0.229036702217342
24428,0.258145599372542,0.518984918305595,0.0347449350316851,0.188124547290178
24429,0.132120249034806,0.672616163202293,0.0422502170753615,0.153013370687539
24430,0.123184121750036,0.106707214502967,0.0937263078503167,0.67638235589668
24431,0.194531074510792,0.450053608294554,0.175991705700679,0.179423611493975
24432,0.0549048764243055,0.390457148025821,0.185156698282914,0.369481277266959
24433,0.127287435316276,0.132409882642825,0.153879598711081,0.586423083329818
24434,0.313944023742884,0.211524145367649,0.302738157972261,0.171793672917206
24435,0.354197431519213,0.213889402789897,0.143880201964166,0.288032963726724
24436,0.199827929303646,0.0747251663361711,0.280406175116619,0.445040729243564
24437,0.270388250040148,0.17227235712163,0.0956350448044531,0.461704348033768
24438,0.536046951928156,0.119049536580471,0.163861927022452,0.181041584468921
24439,0.126185750629737,0.0298425222092591,0.542489406419003,0.301482320742001
24440,0.0359170312472527,0.536077106942283,0.0389381202105244,0.38906774159994
24441,0.562335668058991,0.0893817300963885,0.0303931106527995,0.317889491191821
24442,0.559135225829669,0.123018909211971,0.126965887269254,0.190879977689106
24443,0.307285324108753,0.148101714509976,0.387168635228511,0.157444326152761
24444,0.0642438746880862,0.194786887559346,0.386847621760976,0.354121615991592
24445,0.25001860602918,0.142063239604927,0.165832186633264,0.442085967732629
24446,0.219563374545638,0.0663161629440095,0.0615180500865317,0.652602412423821
24447,0.123844503792014,0.676644315199996,0.0307312837757967,0.168779897232194
24448,0.176006018671211,0.398069508973747,0.0839972680731114,0.341927204281931
24449,0.354227289023212,0.0306630549612458,0.174154755177419,0.440954900838124
24450,0.0760684937754618,0.079711463792818,0.199631353551039,0.644588688880682
24451,0.0514779456482436,0.0665590287097228,0.3858759181536,0.496087107488434
24452,0.131416496079947,0.0506022310446114,0.340371170939429,0.477610101936013
24453,0.35288722938574,0.0550959252771638,0.35347385951495,0.238542985822146
24454,0.281332429691735,0.34536458088538,0.118502599003002,0.254800390419883
24455,0.175732525257453,0.0660235909902308,0.499287054723864,0.258956829028452
24456,0.125373419391416,0.152094480260207,0.370962140859965,0.351569959488412
24457,0.248311492506283,0.087438896432344,0.249722957907057,0.414526653154316
24458,0.0989623245111558,0.31015554811582,0.116435217280671,0.474446910092353
24459,0.146148586372488,0.177926795534376,0.452384279041399,0.223540339051737
24460,0.0658378757418716,0.25229114520642,0.287226472902123,0.394644506149586
24461,0.0580109828752039,0.092197355959401,0.45984741328435,0.389944247881045
24462,0.152838573874659,0.282336471355112,0.152282575990137,0.412542378780093
24463,0.301122092663669,0.436003729055334,0.148188204051776,0.114685974229221
24464,0.187253581463362,0.169784150548286,0.305793410710122,0.33716885727823
24465,0.161247982946156,0.558063377839031,0.0763976856628764,0.204290953551937
24466,0.387079626804901,0.347942347294305,0.0559852118558967,0.208992814044898
24467,0.148583514905868,0.39869511152555,0.0480821541039591,0.404639219464623
24468,0.052361263474443,0.496369247024178,0.224377022809283,0.226892466692096
24469,0.131828978347718,0.418477010794455,0.0888629185909076,0.360831092266919
24470,0.20266610717213,0.166848254127298,0.129860383680351,0.50062525502022
24471,0.196917894010985,0.532858546447109,0.0842375565107254,0.185986003031181
24472,0.475027945876598,0.0753273062709413,0.275632277668333,0.174012470184127
24473,0.232626741105208,0.171791926631833,0.270415251041041,0.325166081221918
24474,0.62641499378914,0.19930978880424,0.0414354590897456,0.132839758316874
24475,0.0941101293345854,0.410457240290831,0.262848155009475,0.232584475365109
24476,0.276094797668409,0.309490968033801,0.142719236176838,0.271694998120952
24477,0.0731322424508041,0.467144610086888,0.299800083568556,0.159923063893752
24478,0.2433540894724,0.150238338379306,0.424132558406754,0.18227501374154
24479,0.182796805039521,0.0938098985283537,0.462162698347055,0.261230598085071
24480,0.442499516941432,0.15702772977696,0.139535019023537,0.260937734258072
24481,0.315745567512843,0.225840376702393,0.235739624159203,0.22267443162556
24482,0.474100487693265,0.0975903421815698,0.136642167924554,0.291667002200611
24483,0.680591155481611,0.0917037807095725,0.0885749875374731,0.139130076271343
24484,0.133412067829256,0.242577490876307,0.461354657524756,0.162655783769681
24485,0.390915000550154,0.16023708758502,0.312260904237895,0.136587007626932
24486,0.297673216446551,0.326958127852239,0.158023999556592,0.217344656144618
24487,0.086912753958196,0.125480099300387,0.613142463452591,0.174464683288826
24488,0.294189922738849,0.531366969434738,0.0673181003416808,0.107125007484733
24489,0.228510152271092,0.368050356466337,0.220706803831913,0.182732687430659
24490,0.105834334279534,0.304238036621907,0.452283989025261,0.137643640073298
24491,0.131937731316269,0.125201934225223,0.213907167780102,0.528953166678407
24492,0.146895589132573,0.049347788009631,0.533159318479164,0.270597304378633
24493,0.0532226416087985,0.211096241077925,0.543480405229175,0.192200712084102
24494,0.0332389504261873,0.471433617435083,0.319274539541318,0.176052892597412
24495,0.109954429311378,0.522702211730535,0.0593942923389545,0.307949066619133
24496,0.121828520709274,0.14560327374897,0.314816375208161,0.417751830333595
24497,0.14329008656038,0.0543886645836877,0.593684941434781,0.208636307421151
24498,0.301624316484613,0.233745302808275,0.319505733334128,0.145124647372985
24499,0.422854490261398,0.0759653087103933,0.270671822655605,0.230508378372604
24500,0.0590441720802973,0.595283111854597,0.0713342749442583,0.274338441120848
24501,0.272027669703589,0.322323314399974,0.0700298750303633,0.335619140866074
24502,0.472966332979125,0.106296563355777,0.114172083189376,0.306565020475722
24503,0.078741666525991,0.072262238806235,0.163537202890554,0.68545889177722
24504,0.0708148115859777,0.51314497708815,0.0685125692068774,0.347527642118995
24505,0.121521280543122,0.293783709862675,0.151533406262669,0.433161603331535
24506,0.117141227148577,0.0457114325716205,0.603761258039811,0.233386082239991
24507,0.0855435451457045,0.157116010982132,0.182159889221317,0.575180554650846
24508,0.379273295005572,0.115981270865278,0.28305847593847,0.221686958190681
24509,0.182232670546103,0.0591176098525816,0.358045743132833,0.400603976468482
24510,0.0857384093959767,0.128789896535036,0.536874355409707,0.24859733865928
24511,0.298736482351487,0.476346034617063,0.0670857304998839,0.157831752531567
24512,0.275027220165757,0.0870085156523259,0.212888790637885,0.425075473544032
24513,0.530277906497247,0.0772536075876223,0.114053372131522,0.278415113783609
24514,0.320845053983233,0.31295329089492,0.0783686659977035,0.287832989124144
24515,0.182083186875034,0.19601084848064,0.249049910418047,0.372856054226279
24516,0.335019609478539,0.104485958788544,0.13500432210756,0.425490109625357
24517,0.451025783788097,0.222866922326655,0.149380316506981,0.176726977378267
24518,0.0801965225856857,0.14176904577767,0.134787321227146,0.643247110409498
24519,0.0872897341305856,0.171575236405594,0.575011948819675,0.166123080644145
24520,0.0402333277912339,0.267966528599976,0.293358951320429,0.398441192288361
24521,0.118025762608804,0.349036845044053,0.0581878134415991,0.474749578905543
24522,0.0365768454128317,0.110188529658818,0.627434605044714,0.225800019883636
24523,0.0830073966885605,0.230184284958627,0.384411598623564,0.302396719729249
24524,0.125588452296321,0.123688241566035,0.454318374254408,0.296404931883235
24525,0.154614524729702,0.146436366633094,0.0898825773496029,0.609066531287601
24526,0.461364935175332,0.094688031423155,0.262204201238053,0.18174283216346
24527,0.159129141035967,0.0430010686666096,0.44656935309942,0.351300437198004
24528,0.602127930533862,0.201821342985296,0.0389444807383163,0.157106245742526
24529,0.136518779503208,0.0817958442623778,0.198716635994536,0.582968740239878
24530,0.342832113038634,0.20121510228064,0.181428795776891,0.274523988903835
24531,0.114516757633684,0.414306078487008,0.297847778877085,0.173329385002222
24532,0.157815411002849,0.26383462242156,0.415296268842324,0.163053697733268
24533,0.273617048565253,0.261142716568251,0.0949455139247553,0.37029472094174
24534,0.106670574878649,0.432720213572637,0.117472595587128,0.343136615961586
24535,0.632160475899895,0.0582215408488881,0.0870884777519584,0.222529505499259
24536,0.169767882014232,0.188960654626375,0.358416829137431,0.282854634221962
24537,0.342014652386983,0.18493559342633,0.0913536894594499,0.381696064727237
24538,0.253850376760129,0.500279417078672,0.0636832005328218,0.182187005628377
24539,0.366137551812736,0.192612410365553,0.166981247444473,0.274268790377238
24540,0.426193837217419,0.0977643200089598,0.285959922557699,0.190081920215923
24541,0.45809235037405,0.109050966388146,0.232928967070568,0.199927716167236
24542,0.17634474202686,0.486269735848453,0.0903298142813873,0.2470557078433
24543,0.037959671784803,0.140422810927393,0.69642799600394,0.125189521283865
24544,0.150308391714713,0.475718034342646,0.225155799610869,0.148817774331772
24545,0.296816228544647,0.0920447193378405,0.448218491079478,0.162920561038034
24546,0.0856900337230514,0.542182877643549,0.147114383782388,0.225012704851012
24547,0.337404730337165,0.372292154312603,0.0503349078615249,0.239968207488708
24548,0.0736121375747325,0.301170696583785,0.377377294077894,0.247839871763588
24549,0.496674692530984,0.284508444878319,0.0894150695192569,0.12940179307144
24550,0.18462160768435,0.403322284739216,0.314269312217831,0.0977867953586041
24551,0.099019746530923,0.413588610083572,0.211501860362993,0.275889783022513
24552,0.104377812916459,0.462592589704194,0.125202494965457,0.307827102413891
24553,0.4369550138695,0.175304905371659,0.187953581890359,0.199786498868481
24554,0.296278811556475,0.142676893819868,0.306584441000241,0.254459853623416
24555,0.151002981580038,0.632923893205475,0.0781486712786907,0.137924453935797
24556,0.490001440111245,0.256387413879841,0.0549997099189427,0.198611436089972
24557,0.155430370565824,0.296395566651941,0.323752329893389,0.224421732888846
24558,0.136135398817677,0.582954562116179,0.0675474718064526,0.213362567259691
24559,0.0735325490744437,0.666739838014879,0.154146030525828,0.10558158238485
24560,0.106892063698716,0.384604533317436,0.208972360561141,0.299531042422707
24561,0.26259025980229,0.214511112107107,0.223492105024251,0.299406523066352
24562,0.397869390596679,0.282441726926448,0.180318709042801,0.139370173434072
24563,0.0571544134832292,0.548814276977223,0.158215307646931,0.235816001892617
24564,0.163452167545176,0.42544419547171,0.123823393444136,0.287280243538978
24565,0.100311994480068,0.314832125726867,0.368938750062446,0.215917129730618
24566,0.151383717281838,0.658110108533016,0.0786458612360126,0.111860312949134
24567,0.189475645042433,0.352468815311726,0.338413600149666,0.119641939496175
24568,0.391352119657648,0.266868976632829,0.0690234794097517,0.272755424299772
24569,0.188976407156414,0.112039474541784,0.264716638028546,0.434267480273256
24570,0.0504063557567635,0.471562136843113,0.102098396587904,0.37593311081222
24571,0.0597578675850919,0.187145409369906,0.386434953602973,0.36666176944203
24572,0.24315369949513,0.112101062721644,0.281806240316359,0.362938997466867
24573,0.154605766581853,0.137667553902699,0.465826103322304,0.241900576193144
24574,0.0750694623243517,0.248440910173476,0.434021200799745,0.242468426702427
24575,0.187992838914641,0.0893007339887028,0.126008766551139,0.596697660545517
24576,0.0409565888211366,0.200910868544625,0.522358280690482,0.235774261943757
24577,0.103726424039813,0.153971969290828,0.347907536921962,0.394394069747397
24578,0.239059950433515,0.12244323804037,0.247181740158967,0.391315071367148
24579,0.334820901454508,0.37344592017666,0.0917713469456385,0.199961831423193
24580,0.121975545564842,0.0822963197848699,0.415752601224294,0.379975533425995
24581,0.241384609150116,0.038932427316355,0.510627916520716,0.209055047012814
24582,0.0649928192727489,0.145004177515011,0.585025776899269,0.204977226312971
24583,0.041476167286537,0.127537381362843,0.503281756999902,0.327704694350718
24584,0.0396936025343837,0.0505256430936629,0.710149653782085,0.199631100589868
24585,0.0980343259892072,0.20667983779279,0.0391881285562702,0.656097707661733
24586,0.0777820686883096,0.112168573448312,0.338503030557425,0.471546327305953
24587,0.45472155066222,0.206332373159088,0.20366271725996,0.135283358918732
24588,0.300663406793929,0.250754433368792,0.290279149243022,0.158303010594257
24589,0.160770759488404,0.457662821936505,0.244248994537004,0.137317424038087
24590,0.409627364674473,0.248735519879144,0.220512797677512,0.121124317768871
24591,0.333026986857045,0.223653113072215,0.288251562305744,0.155068337764996
24592,0.340795909612059,0.310396131862222,0.164693899591148,0.184114058934571
24593,0.394182115270669,0.258343848187213,0.190449310484224,0.157024726057894
24594,0.264548991825753,0.286092342844298,0.204541828979786,0.244816836350163
24595,0.264749638043083,0.308607001304301,0.340047156649871,0.0865962040027449
24596,0.463066171290748,0.234484474622313,0.104796124450681,0.197653229636259
24597,0.371517295775199,0.34100535400146,0.167851469746449,0.119625880476892
24598,0.47547606491131,0.144974346388571,0.130647170899176,0.248902417800943
24599,0.369791182397964,0.281232966882272,0.199942675617689,0.149033175102076
24600,0.338480336814763,0.280569257505599,0.215399694912721,0.165550710766917
24601,0.173775145494045,0.129613530705502,0.56291975977037,0.133691564030083
24602,0.230615203603261,0.492022653154944,0.152829677006554,0.124532466235241
24603,0.230176756686548,0.204850877293791,0.310174586702257,0.254797779317404
24604,0.289088174325299,0.242106874646163,0.369351703330611,0.0994532476979275
24605,0.386780954187499,0.19286152994545,0.205661278199987,0.214696237667064
24606,0.0492851540992925,0.393801841191408,0.40974274467429,0.14717026003501
24607,0.491687253693141,0.200071270704478,0.141897969512785,0.166343506089596
24608,0.151108880687557,0.418116019379404,0.0733451015521795,0.357429998380859
24609,0.471310543363664,0.146282128818805,0.223136324346187,0.159271003471344
24610,0.102740914797117,0.185045916018126,0.169779931123451,0.542433238061306
24611,0.169877103475201,0.220814505204347,0.166775301471468,0.442533089848985
24612,0.113508965673245,0.638880823756336,0.0789697642427061,0.168640446327713
24613,0.0609353942820567,0.222463177923393,0.560373119925042,0.156228307869508
24614,0.0801944566041859,0.0716866977823123,0.66856717145106,0.179551674162442
24615,0.391452204724034,0.228863032868418,0.0586861786128271,0.320998583794721
24616,0.183084174904542,0.0966147899664583,0.484207933715917,0.236093101413083
24617,0.267335176269229,0.197785311849757,0.408595327152672,0.126284184728342
24618,0.300752874066578,0.060161314454865,0.502595124985241,0.136490686493316
24619,0.0768632944530869,0.480493413643987,0.311931752207073,0.130711539695854
24620,0.24548776036299,0.20632414116575,0.0989473677037309,0.449240730767529
24621,0.144231035607529,0.17328271044947,0.349421371779462,0.333064882163539
24622,0.0713828963375075,0.300806887061641,0.328682270736333,0.299127945864519
24623,0.232163817065829,0.0889010269769405,0.304606917787175,0.374328238170056
24624,0.246106007748615,0.129155208374278,0.463609318481286,0.161129465395821
24625,0.41373394766807,0.0419281960524472,0.26655775311752,0.277780103161963
24626,0.423269478531931,0.11667541877371,0.0847818010941451,0.375273301600214
24627,0.152533194634864,0.155369423956499,0.071745936427973,0.620351444980664
24628,0.6230219443029,0.0485581836007449,0.048577466607048,0.279842405489307
24629,0.066593083241515,0.477324695569102,0.0790780536041067,0.377004167585276
24630,0.163561466043095,0.11601863247617,0.30954566385414,0.410874237626595
24631,0.281734886874506,0.133778433672761,0.104301581810369,0.480185097642364
24632,0.177573111703468,0.177013065662476,0.217348631898479,0.428065190735577
24633,0.261383940839734,0.0330466518796809,0.424982311460313,0.280587095820272
24634,0.17726767009091,0.0264557929574247,0.526008265749397,0.270268271202268
24635,0.310927388629646,0.0932355987705724,0.151842748358341,0.44399426424144
24636,0.286352787324327,0.350940528747603,0.117533189216548,0.245173494711522
24637,0.211789381058739,0.0764981006516085,0.526679280931033,0.185033237358619
24638,0.103872300574594,0.529185247038781,0.0680845932264961,0.298857859160128
24639,0.32214829096325,0.148439658578539,0.135064334971872,0.394347715486339
24640,0.598697532266985,0.0800060643431418,0.131988499050271,0.189307904339603
24641,0.062851078066292,0.713852218104541,0.0232624415461757,0.200034262282991
24642,0.179842468776577,0.075932430707491,0.32465705487362,0.419568045642312
24643,0.0505794747917414,0.0465547689775223,0.4341200737547,0.468745682476036
24644,0.116084354280188,0.432973358664079,0.20114536595081,0.249796921104924
24645,0.161027860453098,0.603273031050014,0.0374597811276127,0.198239327369275
24646,0.254787846348069,0.264485473050198,0.252865593963148,0.227861086638586
24647,0.404304968501544,0.30874795168599,0.176861286460517,0.110085793351949
24648,0.172695850566359,0.0931010395695962,0.417599927130453,0.316603182733593
24649,0.166915093521941,0.181420071883815,0.473563268313153,0.178101566281091
24650,0.0621112478014605,0.786654827268818,0.0293898455681499,0.121844079361572
24651,0.609162292564795,0.0901533674450688,0.050271178647441,0.250413161342695
24652,0.326708848201592,0.0696024854604993,0.460071207688812,0.143617458649097
24653,0.4872202437481,0.202323206940646,0.130773915910111,0.179682633401143
24654,0.116086544311546,0.47287661522086,0.0866448511596392,0.324391989307955
24655,0.115071200393071,0.216054640500205,0.413885746791823,0.2549884123149
24656,0.263117473013452,0.312678675290433,0.296216055262981,0.127987796433135
24657,0.253954583374049,0.236227249732724,0.116438735671646,0.393379431221581
24658,0.115752183056138,0.410223812435741,0.29261494150942,0.181409062998701
24659,0.0566282103628766,0.165012787012857,0.455018767182116,0.323340235442151
24660,0.19572352877943,0.407497057696357,0.206833329456745,0.189946084067469
24661,0.240212067604694,0.437617953156328,0.0753924069756048,0.246777572263373
24662,0.057310781706502,0.167713006479736,0.595436067313325,0.179540144500437
24663,0.116535004642344,0.29079906812264,0.463829590241591,0.128836336993424
24664,0.137062053354679,0.187978927059263,0.401052477145576,0.273906542440482
24665,0.300079449494584,0.0989534904589651,0.415308585272013,0.185658474774437
24666,0.127271814949829,0.496785816844251,0.0995820864515497,0.276360281754371
24667,0.07042686508,0.525268557927448,0.189298204908137,0.215006372084416
24668,0.160833585337713,0.0480834371123672,0.701245381354115,0.0898375961958047
24669,0.173206145427419,0.206109207793065,0.340974612549942,0.279710034229575
24670,0.51678816475007,0.0743090729677956,0.2255661328518,0.183336629430334
24671,0.0848214704844853,0.37982808845513,0.437929609685781,0.0974208313746042
24672,0.105385253338734,0.439092047917704,0.327115498428157,0.128407200315405
24673,0.113510687451908,0.0555858571658087,0.698960084529096,0.131943370853187
24674,0.120953332328925,0.642625651866645,0.069780385975512,0.166640629828918
24675,0.149612802862277,0.107337710321157,0.606803177295878,0.136246309520688
24676,0.220617310833403,0.517851027299811,0.121629349171652,0.139902312695134
24677,0.0841809314385713,0.189137003015099,0.354939389042796,0.371742676503534
24678,0.240306015785064,0.300973124254609,0.152911167708402,0.305809692251926
24679,0.284905982988159,0.409442472661947,0.103502667967366,0.202148876382528
24680,0.106406694468988,0.4086074821638,0.216006259517788,0.268979563849424
24681,0.388318169752454,0.257377233722299,0.0807828631404667,0.273521733384781
24682,0.413459457860696,0.462124399487025,0.0266528870289646,0.0977632556233148
24683,0.10200486410361,0.231624662918464,0.470770343041854,0.195600129936072
24684,0.0962236142379127,0.144407025830636,0.5203710663002,0.238998293631251
24685,0.567891352464434,0.134734892813053,0.1117452229619,0.185628531760613
24686,0.408931309686181,0.12671737656404,0.106835575535809,0.35751573821397
24687,0.27017802426546,0.280556144319839,0.197633355510267,0.251632475904434
24688,0.187473619991795,0.34574704388534,0.192163707911354,0.274615628211512
24689,0.221811902030608,0.227329707886312,0.419669889340061,0.131188500743019
24690,0.614744099722412,0.109894286157396,0.144392878598735,0.130968735521456
24691,0.412881177810602,0.323533018211924,0.0765977674327017,0.186988036544773
24692,0.615090589695872,0.211455258705319,0.039729619921979,0.13372453167683
24693,0.233291920506598,0.178047223681896,0.429669810839368,0.158991044972137
24694,0.19735581059969,0.315420878928267,0.302865973539067,0.184357336932976
24695,0.222566627414281,0.613704649310616,0.0553719584351821,0.108356764839921
24696,0.236592651307819,0.29614562612768,0.18858777086217,0.278673951702331
24697,0.178215879594719,0.188079238569113,0.294128390606536,0.339576491229633
24698,0.276545237816725,0.44015437103696,0.188057621110198,0.0952427700361181
24699,0.212507684428865,0.075133015456006,0.604557991828434,0.107801308286695
24700,0.142741719346921,0.405843903221724,0.171750858291649,0.279663519139706
24701,0.13015139695093,0.10136929382177,0.642055363011835,0.126423946215464
24702,0.227038492606235,0.50076059852704,0.181797349687842,0.0904035591788836
24703,0.257994697933833,0.329305349355527,0.302435543230508,0.110264409480131
24704,0.109095292947085,0.447368017539017,0.325481224409651,0.118055465104247
24705,0.40838443803937,0.288879312989403,0.192311970927293,0.110424278043934
24706,0.244213834611259,0.355334996071023,0.290451869274139,0.109999300043579
24707,0.276146336942644,0.201909319822219,0.284547184040027,0.23739715919511
24708,0.560571253188432,0.0959590767864845,0.21490365124827,0.128566018776813
24709,0.145433889165041,0.227660709462366,0.498375350053703,0.12853005131889
24710,0.372386004564697,0.278777622346365,0.237507276890305,0.111329096198633
24711,0.32508788965315,0.221580732050449,0.324772937287526,0.128558441008874
24712,0.349426385069733,0.368239664852284,0.171002631420368,0.111331318657615
24713,0.165348250060827,0.457083677672386,0.231962475593591,0.145605596673196
24714,0.32170170174693,0.317280114498064,0.21089645474393,0.150121729011076
24715,0.20595847149448,0.402349082307821,0.194700716990737,0.196991729206962
24716,0.388029594676045,0.326890431710344,0.153322653935622,0.131757319677989
24717,0.288645359391043,0.384093982147259,0.244004093296217,0.0832565651654802
24718,0.242642955913343,0.497988545344768,0.13757325379341,0.121795244948479
24719,0.241126541364771,0.252752987785246,0.285528655714177,0.220591815135806
24720,0.23851916884919,0.433172753156375,0.167530724614096,0.160777353380339
24721,0.305864424635676,0.341867716032181,0.184604114483731,0.167663744848412
24722,0.167700613178594,0.538399319346803,0.187064222020386,0.106835845454217
24723,0.437243421039805,0.24853125777202,0.191191528288476,0.123033792899699
24724,0.30956106116961,0.268720820153358,0.282160016756627,0.139558101920405
24725,0.48928135432336,0.240127542178146,0.107435636455369,0.163155467043125
24726,0.312010010796474,0.294280503308839,0.255943108726338,0.137766377168349
24727,0.179480672562201,0.152473405530694,0.357574018258222,0.310471903648884
24728,0.392388645285914,0.294375583720785,0.164431826634293,0.148803944359008
24729,0.259512348359268,0.19519718763592,0.355443403523678,0.189847060481134
24730,0.234178302505065,0.20423559619432,0.330458635062292,0.231127466238322
24731,0.163666916122734,0.49646651671864,0.191276391790995,0.148590175367631
24732,0.285617081914826,0.198564899373869,0.345576536335717,0.170241482375588
24733,0.129614206384355,0.259136459812835,0.216191551894242,0.395057781908568
24734,0.206897346000112,0.332331809178099,0.157821086751937,0.302949758069852
24735,0.142116724336804,0.201919429178293,0.3739317777056,0.282032068779303
24736,0.194673830767811,0.515739708210322,0.142805125494248,0.146781335527619
24737,0.418568627771766,0.217266247872747,0.20478974781707,0.159375376538418
24738,0.112317332317998,0.525101810793391,0.143883749540749,0.218697107347862
24739,0.402178509825366,0.0565499262165543,0.257246060314353,0.284025503643727
24740,0.192345684695993,0.458398924852832,0.131642432222458,0.217612958228717
24741,0.0957067591651843,0.254708489672469,0.533420491987953,0.116164259174394
24742,0.289899622488373,0.366592523266087,0.0868688918113466,0.256638962434194
24743,0.182857678987428,0.338613258876244,0.113725738765136,0.364803323371191
24744,0.426723976706504,0.0578411902641754,0.273553513914796,0.241881319114525
24745,0.182009108205878,0.143012541505868,0.335147727992643,0.339830622295611
24746,0.220919276729214,0.337781407779294,0.0769535574527245,0.364345758038768
24747,0.0633853855541163,0.397843532352535,0.317541723853958,0.22122935823939
24748,0.0365848067450341,0.0532909036796096,0.625017494029303,0.285106795546053
24749,0.125317415333555,0.383082319718338,0.280819265479903,0.210780999468203
24750,0.305008598554779,0.164915868877527,0.331911418913652,0.198164113654042
24751,0.496549074739446,0.112168067880937,0.0889416123894104,0.302341244990207
24752,0.13036092110883,0.515400406637791,0.0905606965275715,0.263677975725808
24753,0.242521425732024,0.0430100141118323,0.542709088112911,0.171759472043233
24754,0.32393997551094,0.289900691397959,0.144217099780975,0.241942233310127
24755,0.0732753260109681,0.340475707627012,0.372099204203784,0.214149762158236
24756,0.151087022196454,0.345726705667726,0.256327587774192,0.246858684361629
24757,0.252368620910804,0.112394924619416,0.249338966666296,0.385897487803484
24758,0.181800469992377,0.0734983387520677,0.46516472899992,0.279536462255636
24759,0.167463972412452,0.289152892086618,0.272943171462434,0.270439964038496
24760,0.319859894913141,0.374512354360478,0.113835777496241,0.191791973230139
24761,0.315975497066642,0.119456388426951,0.351478289156993,0.213089825349414
24762,0.186041932540611,0.39766483298327,0.103382599827413,0.312910634648707
24763,0.108319558016626,0.639095023321587,0.0738346902147962,0.178750728446991
24764,0.565386113600528,0.0848456595454636,0.0849722145239695,0.264796012330038
24765,0.245905637599191,0.293250449773338,0.309735354544502,0.151108558082969
24766,0.0617216209419405,0.432615827364952,0.262841073829259,0.242821477863849
24767,0.180418596201965,0.164254001764301,0.19439220047022,0.460935201563515
24768,0.210451936967844,0.398302660533391,0.146289618726918,0.244955783771847
24769,0.225298428106976,0.146841687121057,0.523974356214857,0.103885528557109
24770,0.208430486543155,0.233407503763165,0.112171567434596,0.445990442259084
24771,0.1689772350308,0.0918272876826009,0.459542820545674,0.279652656740926
24772,0.231152403389259,0.407636610459488,0.1023601778109,0.258850808340353
24773,0.112450243614256,0.383932924409374,0.394684530495408,0.108932301480962
24774,0.345410202030144,0.227655310399442,0.203259636896876,0.223674850673538
24775,0.190690629766693,0.52274610677805,0.0795288900031353,0.207034373452122
24776,0.611386766596599,0.0581982127620516,0.185561178296815,0.144853842344535
24777,0.295503680323932,0.302735735922565,0.216180045980336,0.185580537773167
24778,0.398924954949763,0.238690769872755,0.100077316718073,0.262306958459409
24779,0.0506847079092927,0.390710773077834,0.181328272898904,0.37727624611397
24780,0.537811801919997,0.098674034431038,0.218677779308603,0.144836384340362
24781,0.041625840716203,0.0771361695141959,0.745776208146617,0.135461781622985
24782,0.549039892427125,0.0528992886394598,0.0646178777872281,0.333442941146187
24783,0.033615835076128,0.167774841862633,0.483317779025175,0.315291544036064
24784,0.387170547853878,0.0713246933034451,0.139247588703638,0.402257170139039
24785,0.059253623876249,0.260686395041082,0.215299950240151,0.464760030842518
24786,0.11914240503285,0.157051543578686,0.455873437811576,0.267932613576888
24787,0.261093392483882,0.259438877141828,0.180945613927109,0.298522116447181
24788,0.0988967127518096,0.18414714590204,0.432450896209708,0.284505245136443
24789,0.391407291466624,0.296381833875355,0.0691462700688846,0.243064604589136
24790,0.106739984826925,0.124685352732974,0.403679225850676,0.364895436589425
24791,0.217658620464147,0.0899654592448202,0.424366201670317,0.268009718620716
24792,0.245370774860467,0.0972538866340012,0.297081658740895,0.360293679764638
24793,0.138577103263902,0.0445482209010938,0.534850570964167,0.282024104870837
24794,0.0830885713390468,0.63446099917268,0.0660470950734841,0.21640333441479
24795,0.204139478220745,0.151611169368537,0.0811483682817549,0.563100984128964
24796,0.495895243357603,0.253476443261612,0.142257786493716,0.10837052688707
24797,0.112750337670374,0.566102938405263,0.144818955814066,0.176327768110298
24798,0.0373757037952907,0.0660475166871607,0.57912017343599,0.317456606081559
24799,0.278540938321101,0.0955899999580325,0.270018998203973,0.355850063516893
24800,0.0476868031160517,0.142367631250285,0.56703400134177,0.242911564291893
24801,0.508238183468287,0.217530220069487,0.142332498512619,0.131899097949607
24802,0.250974363844727,0.242980776015694,0.153749948324974,0.352294911814604
24803,0.0697617095126029,0.0996159556988481,0.612136025633468,0.218486309155081
24804,0.53416267655812,0.105194339387594,0.114039761153763,0.246603222900523
24805,0.209465538619329,0.244110608802821,0.0856101683411402,0.46081368423671
24806,0.236151855720504,0.389855132394024,0.0639340042965822,0.31005900758889
24807,0.447222479514393,0.386812931881356,0.0336819097505521,0.132282678853699
24808,0.386348206115334,0.121231942950167,0.243759294410453,0.248660556524046
24809,0.631610978499547,0.0464936590640507,0.0734891112540853,0.248406251182316
24810,0.146056317983769,0.292721509596013,0.201812878612754,0.359409293807464
24811,0.20738852461359,0.034350238771634,0.600288540984448,0.157972695630328
24812,0.0654470051372217,0.0712209459906534,0.689960839370669,0.173371209501456
24813,0.269406865927353,0.054083105408278,0.383016413914302,0.293493614750067
24814,0.242244003001159,0.409276710113859,0.0396641299235596,0.308815156961422
24815,0.562417612148009,0.0974938087143255,0.147898523613147,0.192190055524518
24816,0.226061301783004,0.0971507484756621,0.32487168137018,0.351916268371154
24817,0.137726419081772,0.151494981305889,0.123901693789138,0.586876905823201
24818,0.273698093825006,0.324915254879768,0.251385058878958,0.150001592416268
24819,0.155531343377465,0.405933301563588,0.210459654164205,0.228075700894742
24820,0.245048005080651,0.094588366867025,0.0758539535432656,0.584509674509059
24821,0.448787650662004,0.160206261036424,0.0665711583148329,0.324434929986739
24822,0.0879077600104044,0.533371817733048,0.0735070986461064,0.305213323610441
24823,0.144960979298525,0.288938486547365,0.273154208156041,0.292946325998069
24824,0.133680533064593,0.0743039561676552,0.196958142549372,0.59505736821838
24825,0.444697672661476,0.210818498976201,0.0677530119267702,0.276730816435553
24826,0.091731950143467,0.0897666901503117,0.617038773721986,0.201462585984235
24827,0.262754360903925,0.514968203442447,0.0428483433277729,0.179429092325855
24828,0.14617709784051,0.654804732325743,0.0513638526995424,0.147654317134205
24829,0.142886309975361,0.124923551719991,0.120165374343926,0.612024763960721
24830,0.197340148146057,0.443109142602079,0.185274643290936,0.174276065960927
24831,0.0660336483008613,0.403655710626437,0.208971208990948,0.321339432081754
24832,0.149165311071715,0.15586828560591,0.178333862923585,0.51663254039879
24833,0.320332922619895,0.216144699404897,0.29675296107929,0.166769416895917
24834,0.122517197455476,0.0766821975069481,0.147838379557913,0.652962225479663
24835,0.210589216757938,0.300298068704988,0.165119221731332,0.323993492805743
24836,0.107268202698675,0.154783520982561,0.229312771036025,0.508635505282739
24837,0.645506417474532,0.0329880110412712,0.061425443104,0.260080128380197
24838,0.0912413148163136,0.210029355168658,0.0911791699020841,0.607550160112944
24839,0.507344068917448,0.157914388709027,0.12075744857397,0.213984093799555
24840,0.372307205959939,0.221869079845497,0.246019913585802,0.159803800608762
24841,0.0539480104670186,0.598586850550147,0.180900805134438,0.166564333848397
24842,0.135836536388915,0.18658409566551,0.114919229631953,0.562660138313622
24843,0.22407206791332,0.0653783035186351,0.379400219022526,0.331149409545519
24844,0.597659330420274,0.0855684842658066,0.18829377698289,0.12847840833103
24845,0.631754075952052,0.0468955878228071,0.038769861882407,0.282580474342734
24846,0.217685541056143,0.548166885347353,0.0347598230808332,0.199387750515671
24847,0.115700133273007,0.0830499725686219,0.516996748918888,0.284253145239483
24848,0.094204583404755,0.131300579516969,0.140002339297616,0.63449249778066
24849,0.399288026707207,0.0921121014914468,0.11188308282893,0.396716788972416
24850,0.138251660030282,0.441363674155694,0.0655950092667687,0.354789656547255
24851,0.227320927688822,0.0995118897100979,0.188579442460559,0.484587740140522
24852,0.529600025040817,0.0789762813189817,0.0488305127359611,0.34259318090424
24853,0.430456887408243,0.0797813546862407,0.219904084817498,0.269857673088018
24854,0.310281372188503,0.0776947304167586,0.293109869040885,0.318914028353853
24855,0.159299500857532,0.128120888959585,0.377532180809956,0.335047429372927
24856,0.137032017056022,0.395926666792316,0.077678380224658,0.389362935927004
24857,0.19294411646431,0.135275912722015,0.475592208770894,0.196187762042782
24858,0.0989212182480418,0.476591955575907,0.202471881602147,0.222014944573904
24859,0.174953935901579,0.226242372704118,0.0855481489651224,0.51325554242918
24860,0.206503031842681,0.0655234113371572,0.612601064577139,0.115372492243023
24861,0.40684236362127,0.129225350529855,0.0983044728029899,0.365627813045885
24862,0.118689012003737,0.4891657721816,0.100893205633046,0.291252010181617
24863,0.246825998336739,0.0915452708221073,0.234984849826215,0.426643881014939
24864,0.120022361175058,0.106094557175664,0.46729656131888,0.306586520330398
24865,0.167217419767163,0.0463780407153784,0.483698194054096,0.302706345463363
24866,0.689886327446611,0.0905273978022879,0.0902128790004815,0.12937339575062
24867,0.491410130740491,0.103231675646691,0.138702946440795,0.266655247172024
24868,0.50133174977915,0.0829836852730531,0.10511007979781,0.310574485149986
24869,0.264353228024527,0.0752366357954233,0.220379750899761,0.440030385280289
24870,0.611664767936245,0.0632144085271183,0.097257354279903,0.227863469256734
24871,0.177010902102866,0.0559396931549782,0.386618091044431,0.380431313697724
24872,0.272448216664138,0.232014761319435,0.293173898394415,0.202363123622012
24873,0.551155718173444,0.285032983372083,0.0732898349770099,0.0905214634774622
24874,0.12846248377131,0.424198399004032,0.300680238960645,0.146658878264014
24875,0.313005496572379,0.306758761808003,0.211016186653312,0.169219554966305
24876,0.116344443215534,0.470517797758439,0.309381148976706,0.103756610049321
24877,0.267728086240418,0.206934129815016,0.410079715389782,0.115258068554785
24878,0.216333630900709,0.160759211387023,0.457234735536627,0.165672422175642
24879,0.443136878489644,0.207223704141449,0.194846002313375,0.154793415055532
24880,0.311905828894148,0.264170521867725,0.29294390175496,0.130979747483168
24881,0.460670757929248,0.160654194020692,0.204867050341983,0.173807997708077
24882,0.603751940359508,0.173978384628536,0.127439643750533,0.0948300312614221
24883,0.187594344789949,0.294076160093871,0.405709334806379,0.112620160309801
24884,0.3587286278382,0.224641133424691,0.322804027492801,0.0938262112443078
24885,0.310864682422946,0.368019534891126,0.189982543475602,0.131133239210326
24886,0.124427384244611,0.181573669083558,0.576480060087847,0.117518886583984
24887,0.324545616846203,0.493583233803446,0.108771019464312,0.0731001298860386
24888,0.258518831081708,0.399026178302014,0.226375258167951,0.116079732448328
24889,0.137331992614656,0.354181680345915,0.408190091011305,0.100296236028124
24890,0.174067080849562,0.204659348488436,0.290995841172256,0.330277729489745
24891,0.330173362828316,0.163935650017192,0.0885127433200745,0.417378243834418
24892,0.319165595159811,0.105131901631701,0.227528076066959,0.348174427141529
24893,0.290352224966412,0.235117780589838,0.192657768471308,0.281872225972442
24894,0.179778362540107,0.417317393965872,0.183763743058824,0.219140500435197
24895,0.0650138375493207,0.0733237345249515,0.502934500033036,0.358727927892692
24896,0.0841675280147318,0.291425692791287,0.258002669979258,0.366404109214723
24897,0.212514013420766,0.0667886423981933,0.586352461977049,0.134344882203992
24898,0.332962574327294,0.139824439769653,0.294217818978198,0.232995166924855
24899,0.0376319202075822,0.275493037747594,0.537947416180956,0.148927625863867
24900,0.115497056839099,0.195926435570436,0.332749408215593,0.355827099374872
24901,0.331146034743304,0.0835117235985999,0.309191647770414,0.276150593887682
24902,0.416457141234046,0.110075425673851,0.200316468403504,0.273150964688599
24903,0.307382103517861,0.136486798732226,0.194478871873214,0.361652225876699
24904,0.139575141476943,0.374543957518834,0.0485422647806463,0.437338636223577
24905,0.0962138809117178,0.0910592121731109,0.657978834005467,0.154748072909704
24906,0.249290992831947,0.0655854879802236,0.370058637874654,0.315064881313175
24907,0.214022173518264,0.145237118125459,0.0639605866840631,0.576780121672214
24908,0.0529659831887253,0.376762764457127,0.407205226580061,0.163066025774087
24909,0.146173860090261,0.452908875511009,0.168991184725226,0.231926079673504
24910,0.197738711699882,0.307400847342445,0.315321932747831,0.179538508209842
24911,0.170554520261285,0.6582257011071,0.0609095174003917,0.110310261231223
24912,0.106777684143158,0.256327678694929,0.248443419075164,0.388451218086749
24913,0.13076844371271,0.576763201754964,0.135804947899275,0.156663406633051
24914,0.304315926721339,0.249334316436812,0.28206513659061,0.164284620251239
24915,0.101689196359982,0.347607242070781,0.319206306722944,0.231497254846294
24916,0.502159527616928,0.17148414342701,0.155669909049926,0.170686419906136
24917,0.131587191553292,0.111564652449877,0.436921468789446,0.319926687207385
24918,0.274962191050356,0.107174978074859,0.236164299322634,0.381698531552151
24919,0.165252236368021,0.333323139970197,0.320052720537276,0.181371903124506
24920,0.0597367287190659,0.442792452542822,0.3991221050099,0.0983487137282125
24921,0.617024758981292,0.18462545649207,0.0841695254067133,0.114180259119925
24922,0.523729183146101,0.163254266897344,0.159217532765985,0.15379901719057
24923,0.201016047012417,0.171173391751212,0.529999173967601,0.09781138726877
24924,0.205985635489857,0.27729476220004,0.342968411415107,0.173751190894996
24925,0.251886508027051,0.518645906914941,0.134411856676196,0.0950557283818115
24926,0.341200054046301,0.134408156832851,0.38820007425713,0.136191714863718
24927,0.27512196812972,0.342538948048714,0.142236333329437,0.24010275049213
24928,0.133240224374682,0.38993644245745,0.31388102651389,0.162942306653979
24929,0.332644690342673,0.327702438497216,0.218886497790033,0.120766373370078
24930,0.339097907280868,0.353355947679304,0.197039502165906,0.110506642873921
24931,0.248848797102123,0.258543496644873,0.25575537124471,0.236852335008294
24932,0.157291601551668,0.285743682841554,0.36983208746979,0.187132628136987
24933,0.288665204520123,0.443496011229035,0.128663774742568,0.139175009508275
24934,0.374329204359884,0.277002597527131,0.172558471380196,0.176109726732789
24935,0.221984584744493,0.311789502355909,0.319219435529955,0.147006477369644
24936,0.368467306087361,0.228651560493394,0.28793638271346,0.114944750705785
24937,0.167470422472129,0.427877048641222,0.328178500876037,0.0764740280106122
24938,0.49836113369289,0.171918744541006,0.234289379531122,0.0954307422349828
24939,0.257170186917752,0.241255800308349,0.401037289349377,0.100536723424522
24940,0.33223955016133,0.39635847335119,0.16420962716145,0.107192349326029
24941,0.263709732060855,0.296175121829948,0.274103669457798,0.166011476651399
24942,0.380866526520378,0.134418808776821,0.398315300055404,0.0863993646473973
24943,0.280143979295812,0.162680405754444,0.328014466198949,0.229161148750794
24944,0.373470987071688,0.402102293178277,0.138464920688418,0.0859617990616173
24945,0.21467545273291,0.19145311685461,0.350155785244811,0.243715645167669
24946,0.161729356832189,0.312413304521652,0.253924086629237,0.271933252016922
24947,0.350240457691129,0.231186329864971,0.266185736173343,0.152387476270557
24948,0.431860683818363,0.294385286150717,0.17725188899618,0.09650214103474
24949,0.258478653344411,0.370378987079514,0.296454171927053,0.074688187649022
24950,0.178424178262627,0.31765620788419,0.335634287039065,0.168285326814118
24951,0.197972852184956,0.442839824421961,0.189877964266347,0.169309359126736
24952,0.402019436813083,0.261098187758571,0.212059149945733,0.124823225482614
24953,0.296798663630054,0.197063262725154,0.347854621225798,0.158283452418994
24954,0.170467984482093,0.563458309241878,0.16031701802786,0.105756688248169
24955,0.44389183032664,0.307563884693991,0.120456150663705,0.128088134315665
24956,0.187484552207674,0.344642950130006,0.32671282569427,0.141159671968051
24957,0.215619639276727,0.505201515168296,0.139067444111474,0.140111401443503
24958,0.127194432681965,0.567159900141343,0.228895465354487,0.0767502018222058
24959,0.148988174698552,0.348266627499365,0.32370403370048,0.179041164101604
24960,0.279072118092748,0.268976381264046,0.260154492038441,0.191797008604766
24961,0.338557801904143,0.281854669056714,0.274790289030899,0.104797240008244
24962,0.113659769491739,0.459592810179667,0.276758459008633,0.149988961319961
24963,0.269297593857796,0.344631079690568,0.220634888330352,0.165436438121283
24964,0.175217070556892,0.27771947128732,0.403715329751371,0.143348128404417
24965,0.214631416688075,0.532823346325103,0.176203764833184,0.0763414721536382
24966,0.217289154016056,0.394309172308924,0.305325624185107,0.0830760494899126
24967,0.371576951234626,0.0784344099946623,0.394768527120828,0.155220111649884
24968,0.15050909088995,0.40437297575954,0.252515156382107,0.192602776968403
24969,0.288141498739577,0.319499894064507,0.0843708697364396,0.307987737459477
24970,0.417631832443653,0.193874783576209,0.158592074915699,0.22990130906444
24971,0.304630054376793,0.40908645163719,0.0962426380133869,0.190040855972631
24972,0.118251138815437,0.286713622225366,0.173706371093464,0.421328867865733
24973,0.128024628849683,0.674032332274871,0.115323549162712,0.0826194897127337
24974,0.244564531644001,0.262952932314295,0.259577955483261,0.232904580558443
24975,0.161924253676383,0.445361629539368,0.221242548225816,0.171471568558432
24976,0.261749484577726,0.113782981079806,0.485192444221819,0.13927509012065
24977,0.37102712891178,0.216879814979528,0.154112669746162,0.25798038636253
24978,0.224943613784987,0.372929668188538,0.196778929610917,0.205347788415558
24979,0.362382341382358,0.310403646768059,0.212415256807722,0.114798755041861
24980,0.135492454550626,0.331738869389269,0.38144163732039,0.151327038739715
24981,0.23497818176369,0.150044954163091,0.35923765992506,0.25573920414816
24982,0.240360262382262,0.404517489805336,0.211311374964597,0.143810872847805
24983,0.622582223535594,0.189562110703913,0.0610672172245508,0.126788448535942
24984,0.101113118763981,0.373875068247071,0.265455726126138,0.25955608686281
24985,0.125100423576992,0.382088502179175,0.335740935599048,0.157070138644786
24986,0.389077667992437,0.163792977887762,0.223349202746963,0.223780151372838
24987,0.0668827856873176,0.48854506688121,0.349809562723869,0.0947625847076039
24988,0.234449473241741,0.294488479477194,0.184221627021937,0.286840420259128
24989,0.285169500443862,0.341812927583101,0.284441007363037,0.0885765646099999
24990,0.122776596232952,0.510439983280091,0.225483531755096,0.141299888731861
24991,0.26822112964985,0.100370085256573,0.459832369888525,0.171576415205053
24992,0.1489290127525,0.220001547902804,0.523815168359116,0.10725427098558
24993,0.572362588193975,0.154085737198101,0.162741200742769,0.110810473865156
24994,0.497612014305005,0.203335510912563,0.160219077975315,0.138833396807117
24995,0.50691454979488,0.220822526807551,0.150825214679042,0.121437708718526
24996,0.257249266375906,0.284158045511819,0.189380821011615,0.26921186710066
24997,0.323520125585087,0.377148000853842,0.138232759086748,0.161099114474323
24998,0.232069225885157,0.166416737703294,0.402340301526824,0.199173734884725
24999,0.213687302315628,0.447395472780051,0.111076111461272,0.227841113443048
25000,0.245683624310514,0.197109089288036,0.33729156519768,0.219915721203769
25001,0.257466923348073,0.457172205619778,0.130238931213173,0.155121939818975
25002,0.167976776432647,0.131055047030145,0.550474426614148,0.150493749923061
25003,0.232874716393369,0.200913073006573,0.361381093547094,0.204831117052964
25004,0.07475572533612,0.119528975403083,0.652368053020092,0.153347246240705
25005,0.241355837239064,0.358766844804168,0.261557808051765,0.138319509905003
25006,0.457927639051175,0.215850546583378,0.199399477324307,0.12682233704114
25007,0.369776901496175,0.356693254153742,0.10672904851567,0.166800795834413
25008,0.165483010039664,0.110917610129219,0.559307968260136,0.16429141157098
25009,0.414616222593156,0.0937070558342978,0.28913605766411,0.202540663908436
25010,0.328338050608385,0.0709154089843779,0.410880165550365,0.189866374856872
25011,0.143117245890281,0.664931375761463,0.108403019287712,0.0835483590605443
25012,0.0920542966501545,0.393525079275301,0.210820852032717,0.303599772041827
25013,0.362818002981577,0.114582707805084,0.281656803776237,0.240942485437102
25014,0.162793472950157,0.184316363946956,0.550550463737662,0.102339699365225
25015,0.371625312237226,0.219967060761868,0.217716757523738,0.190690869477168
25016,0.195226446608105,0.337874417509081,0.150205662767644,0.31669347311517
25017,0.138104745098059,0.198538739805144,0.548488461304238,0.114868053792559
25018,0.573521022792923,0.198421948717344,0.119094749406344,0.10896227908339
25019,0.236189005946952,0.517460891682581,0.119007069967992,0.127343032402475
25020,0.256133016984396,0.220824716991531,0.211027040625424,0.312015225398649
25021,0.24193996793924,0.125047560966798,0.390254425665018,0.242758045428944
25022,0.154547617656485,0.269859367307996,0.320764857401098,0.25482815763442
25023,0.166018463350424,0.2307473349351,0.490528270599236,0.11270593111524
25024,0.536560024590019,0.108781410987573,0.204767004481456,0.149891559940952
25025,0.358162628347033,0.189257342868401,0.184879470597566,0.267700558186999
25026,0.380708323593515,0.307054300300691,0.175473555878062,0.136763820227732
25027,0.106753451456129,0.341533110063787,0.315146746732308,0.236566691747776
25028,0.591819252008147,0.0951529572712205,0.207283611005906,0.105744179714726
25029,0.153127786743977,0.152916605485896,0.5802013503664,0.113754257403728
25030,0.199642862372879,0.088957924869582,0.493129165532739,0.2182700472248
25031,0.177097408672279,0.0902008346072171,0.488067927663889,0.244633829056615
25032,0.139080385128064,0.0600771701489088,0.667430989432099,0.133411455290928
25033,0.333725420763685,0.15911049259044,0.337944014749438,0.169220071896438
25034,0.185091096840236,0.465895210874007,0.137324166828573,0.211689525457184
25035,0.279406311864427,0.187379155444685,0.271854971829665,0.261359560861223
25036,0.186680528308607,0.237641102491667,0.251369033008453,0.324309336191273
25037,0.254131238512913,0.429311667159494,0.129958649081688,0.186598445245904
25038,0.309439739445802,0.287193832263064,0.204291643177246,0.199074785113888
25039,0.141563639059774,0.328289613803186,0.325634243677543,0.204512503459497
25040,0.294923517236802,0.348352669781705,0.26133236130653,0.0953914516749627
25041,0.247446229938026,0.512640284407391,0.0745290947036587,0.165384390950924
25042,0.222649799347462,0.225073494872265,0.335521506457734,0.216755199322539
25043,0.153435601785632,0.366054500154203,0.137334900953131,0.343174997107034
25044,0.394128963847342,0.0857486091075966,0.350506541154887,0.169615885890175
25045,0.104317239336679,0.189649406166659,0.537331919717645,0.168701434779017
25046,0.0634438852273641,0.726735431868769,0.0369629039839338,0.172857778919933
25047,0.320493467341907,0.162629445549387,0.318321008753194,0.198556078355511
25048,0.0841232271856602,0.414446256518511,0.24184140762666,0.259589108669169
25049,0.0724948193291237,0.349852786242262,0.493850082513187,0.0838023119154275
25050,0.35984190411327,0.370957191340014,0.0940831856613746,0.175117718885341
25051,0.129795307780719,0.360530831864705,0.33401842324496,0.175655437109616
25052,0.162386050254104,0.495592872536432,0.111773236445128,0.230247840764336
25053,0.161492601430051,0.202782517179707,0.24337700033516,0.392347881055081
25054,0.0610088826590348,0.535306629776007,0.219203860839657,0.184480626725302
25055,0.110921624453523,0.60799576844244,0.0918852798564174,0.18919732724762
25056,0.224179517730406,0.138242737196248,0.225238582716454,0.412339162356892
25057,0.224979103622305,0.542596165042573,0.0953919757810147,0.137032755554108
25058,0.48355173108542,0.226549566241455,0.130224607579726,0.159674095093398
25059,0.3528306200111,0.0801818789902715,0.219515470959309,0.347472030039319
25060,0.184773416682084,0.319670619850176,0.284613975104532,0.210941988363208
25061,0.0928761430601342,0.372742983791029,0.266135529250482,0.268245343898355
25062,0.269248881919304,0.441110056301361,0.0797843031062071,0.209856758673128
25063,0.0681418281685374,0.351188950294572,0.292612210015269,0.288057011521622
25064,0.309491103853458,0.402401430050971,0.0688645128189912,0.219242953276579
25065,0.240571257593735,0.465239753526541,0.102161055407169,0.192027933472555
25066,0.329562179897624,0.0951114372591812,0.239460598841782,0.335865784001412
25067,0.204014695440111,0.0769470492975722,0.334663844710546,0.384374410551771
25068,0.103160247340449,0.182638500919593,0.350760249987289,0.363441001752669
25069,0.0942351826462618,0.318897121547884,0.390804583478943,0.196063112326911
25070,0.159350799484567,0.144625743058529,0.172776404481485,0.52324705297542
25071,0.223722721817032,0.495860611133476,0.0905428228915826,0.189873844157909
25072,0.145716282318615,0.632543480528539,0.0851143975261788,0.136625839626667
25073,0.15211154862449,0.493253728312062,0.0613073806107108,0.293327342452738
25074,0.164740339886148,0.531196332585965,0.142770853862298,0.16129247366559
25075,0.245107654280758,0.0747596057058346,0.381724773788605,0.298407966224803
25076,0.0958569242607187,0.145265938347221,0.32385149182131,0.43502564557075
25077,0.0671653276531449,0.210923717499726,0.499649566504461,0.222261388342669
25078,0.462279224978642,0.0686539851193036,0.275377233478105,0.19368955642395
25079,0.210632987926498,0.0800231742348129,0.433965282701473,0.275378555137217
25080,0.577540524084276,0.116319424979787,0.0898290810565031,0.216310969879434
25081,0.400469527319251,0.149318149720466,0.219870348267971,0.230341974692312
25082,0.129096047750047,0.387779714570265,0.298268283819774,0.184855953859914
25083,0.158185196555006,0.323348109621992,0.246788305929942,0.271678387893059
25084,0.402072504342249,0.142600271752074,0.361740043433226,0.0935871804724508
25085,0.266407722034473,0.462005876168708,0.194339841061627,0.0772465607351926
25086,0.522184160229224,0.143253063503975,0.207594149339,0.126968626927802
25087,0.136859827180704,0.373763682189146,0.382014522989413,0.107361967640737
25088,0.418891270576276,0.192047366597277,0.293338280410598,0.0957230824158495
25089,0.157406260036983,0.113095912883077,0.593024304463527,0.136473522616414
25090,0.418525935581507,0.221999233821332,0.253723007719707,0.105751822877454
25091,0.333066069621624,0.152589692362888,0.326029732782439,0.188314505233049
25092,0.280025663792162,0.226342602056101,0.100333806448563,0.393297927703174
25093,0.445899532702025,0.116256061425248,0.245314196307057,0.19253020956567
25094,0.163713134575883,0.175447869553035,0.554560175511721,0.106278820359361
25095,0.124621310146587,0.360407831310864,0.414774859845439,0.10019599869711
25096,0.12584394872408,0.197846017063273,0.256167229284262,0.420142804928385
25097,0.13476243165812,0.211501677232121,0.515623512614396,0.138112378495363
25098,0.351386556495786,0.175972435526065,0.216980755154968,0.255660252823182
25099,0.102393695304953,0.360955671365655,0.404311950984779,0.132338682344613
25100,0.15984622911982,0.201796928853955,0.535252808816799,0.103104033209426
25101,0.395705644938304,0.171509977627773,0.331722140422537,0.101062237011387
25102,0.313742643774318,0.238388719217946,0.179154083006438,0.268714554001298
25103,0.34901587230274,0.374734715620953,0.163595411831565,0.112654000244743
25104,0.168168781052081,0.237330479351273,0.503086069407141,0.0914146701895039
25105,0.156697774618875,0.301039699130059,0.435268762556997,0.10699376369407
25106,0.372745456949866,0.284529233873219,0.233713739987343,0.109011569189573
25107,0.186155267168972,0.436217919522187,0.194975486491574,0.182651326817267
25108,0.188234448085361,0.40331702284982,0.311914031369253,0.0965344976955663
25109,0.253265960545351,0.437040973273561,0.200379819300847,0.109313246880241
25110,0.266777291269456,0.191091034272683,0.244958698009623,0.297172976448237
25111,0.250853863903527,0.209341231974229,0.280988987984383,0.258815916137861
25112,0.182257075116466,0.24380763544624,0.4257423821722,0.148192907265095
25113,0.418845032919969,0.315185462403183,0.162410961544899,0.10355854313195
25114,0.303267427094605,0.250391565775293,0.32219344586496,0.124147561265143
25115,0.180479283325907,0.292184058504557,0.385466867835176,0.14186979033436
25116,0.350292568453599,0.298835167631447,0.233132062825997,0.117740201088957
25117,0.52922155464249,0.239244445325522,0.153364350826567,0.078169649205421
25118,0.385257289205659,0.186179669854944,0.308939870451186,0.119623170488211
25119,0.102356870284792,0.305323251392056,0.410861735117976,0.181458143205176
25120,0.318743670899053,0.228748705591803,0.0982007965277638,0.354306826981381
25121,0.442185450588575,0.148097977591065,0.190318350069399,0.219398221750962
25122,0.396990465313146,0.26337901869227,0.205824024376128,0.133806491618456
25123,0.42227254821775,0.0887371268849889,0.387133892550402,0.10185643234686
25124,0.1250472576544,0.14577878743078,0.570577789508773,0.158596165406047
25125,0.714468169391157,0.124045607374706,0.0613779222490097,0.100108300985127
25126,0.088344242929187,0.403232582058531,0.304861484255644,0.203561690756639
25127,0.318852711019413,0.178406174572938,0.210331234088237,0.292409880319412
25128,0.256838325097614,0.166593617970478,0.183316755859763,0.393251301072145
25129,0.288421095060383,0.209452383181116,0.430192006394545,0.071934515363957
25130,0.224371343632283,0.17870248999841,0.19150511958548,0.405421046783827
25131,0.282041715879736,0.366444197661646,0.0612364321268554,0.290277654331763
25132,0.433543087761619,0.232869236669042,0.138510572722977,0.195077102846362
25133,0.671741009500863,0.058272416361935,0.146621783655417,0.123364790481785
25134,0.282318947188867,0.298513492002721,0.123825384632861,0.295342176175551
25135,0.0747943541961001,0.569915665210202,0.103820003940777,0.251469976652921
25136,0.262784152651895,0.28358463157977,0.300786780241698,0.152844435526637
25137,0.141264721168736,0.475898143214233,0.146679404816255,0.236157730800777
25138,0.132123649658083,0.35216320394538,0.175948117680629,0.339765028715908
25139,0.198816569735466,0.279830039774919,0.181831038520517,0.339522351969098
25140,0.127050039369851,0.0912797120798356,0.409318444310574,0.372351804239739
25141,0.29381217053457,0.342684381688291,0.163514475926278,0.199988971850861
25142,0.224586806335883,0.286320879448158,0.0999774958080239,0.389114818407935
25143,0.158346597775544,0.215993182057298,0.132066804508168,0.493593415658991
25144,0.210655300446942,0.251736343001093,0.114942999324606,0.422665357227359
25145,0.357587856206613,0.169915569486521,0.12649203919476,0.346004535112106
25146,0.311987876901807,0.458134170606184,0.0555096461925267,0.174368306299483
25147,0.226295950990189,0.1424509290706,0.377180052367128,0.254073067572083
25148,0.304434177756725,0.32532261105168,0.0665411753821114,0.303702035809484
25149,0.151422753581931,0.536713674397995,0.161010925908749,0.150852646111325
25150,0.145420782246879,0.139689329007235,0.438960360373144,0.275929528372742
25151,0.0617481490233699,0.471712031375971,0.186063536410634,0.280476283190025
25152,0.405197597040891,0.116343617141088,0.125625569667491,0.35283321615053
25153,0.364699592182338,0.477189271343516,0.0693906522084238,0.0887204842657221
25154,0.258597137005022,0.158878853070087,0.386543092985505,0.195980916939386
25155,0.0992426587181001,0.594494060749754,0.0502138505315981,0.256049430000548
25156,0.157323781406261,0.617402175680439,0.0852092742513704,0.14006476866193
25157,0.159105387734637,0.525082059939715,0.128177475957124,0.187635076368524
25158,0.459794095785794,0.351514719490295,0.0595039279683856,0.129187256755525
25159,0.150967495911815,0.411738478422221,0.162916519622812,0.274377506043152
25160,0.251041783653507,0.236530247372846,0.330825776843338,0.18160219213031
25161,0.340814057413705,0.124242963048559,0.190506249772691,0.344436729765045
25162,0.341879380733597,0.206150121716705,0.0984592716318246,0.353511225917874
25163,0.158293800681864,0.135256378596663,0.538690646570821,0.167759174150652
25164,0.499630464113997,0.333213694400254,0.0571628991284769,0.109992942357272
25165,0.195600247309413,0.13101097605412,0.174864227466146,0.498524549170322
25166,0.208659178582023,0.168406207091695,0.347190989072562,0.27574362525372
25167,0.357456847683587,0.384192141564264,0.091793135542901,0.166557875209248
25168,0.247356360570982,0.373738120476826,0.0659620488547018,0.31294347009749
25169,0.255879543650796,0.223358048985149,0.116665693506531,0.404096713857524
25170,0.423093418399247,0.383253638853808,0.0576113534495041,0.136041589297441
25171,0.492285426587508,0.162585617693023,0.180732728249996,0.164396227469473
25172,0.208119975253941,0.403597752604369,0.207270833974614,0.181011438167076
25173,0.419019481662032,0.0757106613521752,0.226397428501906,0.278872428483887
25174,0.457594588763797,0.0873809421611775,0.239212207552443,0.215812261522582
25175,0.626581324937686,0.119247072187154,0.0613997170094013,0.192771885865759
25176,0.116793391686794,0.255460116327122,0.488466703156349,0.139279788829735
25177,0.245556938960558,0.227071818332405,0.28313577424658,0.244235468460457
25178,0.292725724415435,0.177281327492654,0.406357838343342,0.123635109748568
25179,0.642796151774256,0.12532707165308,0.143546599500842,0.0883301770718226
25180,0.400582561705609,0.0720624549988465,0.35031073998828,0.177044243307264
25181,0.0973360126269669,0.0795381217130189,0.716364744823884,0.106761120836131
25182,0.286857169058692,0.209271289044667,0.202604677061759,0.301266864834882
25183,0.353841439246245,0.254275407751333,0.251343559233709,0.140539593768713
25184,0.170979402589097,0.214756380441807,0.435498110249706,0.17876610671939
25185,0.303234156244182,0.18795981066189,0.312980199026424,0.195825834067503
25186,0.226596087721973,0.552874732688444,0.075187633600484,0.145341545989099
25187,0.255356976080714,0.243098794657193,0.204153062271591,0.297391166990503
25188,0.164049486822206,0.122916410255155,0.513613418259006,0.199420684663634
25189,0.411189846503808,0.189493117439314,0.219933447028812,0.179383589028066
25190,0.399379574420292,0.365990527777354,0.0656555580620594,0.168974339740295
25191,0.115295129045559,0.540629600527102,0.178014671744325,0.166060598683014
25192,0.186642032462352,0.310947092782714,0.256362555290863,0.24604831946407
25193,0.379371401624057,0.335098682983813,0.123092794140887,0.162437121251244
25194,0.22161293140859,0.351162223591517,0.281475157247691,0.145749687752202
25195,0.144652768824519,0.212601806876278,0.368054866114892,0.27469055818431
25196,0.119954692101471,0.320863141533744,0.238096243915129,0.321085922449656
25197,0.100546700244771,0.550957210332042,0.124059731736745,0.224436357686441
25198,0.231926591334946,0.398899640878068,0.092378996603266,0.27679477118372
25199,0.315487273235791,0.100809168392367,0.412490576570549,0.171212981801292
25200,0.144867504849393,0.448618940973191,0.110539424523906,0.295974129653511
25201,0.24286415698714,0.139918353646267,0.318843493995968,0.298373995370626
25202,0.25860746784651,0.143279339574834,0.358443354205646,0.239669838373011
25203,0.344372784121589,0.389562948624313,0.132184551331456,0.133879715922642
25204,0.103587885935811,0.125087594602537,0.513806402832621,0.257518116629031
25205,0.166139396588524,0.270533293721595,0.252547832667088,0.310779477022794
25206,0.195197529219985,0.399088928776856,0.205203052259921,0.200510489743238
25207,0.160170300460451,0.199599852601046,0.245659315904034,0.394570531034469
25208,0.292741271398571,0.248219542420771,0.279522525817556,0.179516660363102
25209,0.203987934713245,0.0645609221976575,0.471586063159145,0.259865079929952
25210,0.191863658614681,0.212163746433328,0.42752593034547,0.168446664606522
25211,0.091288895766014,0.305192626483305,0.394871828187419,0.208646649563262
25212,0.342112334037656,0.224896123084932,0.216368924437428,0.216622618439985
25213,0.186946090199239,0.124253047258503,0.475071991759801,0.213728870782457
25214,0.198944036922823,0.226729717813887,0.326111701425816,0.248214543837474
25215,0.387896531106202,0.210676930168208,0.215808682700792,0.185617856024798
25216,0.347135972637492,0.372610847757601,0.116569459457306,0.163683720147601
25217,0.478819230397343,0.344112838843455,0.0790024617690656,0.098065468990137
25218,0.353733655685802,0.356673882013667,0.0851722098920231,0.204420252408508
25219,0.248892433948826,0.495904824598203,0.0688141584314101,0.186388583021561
25220,0.235797646109276,0.130851048772493,0.40737729383109,0.225974011287141
25221,0.178975559511971,0.586384541762414,0.105454943207294,0.129184955518321
25222,0.194786216154168,0.29833651372318,0.403387869225599,0.103489400897053
25223,0.192354396797036,0.326991993442781,0.192691979181307,0.287961630578876
25224,0.0883273371850059,0.678567169480932,0.0960570149259051,0.137048478408157
25225,0.388042926794915,0.11368040743122,0.270637379856422,0.227639285917443
25226,0.593371644984328,0.149536949421146,0.162255848248296,0.09483555734623
25227,0.0841846260290631,0.657933303786858,0.122143114237873,0.135738955946206
25228,0.162319625704988,0.146646983349866,0.485461098394008,0.205572292551139
25229,0.101801339953292,0.163860553869593,0.504940696152676,0.22939741002444
25230,0.231340935977793,0.142904237034813,0.517055830411921,0.108698996575473
25231,0.0830258045591193,0.475043587328362,0.235716641013714,0.206213967098805
25232,0.255488337743514,0.416011646195661,0.115579537437394,0.212920478623431
25233,0.19002581371831,0.364455433107726,0.317187432411054,0.128331320762911
25234,0.243349471866501,0.24069423765006,0.421128025821851,0.094828264661588
25235,0.39734093173047,0.167112765087618,0.318063023278929,0.117483279902983
25236,0.331860459488588,0.298532253029162,0.250753123794004,0.118854163688246
25237,0.279536198885566,0.459608635964892,0.152688947033944,0.108166218115598
25238,0.327032432159195,0.211940042822687,0.327998143384066,0.133029381634052
25239,0.32636753488041,0.398841100597248,0.154118679756811,0.12067268476553
25240,0.224868544659481,0.200667693626597,0.462859695965616,0.111604065748306
25241,0.46399585582016,0.248289956826008,0.227211867106631,0.0605023202472
25242,0.21433038437159,0.280439035474842,0.351829928148402,0.153400652005165
25243,0.210471767092135,0.371424401958466,0.328117604001845,0.0899862269475549
25244,0.269350470000229,0.400871061534526,0.197715042633529,0.132063425831715
25245,0.260146997386487,0.135477324798092,0.535343088745166,0.0690325890702547
25246,0.277713507118369,0.342356797987792,0.294047064916815,0.0858826299770234
25247,0.223918813327815,0.260128159399017,0.369786870336128,0.14616615693704
25248,0.194425343593036,0.318301822018932,0.308208410537672,0.179064423850361
25249,0.226895793695244,0.472774771836742,0.233143772188159,0.0671856622798546
25250,0.299551228047148,0.314000531296903,0.28029996307657,0.106148277579379
25251,0.194760341597525,0.233483906181373,0.412111718971562,0.15964403324954
25252,0.630872171971369,0.114874511289553,0.11030256515481,0.143950751584268
25253,0.274609687147963,0.363283514725352,0.142988993905371,0.219117804221314
25254,0.358550219304744,0.220152901008403,0.0793202709099983,0.341976608776854
25255,0.494443014600658,0.223835529874408,0.0777470050965425,0.203974450428392
25256,0.115036378081839,0.691888863549217,0.0856957652153927,0.107378993153551
25257,0.206676135306715,0.230286408175136,0.398220130007271,0.164817326510878
25258,0.425685049365878,0.171288076783291,0.135954990253742,0.267071883597089
25259,0.230898493042241,0.421725688405327,0.20763120815962,0.139744610392813
25260,0.089911245984507,0.468411204488044,0.22555323588499,0.216124313642459
25261,0.44617865740483,0.211518727069782,0.242440411092481,0.099862204432907
25262,0.290741650320553,0.325410073507496,0.102529075147314,0.281319201024637
25263,0.408700512212585,0.168060811035812,0.254897973475456,0.168340703276147
25264,0.203692769251471,0.173425071491424,0.362853750177264,0.260028409079841
25265,0.592742567489249,0.215760018945969,0.0692358370302793,0.122261576534502
25266,0.183830777519653,0.462778599357231,0.226935168373658,0.126455454749459
25267,0.132842063330383,0.235896566971311,0.461356821967244,0.169904547731063
25268,0.156232807546385,0.315851432800216,0.43254219678346,0.0953735628699392
25269,0.22137188640419,0.272891823237758,0.182893413468632,0.32284287688942
25270,0.410440269707181,0.174145594671455,0.217963474257961,0.197450661363403
25271,0.0403217893618658,0.255901929196405,0.56330930341943,0.140466978022299
25272,0.196356590839267,0.25637448922835,0.261496017697422,0.285772902234961
25273,0.258529747201764,0.1982115483584,0.233625543509839,0.309633160929998
25274,0.271509651733604,0.167870221977516,0.262494851051736,0.298125275237145
25275,0.45983337119025,0.304558147584125,0.0926623235027342,0.142946157722891
25276,0.360208315442352,0.354334491275115,0.13859067893124,0.146866514351293
25277,0.135978708924456,0.0900828495025476,0.493190816281036,0.280747625291961
25278,0.381298724192458,0.350385918973583,0.0854815622317535,0.182833794602206
25279,0.501771805097348,0.123787345508247,0.0479010243197137,0.326539825074692
25280,0.14551086567328,0.14674384350587,0.589890368932304,0.117854921888545
25281,0.299110872651105,0.0477285206972187,0.534856084196994,0.118304522454683
25282,0.515829416595395,0.0884015366601327,0.130377939094039,0.265391107650434
25283,0.240919519775683,0.113181101562401,0.355504171209661,0.290395207452254
25284,0.230428456510401,0.490727498240784,0.117454418826517,0.161389626422298
25285,0.435950019699071,0.204707600422469,0.1503636325999,0.20897874727856
25286,0.499754660640226,0.142814483023463,0.141517344285634,0.215913512050678
25287,0.125078145254207,0.598185816916891,0.153983774777854,0.122752263051048
25288,0.1405669863947,0.121151726670512,0.280176574915695,0.458104712019093
25289,0.0898004873275381,0.377720152985753,0.252453658622014,0.280025701064695
25290,0.249330850844567,0.395732964673865,0.138189379074005,0.216746805407562
25291,0.413602049508184,0.176530242775485,0.138664962993402,0.27120274472293
25292,0.161155800130129,0.125260849387139,0.279144044329875,0.434439306152856
25293,0.126831293212323,0.295685320780444,0.222397311259565,0.355086074747668
25294,0.180463434371595,0.418725253623979,0.07988445888737,0.320926853117056
25295,0.195702156566461,0.130155466235854,0.288353813672646,0.385788563525038
25296,0.139547140275056,0.657970844484511,0.0743854477679227,0.128096567472511
25297,0.101092466538395,0.538356790395015,0.152220369296896,0.208330373769695
25298,0.683736634918188,0.0921673237851875,0.0529867465721859,0.171109294724439
25299,0.415248075821517,0.112375022199904,0.329312758729429,0.14306414324915
25300,0.260152743222535,0.496929491617909,0.056976581299892,0.185941183859664
25301,0.454139155851229,0.0839093249812615,0.189473438251151,0.272478080916359
25302,0.459834025340843,0.129322870085955,0.163505545354773,0.247337559218428
25303,0.130665146172777,0.48175223918221,0.228964318374278,0.158618296270736
25304,0.0756468300869855,0.138272540167951,0.565336263302718,0.220744366442345
25305,0.619572118487187,0.118785685873905,0.112893417915198,0.148748777723711
25306,0.249929230946928,0.375020762343363,0.0926658898747882,0.282384116834921
25307,0.170521170696115,0.297263920622661,0.181668081127313,0.350546827553911
25308,0.221146936993026,0.559955920112008,0.0840291047118157,0.13486803818315
25309,0.149778467094945,0.208385265406093,0.286374013666461,0.355462253832501
25310,0.439673537237766,0.306538060099573,0.0775885713243095,0.176199831338352
25311,0.352174402528794,0.232494837984414,0.298613586620289,0.116717172866504
25312,0.214414287947598,0.110343741217516,0.546123214722656,0.129118756112231
25313,0.347941035046626,0.185081039764986,0.281438283804609,0.185539641383779
25314,0.451251809534934,0.180237928893637,0.106760469329244,0.261749792242185
25315,0.448743914010692,0.202610113817992,0.235426172697065,0.113219799474252
25316,0.275560717757753,0.2320070281894,0.18985331831548,0.302578935737367
25317,0.281152892470504,0.246721689624625,0.289961400299825,0.182164017605046
25318,0.515792068438498,0.201934537325975,0.144994984145382,0.137278410090144
25319,0.348206778595335,0.440998755796826,0.0930277819015044,0.117766683706334
25320,0.186022906030955,0.173211898305425,0.43945354309188,0.201311652571739
25321,0.112465386506441,0.192105033773306,0.510530927558605,0.184898652161648
25322,0.422444373664428,0.112344696102941,0.3642091041905,0.10100182604213
25323,0.427895706624961,0.0947332589608578,0.342009012529448,0.135362021884733
25324,0.328168963649381,0.36272893348226,0.134225570454085,0.174876532414274
25325,0.29230907460622,0.455854021851287,0.0615490336414578,0.190287869901036
25326,0.208998203001283,0.140459164702599,0.347151664088677,0.303390968207441
25327,0.157717940876067,0.384220553712853,0.204329856891595,0.253731648519485
25328,0.185171414544987,0.101828970287129,0.508361214048993,0.20463840111889
25329,0.264406452053038,0.1267607147533,0.203865321417945,0.404967511775717
25330,0.12838542082637,0.199399949105624,0.421637704933157,0.250576925134848
25331,0.233361465113764,0.375319746255187,0.0749425096562818,0.316376278974767
25332,0.26317616811005,0.260625588644275,0.129366505844069,0.346831737401607
25333,0.138582965663869,0.37776050304616,0.115762453597501,0.36789407769247
25334,0.320970978725327,0.377769320772386,0.0629544115114907,0.238305288990796
25335,0.126914495869929,0.262156001678566,0.302313018642453,0.308616483809052
25336,0.120396834266034,0.286666125371374,0.401547256407021,0.191389783955571
25337,0.165662593961699,0.0955905046652799,0.418933749968827,0.319813151404194
25338,0.175740087370026,0.160724296432036,0.443437028182809,0.220098588015129
25339,0.363663725365903,0.104433944288281,0.32496815649745,0.206934173848365
25340,0.147955339546073,0.508944338983004,0.164350624196776,0.178749697274147
25341,0.103415930575539,0.569611403669449,0.126443069992128,0.200529595762884
25342,0.117265544651673,0.278623854654812,0.426355037634273,0.177755563059243
25343,0.226599110733415,0.303376565777237,0.370470857740815,0.0995534657485329
25344,0.239348670790492,0.178963557562365,0.382982617797968,0.198705153849174
25345,0.205500726357475,0.275071102316945,0.315649253540723,0.203778917784857
25346,0.323667366193784,0.0902410212555486,0.313911716321666,0.272179896229001
25347,0.477893514939931,0.263568804862435,0.109067197708488,0.149470482489146
25348,0.349530766697316,0.194586629973586,0.193008758859272,0.262873844469825
25349,0.172855739304939,0.197382483212753,0.488244900766578,0.14151687671573
25350,0.412430644104406,0.183238580182403,0.215522439130091,0.188808336583099
25351,0.274638212349262,0.16361722523995,0.329825400673156,0.231919161737632
25352,0.290079965194763,0.214296854956666,0.141731767106675,0.353891412741896
25353,0.21003167894203,0.148975494033047,0.325800289041878,0.315192537983044
25354,0.453799827315636,0.134419948748648,0.296596949257588,0.115183274678129
25355,0.164562012566595,0.398361856911091,0.126737603461372,0.310338527060942
25356,0.183082463154701,0.216581949646165,0.254379008363018,0.345956578836116
25357,0.211847887621818,0.345699004327329,0.313936883203469,0.128516224847385
25358,0.358440161336633,0.227523470915788,0.245194411314001,0.168841956433578
25359,0.412602784599421,0.107297315934542,0.356384205540422,0.123715693925616
25360,0.164432269020118,0.244815564375654,0.363527797087746,0.227224369516482
25361,0.302325599209903,0.141161894839726,0.399308440812691,0.15720406513768
25362,0.148616706562391,0.144425680418498,0.503067724093903,0.203889888925208
25363,0.161195476800551,0.340582877994996,0.214699286993495,0.283522358210958
25364,0.187406342009078,0.197752679985926,0.388491400220351,0.226349577784645
25365,0.389976904919775,0.0971395943361283,0.192344264609083,0.320539236135015
25366,0.177443881536819,0.308813441438135,0.300187517748596,0.21355515927645
25367,0.133157185585632,0.430773302561051,0.272406799723648,0.163662712129669
25368,0.344055151101926,0.46124201874787,0.103008680356967,0.0916941497932363
25369,0.335460755203948,0.170774864443679,0.340961731039012,0.152802649313361
25370,0.212775679360728,0.27249269861772,0.348748865883143,0.165982756138409
25371,0.178956796678332,0.537984910225722,0.148141950523338,0.134916342572608
25372,0.439925432077835,0.0768032408300914,0.393515873672812,0.0897554534192621
25373,0.135424128149921,0.425222921085473,0.283577404449405,0.155775546315201
25374,0.131327323402808,0.285214642224092,0.481947128577962,0.101510905795138
25375,0.187806390053401,0.515458861110544,0.180115257283463,0.116619491552593
25376,0.26280100820625,0.2202252492813,0.326709239330884,0.190264503181567
25377,0.20557849032172,0.431401130485051,0.226737761383254,0.136282617809976
25378,0.371723316073127,0.180119344622778,0.331405004194018,0.116752335110077
25379,0.265225682306261,0.461814674819361,0.167204692868463,0.105754950005916
25380,0.197700551860593,0.475592816233691,0.197311755588058,0.129394876317658
25381,0.214239592571014,0.327180187812019,0.207710096006859,0.250870123610109
25382,0.443306536419617,0.194057136908488,0.21309836101616,0.149537965655736
25383,0.108740689706377,0.5875819334511,0.214204305309009,0.0894730715335135
25384,0.207257973189138,0.204362574397158,0.410442966538611,0.177936485875093
25385,0.122666020527731,0.147258638184715,0.538321409159308,0.191753932128246
25386,0.35523081174017,0.206645666297263,0.169820608447943,0.268302913514624
25387,0.299690644896916,0.132052710045377,0.242535082975565,0.325721562082142
25388,0.225883326814102,0.246880038002622,0.41337182504696,0.113864810136316
25389,0.261285913514224,0.364390665170282,0.205836452152669,0.168486969162824
25390,0.177578571509601,0.21955446287222,0.494760365945782,0.108106599672398
25391,0.212927242923716,0.260072086791101,0.307820723795306,0.219179946489876
25392,0.227575550751176,0.113017291156029,0.508275444050231,0.151131714042564
25393,0.131623267059323,0.479829838896943,0.243899813696742,0.144647080346993
25394,0.137650115196406,0.23258359776615,0.558960920263421,0.0708053667740232
25395,0.167093007134186,0.23195521578224,0.367366172425276,0.233585604658299
25396,0.193257135699001,0.507696272585892,0.17443202111689,0.124614570598218
25397,0.186661172525672,0.185839194108803,0.496314930371643,0.131184702993882
25398,0.271149043103818,0.159423911176417,0.359190701388601,0.210236344331165
25399,0.232762704892551,0.245888529158643,0.279856277031758,0.241492488917048
25400,0.127246128144142,0.38113619068611,0.31762445564086,0.173993225528888
25401,0.233816683221553,0.227979980270519,0.288438588421989,0.249764748085939
25402,0.387845080908833,0.173048171193941,0.264530913707261,0.174575834189964
25403,0.167842923157128,0.336326954601629,0.366309720344164,0.129520401897079
25404,0.285799012670262,0.196046561574241,0.306202618065883,0.211951807689614
25405,0.377664344934205,0.269447254710566,0.22443617127953,0.128452229075699
25406,0.212485510226065,0.296633982147637,0.249064296690994,0.241816210935304
25407,0.21826459960868,0.13458347752723,0.3925278858735,0.25462403699059
25408,0.270948044293638,0.319811294192921,0.187029418007764,0.222211243505677
25409,0.274941847120287,0.123282935030069,0.496053335562486,0.105721882287158
25410,0.0738830293360042,0.298771760037671,0.46557710843713,0.161768102189195
25411,0.173733313600142,0.243135128078602,0.248234588645348,0.334896969675908
25412,0.410005640023537,0.229236829092556,0.228607109687389,0.132150421196518
25413,0.598992791476813,0.18838865359859,0.111882392647574,0.100736162277023
25414,0.144993762690384,0.172318999847841,0.56541522951484,0.117272007946935
25415,0.152185637637828,0.207366456900293,0.41189089779852,0.228557007663359
25416,0.273179307616292,0.264050952678978,0.280696663478366,0.182073076226365
25417,0.142653142327762,0.254107193902745,0.494864613927739,0.108375049841755
25418,0.139305644527744,0.502097603245134,0.181105720927641,0.177491031299482
25419,0.20230604485181,0.259448330566747,0.453033111204561,0.0852125133768816
25420,0.191585565252157,0.309606930197148,0.295769665918767,0.203037838631928
25421,0.319787983307646,0.311856243605077,0.28730509476793,0.0810506783193473
25422,0.322135527213224,0.231389153091092,0.153582719503392,0.292892600192293
25423,0.451689282673753,0.0834365652071982,0.246503881012998,0.218370271106051
25424,0.164864763942354,0.171518510062984,0.447349312340598,0.216267413654064
25425,0.173419417961348,0.10421677729686,0.520001527931649,0.202362276810143
25426,0.205956586786566,0.488268372859022,0.0942455135374974,0.211529526816915
25427,0.190097745457178,0.225752933112914,0.312256805989945,0.271892515439963
25428,0.128374976472644,0.0681526223637027,0.510736669837226,0.292735731326428
25429,0.31104557630143,0.0883804279543842,0.310506722572379,0.290067273171807
25430,0.519950371734302,0.0939694826226301,0.235296372667749,0.150783772975319
25431,0.107418438775807,0.523126412433063,0.21106774360118,0.15838740518995
25432,0.31854363014264,0.138591887834409,0.225178355208457,0.317686126814494
25433,0.0749473665657988,0.108962785151547,0.50870216969752,0.307387678585134
25434,0.396699968940474,0.113860521048237,0.265043717435122,0.224395792576167
25435,0.427954792213121,0.275069948035034,0.143285947732975,0.15368931201887
25436,0.168649879939731,0.47573353004427,0.0597318520929831,0.295884737923016
25437,0.405407411933699,0.274428017824403,0.147781153252257,0.172383416989641
25438,0.263474729030378,0.200698484208791,0.38740972750092,0.148417059259912
25439,0.161813847404458,0.115924816203188,0.430156498192543,0.292104838199811
25440,0.102441854010816,0.0794038478337722,0.581651644772777,0.236502653382635
25441,0.383206189388678,0.20618049098394,0.169476552554226,0.241136767073156
25442,0.0793600960040249,0.0622249243051309,0.543503881645518,0.314911098045327
25443,0.395451336272589,0.248856436549491,0.0834114817726366,0.272280745405284
25444,0.0993167785075754,0.179890346930273,0.282721213490399,0.438071661071753
25445,0.206083076637524,0.447152027765446,0.149456816150158,0.197308079446872
25446,0.404603470381776,0.158312664209659,0.0964349287588955,0.34064893664967
25447,0.158085578199391,0.282174818227202,0.129287462647261,0.430452140926147
25448,0.358924989215419,0.283863324785068,0.0805456704702682,0.276666015529245
25449,0.0961508291131429,0.43913177414569,0.115827005613526,0.348890391127642
25450,0.522534266701209,0.168353950681173,0.157258693047359,0.151853089570259
25451,0.276591790317777,0.46308549481982,0.128285654504901,0.132037060357503
25452,0.572680529492193,0.159145315946002,0.0468715373930553,0.22130261716875
25453,0.111387211307022,0.127948427572892,0.160925751421468,0.599738609698619
25454,0.290275320688303,0.115373590755245,0.384557671997474,0.209793416558978
25455,0.362873723440832,0.171618501346872,0.131914217097539,0.333593558114758
25456,0.181925504187407,0.156049890451099,0.22105973118025,0.440964874181244
25457,0.13692505269507,0.193036324684684,0.471982171966512,0.198056450653734
25458,0.479623671987084,0.134399608878632,0.167458783406793,0.218517935727492
25459,0.675946778320916,0.0586340907433774,0.11452069501738,0.150898435918326
25460,0.108945615682457,0.279407024019128,0.470505682567735,0.141141677730681
25461,0.0468568818169164,0.084515297820651,0.323384384188887,0.545243436173546
25462,0.102145722825396,0.3296538980237,0.0385451767983624,0.529655202352542
25463,0.31496542294737,0.0595437058483518,0.156102033862812,0.469388837341466
25464,0.0316214519119345,0.387842520204013,0.24774042795256,0.332795599931493
25465,0.637709457797908,0.131439720215222,0.0486479485226011,0.182202873464268
25466,0.0656860687567946,0.158030185986967,0.597641701806512,0.178642043449726
25467,0.158171719801315,0.172015526145134,0.0593042735940988,0.610508480459452
25468,0.125196923133436,0.330430942283381,0.231988110256245,0.312384024326938
25469,0.159930446331144,0.515203821563744,0.0354482480380512,0.289417484067061
25470,0.145730356008473,0.187913465608389,0.495940774690919,0.170415403692218
25471,0.0451734517512643,0.31549416391484,0.0532793853782941,0.586052998955601
25472,0.150056727281608,0.153873988240559,0.134279902825505,0.561789381652328
25473,0.322094533007095,0.122992433225018,0.261270557316201,0.293642476451686
25474,0.175516877536296,0.447938032544864,0.0354112271776908,0.34113386274115
25475,0.104179398096764,0.439058144406892,0.130186043280914,0.32657641421543
25476,0.238836572633257,0.319229991485975,0.0272396317822606,0.414693804098507
25477,0.158171415343099,0.110676009794131,0.271025676211452,0.460126898651318
25478,0.080323258678512,0.266884483586768,0.0461752683389321,0.606616989395788
25479,0.0321167735088548,0.0254687346036845,0.716827137083284,0.225587354804177
25480,0.232249383019156,0.113423330417064,0.29743823744008,0.3568890491237
25481,0.154819133905652,0.591065931364388,0.0743157761957336,0.179799158534226
25482,0.330030290021239,0.19331038712374,0.329842636810551,0.14681668604447
25483,0.262814467987229,0.365110231899756,0.251344210172287,0.120731089940728
25484,0.258731024298723,0.122679345663961,0.249187670745642,0.369401959291674
25485,0.489712663576529,0.160513494050518,0.180119107866262,0.169654734506692
25486,0.223158179870147,0.216764229694654,0.35210525124239,0.20797233919281
25487,0.27984357059359,0.149918339190692,0.20490602852534,0.365332061690378
25488,0.306010330695511,0.179457352623759,0.184461387876602,0.330070928804128
25489,0.265057112472015,0.305810177223702,0.20417278819131,0.224959922112973
25490,0.143316043805766,0.149707465088776,0.564161121215479,0.142815369889978
25491,0.168897937507142,0.336118316354329,0.164843715422711,0.330140030715819
25492,0.406768646483318,0.216063784748338,0.237590034949911,0.139577533818433
25493,0.11030298815027,0.122441056330062,0.267316685537011,0.499939269982657
25494,0.414546490634993,0.260034532855866,0.122592847956418,0.202826128552724
25495,0.398787867699449,0.13135745558362,0.268327673237407,0.201527003479525
25496,0.110645199389458,0.202791017791584,0.558441736887827,0.128122045931131
25497,0.0911769327359265,0.0942797779400423,0.658265114646224,0.156278174677807
25498,0.610722787433586,0.0875375560926955,0.0961909237269893,0.205548732746729
25499,0.128571246684798,0.185966833339942,0.497781820151549,0.187680099823711
25500,0.575599137234279,0.0849456275475908,0.187629297474497,0.151825937743634
25501,0.170356975793437,0.406102411015573,0.22459268667149,0.1989479265195
25502,0.353775037811853,0.103514100677189,0.414144947884289,0.128565913626669
25503,0.105895785120198,0.135748478483289,0.490024390037813,0.2683313463587
25504,0.30347209203757,0.504317639058945,0.0768570322175882,0.115353236685897
25505,0.169804135704105,0.347284626035073,0.254944675728329,0.227966562532493
25506,0.228250612825163,0.180117942835857,0.400839551954814,0.190791892384166
25507,0.213583995165028,0.261618119203358,0.157595699056588,0.367202186575026
25508,0.0702784445375001,0.565403202064835,0.254765864625744,0.109552488771921
25509,0.402613167245131,0.135673364466768,0.27523098717875,0.186482481109352
25510,0.303005028528949,0.204122977607609,0.266180261753842,0.2266917321096
25511,0.57942204159559,0.108330593079456,0.113841987916279,0.198405377408675
25512,0.380634971212141,0.164197007363475,0.298463286700746,0.156704734723638
25513,0.174104836821422,0.260524519412876,0.232207034977026,0.333163608788676
25514,0.171393120397542,0.318093029359091,0.34428446307911,0.166229387164257
25515,0.139577060064213,0.394813255916975,0.149033811602516,0.316575872416296
25516,0.205244510219262,0.456872740131653,0.101473013326086,0.236409736322999
25517,0.297631602250039,0.22275441203756,0.239919147224022,0.239694838488379
25518,0.36331399231382,0.225744611622487,0.230100467240574,0.18084092882312
25519,0.23106201994896,0.406177872261116,0.254915646911427,0.107844460878498
25520,0.19598000119962,0.319637148469353,0.377002062123304,0.107380788207723
25521,0.313596774873638,0.318745575565726,0.131162117419248,0.236495532141388
25522,0.208822620824937,0.365770665384003,0.211813220040245,0.213593493750816
25523,0.578013495105718,0.105771672248167,0.169165851643798,0.147048981002316
25524,0.233335262030619,0.23022754664701,0.349916642756766,0.186520548565605
25525,0.39989341782861,0.224804136762236,0.12987206161658,0.245430383792574
25526,0.256783127694715,0.475033879510344,0.1390570029778,0.129125989817141
25527,0.308062344238371,0.256097895025341,0.253336637774849,0.182503122961439
25528,0.428207334627238,0.126399120441809,0.310775183434836,0.134618361496117
25529,0.424613102747567,0.168528145791701,0.265424350270085,0.141434401190647
25530,0.223973863275978,0.452783602019737,0.154712557526861,0.168529977177423
25531,0.0738254668395706,0.196487527562422,0.649272791765295,0.0804142138327132
25532,0.152031905308635,0.489753176925254,0.251982036853475,0.106232880912636
25533,0.331012253836411,0.160932161987735,0.400612339755261,0.107443244420592
25534,0.148345885251134,0.435077907163578,0.268819733823273,0.147756473762015
25535,0.300728213225111,0.443892847272374,0.0996221716414426,0.155756767861073
25536,0.100722174028459,0.346104298652543,0.387807605214209,0.165365922104789
25537,0.153158155556871,0.244733898368964,0.357041036673341,0.245066909400824
25538,0.473678656833855,0.156438692273641,0.19315949491611,0.176723155976394
25539,0.437070973326375,0.249045674796684,0.191580815588229,0.122302536288712
25540,0.131450586906646,0.135875933158167,0.60307569017938,0.129597789755807
25541,0.413901120679937,0.289994444865835,0.190546184374023,0.105558250080205
25542,0.200139334205792,0.32703815095352,0.200570659663851,0.272251855176838
25543,0.293746365722183,0.157760626875348,0.387042195925686,0.161450811476783
25544,0.310500237439351,0.437472679384197,0.0641347720335573,0.187892311142895
25545,0.385455433012329,0.202967628904674,0.255695256615285,0.155881681467712
25546,0.282417945185652,0.482651835084134,0.10239003394797,0.132540185782245
25547,0.14753787699047,0.22283304353984,0.494454198641314,0.135174880828376
25548,0.222134270714861,0.231957662869586,0.308801928694092,0.237106137721461
25549,0.17935159193527,0.124720521449953,0.467587161297809,0.228340725316968
25550,0.245203986421023,0.17212470774547,0.177770109158,0.404901196675507
25551,0.27308230658042,0.180358255321852,0.235918825400946,0.310640612696782
25552,0.214403490385371,0.350581973717408,0.254003030786164,0.181011505111058
25553,0.148799799145207,0.489114697241922,0.202955208925947,0.159130294686925
25554,0.114714003449678,0.551473102600733,0.169654460737369,0.164158433212221
25555,0.470280622421295,0.16042876959279,0.115874659643799,0.253415948342116
25556,0.311224080475727,0.480563374541667,0.114876036376773,0.0933365086058329
25557,0.404616345279405,0.321325922494321,0.166188290779076,0.107869441447199
25558,0.4586162021852,0.190828559505758,0.129871460618036,0.220683777691005
25559,0.532583812622587,0.182850625654187,0.192208995227072,0.0923565664961545
25560,0.339486781705438,0.389921137042641,0.0941720827547785,0.176419998497143
25561,0.265146122094546,0.388974418221029,0.136866162550285,0.209013297134141
25562,0.221787351054647,0.239585126825044,0.360358754956205,0.178268767164104
25563,0.421743886248349,0.198529302047729,0.271535402431178,0.108191409272745
25564,0.113550408855144,0.160055590624258,0.618493956012482,0.107900044508115
25565,0.393625991810335,0.0884639552849165,0.262057285853565,0.255852767051184
25566,0.111179922377513,0.445913885557738,0.216290193792061,0.226615998272688
25567,0.0686743938593359,0.401420911176165,0.353399068859011,0.176505626105488
25568,0.422339514392661,0.334965461486825,0.155153769830779,0.0875412542897348
25569,0.287380229191061,0.237086989379977,0.390243064559262,0.0852897168697001
25570,0.349422756420106,0.186263877017386,0.295779244006783,0.168534122555725
25571,0.307323636835168,0.228028470541078,0.211935630205055,0.252712262418699
25572,0.484705119091522,0.137594002097337,0.174017128814801,0.203683749996341
25573,0.156909921975174,0.624221856151547,0.121828475573675,0.0970397462996046
25574,0.160688027909216,0.0924350194940777,0.51271886552728,0.234158087069426
25575,0.402250146850814,0.177462590517014,0.268633058906664,0.151654203725508
25576,0.380102415123593,0.156938584397604,0.306570970789904,0.1563880296889
25577,0.322593276589164,0.135843759827279,0.237018018742104,0.304544944841453
25578,0.432306398103642,0.288744091389157,0.107168473783905,0.171781036723295
25579,0.570313717574514,0.17666478241416,0.126310077194746,0.12671142281658
25580,0.26597156620302,0.344517664643718,0.181075974579625,0.208434794573637
25581,0.444669433351545,0.196710954753175,0.112264253727758,0.246355358167522
25582,0.126706409610457,0.194294613329416,0.163743829814327,0.5152551472458
25583,0.431717636548728,0.0859657266229165,0.379144139944347,0.103172496884008
25584,0.243003516360907,0.319405436505917,0.17714492521897,0.260446121914206
25585,0.202060152012262,0.3113243767834,0.166663104734783,0.319952366469555
25586,0.122859919879288,0.213056181351392,0.562083272834518,0.102000625934802
25587,0.571368086145416,0.211467523101612,0.111848875239294,0.105315515513678
25588,0.275529686893382,0.239674505548214,0.195562576950224,0.28923323060818
25589,0.482836004411265,0.262590583045292,0.133928318572862,0.120645093970581
25590,0.21534309137629,0.290490550534366,0.161426320231783,0.332740037857561
25591,0.179886632134397,0.339823127755267,0.221083099300178,0.259207140810159
25592,0.377060588401056,0.448053625009549,0.047114829944945,0.12777095664445
25593,0.189542595005199,0.393076574175532,0.266903908845283,0.150476921973985
25594,0.23777092233776,0.287348038474479,0.234380325528026,0.240500713659735
25595,0.350710911028275,0.338081312193312,0.134069900630688,0.177137876147724
25596,0.0972657333525982,0.0536475776191277,0.64626445413909,0.202822234889184
25597,0.361209376385412,0.151688196419024,0.114330094462191,0.372772332733373
25598,0.257897092198564,0.305739224221446,0.181022390600609,0.255341292979381
25599,0.20960767668023,0.152983721668422,0.43222650584973,0.205182095801618
25600,0.15315059803074,0.112707841040774,0.567591128601589,0.166550432326897
25601,0.521501917665014,0.0402345427890573,0.310801316406815,0.127462223139114
25602,0.282298498523835,0.115178781798162,0.251230443987719,0.351292275690284
25603,0.562160298387159,0.233662690824199,0.0848323593217838,0.119344651466858
25604,0.154564011790781,0.563298111310367,0.203619062191774,0.0785188147070771
25605,0.130700327946471,0.110050009529493,0.2806763511004,0.478573311423636
25606,0.123107452970752,0.594282409607362,0.136784411417396,0.14582572600449
25607,0.321896440427271,0.376337260345015,0.0892660861866475,0.212500213041067
25608,0.127797686032017,0.28266523367755,0.299437792507233,0.2900992877832
25609,0.585609827978431,0.140764765756415,0.0984647782657491,0.175160627999405
25610,0.346615119739387,0.176001560882404,0.181864796239123,0.295518523139086
25611,0.119422417956584,0.354453980680772,0.364325114533087,0.161798486829557
25612,0.160055981765858,0.28193154837373,0.44034345361355,0.117669016246862
25613,0.478364930527346,0.142220109905966,0.23847778955766,0.140937170009028
25614,0.355818694983525,0.213801804503317,0.202696365345549,0.227683135167609
25615,0.341088356662835,0.344709616074776,0.18773333484363,0.126468692418759
25616,0.119228129309835,0.379562008319732,0.298424975815962,0.202784886554471
25617,0.545443887171454,0.113890406526543,0.23966834679861,0.100997359503393
25618,0.158991010396772,0.173093055092331,0.565166754919149,0.102749179591748
25619,0.222265166447519,0.107112391519419,0.477279876092877,0.193342565940184
25620,0.203672685025663,0.111755719006034,0.466548368670343,0.21802322729796
25621,0.167229050853498,0.0731146349644555,0.640960623094332,0.118695691087715
25622,0.324171977291901,0.181273267577808,0.346180194528559,0.148374560601732
25623,0.195216538526958,0.464939438390597,0.157569210703105,0.182274812379341
25624,0.278069094224363,0.202353492704358,0.297515529898964,0.222061883172315
25625,0.202850508791699,0.261297318017268,0.250005901096213,0.28584627209482
25626,0.25551110024668,0.413763906462383,0.162382364429901,0.168342628861036
25627,0.306357926560586,0.309529072372892,0.204857516211291,0.179255484855232
25628,0.157238300969901,0.343068663391317,0.315259903091364,0.184433132547419
25629,0.318093330173483,0.353204022025163,0.240796271727806,0.0879063760735488
25630,0.252726942661366,0.494446843049547,0.0946828145440723,0.158143399745015
25631,0.25712612062043,0.224566179266686,0.327951673516775,0.19035602659611
25632,0.18132323275462,0.366690307669298,0.340632973736491,0.111353485839591
25633,0.129970458805744,0.209920840924221,0.302256848713646,0.357851851556389
25634,0.443773334373179,0.16968929031383,0.172305697282885,0.214231678030105
25635,0.558579293239295,0.179661835618549,0.0782819024579991,0.183476968684157
25636,0.368029020448729,0.198012898138613,0.215915295359323,0.218042786053335
25637,0.292925086077192,0.192718403968026,0.273840807870473,0.240515702084309
25638,0.239652085553757,0.304935155099309,0.124629800194683,0.330782959152251
25639,0.209879787347482,0.41684668464802,0.148699097289677,0.224574430714822
25640,0.272601811560957,0.193876944256254,0.252253566382449,0.281267677800341
25641,0.207452396016504,0.314367797377252,0.317708225974707,0.160471580631537
25642,0.0674427742292954,0.517063210299481,0.160679894795096,0.254814120676127
25643,0.185334545345979,0.594537059959588,0.082800163703689,0.137328230990744
25644,0.571742255030995,0.0945629598107848,0.13786808657836,0.19582669857986
25645,0.0917983955064737,0.698615196613401,0.0835229032232015,0.126063504656924
25646,0.296663290206048,0.111555983251041,0.472184635638733,0.119596090904178
25647,0.189724068411514,0.206639156534356,0.364574598535669,0.239062176518461
25648,0.244592888544692,0.136547398377243,0.339976481406,0.278883231672064
25649,0.252637205804238,0.436278931085522,0.151667243826969,0.159416619283271
25650,0.113255416689356,0.119445941084861,0.49402761261625,0.273271029609532
25651,0.38581247610593,0.319434589454923,0.180328988629802,0.114423945809345
25652,0.444548678892275,0.140319056585925,0.0858649263345954,0.329267338187205
25653,0.157256011420351,0.34063681858905,0.318832602740902,0.183274567249697
25654,0.0789405870327719,0.465661348842697,0.247982000457966,0.207416063666565
25655,0.0955904972972893,0.084296266616053,0.647934057696415,0.172179178390243
25656,0.412347905133621,0.263298863021324,0.0920528233788536,0.232300408466201
25657,0.243940753681607,0.432202645440313,0.139205747831802,0.184650853046277
25658,0.342303094619686,0.440623174172084,0.0604158671730147,0.156657864035215
25659,0.538730081940053,0.12971885867788,0.197820689015069,0.133730370366998
25660,0.173193237081127,0.600215649396945,0.0949435473353553,0.131647566186573
25661,0.198422332435457,0.0844545776834865,0.316165190643931,0.400957899237126
25662,0.372907296734229,0.370870805014822,0.0428334792312883,0.213388419019661
25663,0.165692363438861,0.125641540333546,0.214631618550761,0.494034477676832
25664,0.0538499311642317,0.505174353856875,0.260378485116119,0.180597229862775
25665,0.0667748277811078,0.312645239180978,0.301247134532666,0.319332798505249
25666,0.190523450585465,0.16468052925161,0.240341918758927,0.404454101403998
25667,0.67298899026647,0.0713406959933309,0.105475599868179,0.15019471387202
25668,0.234976964305302,0.198674108347613,0.0804768297611696,0.485872097585915
25669,0.0734856012430054,0.485546569837662,0.146629009171395,0.294338819747937
25670,0.479253865540927,0.289451972995658,0.100426907484372,0.130867253979043
25671,0.196485782246015,0.402789390978314,0.303057006048782,0.0976678207268895
25672,0.107579898237034,0.395296302331566,0.225904243900493,0.271219555530907
25673,0.113008216663738,0.461403949498878,0.132262111381315,0.293325722456069
25674,0.419428855640119,0.192028693902454,0.190760918919919,0.197781531537508
25675,0.298373210701959,0.149707214812009,0.310311234953895,0.241608339532136
25676,0.169365506477375,0.597571170545856,0.0933484494459676,0.139714873530802
25677,0.473181631735661,0.264198830004326,0.0621979564102141,0.200421581849799
25678,0.158500366026908,0.306774389364965,0.315556607485934,0.219168637122192
25679,0.144909894377842,0.570538389219598,0.0746377755677235,0.209913940834837
25680,0.0898575087071952,0.621303981366458,0.18034375438751,0.108494755538837
25681,0.113244135335378,0.373043808194974,0.22182898257084,0.291883073898808
25682,0.259758816995426,0.227509367977213,0.221651500947635,0.291080314079726
25683,0.38603600120352,0.282808322461455,0.192750588309616,0.138405088025408
25684,0.0645750402139943,0.535212517815195,0.172088421444219,0.228124020526592
25685,0.175683378154348,0.406760239323323,0.135552644978807,0.282003737543523
25686,0.110361593959592,0.307268998370315,0.370634001178826,0.211735406491266
25687,0.172572666870433,0.607348953620026,0.101863933996668,0.118214445512874
25688,0.192499883683291,0.365544019365594,0.323608024423844,0.118348072527272
25689,0.610197512657996,0.101961310306871,0.211950865073942,0.0758903119611908
25690,0.160751993507367,0.51201530433451,0.221831892749213,0.10540080940891
25691,0.198592657260354,0.192052498452002,0.52666702040224,0.0826878238854045
25692,0.350960324736964,0.263962795766981,0.155687258588277,0.229389620907777
25693,0.177715813758431,0.364547681804023,0.345135487450642,0.112601016986904
25694,0.380423860974645,0.158254189964035,0.281583816602728,0.179738132458593
25695,0.369755625969783,0.336727814648158,0.158992128221052,0.134524431161007
25696,0.196201065777099,0.417884238840616,0.302201760728959,0.0837129346533254
25697,0.117624242845901,0.249407875196124,0.523688836917419,0.109279045040556
25698,0.198444943228115,0.35007331595261,0.28313695931903,0.168344781500245
25699,0.288606352631783,0.196226042939631,0.36591059771454,0.149257006714046
25700,0.27309361883336,0.217698226297806,0.386426253204512,0.122781901664322
25701,0.267807114417562,0.512468562573254,0.131761436917041,0.0879628860921428
25702,0.143299548128728,0.299175429119563,0.443532140440243,0.113992882311466
25703,0.283218915095673,0.339310479832072,0.212368556806236,0.165102048266019
25704,0.51590473448406,0.185458580027432,0.198846070888808,0.0997906145996999
25705,0.0983762393431096,0.289761101963614,0.490754098454216,0.121108560239061
25706,0.474713251339147,0.208231282573708,0.220295761018422,0.096759705068723
25707,0.35487923447608,0.381970189273651,0.148837214728108,0.114313361522162
25708,0.351662177062612,0.0650602330345712,0.485797928829628,0.0974796610731896
25709,0.295968360518439,0.250751081475282,0.368610707599023,0.0846698504072559
25710,0.179375105639552,0.246266135028657,0.425752128898604,0.148606630433187
25711,0.376686581307407,0.162629800356663,0.329076699993731,0.131606918342199
25712,0.391798848233508,0.228672559526088,0.217775323913852,0.161753268326552
25713,0.36312640975819,0.226223872898868,0.340163812329104,0.0704859050138378
25714,0.350270434952726,0.205380814285225,0.274340491626075,0.170008259135974
25715,0.323389489233773,0.272088779526891,0.33053262967513,0.0739891015642064
25716,0.300608034053566,0.222594447898758,0.351479523826494,0.125317994221182
25717,0.190354818303792,0.417478925893302,0.202963018306063,0.189203237496843
25718,0.398522317620795,0.193400393873895,0.192138579568352,0.215938708936958
25719,0.448687298046766,0.277606821266704,0.18523966403269,0.0884662166538401
25720,0.229999891202608,0.262428239792488,0.347341610844884,0.16023025816002
25721,0.312883013527799,0.19479668312916,0.407804583540125,0.0845157198029166
25722,0.19339601836775,0.3103586295578,0.227110076708687,0.269135275365763
25723,0.210217669749306,0.256052187671561,0.429032450160986,0.104697692418148
25724,0.355198080128859,0.190799452828385,0.250389819068356,0.203612647974401
25725,0.27229239750614,0.239415090096414,0.398900639693462,0.0893918727039844
25726,0.330454234601243,0.301772844897249,0.219029901895201,0.148743018606307
25727,0.132667244742227,0.264647456941174,0.483547736191396,0.119137562125203
25728,0.261869616860881,0.2558634138228,0.272662747348872,0.209604221967447
25729,0.297041395085759,0.200009345879509,0.394584892570103,0.108364366464629
25730,0.632461776700784,0.137528645025282,0.148438235161643,0.081571343112292
25731,0.416191446684203,0.084082309741054,0.34409995270555,0.155626290869193
25732,0.109594031013764,0.0983108451309738,0.701088039073623,0.0910070847816389
25733,0.305055960642956,0.229741856280271,0.203333916995898,0.261868266080876
25734,0.355714006713936,0.273340043491457,0.250329377584648,0.120616572209958
25735,0.185379646250316,0.234776393963613,0.428486593719591,0.151357366066481
25736,0.316634477709933,0.207771710757388,0.301756738667076,0.173837072865604
25737,0.234222364766644,0.574801005058205,0.0730693642190446,0.117907265956107
25738,0.269711727604803,0.265148271928133,0.202387842235306,0.262752158231757
25739,0.177325245239012,0.139495760161419,0.508236280917709,0.17494271368186
25740,0.421639901875943,0.208400815139177,0.214304424527356,0.155654858457524
25741,0.403897639614325,0.389230539110863,0.0647663307171216,0.14210549055769
25742,0.128139922124131,0.557196858114119,0.171369436186546,0.143293783575204
25743,0.184947520151251,0.337057108334136,0.267307717050195,0.210687654464419
25744,0.398455682497021,0.353381220073807,0.111817582222343,0.136345515206829
25745,0.232847939319392,0.371162059264918,0.273210260599489,0.122779740816201
25746,0.648648846759324,0.102762319028051,0.169501008464334,0.0790878257482908
25747,0.530748171057335,0.245554569226155,0.0883863412892515,0.135310918427258
25748,0.102443530659431,0.562939628853861,0.13218886259494,0.202427977891768
25749,0.461013125880672,0.202583811006418,0.172660256927632,0.163742806185278
25750,0.256771021011857,0.164641746344961,0.471223550898248,0.107363681744935
25751,0.20037646673681,0.246644576953758,0.428895495719128,0.124083460590305
25752,0.275872004580909,0.186357398688611,0.2845920887157,0.25317850801478
25753,0.332376417538476,0.143326581226324,0.386633325843578,0.137663675391622
25754,0.62186766888049,0.0889491259088803,0.135651022188777,0.153532183021852
25755,0.265859236615729,0.132779022927885,0.277907321973143,0.323454418483243
25756,0.345778774082247,0.487477779313868,0.0778567256381776,0.0888867209657079
25757,0.264583563768336,0.181265150674085,0.206871542702684,0.347279742854895
25758,0.242613577469823,0.109823057211677,0.349370212541674,0.298193152776826
25759,0.301642766483024,0.482724274022986,0.0907979613861837,0.124834998107806
25760,0.507161227913014,0.176556411249898,0.214493188432424,0.101789172404664
25761,0.18577692917575,0.341429865585299,0.156737493184647,0.316055712054304
25762,0.206723559141156,0.447499384964584,0.155408074412125,0.190368981482136
25763,0.33467016943563,0.21530480488014,0.274216267768925,0.175808757915305
25764,0.395694991570921,0.135281464478212,0.234676087802985,0.234347456147883
25765,0.339703467440299,0.146689513368553,0.300692955138193,0.212914064052954
25766,0.0945783113875219,0.550386577262849,0.214331388595572,0.140703722754057
25767,0.436989060928772,0.259265807664307,0.0955472279151894,0.208197903491731
25768,0.333031114686576,0.206534798520954,0.134343565701657,0.326090521090813
25769,0.452886754706556,0.263884016765977,0.130947262339894,0.152281966187573
25770,0.223565643736164,0.158098371571722,0.320867169741484,0.29746881495063
25771,0.0941584135437553,0.472294648356213,0.281165562019455,0.152381376080577
25772,0.154311833370547,0.318542847745467,0.216375799347312,0.310769519536674
25773,0.434501087966867,0.150931607828221,0.116491011505377,0.298076292699534
25774,0.220371733969343,0.236773649104072,0.437424619900199,0.105429997026387
25775,0.332082357370676,0.0997119977161949,0.470190177854226,0.0980154670589035
25776,0.296836632195164,0.11654340025246,0.216587591791801,0.370032375760575
25777,0.126572231405188,0.145230558755063,0.593459025720961,0.134738184118789
25778,0.312423510805437,0.432320015691307,0.0939200659544818,0.161336407548774
25779,0.313554819457379,0.353507296044058,0.105179570724707,0.227758313773857
25780,0.126581248104532,0.306546405034141,0.345762075188889,0.221110271672438
25781,0.443860109104419,0.23540140308019,0.0781987934687118,0.242539694346679
25782,0.135411876736472,0.458197657286416,0.0463288906399928,0.360061575337119
25783,0.356895580859743,0.181035576896129,0.28273507213563,0.179333770108498
25784,0.236185384933237,0.224929174972639,0.296858642099763,0.242026797994361
25785,0.145099585716369,0.243865063546197,0.282360756847737,0.328674593889697
25786,0.321309738767827,0.336699490182489,0.165121695369421,0.176869075680263
25787,0.127117099605042,0.447752288109223,0.324666132869844,0.100464479415891
25788,0.418427762191126,0.212997338613398,0.218018359263579,0.150556539931896
25789,0.461837754315542,0.12470928731879,0.241730518974655,0.171722439391013
25790,0.309587446039288,0.317540612047227,0.11393389951783,0.258938042395655
25791,0.14703926350174,0.467882668700341,0.238760292149964,0.146317775647955
25792,0.272199906242436,0.176128913675449,0.363585546973073,0.188085633109042
25793,0.139831709692485,0.475541194505684,0.165364298164302,0.21926279763753
25794,0.378011051763858,0.253488794086584,0.147640295589944,0.220859858559614
25795,0.148279809792089,0.413843916714587,0.300550259537216,0.137326013956109
25796,0.322148592362225,0.143307043084267,0.398606554922878,0.135937809630629
25797,0.260100161066031,0.392484087561389,0.137619963643583,0.209795787728997
25798,0.185226727703249,0.318078335760288,0.212847854665274,0.283847081871188
25799,0.271229157552705,0.125914838551115,0.460843767751277,0.142012236144903
25800,0.304815920108456,0.243567486654475,0.153686866702503,0.297929726534566
25801,0.180763707691419,0.268145928241446,0.262357512243753,0.288732851823383
25802,0.266672089412366,0.222631095224555,0.177142568871295,0.333554246491784
25803,0.445083708946155,0.238355902225815,0.12437848819147,0.19218190063656
25804,0.196827168814669,0.212732766249454,0.426180642264599,0.164259422671278
25805,0.312246177863326,0.445694274534295,0.158989106216571,0.083070441385808
25806,0.393343240974876,0.227395760031483,0.264364656336832,0.114896342656809
25807,0.172045746218658,0.553784432791427,0.145591783744408,0.128578037245507
25808,0.341689976096278,0.306107708151014,0.159237849217648,0.19296446653506
25809,0.146386769112787,0.174428005060801,0.437983544368148,0.241201681458264
25810,0.287913313237257,0.145238892233117,0.391209762134382,0.175638032395244
25811,0.241942881976982,0.503308036495747,0.170691376834241,0.0840577046930305
25812,0.224083965680547,0.180850148983452,0.458143182180968,0.136922703155033
25813,0.587794950457518,0.188586277617558,0.134068088109814,0.0895506838151095
25814,0.17426913295246,0.36834822943257,0.241565452698439,0.215817184916532
25815,0.219091000573229,0.456024887356971,0.226137096046864,0.0987470160229364
25816,0.116806808369755,0.381525071441539,0.316907214619517,0.184760905569189
25817,0.215296817313083,0.149521578025289,0.290195822407786,0.344985782253842
25818,0.180518325657474,0.441547472778095,0.237848485915679,0.140085715648752
25819,0.428224164166404,0.223882548925703,0.215182922643974,0.132710364263919
25820,0.183088099239127,0.207051603839746,0.305176918539482,0.304683378381645
25821,0.278549025895763,0.0973509520996341,0.490298097000775,0.133801925003828
25822,0.199385619866172,0.228493653099103,0.449498591236227,0.122622135798499
25823,0.273889030256481,0.245470991924054,0.235304576082073,0.245335401737391
25824,0.413588619765784,0.172016247618776,0.252120730890229,0.162274401725211
25825,0.0668973244966095,0.374612552670784,0.432128326907244,0.126361795925363
25826,0.284002883051231,0.359530715395999,0.183793386392216,0.172673015160554
25827,0.233235432827143,0.24235675952997,0.216398118608544,0.308009689034344
25828,0.339283201623905,0.430056319567994,0.103072771277494,0.127587707530607
25829,0.259913329137453,0.432788331652333,0.109104519965405,0.198193819244809
25830,0.180720204611847,0.350565376998702,0.372062772762864,0.0966516456265872
25831,0.210107849833474,0.182781646200392,0.290978106508267,0.316132397457867
25832,0.106537780449682,0.353896988536299,0.329599362036719,0.2099658689773
25833,0.18813422016316,0.273283936662511,0.427548028592421,0.111033814581908
25834,0.41915458937515,0.153685619407229,0.297821084820483,0.129338706397138
25835,0.21001256569445,0.113711539353549,0.473727920805021,0.20254797414698
25836,0.136181332540238,0.184949148577351,0.488220439654289,0.190649079228122
25837,0.242467589314918,0.254216509592905,0.324205741999731,0.179110159092446
25838,0.256855339982556,0.482597646072663,0.0844231961473682,0.176123817797413
25839,0.568218419729657,0.218738620431233,0.105317230653819,0.107725729185291
25840,0.133910539768194,0.362877408997611,0.342079698974878,0.161132352259318
25841,0.213016288878727,0.159735994595096,0.393742918150114,0.233504798376063
25842,0.281896854116685,0.419578400679748,0.192005114061238,0.10651963114233
25843,0.365987034710282,0.435012566948853,0.103332716092958,0.0956676822479075
25844,0.57381091105224,0.086434111626265,0.205976831893249,0.133778145428247
25845,0.165768881552253,0.376175155757432,0.357619711211928,0.100436251478388
25846,0.317657196829145,0.177776143535644,0.268013610176803,0.236553049458408
25847,0.452937422221716,0.134662772659929,0.167937332515682,0.244462472602672
25848,0.185507049369332,0.4934131082738,0.120947003322654,0.200132839034214
25849,0.318885608991823,0.225481919255246,0.34214033196977,0.113492139783162
25850,0.221076334841925,0.26903522111768,0.386659266688543,0.123229177351852
25851,0.55210229258506,0.213402464744203,0.134649506245843,0.0998457364248936
25852,0.255613614037239,0.297136617288576,0.245522923485007,0.201726845189177
25853,0.161630310046851,0.366298257664694,0.357820311720742,0.114251120567713
25854,0.38317370415554,0.237972799837902,0.123777286525008,0.25507620948155
25855,0.460486226735431,0.149700258058877,0.210859407856911,0.178954107348781
25856,0.499829194211268,0.256507244584626,0.0939213177812696,0.149742243422837
25857,0.131956299996994,0.195844525238707,0.297610506400921,0.374588668363378
25858,0.17752322891416,0.350701419619094,0.246502750124205,0.225272601342541
25859,0.300714599853496,0.140636881301238,0.286477102767566,0.2721714160777
25860,0.363473673200393,0.157232905316051,0.179977544183571,0.299315877299985
25861,0.220498572740426,0.169455655590971,0.443103431306221,0.166942340362382
25862,0.261436372036744,0.103752058146392,0.453327596931737,0.181483972885127
25863,0.13382013160778,0.0767048520204348,0.67223999636534,0.117235020006446
25864,0.482274083335877,0.150994617169223,0.148711451156187,0.218019848338713
25865,0.129550946560631,0.362900874959159,0.38527917227331,0.1222690062069
25866,0.219530959098704,0.202703009573873,0.404797954464328,0.172968076863094
25867,0.175968294400289,0.383270123958716,0.245390448059224,0.195371133581772
25868,0.198069892742565,0.353894054515085,0.173209742458631,0.27482631028372
25869,0.0827014470954103,0.355989947116934,0.298468183229224,0.262840422558431
25870,0.219113368907629,0.122252414051438,0.269186055226264,0.389448161814669
25871,0.0649919773785881,0.243911833121441,0.558300895597539,0.132795293902432
25872,0.137761246752676,0.195431678440577,0.509651213590142,0.157155861216605
25873,0.119792302430319,0.160979279663088,0.303118266497464,0.41611015140913
25874,0.462250642030437,0.103354675772732,0.273996905575514,0.160397776621317
25875,0.235727097122054,0.219979804928022,0.37520782433377,0.169085273616154
25876,0.52202982597508,0.064651482262269,0.194864743355875,0.218453948406776
25877,0.506188636881925,0.101274288521319,0.177998044010297,0.214539030586459
25878,0.311568673500405,0.139657500203788,0.26817559714995,0.280598229145856
25879,0.160819653455832,0.473497588752694,0.141535977167369,0.224146780624105
25880,0.190390758673898,0.609113789421778,0.105382297353547,0.0951131545507781
25881,0.34699811325204,0.357469470691019,0.206252898621125,0.0892795174358169
25882,0.350146197942872,0.278705837608817,0.233183289813285,0.137964674635026
25883,0.572001616259815,0.178368476093811,0.117979585468414,0.131650322177961
25884,0.227287900828293,0.329613221773405,0.308756099550612,0.13434277784769
25885,0.232555653842131,0.184532078947829,0.25242362162898,0.33048864558106
25886,0.0956412346290473,0.550940022143289,0.247902987903119,0.105515755324544
25887,0.33092495524673,0.19171533122387,0.291273926612574,0.186085786916826
25888,0.450285128684208,0.191058421606138,0.20402023910884,0.154636210600814
25889,0.254794340402012,0.253169441099224,0.320085914702421,0.171950303796343
25890,0.535753036990714,0.187831617360395,0.123722428331583,0.152692917317308
25891,0.193757231096998,0.167532984524682,0.53663349220292,0.1020762921754
25892,0.211674083038285,0.287726336715694,0.296666186934247,0.203933393311774
25893,0.331535286616288,0.3644736516902,0.155557732220034,0.148433329473478
25894,0.466500831231328,0.335749004133245,0.0755194553823626,0.122230709253065
25895,0.379002832489968,0.149318653453047,0.28114134723285,0.190537166824136
25896,0.16732788237629,0.280382335791524,0.42295067463843,0.129339107193756
25897,0.174709298697391,0.410662116617578,0.292268319235181,0.122360265449849
25898,0.303534479462194,0.41545953044439,0.218344772559713,0.0626612175337032
25899,0.151961312722822,0.475876503846472,0.180591177647997,0.191571005782709
25900,0.175734355377851,0.275006835040332,0.398559488755952,0.150699320825866
25901,0.300508534808946,0.241538727883961,0.36602162766804,0.091931109639053
25902,0.138239384465699,0.309583900190761,0.425489813482983,0.126686901860557
25903,0.213865548821928,0.310168137651338,0.378795871764904,0.0971704417618295
25904,0.0803477754035009,0.324808121980815,0.496843385204369,0.0980007174113154
25905,0.16632047577153,0.354453185815198,0.372463867013675,0.106762471399597
25906,0.295613508748182,0.493950249935853,0.141465508542632,0.068970732773333
25907,0.245421036198245,0.45964887369272,0.220111885085487,0.0748182050235475
25908,0.28059982182728,0.170832525096233,0.349430805019075,0.199136848057413
25909,0.460192697365232,0.303089616895743,0.14525831165594,0.091459374083085
25910,0.0741703968451989,0.364256528943671,0.438614585671746,0.122958488539384
25911,0.378931067015408,0.167726048921719,0.305384334119297,0.147958549943577
25912,0.339493584321405,0.375603914959871,0.175522960217951,0.109379540500773
25913,0.137637419576297,0.278092636099302,0.43827734440447,0.145992599919932
25914,0.240961888107416,0.180478560833265,0.495728336384383,0.0828312146749371
25915,0.386823080146286,0.188257433435044,0.328224469105383,0.0966950173132881
25916,0.212785729151069,0.45434207467955,0.18236346303735,0.15050873313203
25917,0.282559785705011,0.433081092198692,0.0963507286158369,0.18800839348046
25918,0.197926562540377,0.299956707958331,0.323022236995723,0.179094492505568
25919,0.346622340611365,0.0641808941542565,0.300272493174437,0.288924272059941
25920,0.306982131595325,0.410774213027782,0.119910062299406,0.162333593077487
25921,0.0923377516591097,0.104587916847652,0.653209706484171,0.149864625009068
25922,0.0881992633748461,0.0852238777407208,0.401151354259924,0.425425504624509
25923,0.263061192639262,0.171271987636353,0.123558447936046,0.442108371788339
25924,0.68075303246386,0.0982993118273571,0.096210175373929,0.124737480334854
25925,0.177306867568685,0.115551340675415,0.55509005530617,0.152051736449731
25926,0.3952920449711,0.417361638402747,0.0725458256943831,0.11480049093177
25927,0.176837632793941,0.40471053989301,0.200016562015149,0.218435265297901
25928,0.174843373036923,0.399346077198398,0.295613343682889,0.130197206081791
25929,0.0770491660843822,0.448599390092365,0.134292303057587,0.340059140765665
25930,0.245661943854063,0.291311270702397,0.35241990479028,0.11060688065326
25931,0.0675156358427845,0.0741448985699219,0.738472868385114,0.11986659720218
25932,0.110568519235997,0.453375383499366,0.175450244542348,0.26060585272229
25933,0.143474631459688,0.161676423846556,0.504644870188616,0.19020407450514
25934,0.0935929741493013,0.0736947898429979,0.585897822183391,0.24681441382431
25935,0.24981907338264,0.278118516431502,0.165861089497835,0.306201320688024
25936,0.319154746123201,0.0973555089069197,0.445771360677497,0.137718384292383
25937,0.630650570193515,0.096744092900708,0.095900226245899,0.176705110659878
25938,0.097458244309194,0.548859896508476,0.12416316906549,0.22951869011684
25939,0.17947442228639,0.122598206679076,0.442018047181875,0.25590932385266
25940,0.105298571974383,0.282758394508057,0.175869484977189,0.436073548540371
25941,0.131435983977432,0.328534834649685,0.421000097860247,0.119029083512636
25942,0.131742130115604,0.350748276931441,0.324502026637664,0.193007566315291
25943,0.0893742249868912,0.360154275529317,0.275895882258896,0.274575617224895
25944,0.279336918599223,0.195791406954535,0.13695964084389,0.387912033602353
25945,0.261143521051713,0.1567728589951,0.264264623385773,0.317818996567415
25946,0.437569094005179,0.217928871205068,0.156269788137723,0.188232246652031
25947,0.347348087836979,0.255849656233463,0.227810664485548,0.16899159144401
25948,0.0766053911036995,0.159917370772747,0.193402938304685,0.570074299818869
25949,0.101578950904953,0.31168524033268,0.409564275668021,0.177171533094346
25950,0.575348953767247,0.116187746293337,0.158677219056212,0.149786080883204
25951,0.151708121555401,0.234870517278882,0.381846385324836,0.231574975840881
25952,0.0727633053195375,0.144935754915094,0.559945148827528,0.222355790937841
25953,0.350225869731269,0.170997903394168,0.16865166975693,0.310124557117634
25954,0.640376836613126,0.0553785130279877,0.0581845211491708,0.246060129209716
25955,0.140701801699437,0.485018822613454,0.204846998027663,0.169432377659447
25956,0.205653579477481,0.272885939502248,0.449861009762664,0.0715994712576068
25957,0.513183699518714,0.328249273722133,0.0773636555333763,0.0812033712257767
25958,0.31038263402741,0.328088030753968,0.171587931950067,0.189941403268554
25959,0.11024749410581,0.241103468778657,0.495116047822982,0.153532989292551
25960,0.405193085370612,0.376089367129739,0.134789539872128,0.0839280076275204
25961,0.333363520835015,0.129078335242203,0.459836240835504,0.0777219030872782
25962,0.553071497595898,0.241361510475631,0.0881013350591285,0.117465656869343
25963,0.117042390648895,0.417996439940733,0.360932500896517,0.104028668513854
25964,0.431754927053882,0.319547016667976,0.129343038396765,0.119355017881377
25965,0.282165154231844,0.170530821250478,0.431945824475147,0.115358200042531
25966,0.232466663276126,0.168743438073872,0.491172702783136,0.107617195866866
25967,0.342529154568622,0.220543516697109,0.178898718243761,0.258028610490507
25968,0.251938666174929,0.364054854459082,0.240505031360696,0.143501448005294
25969,0.0839688201553307,0.424694511901987,0.406936955745769,0.0843997121969129
25970,0.298473934349336,0.376963536451369,0.220098240101261,0.104464289098035
25971,0.380425386538707,0.287994184076343,0.23746764773753,0.0941127816474203
25972,0.266178423012268,0.398211881100266,0.189843929939974,0.145765765947492
25973,0.176974924785924,0.297861454262723,0.420001491457345,0.105162129494008
25974,0.393005801638983,0.104172202695059,0.190868744867205,0.311953250798753
25975,0.0775985897498185,0.40983148856511,0.290132728296454,0.222437193388617
25976,0.101243546251641,0.315601563303554,0.227658277249921,0.355496613194883
25977,0.456874287033469,0.100569163822416,0.340157974521726,0.102398574622389
25978,0.230872438816818,0.511558489253082,0.175836477804436,0.0817325941256649
25979,0.649349041311895,0.0747869566577073,0.131037529071323,0.144826472959074
25980,0.113230481303952,0.402856373448195,0.363118229726167,0.120794915521685
25981,0.485798999276411,0.1376670663999,0.268241045872883,0.108292888450805
25982,0.144098148703791,0.0662235748776116,0.633658107249177,0.15602016916942
25983,0.465797666613833,0.163380593385843,0.251934385925912,0.118887354074412
25984,0.362711588907686,0.105596565549903,0.299412935863376,0.232278909679035
25985,0.224263244965556,0.161520712026132,0.0903616065327983,0.523854436475514
25986,0.466377858873139,0.0753206209842739,0.224492779130793,0.233808741011795
25987,0.0905159752065763,0.103754427098126,0.673691215698186,0.132038381997112
25988,0.0851500573481729,0.403476632160939,0.400257372365631,0.111115938125257
25989,0.089582569853791,0.160893710376742,0.188494284176081,0.561029435593386
25990,0.0737038560292641,0.1338366234308,0.619699154282063,0.172760366257873
25991,0.304893869565498,0.137392006520989,0.230220573791698,0.327493550121815
25992,0.0617433180903524,0.290449002254662,0.480622067883239,0.167185611771747
25993,0.226341668392407,0.305807401726623,0.113926968899682,0.353923960981289
25994,0.184467679285808,0.127842414273888,0.184915389583435,0.502774516856869
25995,0.22670705371892,0.341979809926908,0.15109106611799,0.280222070236182
25996,0.298009268869247,0.164290892517208,0.412941985605253,0.124757853008293
25997,0.415847230381292,0.177421770113512,0.187016889551843,0.219714109953353
25998,0.360790374627782,0.233195028336776,0.198068265846653,0.207946331188789
25999,0.2060084634426,0.254912272370632,0.431258617052408,0.107820647134361
26000,0.144039632017877,0.467364335890434,0.215512004569842,0.173084027521847
26001,0.259531027391783,0.456228096254122,0.148451646013323,0.135789230340771
26002,0.449085106308919,0.184742040505044,0.234287255906664,0.131885597279373
26003,0.334845248549643,0.172777814162783,0.188167806301207,0.304209130986368
26004,0.0986709236025871,0.516515975780089,0.170404724938099,0.214408375679225
26005,0.125288107034695,0.229575481083783,0.394518641054485,0.250617770827037
26006,0.216309700993332,0.327992831386315,0.208980160288307,0.246717307332046
26007,0.343990244718576,0.437617759901734,0.120466917350177,0.0979250780295135
26008,0.15191984219873,0.0647572862763947,0.617679534523618,0.165643337001258
26009,0.198838974642759,0.537247586455012,0.176963476056953,0.0869499628452766
26010,0.296745026975647,0.231891772823936,0.227338218586014,0.244024981614403
26011,0.659765898443201,0.11416612076813,0.103155163186524,0.122912817602145
26012,0.243955028854463,0.224783996402021,0.292865962909419,0.238395011834097
26013,0.151094594190302,0.239173460477488,0.288228358019964,0.321503587312245
26014,0.321280524077797,0.329735198200988,0.170550565727133,0.178433711994082
26015,0.140295436607058,0.432871485792078,0.32504984045059,0.101783237150274
26016,0.408957123898704,0.21706749259738,0.225008000923377,0.148967382580539
26017,0.452103567058379,0.129482247968956,0.245926191541602,0.172487993431063
26018,0.297232785390843,0.328444963310299,0.123984918374321,0.250337332924537
26019,0.167531156574634,0.428068524417868,0.263262002885642,0.141138316121856
26020,0.272210670050017,0.181307556184669,0.362446415340111,0.184035358425203
26021,0.147861186766793,0.451292431520294,0.183432893813504,0.217413487899409
26022,0.371809633918079,0.250225368271786,0.162361976042368,0.215603021767767
26023,0.156860032519374,0.400424253550006,0.300938188574472,0.141777525356148
26024,0.325375843336627,0.156249815017832,0.388602915155435,0.129771426490106
26025,0.26169957875849,0.377472112962919,0.155237985386913,0.205590322891678
26026,0.17873601075182,0.317163034819396,0.230052208333625,0.274048746095159
26027,0.279439164391017,0.132923538574482,0.450410233552037,0.137227063482464
26028,0.292146973902537,0.254858090663321,0.161733576658153,0.291261358775988
26029,0.184548232802588,0.263252141277333,0.274713544835936,0.277486081084143
26030,0.26232967348978,0.22277596932422,0.192909915511164,0.321984441674836
26031,0.259810610514471,0.361131200762571,0.262848747014553,0.116209441708405
26032,0.459390147177455,0.231714116999515,0.211476807514696,0.0974189283083345
26033,0.375171885696589,0.371098027300213,0.12216133765891,0.131568749344288
26034,0.194907019918191,0.128771979736745,0.539612968137318,0.136708032207746
26035,0.421154242143927,0.115217747054652,0.304565653826259,0.159062356975163
26036,0.339896263311139,0.0899620817347167,0.425027576995967,0.145114077958178
26037,0.158702554155055,0.667168181140032,0.103262469391317,0.0708667953135959
26038,0.108897363008498,0.414812508955596,0.230960295558174,0.245329832477732
26039,0.381119088236402,0.133895715862315,0.295545935302214,0.18943926059907
26040,0.166142023396661,0.200072438517505,0.547251277442102,0.0865342606437327
26041,0.379195841242169,0.241221895558301,0.226169658553447,0.153412604646084
26042,0.215160185559037,0.345837490358294,0.181605538555052,0.257396785527618
26043,0.170217874048611,0.212398454934106,0.52248119265253,0.094902478364753
26044,0.562877344019345,0.205741096080259,0.142094571771897,0.0892869881284993
26045,0.2364750414575,0.524245071901037,0.138801357255055,0.100478529386408
26046,0.269309824492324,0.246425964766308,0.234458740854975,0.249805469886394
26047,0.263059793479644,0.130852407903557,0.413092937737686,0.192994860879114
26048,0.175941676618444,0.281621417646384,0.338756391196083,0.203680514539089
26049,0.19510838652607,0.235678293773044,0.471398288887749,0.0978150308131368
26050,0.262882018052897,0.178497276095795,0.432512902921641,0.126107802929667
26051,0.213661144832472,0.37689286046403,0.194879045786989,0.214566948916509
26052,0.166550325324221,0.244169421504757,0.241863663208915,0.347416589962107
26053,0.201475326304764,0.338727438121686,0.350641077744746,0.109156157828803
26054,0.228103994060566,0.345164905818902,0.195070233894647,0.231660866225885
26055,0.400716184943567,0.25899807715812,0.166483429262439,0.173802308635874
26056,0.353564773354907,0.16843217946745,0.261103144322924,0.216899902854719
26057,0.342386426375864,0.260130094701434,0.291150763084015,0.106332715838687
26058,0.186777514567203,0.429852890972192,0.152710155937316,0.23065943852329
26059,0.453199364933703,0.258025106670248,0.187041806859307,0.101733721536742
26060,0.431166041872052,0.285622062615163,0.150800260252272,0.132411635260513
26061,0.390322637630878,0.231314838202738,0.239107210454991,0.139255313711393
26062,0.278371659146773,0.234465281433064,0.324713070403915,0.162449989016249
26063,0.456191249978504,0.0995725636035888,0.270696091805185,0.173540094612722
26064,0.233259173289023,0.187251131494518,0.387471728265356,0.192017966951103
26065,0.513018614855524,0.207003595876429,0.145720469434607,0.13425731983344
26066,0.290057792299643,0.362053351958878,0.16098872290673,0.186900132834749
26067,0.369233258015628,0.307036803023471,0.211506698892303,0.112223240068598
26068,0.195652655200331,0.475417690970449,0.181907953318321,0.147021700510899
26069,0.124026611906906,0.166453049620611,0.518548425173779,0.190971913298704
26070,0.366315257077361,0.213235241108526,0.148302283403738,0.272147218410375
26071,0.302456556075903,0.150522204619506,0.223863408241243,0.323157831063348
26072,0.230688879023373,0.249371368806729,0.411369645581725,0.108570106588173
26073,0.261925815060158,0.385579377454878,0.193031863903163,0.159462943581801
26074,0.18021032098791,0.223432184235513,0.494399338038541,0.101958156738036
26075,0.217289596245028,0.277384228322255,0.286457229803601,0.218868945629116
26076,0.236182906932697,0.115523659158212,0.48104918795601,0.16724424595308
26077,0.129804175378395,0.507169648075805,0.223574689954171,0.139451486591629
26078,0.139692685082197,0.235170993592086,0.559305977118327,0.0658303442073904
26079,0.169736119642653,0.246637347061354,0.3512807909898,0.232345742306193
26080,0.191253886282222,0.526247840537226,0.166195867570506,0.116302405610046
26081,0.18908793679452,0.19244664574234,0.48185870761784,0.1366067098453
26082,0.284468156955119,0.170675601991643,0.32419188591819,0.220664355135048
26083,0.240004492262661,0.267048842446228,0.244071691204519,0.248874974086592
26084,0.124431456333663,0.398942788791408,0.308782115003959,0.16784363987097
26085,0.244418416776532,0.241536662525093,0.246322005088011,0.267722915610364
26086,0.416352719448959,0.177933162414248,0.233325540286978,0.172388577849815
26087,0.169113983747835,0.341680185931514,0.357466043120967,0.131739787199684
26088,0.140832307363878,0.225372721215692,0.217087177654348,0.416707793766081
26089,0.244336505141481,0.131775838802754,0.174463721155307,0.449423934900458
26090,0.32163258443424,0.0437205879162997,0.420394953995708,0.214251873653752
26091,0.0766388205034664,0.0756401423569613,0.645836514241603,0.201884522897969
26092,0.183815538578713,0.284491594350013,0.0364119809064967,0.495280886164778
26093,0.44501394837718,0.23025409269185,0.0558232475197325,0.268908711411238
26094,0.266036867157026,0.0511543543542208,0.158177428124305,0.524631350364448
26095,0.06302526295022,0.225301586462255,0.20933740338176,0.502335747205765
26096,0.532692080644616,0.126801309071707,0.14241183065745,0.198094779626227
26097,0.0425597015620537,0.465263729153698,0.0908415823620798,0.401334986922169
26098,0.66728430506037,0.0960840421193774,0.0777993592519202,0.158832293568333
26099,0.118067501791093,0.305466603822886,0.114517278159969,0.461948616226053
26100,0.522798599816991,0.11741236295444,0.163087644253662,0.196701392974907
26101,0.471810095216953,0.340353285967782,0.0291163583368623,0.158720260478403
26102,0.12881223176037,0.131331308096834,0.193852228455852,0.546004231686944
26103,0.0456926524556117,0.550370660107113,0.200656636869073,0.203280050568203
26104,0.0765958434834551,0.196187944427379,0.191414660167052,0.535801551922115
26105,0.361800963181839,0.106549167471759,0.0737777770194904,0.457872092326912
26106,0.0391552752977956,0.546524751052932,0.144708224578233,0.26961174907104
26107,0.325542851652203,0.384743679388932,0.159496403880572,0.130217065078293
26108,0.274133081561285,0.191310494703606,0.33221865719451,0.202337766540599
26109,0.272280471781577,0.251409070360363,0.277775255624537,0.198535202233524
26110,0.500009102716365,0.158417187247415,0.230056304504905,0.111517405531315
26111,0.18535524720381,0.121125409725743,0.546488367745891,0.147030975324556
26112,0.124864413095322,0.527129708002812,0.170731101164188,0.177274777737677
26113,0.441881273841489,0.267341023136633,0.134655787438774,0.156121915583105
26114,0.372775711025565,0.322271627523808,0.212196050896022,0.0927566105546053
26115,0.261262455396818,0.143848919581586,0.501086958112355,0.0938016669092419
26116,0.136312578140901,0.224621300423552,0.463525677416908,0.175540444018638
26117,0.378908733198085,0.209798823520745,0.198025034884904,0.213267408396265
26118,0.329111033129449,0.22160165846831,0.170260419883845,0.279026888518396
26119,0.219018996263355,0.560819669677413,0.115931434757474,0.104229899301758
26120,0.226620996135949,0.409729924441732,0.200436603594471,0.163212475827848
26121,0.441715548594811,0.0905463003318153,0.260826123866962,0.206912027206412
26122,0.158322519017176,0.246497109036687,0.314897921120487,0.280282450825649
26123,0.202621569896859,0.188683833020586,0.387340633189907,0.221353963892649
26124,0.250919726614199,0.152610341768506,0.383551926388347,0.212918005228949
26125,0.399538558934088,0.153291576266381,0.333816643768271,0.11335322103126
26126,0.582627070570965,0.0718583248305936,0.141578317674481,0.203936286923961
26127,0.49370898766802,0.26268593876979,0.109633052608802,0.133972020953388
26128,0.23822175887813,0.182459373272184,0.148829325132847,0.430489542716839
26129,0.203889815038606,0.303653347000961,0.359868793199616,0.132588044760817
26130,0.405914725005725,0.216435062670924,0.138132916302425,0.239517296020926
26131,0.369613267333779,0.0957736223283617,0.258736105366125,0.275877004971735
26132,0.245167534660829,0.0873875523709167,0.426881478159494,0.240563434808761
26133,0.118485739353978,0.435451421559812,0.259253157463283,0.186809681622927
26134,0.225732183614653,0.525420971087531,0.132006858376232,0.116839986921583
26135,0.149889683907437,0.284570726369676,0.302539850749298,0.262999738973589
26136,0.377079547835895,0.257069190732525,0.148574446542434,0.217276814889145
26137,0.198643654743526,0.430990940545155,0.165263994504977,0.205101410206343
26138,0.187353377728791,0.260250508108559,0.116941409593594,0.435454704569056
26139,0.238873391496734,0.47689706837462,0.0808682760818342,0.203361264046812
26140,0.239660217795115,0.0787898245064795,0.444321340689526,0.23722861700888
26141,0.237983882495064,0.188860077352664,0.181452005378385,0.391704034773887
26142,0.0931273953423003,0.493391321814797,0.191252141124908,0.222229141717995
26143,0.145912477352823,0.324149907257172,0.347636964300201,0.182300651089805
26144,0.0778423593079768,0.154933544604673,0.48639591485187,0.28082818123548
26145,0.412174900736728,0.117448441904338,0.24666566851704,0.223710988841894
26146,0.177431551771654,0.143983760462756,0.533422808685515,0.145161879080075
26147,0.310400234695537,0.346199595338425,0.201336742094348,0.142063427871691
26148,0.457189574530744,0.208755808425973,0.219417972623426,0.114636644419857
26149,0.0829704254356826,0.567118001924729,0.203844087758911,0.146067484880677
26150,0.245638112922085,0.229584892771904,0.207069637087934,0.317707357218077
26151,0.304068822983499,0.297321421071904,0.196744065804258,0.201865690140339
26152,0.110865168560526,0.458196522978543,0.19075409061099,0.240184217849942
26153,0.143879402301852,0.149464952349006,0.479055381203401,0.227600264145741
26154,0.196761883004346,0.173902530771952,0.318866987190876,0.310468599032826
26155,0.067812113040117,0.547675705303216,0.238630006031893,0.145882175624774
26156,0.264416922412039,0.26925098755489,0.244598499222587,0.221733590810485
26157,0.199977589966015,0.256374822359988,0.436376839030377,0.10727074864362
26158,0.509970229302656,0.247366931197641,0.126593591032429,0.116069248467274
26159,0.226758426381419,0.175864119588599,0.433480144822789,0.163897309207194
26160,0.241548051094115,0.22488958012211,0.308822696388968,0.224739672394808
26161,0.167527404976768,0.323189286824267,0.261516813558714,0.247766494640252
26162,0.326502757955853,0.0901301165605723,0.460599507726018,0.122767617757557
26163,0.477264279527275,0.126180267651566,0.200069703895128,0.196485748926031
26164,0.126305067885829,0.328869935449454,0.392289364541713,0.152535632123004
26165,0.321417591088673,0.263849104371161,0.252019377851415,0.162713926688751
26166,0.253752962343014,0.152172663172809,0.505308113194893,0.0887662612892843
26167,0.250096969935537,0.287812530056783,0.243070921225241,0.21901957878244
26168,0.130977103298734,0.365583972378523,0.400848513186824,0.102590411135919
26169,0.510275944661526,0.0900706117242911,0.279908260262592,0.119745183351591
26170,0.145326141895845,0.432072963126441,0.318898427190148,0.103702467787567
26171,0.1910227236242,0.189620600345999,0.546192999598211,0.0731636764315902
26172,0.231048996302126,0.334786188146544,0.293905576458554,0.140259239092777
26173,0.125087771920214,0.333341288587026,0.447193210820259,0.0943777286725004
26174,0.164198686433614,0.33609043466758,0.350680074431126,0.149030804467681
26175,0.138964254842307,0.677653531970221,0.0495728538613535,0.133809359326119
26176,0.264030590517577,0.162972771260309,0.465146091131601,0.107850547090513
26177,0.0817012633223972,0.124422763843628,0.569322272041341,0.224553700792634
26178,0.0824593282732786,0.402032006082083,0.218625860938862,0.296882804705777
26179,0.497159927858904,0.258077942349876,0.101956730967003,0.142805398824217
26180,0.291088108069251,0.384214817396777,0.15835026615082,0.166346808383152
26181,0.269023018500144,0.26263804655378,0.275035088449378,0.193303846496698
26182,0.0770234718883861,0.521742952082207,0.242561122098275,0.158672453931132
26183,0.188549754343575,0.288808289282585,0.434716001990651,0.0879259543831892
26184,0.101556244622938,0.236101606683061,0.431501524754651,0.230840623939351
26185,0.39816186599065,0.422750442147956,0.102004321599793,0.0770833702616013
26186,0.16275654938812,0.209045011041454,0.472717302635902,0.155481136934524
26187,0.480556273566398,0.254404802461941,0.128021073530605,0.137017850441057
26188,0.170353999422557,0.277302382203415,0.419634546543788,0.132709071830241
26189,0.367391710616318,0.175906143619568,0.248823297532238,0.207878848231876
26190,0.433384857045985,0.292294446154386,0.151522540458751,0.122798156340877
26191,0.37351182856715,0.316253415323161,0.195377955810357,0.114856800299333
26192,0.143293916261695,0.141318529136046,0.613492988487045,0.101894566115215
26193,0.253024733119788,0.255383405543916,0.329142971380313,0.162448889955983
26194,0.263498233405177,0.506646186470625,0.121802110244674,0.108053469879524
26195,0.164140566561408,0.403033526429817,0.298842010860091,0.133983896148684
26196,0.249543861737403,0.120086104100812,0.448312246257362,0.182057787904423
26197,0.209497406045381,0.319824716971778,0.214954433170348,0.255723443812494
26198,0.219271554677126,0.637085384916486,0.0833732461967972,0.0602698142095909
26199,0.368491235881652,0.187986323128814,0.185738939340181,0.257783501649354
26200,0.180948336247961,0.300562629627067,0.318415391896478,0.200073642228495
26201,0.559128919037663,0.211701632063804,0.0969087789958432,0.132260669902689
26202,0.526128029549678,0.136680342596478,0.243948669899133,0.0932429579547117
26203,0.443141808023911,0.31320602988098,0.145684949142839,0.09796721295227
26204,0.323898804900055,0.223389255071344,0.228592238077104,0.224119701951497
26205,0.177597664382114,0.315921317383223,0.279602242629329,0.226878775605335
26206,0.299713927870279,0.168298462718106,0.142089104959037,0.389898504452578
26207,0.288917663441837,0.265865280028884,0.245390676034152,0.199826380495128
26208,0.468574191880411,0.15651889387984,0.251564911850212,0.123342002389537
26209,0.384077988553086,0.463388796565885,0.045000750169226,0.107532464711804
26210,0.595143479502578,0.173528898182832,0.125997940762745,0.105329681551844
26211,0.334582199860925,0.38233404370064,0.133364128188339,0.149719628250096
26212,0.224953243227263,0.381964163392461,0.210510117478258,0.182572475902018
26213,0.418722160604471,0.302604415411329,0.151366800560641,0.127306623423559
26214,0.166955396042217,0.211858109886705,0.490291972563491,0.130894521507587
26215,0.242365862143222,0.434911043618065,0.13065785726839,0.192065236970322
26216,0.203167050745575,0.219338610344276,0.400546957237916,0.176947381672233
26217,0.281402832940449,0.156264465194469,0.285384642808427,0.276948059056655
26218,0.150908747541564,0.52655107455708,0.248834836951644,0.0737053409497122
26219,0.368336284433134,0.14440982550333,0.291704079707578,0.195549810355958
26220,0.157064861687609,0.276013724786967,0.4818947222975,0.0850266912279245
26221,0.142287154663778,0.199140548652087,0.522656316046221,0.135915980637914
26222,0.597273967272697,0.0944360827341662,0.198743417710121,0.109546532283017
26223,0.185772213771736,0.438795281749653,0.237558918583888,0.137873585894724
26224,0.3626443493192,0.112346911586645,0.424155231758043,0.100853507336112
26225,0.120682193684468,0.165194272174847,0.52213054835251,0.191992985788175
26226,0.311695516172455,0.518610025638574,0.0821066376650232,0.087587820523948
26227,0.19493314690354,0.380779493328629,0.269164359673032,0.155123000094799
26228,0.241610360518497,0.200854236256919,0.413178782370803,0.144356620853781
26229,0.237345552956389,0.307063598925565,0.173086080596204,0.282504767521842
26230,0.0831800172657798,0.569200648591778,0.262590250645597,0.0850290834968445
26231,0.420157195160841,0.148484020756724,0.289906361749271,0.141452422333163
26232,0.325085659278617,0.227623824004407,0.278255328130141,0.169035188586835
26233,0.617995030676369,0.117592015137764,0.123603071917129,0.140809882268739
26234,0.395515707239893,0.181288302374433,0.312018431342983,0.111177559042691
26235,0.197375825854266,0.299451966367332,0.249454822306193,0.25371738547221
26236,0.184250375831657,0.341125035641587,0.354890823326604,0.119733765200153
26237,0.159858892908884,0.441653716452814,0.15877345131186,0.239713939326443
26238,0.219387986916408,0.49804100699831,0.108934916647658,0.173636089437625
26239,0.318668876766128,0.249583004085973,0.253535056152336,0.178213062995563
26240,0.338107213806965,0.113497540346544,0.416847697155697,0.131547548690794
26241,0.151734530658741,0.294400535597132,0.456311609293393,0.0975533244507344
26242,0.0904026455581136,0.466063938179003,0.34641788803849,0.0971155282243937
26243,0.246881114135143,0.496357194186384,0.129228824198924,0.127532867479549
26244,0.169496124307149,0.26379696198945,0.365277688254651,0.201429225448751
26245,0.210386077431263,0.154377290288545,0.535570118264841,0.0996665140153499
26246,0.33187408365158,0.29229267919894,0.303297146399092,0.0725360907503881
26247,0.438671584721135,0.181385521187154,0.267883957402209,0.112058936689501
26248,0.137187609140646,0.559734629063559,0.17825854877575,0.124819213020045
26249,0.316869752726254,0.351198694730635,0.165497305230863,0.166434247312248
26250,0.434544443766885,0.200174821841828,0.229629228617737,0.13565150577355
26251,0.150009924836951,0.179383131321053,0.305670689268562,0.364936254573434
26252,0.155891563107996,0.563044230109228,0.12782351612801,0.153240690654765
26253,0.205388065141474,0.333905050840125,0.259960998077153,0.200745885941247
26254,0.224053444837253,0.108284481202119,0.550478618693948,0.11718345526668
26255,0.164085533313739,0.305547620241061,0.251518171205552,0.278848675239648
26256,0.307181312348794,0.249373877760352,0.345687488704031,0.0977573211868225
26257,0.243386357894797,0.132077925198771,0.434412456677138,0.190123260229293
26258,0.135303493232936,0.212836768304638,0.531205003984638,0.120654734477788
26259,0.433704001709012,0.086199995129261,0.302589667909422,0.177506335252305
26260,0.406070428989627,0.201554704050268,0.175458255484858,0.216916611475247
26261,0.206043811819468,0.233927079402988,0.14473435340765,0.415294755369894
26262,0.615743314495343,0.120483087204361,0.0851156729918061,0.17865792530849
26263,0.104859664938672,0.535251213890251,0.129510879811636,0.230378241359441
26264,0.259199235443022,0.175399100151354,0.298719473268859,0.266682191136765
26265,0.287865463571413,0.227974538727004,0.191748174131512,0.292411823570071
26266,0.257328762320274,0.190947944652525,0.286242431138338,0.265480861888862
26267,0.302599841114418,0.0642109713336337,0.450684593817265,0.182504593734683
26268,0.263254385660689,0.0464381373990306,0.524560092067551,0.16574738487273
26269,0.407217101708837,0.14985211052981,0.168637107471555,0.274293680289798
26270,0.297662932264564,0.387832977408866,0.160644007697655,0.153860082628915
26271,0.268069248456156,0.123513431996515,0.498096266990585,0.110321052556744
26272,0.174953510452364,0.504650827475562,0.128236127072403,0.192159534999672
26273,0.358780961699268,0.228644097584608,0.168857241051217,0.243717699664907
26274,0.551631537935057,0.145064217075599,0.180338237490531,0.122966007498812
26275,0.123134785281263,0.687807768163769,0.0547550316252157,0.134302414929752
26276,0.255408533619197,0.148469900109099,0.345076513042971,0.251045053228733
26277,0.102646387283266,0.0964167663950668,0.492442472449127,0.30849437387254
26278,0.173004950865104,0.357160477829852,0.300769181957617,0.169065389347428
26279,0.238755082586663,0.214848700307533,0.425155960829574,0.12124025627623
26280,0.388798409401698,0.155305418780782,0.290309573072799,0.165586598744721
26281,0.330644202650611,0.275910013130587,0.230056340752953,0.163389443465849
26282,0.269583106226189,0.448002465927508,0.136460631273198,0.145953796573105
26283,0.306814388094189,0.202442695830293,0.307193482738782,0.183549433336736
26284,0.317567720620291,0.383165374953219,0.136618125332232,0.162648779094257
26285,0.2175334737581,0.18725350835863,0.439335821808644,0.155877196074627
26286,0.467333720534034,0.238425474774463,0.221422899170986,0.0728179055205168
26287,0.198394246369616,0.271240328314194,0.324847514959019,0.205517910357171
26288,0.197980845343423,0.367537598226798,0.319152054054106,0.115329502375673
26289,0.258144415692647,0.395516930411024,0.17535783800083,0.170980815895499
26290,0.258158619182827,0.11762420702526,0.537005915836011,0.0872112579559026
26291,0.272548972892251,0.329026121351395,0.280263664307598,0.118161241448757
26292,0.205362035979058,0.246177391945501,0.349293951198629,0.199166620876811
26293,0.179197878446629,0.305474490534577,0.282588380561442,0.232739250457351
26294,0.2153615354229,0.481783566373774,0.216122892710669,0.0867320054926574
26295,0.286339480373802,0.299722698122671,0.265957816980044,0.147980004523484
26296,0.186068886731302,0.231269980306109,0.369761118629888,0.212900014332702
26297,0.229766078962526,0.177695770058301,0.356610241158982,0.235927909820191
26298,0.0772499423385258,0.192257438628377,0.610419199739663,0.120073419293434
26299,0.113065606915304,0.463275101876333,0.285223904259866,0.138435386948497
26300,0.20544719427084,0.152353528184528,0.408060342152826,0.234138935391805
26301,0.189475344462828,0.381942385902104,0.184566183868129,0.244016085766939
26302,0.134504256421021,0.655582474903123,0.103258201727638,0.106655066948218
26303,0.34431384541903,0.330234955366362,0.139682332248071,0.185768866966537
26304,0.185799694103469,0.12830174087101,0.43180598200589,0.254092583019632
26305,0.516476133350406,0.234125327121644,0.0869137596653589,0.162484779862592
26306,0.291443744876464,0.124527642506791,0.190755956893147,0.393272655723599
26307,0.0876876610959118,0.482767195486224,0.331622534714764,0.0979226087031011
26308,0.341239861981709,0.0942876610136687,0.161765108584923,0.4027073684197
26309,0.0952317138734293,0.411789711412618,0.182436096016589,0.310542478697363
26310,0.140849776381564,0.282830896788428,0.44435950356594,0.131959823264068
26311,0.419994507844931,0.298010158718635,0.161196201650182,0.120799131786251
26312,0.199891497106081,0.491595405376241,0.216688848916581,0.0918242486010967
26313,0.193722072248822,0.358628760349931,0.266040284301018,0.181608883100228
26314,0.0996916662730163,0.420215503882341,0.220045231729907,0.260047598114735
26315,0.419018333868313,0.203428892748686,0.138431092191376,0.239121681191625
26316,0.153461657568207,0.140745956605131,0.219269111810558,0.486523274016105
26317,0.241010632227678,0.260439654763061,0.248590277803255,0.249959435206006
26318,0.200728218659383,0.19901700441485,0.23404588591317,0.366208891012597
26319,0.595400925328186,0.0586961538648629,0.135810075558234,0.210092845248718
26320,0.155541843317248,0.265760574437318,0.129395541537157,0.449302040708276
26321,0.407464530942226,0.185534856325822,0.252640814453263,0.154359798278688
26322,0.358301567428644,0.242632668389707,0.276835265783245,0.122230498398404
26323,0.117539535309481,0.575477732346124,0.180387341021205,0.12659539132319
26324,0.180944017468586,0.246022424810139,0.158856167333256,0.414177390388019
26325,0.238450947350754,0.095162768002901,0.402278407140023,0.264107877506323
26326,0.559480657289086,0.136231092362136,0.215054163598212,0.0892340867505662
26327,0.582764934669466,0.104976740662808,0.0844908315866401,0.227767493081086
26328,0.317125824779617,0.446950517770741,0.089919635524365,0.146004021925277
26329,0.201322145459519,0.14844046247952,0.430450143506496,0.219787248554464
26330,0.131791013919821,0.204374895660277,0.197226782442295,0.466607307977607
26331,0.352736398680534,0.136841806268776,0.216950454559322,0.293471340491369
26332,0.171341374810183,0.44622680169783,0.100889502606659,0.281542320885328
26333,0.248147721233848,0.138628023804523,0.26973227190126,0.343491983060369
26334,0.456620847938673,0.172316931326043,0.114228933458301,0.256833287276983
26335,0.171889828481576,0.328698625997614,0.30145222971001,0.1979593158108
26336,0.21236052964422,0.300011946715826,0.23801175234661,0.249615771293344
26337,0.428017962448123,0.064677014500965,0.418400771696036,0.0889042513548761
26338,0.132444787472674,0.398748547153243,0.152357481704383,0.3164491836697
26339,0.159002775199416,0.443068247533659,0.182223494802653,0.215705482464271
26340,0.307136924732283,0.158017417269042,0.221503844489531,0.313341813509144
26341,0.0612366995940812,0.111762903959723,0.725283926551748,0.101716469894448
26342,0.364737669412071,0.241252114327915,0.289775374720847,0.104234841539168
26343,0.326846197456161,0.287053855153904,0.283882395090832,0.102217552299104
26344,0.263909041624132,0.322679514625468,0.278773389515695,0.134638054234706
26345,0.332742222637461,0.183865102899362,0.399790224670725,0.0836024497924516
26346,0.117443782107613,0.134454780068428,0.205855367007908,0.542246070816052
26347,0.252690086672836,0.596241803616644,0.050343511234091,0.100724598476429
26348,0.119100680939186,0.208412483875652,0.550622788435172,0.121864046749991
26349,0.119650787394924,0.157950191680171,0.573770525477882,0.148628495447023
26350,0.324441500823874,0.16561185963138,0.267283146125416,0.242663493419329
26351,0.0655219228735768,0.437239618928366,0.36160324298578,0.135635215212278
26352,0.197758641930653,0.261304239336693,0.201625040098329,0.339312078634324
26353,0.134630911003968,0.440825606311617,0.203118635475788,0.221424847208627
26354,0.303986339063809,0.306681379021734,0.186717494383561,0.202614787530897
26355,0.223668638346941,0.148459956658278,0.191904378721951,0.43596702627283
26356,0.312674970482859,0.111437167792478,0.476362871218776,0.0995249905058863
26357,0.109598606463493,0.237330669349769,0.324915328539628,0.32815539564711
26358,0.219777836869275,0.238665322199386,0.420895286394924,0.120661554536415
26359,0.19290122155519,0.254650176743429,0.193419673366869,0.359028928334511
26360,0.359782957520963,0.269840300413214,0.255762812038107,0.114613930027716
26361,0.169778367443564,0.183515862877599,0.467409388395336,0.179296381283501
26362,0.206690835915911,0.240989084178041,0.246286172536376,0.306033907369672
26363,0.105073766384648,0.390387825690737,0.223212346428439,0.281326061496176
26364,0.588482330376993,0.162677395226695,0.112270450179232,0.13656982421708
26365,0.0654074428865733,0.393157696773664,0.213061135157866,0.328373725181897
26366,0.327068757711726,0.200527844403067,0.301441928783671,0.170961469101537
26367,0.315486412958309,0.139432389947049,0.20462493143417,0.340456265660473
26368,0.170565588741618,0.14558151808919,0.550185605550333,0.133667287618859
26369,0.142720435042107,0.408882962653599,0.205220153445044,0.243176448859249
26370,0.544621409060935,0.212566241003364,0.106769421607417,0.136042928328284
26371,0.127376990861697,0.149141190104682,0.251452724916445,0.472029094117176
26372,0.360601016269507,0.457387947917617,0.0827199959883788,0.0992910398244978
26373,0.112515462108802,0.577344419064237,0.120978290094486,0.189161828732475
26374,0.148393711665744,0.113494237806419,0.231837029487324,0.506275021040513
26375,0.0758415618303731,0.117347414294154,0.637726453039671,0.169084570835802
26376,0.467952006906678,0.19533105311693,0.134532805738671,0.202184134237721
26377,0.226044702902306,0.226458446119254,0.146134597848738,0.401362253129703
26378,0.175697928011718,0.12953519829864,0.381551577059249,0.313215296630392
26379,0.0747044244988352,0.142553495252831,0.609770742682598,0.172971337565736
26380,0.132652228564105,0.228639825450324,0.366722663741107,0.271985282244465
26381,0.60525152840276,0.0773057071492181,0.174390619311063,0.14305214513696
26382,0.269363199329856,0.222214902231806,0.276177508035524,0.232244390402814
26383,0.191347990114414,0.57780843194868,0.0746031428868685,0.156240435050037
26384,0.260178926838038,0.111963303573411,0.354442061553772,0.273415708034779
26385,0.100051181469824,0.312131324131689,0.119194437321372,0.468623057077115
26386,0.0697331715484885,0.13034387995642,0.520310139211402,0.279612809283689
26387,0.14567501469742,0.178765080012374,0.228055504469104,0.447504400821103
26388,0.225507266834979,0.140342608178453,0.3859415615826,0.248208563403968
26389,0.169837782671291,0.417089489379869,0.246421855420333,0.166650872528506
26390,0.249590198446922,0.379660713073823,0.189330290964576,0.181418797514679
26391,0.355312786473313,0.151259661866937,0.39721969913726,0.0962078525224896
26392,0.184014507950018,0.359654200863377,0.34586745352482,0.110463837661785
26393,0.14120998436684,0.212180008464964,0.304307611145317,0.34230239602288
26394,0.435163059382781,0.174940362513562,0.184747296860326,0.205149281243332
26395,0.543548615978219,0.195815206554391,0.0832052577949259,0.177430919672464
26396,0.364301894455622,0.204028903508515,0.218732454586266,0.212936747449596
26397,0.29308619950495,0.192182107172369,0.282959257768504,0.231772435554177
26398,0.233955311440538,0.318789731318486,0.131806287304966,0.31544866993601
26399,0.213047007775057,0.406582239784122,0.160101267950074,0.220269484490747
26400,0.269123680351913,0.206973063905296,0.253325671575498,0.270577584167294
26401,0.209042065331776,0.317177076441989,0.314419240884109,0.159361617342126
26402,0.0734070933936432,0.515459439759896,0.161177531768838,0.249955935077623
26403,0.1917730377161,0.582243280624247,0.0890340785568396,0.136949603102814
26404,0.556190649267735,0.105173909045695,0.146873499859843,0.191761941826727
26405,0.105508298774552,0.677686775899677,0.0919099677722445,0.124894957553526
26406,0.302104577099228,0.11756183887049,0.458611031199345,0.121722552830936
26407,0.188007148106019,0.213542969795402,0.365775093772289,0.23267478832629
26408,0.246448102161524,0.143196138663289,0.338397750199935,0.271958008975252
26409,0.269636221208064,0.414106353257398,0.157920655716572,0.158336769817966
26410,0.120420495208997,0.131224652287231,0.482742110162703,0.265612742341069
26411,0.250227565822117,0.431182519808778,0.225072428710639,0.0935174856584664
26412,0.302718412139699,0.363924463283461,0.190919379476615,0.142437745100225
26413,0.206015664271992,0.107455600899466,0.521571952555032,0.164956782273509
26414,0.174151067941576,0.24837164716493,0.320299246449383,0.257178038444112
26415,0.37645175960737,0.376525035720564,0.151047117049275,0.0959760876227915
26416,0.158954391679205,0.229062259656602,0.496584771224469,0.115398577439725
26417,0.231234097709551,0.40565845332168,0.188667805300364,0.174439643668405
26418,0.253153399357832,0.255186427163585,0.176556935143207,0.315103238335376
26419,0.171974061833707,0.294071732153339,0.284427443993634,0.24952676201932
26420,0.406627550775385,0.136777124506024,0.236858761547224,0.219736563171366
26421,0.585247188402947,0.18080125436462,0.13047319518665,0.103478362045783
26422,0.312385216170633,0.135180522375837,0.345402033248132,0.207032228205398
26423,0.165319148888528,0.378113710501211,0.304561809844613,0.152005330765648
26424,0.524160081235644,0.157761047040103,0.157249089773807,0.160829781950445
26425,0.213605812148872,0.151447538452401,0.500554891845564,0.134391757553163
26426,0.192674648961219,0.195957187955511,0.410530985464359,0.200837177618911
26427,0.244130031315395,0.392120424467807,0.254879418503583,0.108870125713215
26428,0.351226728518191,0.312278322853232,0.157309945441402,0.179185003187175
26429,0.06777595640262,0.572101965620135,0.256213458285959,0.103908619691287
26430,0.27841584664766,0.269592889941748,0.318470763849704,0.133520499560887
26431,0.361930578800247,0.430145379081145,0.123864299169789,0.0840597429488189
26432,0.129925222198834,0.466246708881541,0.20067311219419,0.203154956725434
26433,0.260139423912468,0.324724273426043,0.261213932714201,0.153922369947288
26434,0.231367429993882,0.392818498802684,0.178080542015559,0.197733529187875
26435,0.185803364433692,0.37625934493604,0.162633805380014,0.275303485250255
26436,0.473770249523095,0.174473990630556,0.254638347689816,0.0971174121565334
26437,0.117135804489004,0.176745449252152,0.568064355769927,0.138054390488917
26438,0.197988715756011,0.338843855578187,0.359136440336268,0.104030988329534
26439,0.215295763900063,0.138889896304645,0.546864240565502,0.0989500992297904
26440,0.205985141618888,0.419648041346458,0.250253430333299,0.124113386701356
26441,0.203003337541517,0.494698211907967,0.183487436715161,0.118811013835355
26442,0.483234039627542,0.197747434157561,0.133739815738648,0.185278710476249
26443,0.488078323421655,0.210388343088425,0.211918264429541,0.0896150690603794
26444,0.632584632302021,0.131049890571153,0.159107089912949,0.0772583872138776
26445,0.385746665430607,0.326282112874487,0.153980953086705,0.1339902686082
26446,0.414234689194538,0.367807137901584,0.0844157061007531,0.133542466803125
26447,0.270756349469772,0.314941174648985,0.318561492067045,0.0957409838141988
26448,0.335678133448166,0.308059497500771,0.24580160053782,0.110460768513243
26449,0.482822591223456,0.153810305176202,0.0457256671636257,0.317641436436717
26450,0.379157458266973,0.119849819407584,0.0331690781181158,0.467823644207327
26451,0.335912732183319,0.304508978483164,0.213683587811444,0.145894701522073
26452,0.0596783232196014,0.419928435618544,0.153819368937811,0.366573872224044
26453,0.0310210009723555,0.20453975271305,0.54747122731907,0.216968018995524
26454,0.275306899781409,0.0379412343049145,0.275289711874538,0.411462154039138
26455,0.0915438416751499,0.34981786444166,0.0464359474903912,0.512202346392798
26456,0.146549355254963,0.131895521205156,0.264042453868519,0.457512669671362
26457,0.133773654395762,0.184774067206897,0.351692242874976,0.329760035522365
26458,0.139574608468841,0.37568705265896,0.0914310028038101,0.393307336068389
26459,0.0284829456925968,0.0384739645300516,0.553616105165446,0.379426984611906
26460,0.0703476581608191,0.192190620860128,0.0571110086504574,0.680350712328595
26461,0.131185018703091,0.25604916240783,0.38020030564205,0.232565513247029
26462,0.402088447816008,0.322857892650326,0.0287619677160272,0.246291691817639
26463,0.0595693118132267,0.0747290105109574,0.566813756522257,0.298887921153559
26464,0.0365239031490961,0.246778498944392,0.2730067803754,0.443690817531112
26465,0.0240948571481682,0.340035288279208,0.186415882409444,0.44945397216318
26466,0.123775172600114,0.492822590215429,0.0279590091501251,0.355443228034331
26467,0.5759415070646,0.0329319874377383,0.0310259518055595,0.360100553692102
26468,0.269808627873241,0.378892820610836,0.26808472227476,0.0832138292411635
26469,0.395962372187863,0.28556967179707,0.202998640655268,0.115469315359799
26470,0.162892172820103,0.383154639828273,0.294725858023439,0.159227329328186
26471,0.46033285229071,0.218577924785221,0.253629208830089,0.0674600140939801
26472,0.0916112790076303,0.14708246737761,0.695940976597603,0.0653652770171575
26473,0.502578376316314,0.157071679757663,0.207140705078916,0.133209238847107
26474,0.12261483163532,0.2896296913207,0.451204994579653,0.136550482464328
26475,0.319725423712441,0.199121506780245,0.311722912950906,0.169430156556409
26476,0.210404759403661,0.317660277648685,0.263527051328402,0.208407911619252
26477,0.195339407269082,0.220252017832628,0.469955763263025,0.114452811635266
26478,0.257554749503888,0.31475373160665,0.295527428829872,0.132164090059589
26479,0.239130844394815,0.299117004635837,0.340243309156829,0.121508841812518
26480,0.347941486919851,0.304955485794264,0.23098026258323,0.116122764702655
26481,0.233076093850126,0.230850389829086,0.389073316319971,0.147000200000816
26482,0.318094907031171,0.182247261279076,0.38667498923313,0.112982842456622
26483,0.29002171850842,0.331679158754365,0.233711111893826,0.144588010843389
26484,0.181260875418778,0.177402184383458,0.521099724379042,0.120237215818722
26485,0.19346430923954,0.508458267968654,0.195966599271262,0.102110823520544
26486,0.272738920788114,0.277210926713291,0.228111176074154,0.221938976424441
26487,0.0689544365207733,0.267099185687634,0.560509028216598,0.103437349574995
26488,0.210419804214552,0.289373489300391,0.310821544289013,0.189385162196044
26489,0.300641027455781,0.214935758796022,0.274035768360078,0.210387445388119
26490,0.292134433150916,0.203852519481005,0.299488453739228,0.20452459362885
26491,0.404037569672194,0.335558261575891,0.156807829772624,0.103596338979291
26492,0.32092456555562,0.381480381349733,0.193713603647622,0.103881449447026
26493,0.20138223473302,0.145217905280359,0.467322246066529,0.186077613920092
26494,0.385956157384185,0.358202217904416,0.119448448400947,0.136393176310452
26495,0.511047288049534,0.183790478518522,0.0802750193529442,0.224887214079
26496,0.193573176010946,0.171348535562611,0.546504837083414,0.0885734513430288
26497,0.308214137492039,0.0827797374725691,0.516681010230443,0.0923251148049487
26498,0.463684555798108,0.148795441668193,0.197138880999582,0.190381121534117
26499,0.279525851629669,0.179812710082388,0.346632121815975,0.194029316471969
26500,0.230965705992785,0.46531994340182,0.18746934106012,0.116245009545276
26501,0.439546666959722,0.231481302294296,0.17586759863878,0.153104432107202
26502,0.445182592387221,0.191014239963007,0.209728950743902,0.154074216905871
26503,0.152817769683288,0.550740735820465,0.206372291275713,0.0900692032205338
26504,0.17015807482932,0.178788771949537,0.333673288664414,0.317379864556729
26505,0.129633253253619,0.392513683854835,0.286297281259348,0.191555781632198
26506,0.0914908610162043,0.278159134594093,0.280970208233579,0.349379796156124
26507,0.576725568143834,0.109702363748236,0.0734494780260372,0.240122590081892
26508,0.345851165075629,0.308857249433572,0.0411979592129822,0.304093626277817
26509,0.0980204294882509,0.687233082648771,0.0400764699895326,0.174670017873445
26510,0.198229483176019,0.237968636606085,0.18287740928806,0.380924470929836
26511,0.0684756428128849,0.285579902798241,0.516646788930508,0.129297665458366
26512,0.112190387854563,0.14778750049094,0.176635131555725,0.563386980098772
26513,0.0924556703001717,0.348693961850764,0.423617416022483,0.135232951826581
26514,0.106884828267147,0.402026589491323,0.15600374818308,0.33508483405845
26515,0.278592006520702,0.171492793889226,0.39270999889056,0.157205200699513
26516,0.176328235078815,0.102572707192603,0.182144875025797,0.538954182702786
26517,0.188938444615801,0.305858265552025,0.170765580188491,0.334437709643683
26518,0.147102000940453,0.0724568737477045,0.395493982832223,0.38494714247962
26519,0.432144686818356,0.176730503635463,0.097074141962528,0.294050667583653
26520,0.619449169974851,0.0761961851153619,0.0524471113650473,0.25190753354474
26521,0.179359792383343,0.425818383456558,0.0742318669681802,0.320589957191919
26522,0.761854822082555,0.0493933909488226,0.0414940145539386,0.147257772414683
26523,0.0646050753497134,0.402957991400347,0.325225626389572,0.207211306860368
26524,0.346812758074948,0.0952586059782547,0.101274282364213,0.456654353582584
26525,0.256585724275437,0.193622790470196,0.251978205137241,0.297813280117127
26526,0.163520480859655,0.458054893175743,0.288133449946998,0.090291176017605
26527,0.217214088690739,0.183891373352674,0.404247017673596,0.194647520282991
26528,0.11680376917096,0.493130628087276,0.295583104666603,0.094482498075162
26529,0.29734537898827,0.127334977006345,0.482765621386051,0.0925540226193341
26530,0.470758927977434,0.272732882746559,0.139317788394456,0.117190400881552
26531,0.151398188011574,0.319525185369243,0.397177628157458,0.131898998461725
26532,0.253104707602893,0.524910399773383,0.122093794223416,0.0998910984003079
26533,0.177336466104094,0.514158158562138,0.194873014192914,0.113632361140854
26534,0.546814919822959,0.158637677142844,0.207002666703524,0.0875447363306724
26535,0.135858774038779,0.309123284954578,0.446237180763658,0.108780760242985
26536,0.305618369852784,0.134393048008622,0.209622523780829,0.350366058357765
26537,0.263434764368836,0.361646497914752,0.255443385079368,0.119475352637043
26538,0.134385474322661,0.131260739512556,0.591184373917489,0.143169412247295
26539,0.136303844469389,0.414453101897101,0.336208509840236,0.113034543793274
26540,0.289213596776959,0.344041610856067,0.256535326776187,0.110209465590787
26541,0.391169965560384,0.196244033836969,0.113875046730239,0.298710953872407
26542,0.334469127396593,0.272581258783949,0.22403303512134,0.168916578698119
26543,0.347047509514702,0.33814666831554,0.0995177972736846,0.215288024896073
26544,0.183229848534738,0.438624910634674,0.163597069862732,0.214548170967856
26545,0.269188150815035,0.197908804747102,0.159888803698238,0.373014240739626
26546,0.255140393685557,0.292451427060043,0.283502626143995,0.168905553110405
26547,0.542449905983363,0.131035419357978,0.09197427379998,0.234540400858679
26548,0.501531669380613,0.127750301713245,0.279608634669888,0.0911093942362541
26549,0.145097438715688,0.154665404460975,0.557400587881799,0.142836568941539
26550,0.17783305977522,0.158302011490703,0.577099327560596,0.0867656011734811
26551,0.123401106966742,0.354002279109474,0.400184070771116,0.122412543152669
26552,0.377726631287464,0.14326618632548,0.270021012188865,0.208986170198192
26553,0.251750787622843,0.429653643548905,0.154267618998162,0.16432794983009
26554,0.33888314842648,0.334158435443879,0.247035703368816,0.0799227127608249
26555,0.210898613017692,0.0988119969014337,0.483964188628915,0.206325201451959
26556,0.275211013954201,0.155081861899067,0.315071091040988,0.254636033105744
26557,0.352361629865738,0.171194511175814,0.130057590473587,0.34638626848486
26558,0.261845142943156,0.206846095478866,0.410909316241311,0.120399445336667
26559,0.355181361504798,0.337913211976654,0.0903411479573501,0.216564278561197
26560,0.169872266790988,0.171366533585162,0.507925455151946,0.150835744471904
26561,0.169264828857769,0.407396283127976,0.178031377758814,0.245307510255442
26562,0.126089656672063,0.349170373441628,0.371504797046752,0.153235172839557
