No,Ch1,Ch2,Ch3,Ch4
21566,0.163642421364784,0.17282871901989,0.396165549755096,0.26736330986023
21567,0.0825760482105042,0.473294402011192,0.306655482549879,0.137474067228425
21568,0.303376720276751,0.413401982887193,0.183088923108745,0.100132373727311
21569,0.491873350054969,0.173251448770974,0.239838628174077,0.0950365729999798
21570,0.254920502941292,0.380196169756496,0.26339127632263,0.101492050979583
21571,0.134301548238901,0.59082414920718,0.206919305284295,0.0679549972696229
21572,0.236199632287025,0.111185781657696,0.527925491333008,0.124689094722271
21573,0.197024300694466,0.206891089677811,0.198193624615669,0.397890985012054
21574,0.169834961588233,0.318537006334573,0.426651043494077,0.0849769885831174
21575,0.071466335229074,0.175774547096708,0.655941198109704,0.0968179195645142
21576,0.215012293830331,0.21040394588703,0.355260515879683,0.219323244402956
21577,0.145066215507193,0.271767226816958,0.501694794731626,0.0814717629442233
21578,0.362474847958242,0.326934268267922,0.200851717565903,0.109739166207934
21579,0.091495515279405,0.25729823495892,0.214635837296185,0.436570412465489
21580,0.127028768972848,0.456210961470498,0.302450789620763,0.114309479935891
21581,0.352982615723947,0.159767719503756,0.269882653204838,0.217367011567459
21582,0.142962781444747,0.23312653253784,0.34093084423347,0.282979841783943
21583,0.121933870926007,0.19180071496815,0.341765436096232,0.344499978009611
21584,0.314250790009257,0.276344561360525,0.0752775279743032,0.334127120655914
21585,0.380149049454225,0.211378937450993,0.0917911786530385,0.316680834441744
21586,0.200518506773092,0.330962037011415,0.186385336315413,0.282134119900079
21587,0.0464227170948445,0.571953962965942,0.106461422638249,0.275161897300964
21588,0.0490134760149405,0.0868551708373529,0.568382058643225,0.295749294504481
21589,0.109164194899264,0.0625133821742741,0.574181744071569,0.254140678854893
21590,0.0446933194287611,0.143991760432321,0.517029310470004,0.294285609668914
21591,0.0447647847342605,0.215171344341867,0.396781875085223,0.343281995838649
21592,0.0725606503873821,0.239258414534538,0.0670444120822693,0.62113652299581
21593,0.636513192549741,0.136068452479495,0.0856854047085465,0.141732950262217
21594,0.109288242060253,0.179721630354286,0.172248280504654,0.538741847080806
21595,0.336794003998965,0.118525763684173,0.058432402838725,0.486247829478137
21596,0.11157486092094,0.676577463967595,0.0686181575496083,0.143229517561857
21597,0.332445736984397,0.198740897341733,0.0554274128143406,0.413385952859529
21598,0.092661975433499,0.338719422538289,0.319819356205771,0.248799245822441
21599,0.208475854866566,0.390609318157892,0.23115050448253,0.169764322493012
21600,0.072736782106132,0.145153889613081,0.0770294414077162,0.705079886873071
21601,0.0489614797640012,0.13265383391813,0.234750482083304,0.583634204234565
21602,0.0524652361017376,0.36822329480371,0.385071621223494,0.194239847871059
21603,0.55083100551435,0.0523270168666202,0.0963442747503149,0.300497702868715
21604,0.0515864496045946,0.283227902595422,0.31373501817325,0.351450629626733
21605,0.215847280385386,0.063022895708339,0.465410285213436,0.255719538692839
21606,0.20157803006074,0.0515036456959089,0.331028506056749,0.415889818186603
21607,0.485324394504562,0.0777969554887356,0.102039735688279,0.334838914318423
21608,0.200394560376093,0.444608516154739,0.0429571472056208,0.312039776263547
21609,0.0739524146463902,0.0781306779245338,0.446716997375466,0.40119991005361
21610,0.324258855470225,0.312390200098114,0.0418568801395664,0.321494064292094
21611,0.0623347465867903,0.0522612262685688,0.546678666373183,0.338725360771458
21612,0.58950038520993,0.14377236794747,0.169469480796739,0.0972577660458614
21613,0.0432926756511555,0.214590685977683,0.251864346696411,0.490252291674751
21614,0.0863878186109405,0.391100993951388,0.28874760220764,0.233763585230032
21615,0.240397070928038,0.34075208102065,0.0480086746510289,0.370842173400283
21616,0.196256636111016,0.0635873596102941,0.57324957420491,0.16690643007378
21617,0.230291165998841,0.308926334711124,0.205844798509932,0.254937700780103
21618,0.169127961073159,0.0938626257736273,0.246318451950504,0.49069096120271
21619,0.161659041742029,0.180281992571473,0.07817493845075,0.579884027235748
21620,0.0960540008534863,0.712810026243142,0.0534559962627292,0.137679976640642
21621,0.20241999927789,0.293378268083606,0.183078753696065,0.321122978942439
21622,0.112902914444292,0.156290557467403,0.175839971545935,0.554966556542369
21623,0.397250729881205,0.289375266749404,0.216691025594144,0.0966829777752466
21624,0.424829848305814,0.303728177204004,0.183578451834253,0.0878635226559292
21625,0.105972602963448,0.170038282871246,0.546324133872986,0.17766498029232
21626,0.434161460908673,0.23626295084153,0.244546238251719,0.085029349998077
21627,0.224710941314697,0.188181027770042,0.421051919460297,0.166056111454964
21628,0.149439965171813,0.43844573016303,0.343441079361471,0.0686732253036864
21629,0.391958659767489,0.295859132645415,0.205648708427678,0.106533499159418
21630,0.246089424996236,0.231810894134478,0.196065437852361,0.326034243016925
21631,0.129557342302481,0.322679611464438,0.463687780973969,0.0840752652591114
21632,0.168300133161989,0.218838120575887,0.512495029438398,0.100366716823726
21633,0.207484799735022,0.307378594687262,0.24963902308999,0.235497582487726
21634,0.21738714983939,0.531192886877219,0.185230847033169,0.0661891162502218
21635,0.175095291250164,0.517099265136564,0.240615697507677,0.0671897461055945
21636,0.503197058940021,0.192809546208097,0.214376785922742,0.0896166089291391
21637,0.346686381301319,0.411574802406308,0.165184431942485,0.0765543843498878
21638,0.268070729584029,0.407996866166568,0.241118730911007,0.0828136733383959
21639,0.210472372018213,0.508464686446418,0.190279033924952,0.0907839076104178
21640,0.370560873432133,0.364916432949411,0.182174781496084,0.0823479121223714
21641,0.331721750410484,0.23679080429084,0.343511042419739,0.0879764028789371
21642,0.380633751567928,0.328019929706011,0.183494215574417,0.107852103151644
21643,0.114688694237186,0.332420326830574,0.434304893696725,0.118586085235515
21644,0.32719015587583,0.254301067377611,0.189801705035542,0.228707071711018
21645,0.108921473127073,0.623820571176137,0.177881442511742,0.0893765131850472
21646,0.197741208819083,0.222646579174841,0.491849217017315,0.0877629949887615
21647,0.156793770837877,0.29595946824611,0.449397050598308,0.0978497103177054
21648,0.331221945536627,0.168761361437172,0.391331949636309,0.108684743389891
21649,0.466675644120249,0.190679743191581,0.26532088706798,0.0773237256201897
21650,0.297170274767944,0.400254091614766,0.199140127022413,0.103435506594878
21651,0.367753226525985,0.1584396315086,0.225384675699929,0.248422466265486
21652,0.11791453598376,0.205662833196393,0.219241590941262,0.457181039878585
21653,0.558795026558712,0.183153626573777,0.17988241940912,0.0781689274583917
21654,0.57995342344115,0.175808948638902,0.163521779127094,0.0807158487928532
21655,0.294095258939835,0.163168600319646,0.448182778365269,0.0945533623752505
21656,0.447549869547415,0.181768726219936,0.248746002120987,0.121935402111663
21657,0.589450056929513,0.132264836637193,0.183677984895721,0.0946071215375727
21658,0.318463864315032,0.200044082105488,0.369418415199357,0.112073638380122
21659,0.591757884744437,0.183204528939656,0.137706516121231,0.0873310701946755
21660,0.158702793102008,0.158140765996885,0.323596124702634,0.359560316198473
21661,0.118540912866592,0.326897829771042,0.173482537269592,0.381078720092773
21662,0.0493265472252153,0.625660488391824,0.104416111177446,0.220596853205515
21663,0.13626442951161,0.170163766817479,0.571865801303579,0.121706002367333
21664,0.0546110264269855,0.430802726286609,0.160254163142232,0.354332084144174
21665,0.323564047760307,0.225467767932001,0.159328860650527,0.291639323657165
21666,0.0747566016336516,0.31698603146492,0.338887848084148,0.26936951881728
21667,0.0454754389148271,0.403937196790236,0.275508884720637,0.2750784795743
21668,0.27333072235183,0.243674371297276,0.228895503713124,0.254099402637771
21669,0.356026752145095,0.205884613315933,0.0784909083877097,0.359597726151262
21670,0.135059530472028,0.456368399546728,0.123147699119609,0.285424370861636
21671,0.145049192125681,0.437659137424931,0.334218817498771,0.0830728529506174
21672,0.0588239764465989,0.196690543753316,0.536386487869969,0.208098991930116
21673,0.38743333760351,0.188195967146574,0.0710003407746706,0.353370354475246
21674,0.363997611135227,0.111393787796749,0.248432295385244,0.276176305682781
21675,0.419189713406026,0.125774121883652,0.106114311090113,0.348921853620209
21676,0.096047527372483,0.62146240009768,0.172775595092955,0.109714477436882
21677,0.522704128345133,0.0915573618677062,0.272344710471814,0.113393799315347
21678,0.16298182065812,0.529880217762586,0.227025162770969,0.0801127988083244
21679,0.146153490359977,0.499639168392445,0.103983890891555,0.250223450356023
21680,0.259371407609326,0.137313921371517,0.460220857269193,0.143093813749963
21681,0.263792213829694,0.0563035563792636,0.143624557439708,0.536279672351334
21682,0.333243715261713,0.27391745088564,0.0668979396543322,0.325940894198315
21683,0.228197856887438,0.0491649692909234,0.346205620668063,0.376431553153576
21684,0.371315211057663,0.055043026804924,0.17443935573101,0.399202406406403
21685,0.129115940102309,0.251702757564953,0.077834569497664,0.541346732835075
21686,0.0841381159219372,0.466157795454712,0.119508907762022,0.330195180861329
21687,0.14412984251976,0.135090708732605,0.346670538187027,0.374108910560608
21688,0.192556828977752,0.166687355066416,0.0581711346587954,0.582584681297037
21689,0.12478599418433,0.673681303701968,0.0685422703204542,0.132990431793248
21690,0.68484631354619,0.131765866840539,0.0466370675228248,0.136750752090446
21691,0.131765947727605,0.546884779236352,0.0837674370688754,0.237581835967167
21692,0.0506944406415441,0.344398927608188,0.485295240602891,0.119611391147377
21693,0.0568899610109239,0.65572556560107,0.0603291528806861,0.22705532050732
21694,0.0926675614416999,0.363420502696358,0.107345861524904,0.436566074337039
21695,0.361736579459761,0.347816898771365,0.147529610356855,0.14291691141202
21696,0.594199207004204,0.13324553519978,0.0456910964646695,0.226864161331347
21697,0.557008930400147,0.123413505009018,0.1215911525725,0.197986412018335
21698,0.11311749368906,0.0680213198065758,0.723100006580353,0.0957611799240112
21699,0.149357437531064,0.662009594358468,0.0388436353249712,0.149789332785497
21700,0.276039459587319,0.266818114126268,0.166266535707311,0.290875890579101
21701,0.52712178623022,0.12749333774666,0.0819696566609268,0.263415219362194
21702,0.0678913230879802,0.612813660693372,0.074908250196401,0.244386766022247
21703,0.0659930837826744,0.377806772870394,0.0606871641248087,0.495512979222123
21704,0.0660553952012613,0.170622126539216,0.491728667108183,0.271593811151339
21705,0.156716410432066,0.0481827904927713,0.342060694077704,0.453040104997459
21706,0.0743029037542425,0.458343144816584,0.0626552249293385,0.404698726499835
21707,0.080755510037806,0.485976252600374,0.16252495469544,0.27074328266638
21708,0.0503375319600556,0.530189667297655,0.115783276017075,0.303689524725214
21709,0.30142212250928,0.144606725997553,0.0440168124886246,0.509954339004543
21710,0.321798863424352,0.0943882099865989,0.0732619469855871,0.510550979603462
21711,0.0518601094125887,0.553184295430284,0.139543300970509,0.255412294186618
21712,0.0578731563528862,0.350380751120901,0.0570831265828246,0.534662965943388
21713,0.65225334919254,0.107641007233888,0.0819063285561302,0.158199315017441
21714,0.0679180547595024,0.69111442565918,0.0490262135863304,0.191941305994988
21715,0.573154930570386,0.102220215664955,0.153921188070783,0.170703665693877
21716,0.0836626676270763,0.113400334319477,0.183364706983636,0.61957229106981
21717,0.254464054380416,0.0467975650698491,0.379259518252473,0.319478862297262
21718,0.276016268238607,0.453845893448359,0.0406204801867211,0.229517358126313
21719,0.176168501377106,0.114219829440117,0.172063246369362,0.537548422813416
21720,0.380382493869122,0.251912316236186,0.0487411972604246,0.318963992634267
21721,0.128122197510633,0.190663251141656,0.422869211776096,0.258345339571615
21722,0.625163726972449,0.16129888413885,0.0530306206677412,0.16050676822096
21723,0.04677164053471,0.290239855883114,0.176829332394938,0.486159171187238
21724,0.329778383069586,0.194436943365244,0.170028572381394,0.305756101183775
21725,0.0629275720439085,0.132535900696042,0.279078862694536,0.525457664565514
21726,0.0467144279421414,0.342148059194012,0.363126241357508,0.248011271506338
21727,0.181869262997232,0.0814117168959464,0.608245056621878,0.128473963484944
21728,0.0941033905916674,0.116591143233876,0.321844048541279,0.467461417633178
21729,0.244238253768709,0.220248636301627,0.132560176662204,0.40295293326746
21730,0.457198543205912,0.0592087857719963,0.0870161918172169,0.396576479204875
21731,0.154443668640311,0.188937771155503,0.44716883372022,0.209449726483967
21732,0.330982009499729,0.197456648870011,0.0793326073686066,0.392228734261654
21733,0.487466796859109,0.299861291046777,0.0967025487632319,0.115969363330882
21734,0.0457154845978488,0.627438304471082,0.194308846465093,0.132537364465977
21735,0.166460640719264,0.354904220472465,0.0521315806566885,0.426503558151583
21736,0.696843022876657,0.114615677933278,0.0913589813458995,0.097182317844165
21737,0.297694997592494,0.289827304043145,0.303779260645244,0.108698437719117
21738,0.377889024222897,0.292863531091669,0.24091596488279,0.0883314798026449
21739,0.204438651998967,0.394938340896256,0.318415098225733,0.0822079088790437
21740,0.153684368494316,0.54130180706463,0.237507039215678,0.0675067852253759
21741,0.268409418981846,0.319303498299264,0.155804433414142,0.256482649304748
21742,0.250123113393784,0.236025393009186,0.363624006509781,0.15022748708725
21743,0.333412269753583,0.433868242319472,0.0893097248467721,0.143409763080173
21744,0.277742379656232,0.292678945675218,0.344363830737088,0.0852148439314624
21745,0.217445918397727,0.162143136199023,0.412179010743528,0.208231934659721
21746,0.309466043396772,0.391014468402102,0.197505137249981,0.102014350951146
21747,0.545865615675808,0.186218387865215,0.193507186826586,0.0744088096323911
21748,0.311218275631291,0.477989039331185,0.124995334073693,0.0857973509638317
21749,0.15265956862255,0.39835355576173,0.346356697671638,0.102630177944083
21750,0.13302426833059,0.242853030136408,0.458041576030348,0.166081125502653
21751,0.570780047338904,0.11472904108061,0.227458241991077,0.0870326695894103
21752,0.439132183790207,0.128142014145851,0.24081464111805,0.191911160945892
21753,0.300719141960144,0.228394910693169,0.202395722270012,0.268490225076675
21754,0.15338963041619,0.525600961959348,0.139440474816554,0.181568932807908
21755,0.20583444263791,0.329264238294851,0.278463554909686,0.186437764157553
21756,0.0649731894586505,0.41035457834073,0.128590194454935,0.396082037745684
21757,0.0990653615618989,0.584174681749667,0.0385534048349894,0.278206551853445
21758,0.204208618214341,0.230176453433493,0.172035284100386,0.39357964425178
21759,0.41015907510878,0.26788547235898,0.183304009090304,0.138651443441936
21760,0.082709234235768,0.0510982550189679,0.391261500510804,0.47493101023446
21761,0.114224414100299,0.177481461558077,0.466101567434555,0.24219255690707
21762,0.0497704617747527,0.744520820840573,0.0465390184063012,0.159169698978373
21763,0.57098678820252,0.0905915915395158,0.038362937624505,0.300058682633459
21764,0.22643917292865,0.0724202452804093,0.502309191920403,0.198831389870538
21765,0.484816372394562,0.150144398212433,0.0845047533512116,0.280534476041794
21766,0.0627449496996241,0.433731445526671,0.038059780393626,0.465463824380079
21767,0.0664702614265525,0.149686417002295,0.394208377944924,0.389634943626228
21768,0.20628680596183,0.318092797966194,0.273427818319616,0.20219257775236
21769,0.184569246492134,0.195575423373857,0.0740077150615944,0.545847615072415
21770,0.0796538260398565,0.42309351981919,0.196294183835829,0.300958470305125
21771,0.037222739725069,0.110943191993347,0.411919389798336,0.439914678483248
21772,0.137176456111319,0.374255930993794,0.172478842325193,0.316088770569694
21773,0.192905392629925,0.467954984531645,0.0506507037086281,0.288488919129802
21774,0.0476367161382223,0.13537773086495,0.571860892419192,0.245124660577635
21775,0.182876345770413,0.260310467178964,0.212212544497661,0.344600642552962
21776,0.332305662356936,0.337886117296976,0.102673476129618,0.22713474421647
21777,0.0682326149678827,0.0531699296414514,0.624912410513083,0.253685044877583
21778,0.354048465997703,0.120497452028058,0.0792596948036506,0.446194387170589
21779,0.247043900103685,0.248958013920725,0.17069274695792,0.33330533901767
21780,0.146514246370113,0.109622466950772,0.444651795750417,0.299211490928699
21781,0.114236080649104,0.103689568297364,0.600383011976771,0.181691339076762
21782,0.546978894971154,0.0713448157261671,0.251803161589825,0.129873127712854
21783,0.26557551615074,0.0836912822218354,0.190890220686883,0.459842980940542
21784,0.6418653178354,0.172472552750055,0.0802620282788726,0.105400101135672
21785,0.135950580239296,0.621653854846954,0.170977398753166,0.0714181661605835
21786,0.0784601157215289,0.0754655335306615,0.272226673613191,0.573847677134619
21787,0.0956742948172351,0.685948278231482,0.0828663365120566,0.135511090439226
21788,0.285721238170248,0.352846080767422,0.0637990077763944,0.297633673285936
21789,0.0762457228825771,0.276020161032076,0.255233697437236,0.392500418648111
21790,0.610794910949393,0.11094296143864,0.0717769424882076,0.206485185123759
21791,0.322035422264474,0.141717295595488,0.162641833345835,0.373605448794203
21792,0.0937409400939941,0.334382206201553,0.390091925859451,0.181784927845001
21793,0.143543910752,0.27979701132036,0.466803629693308,0.109855448234332
21794,0.04977177157658,0.585470327518438,0.187178122806223,0.177579778098759
21795,0.193745813309075,0.0523069183184291,0.566019971274509,0.187927297097987
21796,0.196205055883301,0.219653179363019,0.157627575503547,0.426514189250133
21797,0.266332721702741,0.417922923369473,0.101252774177181,0.214491580750605
21798,0.483695203620622,0.0574118302306701,0.220007059499543,0.238885906649166
21799,0.0609241444147868,0.0638795216047621,0.231700218668587,0.643496115311864
21800,0.0693846946163825,0.0816545418028127,0.27399343456323,0.574967329017575
21801,0.147943162264981,0.136095398541001,0.171778209278962,0.544183229915057
21802,0.0449780870782085,0.171134237937404,0.376694569874041,0.407193105110346
21803,0.0722136833183153,0.106461090931502,0.593606979811556,0.227718245938627
21804,0.156425660715463,0.529189904376488,0.10088270533393,0.213501729574119
21805,0.573998868465424,0.0676202923059464,0.0914737433195114,0.266907095909119
21806,0.0803971347124025,0.336406432023501,0.178858916934008,0.404337516330089
21807,0.139377606818414,0.379539811916056,0.160188583132795,0.320893998132736
21808,0.257724865810581,0.0913478677661498,0.161524256376966,0.489403010046303
21809,0.615437083518836,0.0588744909442087,0.0647241540470255,0.26096427148993
21810,0.689616283464917,0.0699227696634164,0.119568932639627,0.12089201423204
21811,0.289875019718892,0.43949214966997,0.169696980353557,0.100935850257581
21812,0.127511046501494,0.0515203691005913,0.49491250300291,0.326056081395005
21813,0.263251215219498,0.450311452150345,0.177373960614204,0.109063372015953
21814,0.2569659948349,0.392806738615036,0.250630676746368,0.0995965898036957
21815,0.353314180573399,0.105322208841973,0.315871557120336,0.225492053464292
21816,0.292047192368096,0.409965542627051,0.196332587055812,0.101654677949042
21817,0.131111490676809,0.188568670792177,0.603511168141168,0.0768086703898461
21818,0.0774493715927192,0.0862332333256831,0.480043069122938,0.35627432595866
21819,0.28197068396167,0.190077888817756,0.154468270457808,0.373483156762766
21820,0.581308113456336,0.177031289554433,0.170705985187605,0.0709546118016255
21821,0.154508886419104,0.247388955244587,0.505146197897998,0.0929559604383117
21822,0.268582558674721,0.421478549126056,0.241033127330984,0.0689057648682393
21823,0.193181923336599,0.459319272965821,0.198867163112737,0.148631640584843
21824,0.188396976801731,0.471321586305809,0.245675029200874,0.0946064076915861
21825,0.0825450613146625,0.451209707140561,0.174087294411388,0.292157937133389
21826,0.184595782710518,0.386025884435159,0.354903854911861,0.0744744779424625
21827,0.126512870192528,0.139304250478745,0.659871637821198,0.0743112415075302
21828,0.13825778045098,0.459095695953264,0.247975830079205,0.154670693516551
21829,0.145447836409866,0.303103031986229,0.44576910470254,0.105680026901365
21830,0.126854136586189,0.106369480490685,0.631832838058472,0.134943544864655
21831,0.238754227757454,0.297571092844009,0.198112919926643,0.265561759471893
21832,0.21969603329444,0.38873878700642,0.0585920819430364,0.332973097756104
21833,0.556185948337929,0.121880759554786,0.194886158521038,0.127047133586247
21834,0.657514885681615,0.143069332185209,0.0983012103683435,0.101114571764833
21835,0.135612478954158,0.359011129692694,0.102326218887846,0.403050172465302
21836,0.071601634040414,0.124156351232665,0.536266485740748,0.267975528986174
21837,0.0711294253002193,0.0548976353571171,0.528890542255483,0.345082397087181
21838,0.224531499858711,0.102797842749969,0.513521548259843,0.159149109131477
21839,0.12069772428032,0.447710699772967,0.177042975630408,0.254548600316306
21840,0.600212812423706,0.0910106971859932,0.202961429953575,0.105815060436726
21841,0.530757713375441,0.138878387088812,0.0916495973248125,0.238714302210935
21842,0.0542668315559589,0.298257016429521,0.493460703787341,0.154015448227179
21843,0.556340928701006,0.0927883081675447,0.0746580431263295,0.276212720005119
21844,0.0448302655512418,0.559439231465771,0.129762095776161,0.265968407206826
21845,0.26001779213614,0.112460848408224,0.296889942023528,0.330631417432108
21846,0.0799041962652148,0.440210120671686,0.173221612774682,0.306664070288418
21847,0.307033997354865,0.119946979287447,0.354363628961824,0.218655394395864
21848,0.0996918506989214,0.178080688906893,0.0677877872931707,0.654439673101015
21849,0.635957615270105,0.178272713899273,0.0582598798268257,0.127509791003795
21850,0.519983228147155,0.112903020434804,0.0864487730976286,0.280664978320413
21851,0.130324095487595,0.663770437240601,0.119938902556896,0.0859665647149086
21852,0.395592194992653,0.138051175860263,0.269689756496709,0.196666872650376
21853,0.136174566377725,0.265772565259185,0.427690063256618,0.170362805106473
21854,0.345511466264725,0.163098409771919,0.180708065629005,0.310682058334351
21855,0.136374982243404,0.443923211752224,0.189991208761799,0.229710597242573
21856,0.429844929656203,0.20038161425361,0.28298192162134,0.086791534468847
21857,0.126280738962585,0.670877749689834,0.0925800495402511,0.11026146180733
21858,0.58112763059599,0.113245000394173,0.0889198164138239,0.216707552596013
21859,0.493644688231086,0.113897734238936,0.152517543379348,0.239940034150631
21860,0.560507583010772,0.237144107286391,0.127653744943729,0.0746945647591077
21861,0.295679035005562,0.221702145201729,0.38691231896663,0.0957065008260794
21862,0.0623033184011895,0.418549852833332,0.42585329966391,0.0932935291015685
21863,0.0783487168323535,0.355220131086853,0.22715931623073,0.339271835850064
21864,0.22931642194526,0.595139764068267,0.0836269290606279,0.0919168849258454
21865,0.139867830422547,0.327046967902339,0.452860127080831,0.0802250745942833
21866,0.211990779102261,0.313650743053075,0.355035080535632,0.119323397309032
21867,0.137630064416828,0.188431521905408,0.27101690384796,0.402921509829805
21868,0.148238119149846,0.123340134546009,0.602853046293861,0.125568700010284
21869,0.373265467480747,0.149722793681788,0.182251672878961,0.294760065958504
21870,0.317871416838893,0.277438070216208,0.253425028124079,0.151265484820821
21871,0.594272013051271,0.202398224157108,0.116985051952414,0.0863447108392066
21872,0.088668649896935,0.387270084308011,0.445840050745605,0.0782212150494483
21873,0.334172693385387,0.396296051172196,0.188628493334141,0.0809027621082756
21874,0.122886364395476,0.666035518064301,0.143556338320158,0.0675217792200644
21875,0.318461564790744,0.460366662886987,0.100049524753917,0.121122247568352
21876,0.481020524532215,0.191610595333892,0.2415265661933,0.085842313940594
21877,0.139162879015121,0.348427106486943,0.314456304476967,0.197953710020968
21878,0.298619756061428,0.467234595633584,0.159334992150515,0.0748106561544733
21879,0.408723431565659,0.245109819021528,0.104977470488028,0.241189278924785
21880,0.28315481543541,0.289475351572037,0.348508447408676,0.0788613855838776
21881,0.160179453494839,0.310754661422292,0.305622582221368,0.223443302861501
21882,0.212982300117348,0.283422086885901,0.246328223441962,0.25726738955479
21883,0.119246651547104,0.331872932645539,0.312328093223391,0.236552322583966
21884,0.199424083543776,0.594019578530947,0.0910809168723021,0.115475421052975
21885,0.156791615725188,0.444917288056218,0.188014612494811,0.210276483723783
21886,0.2087891579984,0.314391826307652,0.186860981387809,0.289958034306139
21887,0.320596715194085,0.194652223746412,0.321228911840054,0.163522149219449
21888,0.128308885558231,0.469715183317615,0.296360089819725,0.10561584130443
21889,0.117427094444556,0.292302921757999,0.272251024140098,0.318018959657347
21890,0.150476734325983,0.254688732186296,0.188389668214629,0.406444865273092
21891,0.384685739304339,0.0902330536482131,0.424834565253353,0.100246641794095
21892,0.072860319242047,0.385228028123052,0.102474955598449,0.439436697036452
21893,0.104970849268356,0.406764444658425,0.154986320771379,0.33327838530184
21894,0.220494147829799,0.112099481938787,0.169031915530087,0.498374454701327
21895,0.0467137786975072,0.0975497027000534,0.753658204189538,0.102078314412901
21896,0.345092380865032,0.260629381826082,0.252610888293223,0.141667349015663
21897,0.286395413494383,0.339848915347522,0.266182406772232,0.107573264385863
21898,0.236799758124355,0.326833451884486,0.257775600883728,0.17859118910743
21899,0.246539395354101,0.229875531347461,0.435092949344323,0.0884921239541155
21900,0.0703406557440758,0.0930969342589378,0.212704256176949,0.623858153820038
21901,0.159018337726593,0.664650201797485,0.0665582790970802,0.109773181378841
21902,0.0834742772061486,0.183245343219558,0.60527335695515,0.128007022619143
21903,0.0863912173629461,0.133217214545479,0.634865517654527,0.145526050437048
21904,0.267140114296821,0.110551213237244,0.231558332631923,0.390750339834012
21905,0.0546238964283428,0.432189421064758,0.350477350893518,0.162709331613382
21906,0.153286663393875,0.19323807666841,0.155056578590623,0.498418681347092
21907,0.0744385570287705,0.402780205011368,0.176772549748421,0.346008688211441
21908,0.297764284808827,0.186734669807613,0.259506445803036,0.255994599580523
21909,0.27613165974617,0.160981744527817,0.307222664356232,0.255663931369782
21910,0.477607362306008,0.13196487528138,0.174671066184773,0.215756696227838
21911,0.185681707307024,0.57935330662042,0.152569078539204,0.0823959075333517
21912,0.133401020367436,0.606239612354043,0.0668004224687783,0.193558944809743
21913,0.0938191481395129,0.523108657277311,0.158358200204684,0.224713994378492
21914,0.187348731786701,0.103028421239335,0.229501928217795,0.480120918756168
21915,0.330834336522989,0.101418206872453,0.296448535392773,0.271298921211785
21916,0.0557003993965715,0.0973916806086278,0.40873048013993,0.438177439854871
21917,0.155280453633063,0.160397750729356,0.224255245562565,0.460066550075016
21918,0.123678047170581,0.113968576907175,0.68547775404089,0.0768756218813545
21919,0.17983248695856,0.1225045537762,0.594932194091885,0.102730765173355
21920,0.316082078364414,0.119003194607675,0.18496782388658,0.379946903141331
21921,0.130695044994354,0.596776783466339,0.157678067684174,0.114850103855133
21922,0.47487527485844,0.221266241530077,0.0901398441950965,0.213718639416387
21923,0.20956272042962,0.0959109000556983,0.223283739561466,0.471242639953216
21924,0.224961943178235,0.109214070713939,0.232242382533621,0.433581603574205
21925,0.512859590543204,0.133023651436324,0.192267614487821,0.161849143532651
21926,0.456426017635673,0.111993713498209,0.129664568161002,0.301915700705115
21927,0.102405364703892,0.155825250335399,0.561108802507424,0.180660582453284
21928,0.111943212212613,0.611218376910207,0.0513073304327156,0.225531080444464
21929,0.0810882547822074,0.0970859631027568,0.152542252914377,0.669283529200659
21930,0.0352960100946432,0.32904695445579,0.208373484514563,0.427283550935003
21931,0.109221939060847,0.411033705997082,0.0573558452866874,0.422388509655384
21932,0.0725531263823854,0.0558382781780151,0.548273253106924,0.323335342332676
21933,0.068460362719758,0.519012172483361,0.0514993463270123,0.361028118469869
21934,0.0816070139408112,0.401661276817322,0.171700805425644,0.345030903816223
21935,0.144964904673136,0.201272578546946,0.121344679008012,0.532417837771906
21936,0.151190862059593,0.363170772790909,0.156862333416939,0.328776031732559
21937,0.0709751317577427,0.144239648101928,0.555905814797388,0.228879405342941
21938,0.0385268926620483,0.461297988891602,0.168606132268906,0.331568986177444
21939,0.0612823940335812,0.386538967991659,0.0775563762502232,0.474622261724537
21940,0.485893453666972,0.197451169655906,0.0858393430775061,0.230816033599617
21941,0.136459427125147,0.0742058765024822,0.244785819124964,0.544548877247406
21942,0.102155783043472,0.67106193804042,0.0890462256151902,0.137736053300918
21943,0.0683530733366253,0.37529362086863,0.070944690799967,0.485408614994778
21944,0.0649533291147151,0.298442670656522,0.412073892714795,0.224530107513967
21945,0.132194203163813,0.293444418308636,0.0779497084479844,0.496411670079566
21946,0.52758713148794,0.119341190735733,0.074700782439136,0.278370895337191
21947,0.497574046326457,0.148341412891703,0.12899182352448,0.225092717257359
21948,0.0931266723014913,0.460410578859168,0.234473891093549,0.211988857745792
21949,0.116106530253881,0.341457262998399,0.118585353430451,0.423850853317269
21950,0.133353172739199,0.436724480712976,0.0928791828984083,0.337043163649416
21951,0.108228251338005,0.173597261309624,0.362479567527771,0.3556949198246
21952,0.343781307806729,0.07137607357097,0.0763692591951456,0.508473359427155
21953,0.483161774454365,0.173563728494406,0.0561403700787781,0.287134126972451
21954,0.187564921564386,0.0873078690870424,0.131982145726947,0.593145063621624
21955,0.396492654137423,0.0905823247047912,0.200866666423281,0.312058354734505
21956,0.0441764010243535,0.124088693382999,0.198845139111434,0.632889766481214
21957,0.471162671581944,0.113164527655778,0.16941771794799,0.246255082814288
21958,0.0466660892715078,0.727079031143043,0.091409742491656,0.134845137093793
21959,0.0857979101762954,0.100615356094563,0.078629185310409,0.734957548418732
21960,0.121293963357366,0.560101872981733,0.0482058120690936,0.270398351591807
21961,0.177429235990529,0.165875904297416,0.326429710100753,0.330265149611303
21962,0.68936758206237,0.139219520401664,0.0742607999703169,0.0971520975656495
21963,0.0848471056331596,0.407928517283607,0.390138676982999,0.117085700100235
21964,0.147983197807765,0.0540177689199975,0.651519198760962,0.146479834511275
21965,0.0992745459079742,0.0744887590408325,0.402402877807617,0.423833817243576
21966,0.0971805631274153,0.0506691202720738,0.392475199475145,0.459675117125366
21967,0.53973990879856,0.0474068188943223,0.17647950416982,0.236373768137298
21968,0.148408606648445,0.563914000988007,0.0583737939596176,0.229303598403931
21969,0.0408844435412685,0.165546361331933,0.296808487850617,0.496760707276181
21970,0.13347502052784,0.219230249524117,0.147572040557861,0.499722689390183
21971,0.329878240823746,0.286102384328842,0.247292369604111,0.136727005243301
21972,0.375238507986069,0.172600701451302,0.161622866988182,0.290537923574448
21973,0.434649841288099,0.174092731404779,0.0607600011214614,0.330497426185661
21974,0.48061902047126,0.172838183832738,0.0662514428235806,0.280291352872422
21975,0.0490824406727295,0.091430360972928,0.41143063783651,0.448056560517832
21976,0.372273483252678,0.293324417471686,0.209647079027751,0.124755020247885
21977,0.15504491560228,0.333260392148203,0.206548947193458,0.305145745056059
21978,0.207535419965178,0.0554378674323479,0.296394571104929,0.440632141497545
21979,0.336603882436483,0.203050287090617,0.061408244530918,0.398937585941982
21980,0.0748182954334358,0.599974013865962,0.0763635085387711,0.248844182161831
21981,0.144846417985272,0.44586817417138,0.217171644396857,0.192113763446491
21982,0.144264336101284,0.22690092841086,0.208043241261147,0.420791494226709
21983,0.0590607098734939,0.0776506120579158,0.32881586886305,0.534472809205541
21984,0.111181726056746,0.280960404553404,0.17266690345108,0.43519096593877
21985,0.0509530635444105,0.579852276520592,0.108342445175993,0.260852214759005
21986,0.1383135596169,0.159787250164341,0.58513491473891,0.116764275479849
21987,0.0517800607052455,0.393668240214411,0.149700405444211,0.404851293636133
21988,0.306371961628973,0.230052668304036,0.157309027870134,0.306266342196857
21989,0.0732969870663955,0.291580142763109,0.337976577415888,0.297146292754608
21990,0.0449769710382006,0.388939610370853,0.284456455309917,0.281626963281029
21991,0.272761426187711,0.245688699314335,0.22275429300206,0.258795581495894
21992,0.331376800876164,0.19793689840844,0.0740833304549256,0.39660297026047
21993,0.144717282565711,0.449477156228296,0.107938905415188,0.297866655790805
21994,0.126151096981367,0.451657463945654,0.341907046543649,0.0802843925293298
21995,0.0533344357709542,0.197913416389553,0.532762012855642,0.215990134983851
21996,0.355395603833863,0.192663441215784,0.0644578147769325,0.38748314017342
21997,0.357333028952285,0.108321680004572,0.258298154796687,0.276047136246456
21998,0.384936943089103,0.124847565771921,0.0985228381500705,0.391692652988905
21999,0.0830514697831891,0.628626319768907,0.161813565587215,0.126508644860689
22000,0.508641973395406,0.0667065550895499,0.28023687840214,0.144414593112904
22001,0.157140793757749,0.512286313061212,0.23364389290875,0.0969290002722889
22002,0.150238693879833,0.47579205390656,0.0952361456694912,0.278733106544115
22003,0.061179758941524,0.154366989563912,0.553406374257993,0.231046877236571
22004,0.59579186743808,0.11155088824703,0.0809548112607775,0.211702433054113
22005,0.316456668456122,0.0836704131140468,0.169001173175845,0.430871745253986
22006,0.0470693977003805,0.195076990780923,0.181636724279015,0.576216887239681
22007,0.167515834197874,0.45680798461461,0.148170490508392,0.227505690679124
22008,0.0539656144521895,0.124834860671346,0.529545259391038,0.291654265485427
22009,0.360580224973553,0.12183794016129,0.126244630627494,0.391337204237664
22010,0.106439022227395,0.488742193416838,0.0509573994026072,0.35386138495316
22011,0.0632721972249047,0.374096374074559,0.169726631134105,0.392904797566432
22012,0.260317645659517,0.112785946941795,0.127428006308436,0.499468401090252
22013,0.308715260968698,0.104376772888976,0.320594079507755,0.266313886634571
22014,0.121430139882271,0.0852074723007522,0.607479709609738,0.185882678207239
22015,0.0592675572742886,0.0705703262899767,0.398973369613687,0.471188746822048
22016,0.055345089700833,0.433096063270954,0.0526784115304704,0.458880435497743
22017,0.0701681958480143,0.74195085574033,0.0414694130146985,0.146411535396957
22018,0.225461799285737,0.144150289060925,0.314733688752855,0.315654222900483
22019,0.199367263884869,0.112173651703014,0.236679341048569,0.451779743363548
22020,0.127469269521992,0.105032606347909,0.360659772743884,0.406838351386214
22021,0.049510493136786,0.301891531022019,0.286982085004716,0.361615890836479
22022,0.515967430606363,0.0577374065583103,0.131660938753415,0.294634224081912
22023,0.392652560414684,0.0526556360890093,0.212647105620848,0.342044697875459
22024,0.239470238365876,0.0566719681895958,0.0894169099017457,0.614440883542783
22025,0.483163930224835,0.133733825888244,0.0511909134863453,0.331911330400576
22026,0.672432102069673,0.0792089078095549,0.0427131675764229,0.20564582254435
22027,0.246576377994432,0.242408344239307,0.058321858134935,0.452693419631325
22028,0.3163001537323,0.0922259539365768,0.0380547195672989,0.553419172763825
22029,0.0704421496523067,0.125499475762232,0.0666065608443785,0.737451813741082
22030,0.492937050444054,0.0597761151094488,0.281177890949453,0.166108943497044
22031,0.163521369204562,0.167968874215152,0.0619679260840394,0.606541830496247
22032,0.0864198629134934,0.222158037955819,0.0551696552285655,0.636252443902122
22033,0.0602575803557693,0.134975746776818,0.634852292518513,0.1699143803489
22034,0.688841459569181,0.088994033303134,0.0512948295053287,0.170869677622357
22035,0.153914402308631,0.117439735906132,0.0877576667738656,0.640888195011372
22036,0.51120258901127,0.183907126900766,0.0559380816202784,0.248952202467686
22037,0.138438939016767,0.132170959322371,0.0410506349723739,0.688339466688488
22038,0.0829170821095025,0.273868689182469,0.059622807564606,0.583591421143423
22039,0.310932441544493,0.414186436572065,0.0430688430250664,0.231812278858376
22040,0.139059769199189,0.370014911443217,0.160306843523783,0.330618475833811
22041,0.118392129135337,0.0575902782263907,0.557851299997572,0.266166292640701
22042,0.250452227903969,0.195752432815803,0.20334582636791,0.350449512912319
22043,0.11511554970993,0.567443949954392,0.0734174378687907,0.244023062466888
22044,0.0564563603350182,0.113204306589019,0.314460125031395,0.515879208044568
22045,0.0993052475309689,0.354990861825849,0.0717242791118262,0.473979611531356
22046,0.15806957843796,0.228540029696524,0.186150622574231,0.427239769291285
22047,0.159035198731637,0.40396444183747,0.0508508808530473,0.386149478577846
22048,0.13949214233813,0.701651946492164,0.0470376397752234,0.111818271394482
22049,0.122184101576087,0.559880001548529,0.0533254950247557,0.264610401850629
22050,0.21134879797281,0.313769863518991,0.368279357090261,0.106601981417938
22051,0.0616669238172443,0.0875056003685415,0.649176649944745,0.201650825869469
22052,0.164486452937126,0.42463281750679,0.165840193629265,0.245040535926819
22053,0.0466955421123156,0.715111680870261,0.146553443519996,0.0916393334974274
22054,0.0937153359396508,0.0968978739119274,0.664111042920911,0.14527574722751
22055,0.152224092541456,0.121396950472914,0.571892555267419,0.154486401718211
22056,0.242042483228314,0.106368675509975,0.483877482674251,0.16771135858746
22057,0.264180995946556,0.235852978701978,0.174251189060545,0.325714836290921
22058,0.284860574792462,0.534794735875843,0.0820985343583256,0.0982461549733694
22059,0.148116648197174,0.510465979576111,0.102602511644363,0.238814860582352
22060,0.141692519187927,0.17540867626667,0.0673680156469345,0.615530788898468
22061,0.0692734330309905,0.148789938938843,0.416343709461159,0.365592918569008
22062,0.0934882964782892,0.279701368790947,0.409237379386269,0.217572955344496
22063,0.0480123659077531,0.65107657223022,0.148516524730681,0.152394537131346
22064,0.465426406208861,0.18879471073127,0.0855261274662373,0.260252755593632
22065,0.0802114805516159,0.111874167267258,0.452175931567671,0.355738420613455
22066,0.428482843294228,0.115954462169244,0.118169430439753,0.337393264096775
22067,0.361786527998244,0.205370806357667,0.0435917766240156,0.389250889020074
22068,0.112825866425808,0.695836385960471,0.0360181267862954,0.155319620827425
22069,0.0509097276221598,0.539231357949855,0.0605752205082207,0.349283693919764
22070,0.35428894698603,0.0542178274726511,0.098752024089812,0.492741201451507
22071,0.354505557429335,0.131529144351959,0.0849198370757614,0.429045461142944
22072,0.0546687527099623,0.553927822294002,0.232532583697659,0.158870841298376
22073,0.14095049466414,0.114260817426705,0.222754960234987,0.522033727674169
22074,0.061473744249656,0.674031180448017,0.076249247291145,0.188245828011182
22075,0.0610172372879779,0.300242798416473,0.171374792496197,0.467365171799353
22076,0.70441645908666,0.111511797543703,0.0456768650239472,0.13839487834569
22077,0.194724036792487,0.0888984941773229,0.0778197416825612,0.638557727347629
22078,0.363117415769561,0.132644466523165,0.0972904241162015,0.406947693591072
22079,0.409182716666613,0.051439757048792,0.0706358533559331,0.468741672928662
22080,0.0714857522413145,0.0547840423266899,0.539433135748029,0.334297069683967
22081,0.126880361684558,0.571861262829145,0.0963511087272234,0.204907266759073
22082,0.605519822157624,0.120071863829019,0.0861012848302531,0.188307029183104
22083,0.0401703935848892,0.597439880688191,0.0767235899215669,0.285666135805353
22084,0.18084838784283,0.119621305320919,0.0483527885934026,0.651177518242849
22085,0.288290370691926,0.0935539940910789,0.149127179789276,0.469028455427719
22086,0.0452330149710178,0.417300492525101,0.0443711541593075,0.493095338344574
22087,0.0363316309725372,0.0544269676921743,0.46890687593142,0.440334525403868
22088,0.0749166635765382,0.110706251513446,0.182289413448029,0.632087671461987
22089,0.0442291682801054,0.551001069877293,0.137069090690206,0.267700671152396
22090,0.117163105053259,0.185649600838876,0.181062278433706,0.516125015674159
22091,0.0634308214953297,0.108988378674138,0.648929457398371,0.178651342432161
22092,0.6032435140658,0.158788080843104,0.0441273551103045,0.193841049980792
22093,0.0614736334069785,0.100797994798444,0.518444949554895,0.319283422239683
22094,0.112076146720705,0.0761461544611133,0.30632829209673,0.505449406721452
22095,0.0531169587862378,0.232105881840385,0.18275599249734,0.532021166876037
22096,0.146050518231486,0.0471260341676337,0.585885308157105,0.220938139443775
22097,0.463795516370204,0.0483234230304019,0.100413643571836,0.387467417027559
22098,0.185799493001405,0.0554474066537067,0.556402559903245,0.202350540441643
22099,0.0476619005203247,0.223705843091011,0.139822766184807,0.588809490203857
22100,0.0598951954453143,0.126843892400494,0.612339402790774,0.200921509363418
22101,0.513511171312795,0.168405484996634,0.0562359717444336,0.261847371946138
22102,0.0607505383090867,0.284444441795349,0.0792238462231509,0.575581173672413
22103,0.304966504797839,0.199055415405997,0.159890321494783,0.336087758301381
22104,0.3493612810779,0.253352142970328,0.049580486106291,0.347706089845481
22105,0.0372291223956252,0.208645069985616,0.271470767474358,0.482655040144401
22106,0.665764778812145,0.133924847867706,0.0442332943186146,0.156077079001535
22107,0.0729703503485639,0.066745323436509,0.542470077333224,0.317814248881703
22108,0.256388618012669,0.0896375300546193,0.222520154398986,0.431453697533726
22109,0.240286100511046,0.457272387404328,0.0700786422204769,0.232362869864149
22110,0.0642629126349526,0.0727279644120926,0.137282507677116,0.725726615275839
22111,0.349435464267528,0.119645898922349,0.109312554120089,0.421606082690034
22112,0.0460067462473605,0.211422948454149,0.394925174154899,0.347645131143591
22113,0.0511211454868317,0.443810373544693,0.16553920507431,0.339529275894165
22114,0.129964626653138,0.0758631939518627,0.146215833898714,0.647956345496285
22115,0.110782883648638,0.133734017112352,0.0515640487836151,0.703919050455395
22116,0.0502740897279097,0.21280572135457,0.437966681092481,0.298953507825039
22117,0.221799100448211,0.112765019101686,0.533691453925711,0.131744426524391
22118,0.697558387423492,0.0677518233414332,0.0613107295041368,0.173379059730938
22119,0.0629503922335628,0.610446664223969,0.0692527486717962,0.257350194870672
22120,0.135186886870275,0.0772013847768926,0.442471404782149,0.345140323570683
22121,0.0664288262490753,0.25878414897299,0.137469383142432,0.537317641635502
22122,0.107673642612838,0.335988752484573,0.446107824606274,0.110229780296316
22123,0.0814448389733919,0.3929323343843,0.236989980272725,0.288632846369584
22124,0.0563640401918735,0.373416628240608,0.232749668142762,0.337469663424756
22125,0.29556115580913,0.163363153834249,0.105157670224974,0.435918020131647
22126,0.217418732200937,0.123083420212065,0.25441329154889,0.405084556038108
22127,0.533998139709207,0.138403015410945,0.136809351098677,0.190789493781172
22128,0.350451136373712,0.265723403308937,0.188253981050045,0.195571479267307
22129,0.06081241052086,0.121342600514008,0.196298872127443,0.621546116837689
22130,0.0678484251718147,0.302115545532173,0.459202492344509,0.170833536951503
22131,0.631416618824005,0.0961736142635345,0.141063183546066,0.131346583366394
22132,0.0776395258835064,0.215373585774595,0.425711383840932,0.281275504500966
22133,0.0525509354297281,0.0911132117609652,0.627646698675603,0.228689154133703
22134,0.357118972177483,0.124842445362563,0.165301058410877,0.352737524049078
22135,0.671209208616511,0.0727369777179847,0.0555337027959484,0.200520110869555
22136,0.307501743612869,0.116175178608211,0.0436476148397793,0.53267546293914
22137,0.269936587364426,0.0724821526932396,0.157768366370076,0.499812893572258
22138,0.23842392437565,0.188150533504063,0.155968121706014,0.417457420414273
22139,0.128951327934136,0.398814028483838,0.126120032759309,0.346114610822717
22140,0.033831882843764,0.0712074852972386,0.463674450699153,0.431286181159844
22141,0.0393949854441548,0.245801684493553,0.176118252693285,0.538685077369007
22142,0.139011396922086,0.0535952221334337,0.616882856064418,0.190510524880063
22143,0.258529992837682,0.112897911018863,0.246050553366919,0.382521542776537
22144,0.0472211915792614,0.202962146721498,0.543737832782699,0.206078828916541
22145,0.0594329930244723,0.128669213873578,0.361766746147099,0.45013104695485
22146,0.213173779247408,0.0512753917046866,0.301759097372283,0.433791731675622
22147,0.399215550717769,0.0547531062914174,0.152761176797603,0.39327016619321
22148,0.254023637562638,0.093235878747167,0.124496294193025,0.52824418949717
22149,0.0892361324681486,0.274223743847669,0.0365246644745593,0.600015459209623
22150,0.066222468501999,0.0777285047688635,0.687674304475615,0.168374722253523
22151,0.162162817611856,0.0448752657198218,0.307406350984117,0.485555565684206
22152,0.132989292330641,0.0854565533048121,0.0462486984673403,0.735305455897207
22153,0.0563511515272824,0.339340270829723,0.396483273791087,0.207825303851907
22154,0.0687252313818886,0.449235340173632,0.121198197656789,0.36084123078769
22155,0.0784990271814095,0.183287785822807,0.387666049507752,0.350547137488031
22156,0.0543939613398515,0.456096734260958,0.0529886439250024,0.436520660474188
22157,0.0825250620402414,0.293013879448589,0.391503673538675,0.232957384972494
22158,0.0517048392571869,0.379007580719945,0.0929967246427888,0.47629085538008
22159,0.0811628550291061,0.202832013368607,0.517559170722961,0.198445960879326
22160,0.157110182089952,0.255158569586894,0.072740866650032,0.514990381673122
22161,0.0477987591669241,0.247978637040139,0.141645785980393,0.562576817812544
22162,0.0718570984676503,0.287647530335689,0.185247098678874,0.455248272517786
22163,0.430442653693993,0.0707242674758276,0.0564809396517767,0.442352139178403
22164,0.0351857097267572,0.0450586492011646,0.555842103644617,0.363913537427461
22165,0.0564805809098287,0.469989403225837,0.0735816409355597,0.399948374928775
22166,0.427921969946711,0.386558699006976,0.0664780914699178,0.119041239576395
22167,0.348372226184193,0.223590004795641,0.188675182889032,0.239362586131134
22168,0.136873530400895,0.150721641640688,0.275696490342863,0.436708337615555
22169,0.297019410989455,0.0519808138914103,0.158490577396356,0.492509197722778
22170,0.077093448768849,0.181328914404113,0.593814584889356,0.147763051937682
22171,0.074514533375,0.264145831173131,0.352904869351717,0.308434766100152
22172,0.057321956440425,0.12918678359196,0.0736681918167089,0.739823068150906
22173,0.114666531324393,0.54854396513653,0.0592327985510469,0.277556704988031
22174,0.595506089791837,0.115073065908941,0.0659044926138071,0.223516351685415
22175,0.0637699118342283,0.427853240525229,0.156092012074142,0.3522848355664
22176,0.237416254262747,0.0805267772117762,0.311917933165416,0.370139035360061
22177,0.0941073794569943,0.105600697839297,0.186136598162027,0.614155324541683
22178,0.215020176544485,0.395733112160368,0.139807132783426,0.249439578511721
22179,0.0453572395230985,0.413794045818207,0.0553990122438066,0.485449702414888
22180,0.215224274069975,0.091024588459156,0.539453764984525,0.154297372486344
22181,0.134741727553061,0.549350695292672,0.0786458426310373,0.237261734523229
22182,0.327381466737113,0.0845655066455231,0.27223578501099,0.315817241606373
22183,0.204212855022326,0.512414780161556,0.0796025064380284,0.20376985837809
22184,0.360041661856696,0.0668799027705236,0.07955265434596,0.49352578102682
22185,0.146819658784103,0.351256657084797,0.0515717369392675,0.450351947191832
22186,0.0529350481704836,0.530832439521278,0.0931436993075739,0.323088813000665
22187,0.0953067427615353,0.219314285342182,0.0960261634001942,0.589352808496088
22188,0.211343606799382,0.164150901251246,0.340380146784478,0.284125345164895
22189,0.146863046043795,0.0468219937164708,0.504507491449034,0.3018074687907
22190,0.0468962142487876,0.474128598860653,0.16985061160441,0.30912457528615
22191,0.277916137545051,0.13170850473208,0.446004427164859,0.14437093055801
22192,0.118998552009528,0.162782587284628,0.227443237866019,0.490775622839825
22193,0.0870082967951276,0.148783682668331,0.0836575099553353,0.680550510581206
22194,0.262721266407948,0.259245481204309,0.037824525865547,0.440208726522196
22195,0.209091769226579,0.50430852550498,0.166468427825484,0.120131277442957
22196,0.298278211436129,0.048229452042917,0.0855832171232133,0.56790911939774
22197,0.102921818109697,0.418716090359804,0.0451655895958665,0.433196501934633
22198,0.0667595033830478,0.0700397853547367,0.0862278329398061,0.776972878322409
22199,0.619030035323276,0.0835077060942461,0.0784522712807256,0.219009987301752
22200,0.466279952254001,0.080707812857849,0.106465995623216,0.346546239264934
22201,0.226509887375085,0.427626258546505,0.161856117276193,0.184007736802216
22202,0.583765434091566,0.178888868267338,0.0474582080366118,0.189887489604485
22203,0.469438170745468,0.325483662796128,0.0494949121291609,0.155583254329243
22204,0.119225564283704,0.249161532129978,0.0373960667266563,0.594216836859662
22205,0.293268386919325,0.315241132903712,0.100853548956715,0.290636931220247
22206,0.0522679615934786,0.147313446904074,0.488265756430222,0.312152835072226
22207,0.0715442951738459,0.0570685438831158,0.324933699240774,0.546453461702264
22208,0.175068126433105,0.483895990877569,0.0506783802112816,0.290357502478045
22209,0.099470127023118,0.121805014685336,0.048552552111156,0.73017230618039
22210,0.172046432732152,0.17264024398803,0.172873938892068,0.48243938438775
22211,0.0845198087705722,0.374013533375804,0.0385444936535826,0.502922164200041
22212,0.044368569964841,0.296085872026537,0.348822692192193,0.310722865816429
22213,0.0638485709406223,0.220650884816809,0.187552574091443,0.527947970151126
22214,0.041789975172989,0.152837873074553,0.439230503288025,0.366141648464433
22215,0.0583741555302372,0.0956423807726889,0.662680509174915,0.183302954522159
22216,0.517386019229889,0.117432877421379,0.0865865796804428,0.278594523668289
22217,0.0740230524985265,0.0757788637594963,0.538229699893075,0.311968383848903
22218,0.0794882375173489,0.334344554658603,0.0500063395125529,0.536160868311495
22219,0.394928905330069,0.0525321815351559,0.0939713201967725,0.458567592938003
22220,0.694699157853437,0.0627289926599116,0.0700985257312875,0.172473323755364
22221,0.0496860418632456,0.200426672376791,0.105372758674552,0.644514527085411
22222,0.682986033763476,0.091418454263703,0.0447027281802656,0.180892783792555
22223,0.154329736659817,0.398597222524799,0.0581121611032534,0.388960879712131
22224,0.250670077284203,0.0863046727054169,0.13303403655465,0.529991213455731
22225,0.615871282702478,0.14966081903901,0.0942249255973879,0.140242972661124
22226,0.0730305843766472,0.052193027573001,0.660389490355434,0.214386897694918
22227,0.535239108431922,0.149630206072781,0.179914819894952,0.135215865600346
22228,0.0428622922194664,0.616795418348926,0.0743550431938654,0.265987246237743
22229,0.20093823377512,0.390198427000572,0.0693427802328518,0.339520558991457
22230,0.0918068242611535,0.0734090603413898,0.68781336211602,0.146970753281437
22231,0.581556695150039,0.128885168697988,0.146717761359148,0.142840374792825
22232,0.316426792051597,0.266327477486031,0.0539211682135171,0.363324562248856
22233,0.0942728966474533,0.0735644549131393,0.284975856542587,0.54718679189682
22234,0.181378612477225,0.471163944269301,0.0700687596181405,0.277388683635334
22235,0.198468564462151,0.0705347130407787,0.131248651957149,0.599748070539921
22236,0.664814884477743,0.110780618259455,0.0656956429355171,0.158708854327285
22237,0.306556779646993,0.0670555581504271,0.252343496220429,0.374044165982151
22238,0.0458020369685655,0.209899196515626,0.433737624301898,0.310561142213911
22239,0.132893821577452,0.491437963758616,0.172372035937251,0.203296178726681
22240,0.154704511165619,0.181940153241158,0.245745852589607,0.417609483003616
22241,0.349526301750226,0.12310484602026,0.102465887477959,0.424902964751555
22242,0.502841670171979,0.137868588338367,0.059961194543585,0.299328546946069
22243,0.0579541444355323,0.635735001786463,0.0450327149389013,0.261278138839104
22244,0.227604074931388,0.44420021439792,0.154124775774764,0.174070934895929
22245,0.507690794880551,0.0995482817224902,0.0698617856183914,0.322899137778567
22246,0.156552144109197,0.461372846585586,0.080238413525141,0.301836595780076
22247,0.0708807275641127,0.0727327407762276,0.595771743262673,0.260614788396987
22248,0.602036361411485,0.106600575943295,0.191313789720191,0.100049272925029
22249,0.0641934335784592,0.14324476994772,0.206579963715822,0.585981832757998
22250,0.423641482524011,0.0708859951247125,0.201303963392316,0.30416855895896
22251,0.120393146863733,0.153599139595051,0.491174120653254,0.234833592887962
22252,0.133509526643547,0.0830844982309454,0.546816626682258,0.236589348443249
22253,0.17447076477899,0.491374038288384,0.0738227058377459,0.26033249109488
22254,0.163920685648918,0.226188972592354,0.269566506147385,0.340323835611343
22255,0.0793482085892464,0.0494293918684339,0.502445055235607,0.368777344306713
22256,0.256043982030927,0.0608152923352402,0.305209203297311,0.377931522336521
22257,0.557193509382106,0.0950336740160931,0.220109235940736,0.127663580661065
22258,0.0785980499208555,0.545967324198266,0.190580719990113,0.184853905890766
22259,0.270223538213355,0.102024328039003,0.164707383688814,0.463044750058828
22260,0.0447667237761116,0.0768715211982167,0.545717771755772,0.3326439832699
22261,0.375112246725328,0.106974366515111,0.224059797050351,0.29385358970921
22262,0.438068790378236,0.227262965657203,0.155510921940533,0.179157322024027
22263,0.122178431971393,0.433385863529417,0.0430162600694088,0.401419444429781
22264,0.408852362500841,0.229398723998685,0.155097795201871,0.206651118298603
22265,0.228005462050275,0.270706526317998,0.372233498923972,0.129054512707755
22266,0.129011933841256,0.0749343289037916,0.404211566009058,0.391842171245894
22267,0.0688423488720377,0.0639296671774362,0.638207173414261,0.229020810536265
22268,0.348480095014569,0.179129207756245,0.16372191418046,0.308668783048726
22269,0.263234839632204,0.603694772940563,0.0681401531779857,0.0649302342492482
22270,0.0913062908403107,0.235614461931479,0.38472953152113,0.288349715707081
22271,0.14793988621414,0.301763614959609,0.403789359218199,0.146507139608051
22272,0.203258800312352,0.45644298455459,0.139222643421731,0.201075571711327
22273,0.237561509013176,0.233370542526245,0.281083226203918,0.24798472225666
22274,0.137026476942595,0.563086462685908,0.0739971937387555,0.225889866632742
22275,0.138336645637999,0.502511508800261,0.190328988288775,0.168822857272966
22276,0.0683027868225755,0.107313817630502,0.525914899618702,0.298468495928221
22277,0.280538028788672,0.233822023134426,0.396953710845568,0.0886862372313344
22278,0.116878715041232,0.364468647706086,0.315460127422963,0.203192509829719
22279,0.349751174449921,0.233884900808334,0.171549871563911,0.244814053177834
22280,0.219816019083918,0.0870287661335341,0.347733594799048,0.345421619983501
22281,0.653671796220006,0.0993929572448659,0.16881114118687,0.0781241053482584
22282,0.106010058611781,0.330106948764726,0.486981667384232,0.0769013252392609
22283,0.13568171656606,0.385800624105325,0.151029688849603,0.327487970479012
22284,0.349981568381602,0.219216386544338,0.334824077751694,0.0959779673223652
22285,0.111226643127799,0.333432115616622,0.247155567567547,0.308185673688032
22286,0.132235975058645,0.0647278507406104,0.585250858852646,0.217785315348099
22287,0.338657654940881,0.280866271574786,0.113457361909539,0.267018711574794
22288,0.330653602918184,0.246805321472804,0.130405573093808,0.292135502515204
22289,0.130514291964258,0.379636818473983,0.276347692663257,0.213501196898502
22290,0.504203855991364,0.102783165872097,0.287255585193634,0.105757392942905
22291,0.645994081631171,0.0864880551357878,0.105136687423364,0.162381175809678
22292,0.247767064820212,0.185560635377736,0.258363086356383,0.308309213445669
22293,0.205646620732893,0.402426901477776,0.0936471305314238,0.298279347257907
22294,0.285147241141442,0.159116250210721,0.0755776074213987,0.480158901226439
22295,0.0724940289185341,0.296110238192823,0.445936017544031,0.185459715344612
22296,0.282001912593842,0.0719296187162399,0.161096915602684,0.484971553087235
22297,0.183822480085157,0.188450557165585,0.336551959267975,0.291175003481284
22298,0.102299905551226,0.152444987353347,0.550557430456896,0.194697676638531
22299,0.0646178263310748,0.674844610042039,0.0619162644834022,0.198621299143484
22300,0.634804656583001,0.180431169563067,0.0815622794395346,0.103201894414397
22301,0.090812875467347,0.233771529290504,0.579581311649363,0.0958342835927862
22302,0.113290680893025,0.483171786235292,0.152673192834201,0.250864340037483
22303,0.463291013561466,0.111823899915571,0.13122848360687,0.293656602916093
22304,0.236617069890841,0.382899070040896,0.0532947472737022,0.327189112794561
22305,0.184310090775637,0.260232414897793,0.341697419558504,0.213760074768065
22306,0.185968423307883,0.199896717074611,0.501940891088817,0.112193968528689
22307,0.0785990941733257,0.288591440191993,0.0596784493375056,0.573131016297176
22308,0.147739561613494,0.263637218827564,0.184694009791225,0.403929209767717
22309,0.414119030377429,0.106006136842003,0.0404699626512457,0.439404870129322
22310,0.281984096057417,0.0578544113385382,0.155577230371111,0.504584262232934
22311,0.152587937602221,0.310206775519353,0.178910198493454,0.358295088384972
22312,0.588613050836714,0.119882177408999,0.0699581748234682,0.22154659693082
22313,0.43399945548176,0.216047275305499,0.068633110353844,0.281320158858898
22314,0.332702035714656,0.244751017618909,0.17396414020711,0.248582806459325
22315,0.137257944427194,0.298123171981479,0.181886414233255,0.382732469358073
22316,0.0488402083861766,0.380075592396391,0.162198672825138,0.408885526392295
22317,0.0790763899339881,0.459730672081212,0.106952119877641,0.354240818107159
22318,0.141674159374004,0.0499663757164064,0.548048132493554,0.260311332416035
22319,0.32221162079117,0.262571154068625,0.0679759452642803,0.347241279875925
22320,0.141443133354187,0.401436567306519,0.253132164478302,0.203988134860992
22321,0.194108217954636,0.173487514257431,0.172535330057144,0.459868937730789
22322,0.0568375517192301,0.107913226693222,0.528788332110556,0.306460889476991
22323,0.0448864711787245,0.342352162073617,0.136321340093653,0.476440026654006
22324,0.067741099048008,0.414495635680659,0.298906458865395,0.218856806405938
22325,0.213381487330518,0.217548850440217,0.0694818507057704,0.499587811523494
22326,0.487178169381944,0.0880549536935247,0.16816101717709,0.256605859747442
22327,0.267137459899859,0.247945509912207,0.397410470324443,0.0875065598634911
22328,0.389974570124963,0.153880151419046,0.199663358921757,0.256481919534235
22329,0.289748826317454,0.180367162238573,0.208019933343528,0.321864078100445
22330,0.165394055327685,0.149266841251654,0.401642030501992,0.283697072918669
22331,0.283191185873386,0.209285193317149,0.0517044721869722,0.455819148622493
22332,0.202724024653435,0.13903072476387,0.205970659852028,0.452274590730667
22333,0.534630374152374,0.0747298993089765,0.300118604305941,0.090521122232709
22334,0.202409216869289,0.174845420189742,0.358320341631189,0.264425021309779
22335,0.314426071519242,0.452060262532389,0.0907248353375085,0.14278883061086
22336,0.557884458883736,0.140894011712775,0.186604396899077,0.114617132504412
22337,0.133714376883847,0.308312026349366,0.447954710960726,0.110018885806062
22338,0.0778443309182897,0.188454840819273,0.232270782417151,0.501430045845286
22339,0.141102753488118,0.0878630251813022,0.674137210242156,0.096897011088424
22340,0.0585809161720556,0.491291370826793,0.0822960604677756,0.367831652533376
22341,0.218919975914657,0.119820348025707,0.26713159481338,0.394128081246256
22342,0.270280625368943,0.14381199860853,0.471022062435417,0.11488531358711
22343,0.135778262199623,0.692034597009163,0.0944019176483011,0.0777852231429128
22344,0.150332163264389,0.337106366839815,0.434227066212086,0.07833440368371
22345,0.644925401100694,0.0987672187663491,0.148887198815781,0.107420181317176
22346,0.473127896427328,0.136238030744092,0.0769291783757824,0.313704894452797
22347,0.144884158518438,0.290607848483558,0.44044245602019,0.124065536977814
22348,0.0820625784685824,0.269892509730272,0.562372139656959,0.0856727721441869
22349,0.17244975654296,0.276768928992054,0.437612543350738,0.113168771114247
22350,0.222698617319742,0.380544906564726,0.304043476343803,0.0927129997717291
22351,0.189332017620444,0.283550164593751,0.441895978394271,0.0852218393915343
22352,0.5649251895776,0.112183905302108,0.217643676566752,0.105247228553539
22353,0.169429995243102,0.143355986923992,0.371235208417559,0.315978809415347
22354,0.25107123699572,0.331970562578125,0.262123785551674,0.154834414874482
22355,0.140620878664592,0.289336843311944,0.320686563284095,0.24935571473937
22356,0.155914758322083,0.11186600064832,0.439340842942621,0.292878398086977
22357,0.195760348565568,0.50093947348179,0.1568015767097,0.146498601242942
22358,0.642024278640747,0.117373824119568,0.157778576016426,0.082823321223259
22359,0.146853090426721,0.261425735514058,0.513507071983122,0.0782141020760991
22360,0.225192564262367,0.502089088806016,0.0581918998605598,0.214526447071058
22361,0.267568783019113,0.255944237467303,0.134118982202946,0.342367997310638
22362,0.125334460298254,0.273856648023625,0.351741682044914,0.249067209633208
22363,0.0771996779918863,0.1415377323903,0.44070965405049,0.340552935567323
22364,0.261520083822011,0.274358596289775,0.148059649049347,0.316061670838868
22365,0.242911267920006,0.23678674156646,0.23343424846879,0.286867742044743
22366,0.206129698409664,0.505045231394133,0.203285051857791,0.0855400183384119
22367,0.486030957968427,0.102241937916365,0.211028272406531,0.200698831708677
22368,0.216572147360859,0.423809492233254,0.148617488911487,0.211000871494399
22369,0.12283368121213,0.63996376991137,0.161778068608719,0.075424480267781
22370,0.138003524005308,0.396452623711448,0.180049354432543,0.285494497850701
22371,0.460966541199879,0.085576775240206,0.184131150964831,0.269325532595084
22372,0.349260466200841,0.427570118473093,0.131251196144104,0.0919182191819616
22373,0.246337540556862,0.0961118758883513,0.264792583441955,0.392758000112832
22374,0.231833909518991,0.564537857568062,0.118884342064663,0.0847438908482839
22375,0.148386095416131,0.493098899516431,0.176482235684461,0.182032769382977
22376,0.232666522264481,0.119865328073502,0.242601245641708,0.404866904020309
22377,0.411249384703092,0.276021729261493,0.0929860879848185,0.219742798050597
22378,0.139341628820075,0.197783136268696,0.581444587474074,0.0814306474371544
22379,0.494964212179184,0.243436098098755,0.110516354441643,0.151083335280418
22380,0.115110342611886,0.216447557141314,0.206799517419945,0.461642582826855
22381,0.138710173051211,0.360553299792905,0.207771349069049,0.292965178086835
22382,0.0730899296131709,0.482164874141362,0.166805391514462,0.277939804731006
22383,0.213321081797738,0.097120765703888,0.291089136485415,0.398469016012959
22384,0.131095650742106,0.680332616277023,0.102040971116147,0.0865307618647239
22385,0.3387216157735,0.275822381519615,0.284159223890276,0.10129677881661
22386,0.258349957006797,0.381468060474605,0.27045962415978,0.089722358358818
22387,0.254082840118535,0.131251579430025,0.242909159194342,0.371756421257097
22388,0.52143434727809,0.167878845040543,0.193272747350009,0.117414060331357
22389,0.190301140853797,0.261571206497288,0.364795397662979,0.183332254985936
22390,0.244895055585805,0.142150589355862,0.224654479304223,0.388299875754111
22391,0.296318475847222,0.211115676330264,0.164779248308826,0.327786599513689
22392,0.250407867121462,0.318391343403121,0.212562122566637,0.218638666908781
22393,0.131240029073955,0.167244916178135,0.618716556391613,0.0827984983562976
22394,0.153082500306293,0.326461186216438,0.1711935796978,0.349262733779468
22395,0.42028856115488,0.221403047387506,0.251822101074449,0.106486290383165
22396,0.0820400124940277,0.100738220667379,0.377159538694915,0.440062228143679
22397,0.391434919578878,0.272356577883857,0.193649387170356,0.142559115366909
22398,0.397115093383643,0.163967316268901,0.263132550213711,0.175785040133746
22399,0.100065059959888,0.252117544412613,0.565703094005585,0.0821143016219139
22400,0.110366266656927,0.128666173557455,0.675674954781683,0.0852926050039349
22401,0.626947242824651,0.0914281782933527,0.14750589869934,0.134118680182656
22402,0.139674987206608,0.342938144715484,0.303198686146775,0.214188181931133
22403,0.176010081886945,0.318351438094633,0.203859814886456,0.301778665131966
22404,0.396687242364043,0.0862652144302816,0.438980672053849,0.0780668711518263
22405,0.112450713942588,0.391829588826662,0.153897363407106,0.341822333823644
22406,0.132487086467637,0.48508646361401,0.17208808404076,0.210338365877593
22407,0.285976031004668,0.155731429330451,0.187209030604632,0.371083509060249
22408,0.0680222680575331,0.118327107081625,0.720996997386128,0.0926536274747141
22409,0.351927345274796,0.308325742309179,0.253834698406379,0.0859122140096458
22410,0.280170859993777,0.391100171142073,0.246383430409308,0.0823455384548421
22411,0.278187285296145,0.384686394955456,0.24250268349434,0.0946236362540586
22412,0.260950120247529,0.278396131682367,0.353188904771126,0.107464843298978
22413,0.100625104452483,0.129171534410331,0.198447419714574,0.571755941422612
22414,0.17520068455338,0.674245054466687,0.0652400697377319,0.0853141912422017
22415,0.0977952869060465,0.219394342935423,0.604828798483086,0.0779815716754453
22416,0.103342624579382,0.171050047894192,0.644805874573878,0.0808014529525476
22417,0.327073305845261,0.170202508568764,0.247450426220894,0.255273759365082
22418,0.0701250986810818,0.466188988068208,0.382654713808956,0.0810311994417548
22419,0.179204573607581,0.241112582120674,0.177580689715764,0.402102154555981
22420,0.124193962687434,0.471250341199328,0.195002222210103,0.209553473903135
22421,0.202546754403509,0.0825737019606321,0.618327778031594,0.0965517656042646
22422,0.0525210938972072,0.266489889227005,0.206191387680301,0.474797629195487
22423,0.0867906870426135,0.188943174646151,0.62953787103984,0.0947282672713955
22424,0.501744981842153,0.207892356754151,0.0878247835649194,0.202537877838776
22425,0.134233155806371,0.286198752245363,0.13281928899202,0.446748802956247
22426,0.315180888319585,0.233539097501662,0.190298134377654,0.260981879801098
22427,0.386823159063553,0.269056179197317,0.0816743994258165,0.262446262313314
22428,0.0473252442500654,0.2340400314869,0.324250443155895,0.394384281107139
22429,0.672098413231188,0.144244122749063,0.0769850256365171,0.106672438383231
22430,0.129646568524491,0.0808665969903276,0.577209229937127,0.212277604548055
22431,0.268424085723636,0.107735749848612,0.292650005440414,0.331190158987339
22432,0.252097325290134,0.474887554912173,0.121504874150946,0.151510245646747
22433,0.0894910673165828,0.0996087543753813,0.200741629285925,0.610158549022111
22434,0.360901967923431,0.145489803500018,0.16320107116704,0.330407157409511
22435,0.0449129881304871,0.260718295749959,0.468853938164336,0.225514777955218
22436,0.0673598071145954,0.44762275956937,0.224078155281489,0.260939278034546
22437,0.198271921225545,0.152576883214023,0.172285770543986,0.476865425016446
22438,0.173753109965427,0.224883791433516,0.0700737674523329,0.531289331148724
22439,0.0721229304056923,0.244690012265891,0.472208165046451,0.210978892281966
22440,0.157143748870958,0.435734649109899,0.170577787037691,0.236543814981452
22441,0.346915629901621,0.220108894853973,0.338465837102638,0.0945096381417689
22442,0.120197882947357,0.270365651393449,0.526629797717485,0.0828066679417093
22443,0.13843172479201,0.687490030657723,0.0983578168222796,0.0757204277279878
22444,0.355048832632237,0.318341610444027,0.226824460723814,0.0997850961999215
22445,0.147179499268532,0.445886969566345,0.278819978237152,0.128113552927971
22446,0.210426245862832,0.372481265049009,0.345756598094626,0.0713358909935331
22447,0.30146153862889,0.436069773552723,0.181176403725851,0.081292284092537
22448,0.185066099798692,0.519243467169028,0.2035127236654,0.0921777093668794
22449,0.234299411646264,0.482462118919092,0.189347718417966,0.0938907510166783
22450,0.129561081528664,0.244054660201073,0.315761566162109,0.310622692108154
22451,0.11131301769705,0.578942928659487,0.200667685240462,0.109076368403001
22452,0.127835927488865,0.611102810336608,0.191449639328575,0.0696116228459534
22453,0.258810073137283,0.207242235541344,0.219370678067207,0.314577013254166
22454,0.23725263597628,0.516570266212745,0.170098959132292,0.0760781386786838
22455,0.493134327539757,0.232779656375364,0.181325561642994,0.0927604544418847
22456,0.394932666307673,0.120192567710412,0.230955814517047,0.253918951464868
22457,0.265402295154402,0.358234803623998,0.272710778495991,0.10365212272561
22458,0.138122294489214,0.421121669445088,0.276714422604871,0.164041613460827
22459,0.164273875419406,0.385406946918472,0.376291727666434,0.0740274499956884
22460,0.131277810595101,0.216903307530185,0.575741512306288,0.0760773695684263
22461,0.356821464120542,0.295827318138357,0.23705430935866,0.110296908382442
22462,0.489896346109442,0.203177954185502,0.190681497960951,0.116244201744105
22463,0.133831420518543,0.432757954325171,0.157895468567514,0.275515156588771
22464,0.232262366048623,0.395388651031594,0.219553717388102,0.152795265531681
22465,0.323609416538617,0.42918262525175,0.169469433567963,0.0777385246416707
22466,0.272156979558513,0.273724760506678,0.156697762657735,0.297420497277074
22467,0.182528296633712,0.549600823235487,0.187637547026946,0.0802333331038555
22468,0.219955404700842,0.405749451857085,0.191207832491048,0.183087310951025
22469,0.406444609165192,0.23283876478672,0.260792791843414,0.0999238342046738
22470,0.150842111911428,0.625994608715297,0.129333463400599,0.093829815972675
22471,0.419302520012092,0.315620956453525,0.181753887372062,0.083322636162321
22472,0.141810178756714,0.461460590362549,0.292938858270645,0.103790372610092
22473,0.563676561281527,0.200723329218775,0.162807516581156,0.0727925929185417
22474,0.557675349168286,0.117324200630392,0.236790532541487,0.0882099176598359
22475,0.268089731481309,0.488414030953719,0.174881213349059,0.0686150242159134
22476,0.224576238163952,0.242470282949064,0.30531108834313,0.227642390543854
22477,0.135705283390222,0.264137697106795,0.499666385337698,0.100490634165286
22478,0.0722007272153768,0.0545070146989667,0.543515538714132,0.329776719371525
22479,0.240317741048252,0.0594173095903288,0.113238867865461,0.587026081495959
22480,0.0442451650062396,0.163500264896081,0.419621469153544,0.372633100944136
22481,0.149096586595628,0.320165500633471,0.044985411540326,0.485752501230575
22482,0.201584937441181,0.184914158861125,0.051598255167882,0.561902648529813
22483,0.0980527851658046,0.27545443279838,0.0547224098992438,0.571770372136572
22484,0.285662298755018,0.32287654882067,0.0464484514007056,0.345012701023607
22485,0.0456320892295814,0.262274556473189,0.181209201855718,0.510884152441513
22486,0.0481906653976192,0.201135609320097,0.441647120595856,0.309026604686428
22487,0.058668364495058,0.0457033222061022,0.400276754799598,0.495351558499242
22488,0.0738471884452226,0.098599849662187,0.500321559603191,0.327231402289399
22489,0.2864940368442,0.0483514091552694,0.321420032930448,0.343734521070083
22490,0.075113263173348,0.547614066550869,0.0647424344211596,0.312530235854623
22491,0.0516184427085287,0.558639415482274,0.061094821409804,0.328647320399393
22492,0.0482344627380371,0.222407788038254,0.457583576440811,0.271774172782898
22493,0.1490083761661,0.29167252344381,0.366520667574992,0.192798432815098
22494,0.158682153811173,0.10225419031273,0.421759578747746,0.317304077128351
22495,0.0750377075732608,0.248388206646286,0.353038268050616,0.323535817729838
22496,0.319154752458268,0.0540854096224141,0.230576181919642,0.396183655999676
22497,0.150695164522385,0.436832232380874,0.331610987532466,0.0808616155642753
22498,0.0923157105085038,0.170164806408048,0.24860331778253,0.488916165300918
22499,0.466969767199318,0.133743980508567,0.140071564611574,0.259214687680542
22500,0.641989226326427,0.12569691147136,0.0639236937170946,0.168390168485119
22501,0.36284567824466,0.163353140254225,0.181720281192056,0.292080900309059
22502,0.269128624634871,0.176158564927557,0.240460399396127,0.314252411041445
22503,0.230939361329559,0.229475948167357,0.0846969962650614,0.454887694238023
22504,0.14770940496435,0.426349745182311,0.124707547005547,0.301233302847792
22505,0.252299949389699,0.133616633199654,0.185365293302221,0.428718124108426
22506,0.182803881424608,0.335789526465691,0.308230276283171,0.173176315826531
22507,0.0458366792959222,0.478650149117037,0.152233465371777,0.323279706215265
22508,0.122791388970485,0.701232920605435,0.0608437219387848,0.115131968485295
22509,0.607222391826415,0.071502515781727,0.11807747449154,0.203197617900318
22510,0.103902396443415,0.735813059335558,0.0751742027648031,0.0851103414562243
22511,0.221328783413012,0.122812123151981,0.561111838163563,0.0947472552714438
22512,0.139324605464935,0.168617278337479,0.374073147773743,0.317984968423843
22513,0.177062248500057,0.0806376362036954,0.337679187586283,0.404620927709965
22514,0.176154437305844,0.545615085149036,0.128591673502202,0.149638804042918
22515,0.0708021212994736,0.0738411087715461,0.503828398826295,0.351528371102685
22516,0.0819998874515337,0.495931070449536,0.190974779763267,0.231094262335663
22517,0.204166299228856,0.118585828500564,0.400069248678364,0.277178623592216
22518,0.13847789374706,0.219052869365407,0.299664829666388,0.342804407221145
22519,0.195056995602161,0.403336745600007,0.0676847865487572,0.333921472249075
22520,0.374105662107468,0.295923799276352,0.184658154845238,0.145312383770943
22521,0.0818034261465073,0.362801134586334,0.399133235216141,0.156262204051018
22522,0.0389815560210893,0.107142811108914,0.635461018186934,0.218414614683063
22523,0.0560915987484783,0.684197301535328,0.171520172271727,0.088190927444466
22524,0.112127097063589,0.0755727698727743,0.334623498153951,0.477676634909686
22525,0.238215757621707,0.118004559591379,0.554387088459826,0.0893925943270877
22526,0.487578493074384,0.294942129591773,0.0789378479518798,0.138541529381963
22527,0.140947007593334,0.357483348696431,0.181417550529096,0.320152093181139
22528,0.136401430788647,0.082003735616831,0.591980640530442,0.18961419306408
22529,0.219860096878107,0.352857037505938,0.207403814461657,0.219879051154298
22530,0.272155630343156,0.0628717066553962,0.175683490528904,0.489289172472544
22531,0.123220572221586,0.0889793051627175,0.663345525612615,0.124454597003081
22532,0.35689778997216,0.219171282158784,0.0750974977439827,0.348833430125073
22533,0.08989653058273,0.46313599097085,0.0879574648138692,0.359010013632551
22534,0.195506385169638,0.36026765285726,0.144000479102113,0.300225482870989
22535,0.135700682975403,0.271078517368325,0.417136998261288,0.176083801394984
22536,0.129313172836798,0.465164429920382,0.135854976413473,0.269667420829347
22537,0.142320351933246,0.343029563770139,0.425514138125094,0.0891359461715213
22538,0.0855683548088127,0.409108406441039,0.161605509543501,0.343717729206647
22539,0.140798449516296,0.269190192222595,0.505023241043091,0.0849881172180176
22540,0.223952606320381,0.270465940237045,0.151970341801643,0.35361111164093
22541,0.162001758813858,0.289795577526093,0.258922010660172,0.289280652999878
22542,0.152896310302725,0.383762974030883,0.215334364314843,0.248006351351549
22543,0.497449614069605,0.138002651006023,0.124793218445677,0.239754516478695
22544,0.124870387366318,0.0587387369801332,0.626602675365766,0.189788200287782
22545,0.134714839835244,0.478209577825523,0.171580252474841,0.215495329864393
22546,0.446637272834778,0.350058078765869,0.126128047704697,0.0771766006946564
22547,0.368976154230002,0.280479467223871,0.249625047660434,0.100919330885693
22548,0.186987298533131,0.289791469123832,0.289884273557131,0.233336958785906
22549,0.406181243015966,0.0783202567821722,0.196009708970713,0.31948879123115
22550,0.142330726322931,0.303165536491779,0.462546336000649,0.0919574011846409
22551,0.130085947067826,0.299076233790461,0.371123885678111,0.199713933463602
22552,0.0937603872728088,0.20530083888987,0.182521211782911,0.51841756205441
22553,0.195634025270254,0.521042950764938,0.146691831152019,0.136631192812788
22554,0.422072649002075,0.136097893118858,0.236462607979775,0.205366849899292
22555,0.15486831626805,0.46507007368431,0.237324195900872,0.142737414146767
22556,0.348971291677447,0.400527876591926,0.172774277354437,0.07772655437619
22557,0.0937345868438762,0.478739868374315,0.167387325332776,0.260138219449033
22558,0.154985749908322,0.241523957195731,0.51525376307764,0.0882365298183065
22559,0.174323931336403,0.272750318050385,0.164647951722145,0.388277798891068
22560,0.217626803588068,0.273968450010763,0.36976324409952,0.138641502301648
22561,0.132068915187286,0.342481161020977,0.449644469475084,0.075805454316654
22562,0.18916189247753,0.495283860818657,0.239686811573353,0.0758674351304598
22563,0.424315551466842,0.210886810963306,0.272231167679232,0.0925664698906199
22564,0.494389846753772,0.119782727056227,0.277960606752652,0.107866819437349
22565,0.140067153868057,0.212904890794833,0.440688769190515,0.206339186146594
22566,0.206949803336707,0.469081200198549,0.251422796419603,0.0725462000451416
22567,0.286344296179957,0.10965926445259,0.329014249049446,0.274982190318008
22568,0.276428810464477,0.23517253294073,0.19996943473907,0.288429221855723
22569,0.24290025596172,0.322515969313919,0.33946049719245,0.0951232775319111
22570,0.331027443244644,0.234150227395442,0.221756052646696,0.213066276713218
22571,0.233324338496134,0.459423670496479,0.189924604151043,0.117327386856345
22572,0.183264739069429,0.214289655642674,0.318155989729345,0.284289615558552
22573,0.295013695955277,0.299748122692108,0.260593622922897,0.144644558429718
22574,0.267558465434554,0.0824396566465369,0.231630244539315,0.418371633379595
22575,0.136515734545652,0.407583856469633,0.281213905197175,0.17468650378754
22576,0.301031619310379,0.38419446349144,0.186227947473526,0.128545969724655
22577,0.364563207762337,0.367496680244705,0.189645459939404,0.0782946520535544
22578,0.140109533812496,0.457845939031022,0.322771000758894,0.0792735263975886
22579,0.127927556633949,0.246685579419136,0.253584712743759,0.371802151203156
22580,0.453488244220264,0.297732868723061,0.175100689384362,0.0736781976723134
22581,0.151801509383298,0.249909784646186,0.365579391038725,0.23270931493179
22582,0.382461896930742,0.296818577569308,0.246735641805776,0.0739838836941745
22583,0.279415558256789,0.302726488662008,0.31700460303592,0.100853350045284
22584,0.14877787232399,0.365029782056808,0.34536749124527,0.140824854373932
22585,0.171352006285548,0.482555546646317,0.255583006639048,0.0905094404290867
22586,0.115893100912561,0.637796192070672,0.162958167327561,0.0833525396892074
22587,0.354353487491608,0.143011525273323,0.14532558619976,0.357309401035309
22588,0.282364100217819,0.170404464006424,0.360817819833756,0.186413615942001
22589,0.296554558801177,0.473937530653085,0.155666139222693,0.0738417713230452
22590,0.156767475845853,0.150089535855536,0.407690762900504,0.285452225398107
22591,0.304416768899185,0.138265979179755,0.462061722679547,0.0952555292415128
22592,0.232328128332971,0.470540874145316,0.196977940246792,0.100153057274922
22593,0.306621278723757,0.389386469283902,0.135000435486429,0.168991816505912
22594,0.137314082215086,0.0848619273667181,0.555389050806977,0.222434939611218
22595,0.135041873602811,0.164949874134365,0.2650542180224,0.434954034240424
22596,0.28490208942662,0.46518610868187,0.151791807596569,0.0981199942949416
22597,0.112616834507506,0.245698059073879,0.54824392762235,0.093441178796265
22598,0.147678079421492,0.420852369380778,0.131575541668766,0.299894009528965
22599,0.203883130645887,0.203252453932411,0.109893249204362,0.482971166217341
22600,0.129652308369462,0.220637056539015,0.188003304421951,0.461707330669572
22601,0.41772203703846,0.0755447504920196,0.147118282009998,0.359614930459523
22602,0.644494831562042,0.149922266602516,0.121533706784248,0.0840491950511932
22603,0.299524320640757,0.0986124470209679,0.250497620575024,0.351365611763251
22604,0.106337688071,0.377940234706251,0.312359241304105,0.203362835918644
22605,0.524643023485058,0.0974175295761797,0.125967864914531,0.251971582024231
22606,0.179592674362441,0.109678063085021,0.576323884019968,0.13440537853257
22607,0.130948452190333,0.152731163014007,0.438703619857079,0.277616764938582
22608,0.158490728769659,0.522616195918258,0.201900254147494,0.11699282116459
22609,0.302010412484252,0.304842348324621,0.0759965915084393,0.317150647682687
22610,0.0569085013574977,0.655479631942945,0.185780456930489,0.101831409769068
22611,0.125953759969659,0.213277244172178,0.381372410614121,0.279396585244042
22612,0.128034802198929,0.134910987837776,0.420191234651077,0.316862975312218
22613,0.554610669612885,0.217832162976265,0.109121054410934,0.118436112999916
22614,0.378452081130383,0.285171530092611,0.181466574029131,0.154909814747875
22615,0.123182945871226,0.464906785375676,0.347274216616707,0.0646360521363918
22616,0.587654467019033,0.115338212882443,0.217783389853065,0.0792239302454596
22617,0.136606571005138,0.166175927977802,0.580992208846088,0.116225292170973
22618,0.512495804298763,0.102192466657032,0.182136248451406,0.203175480592799
22619,0.131310220619732,0.433186041319786,0.176149780268974,0.259353957791509
22620,0.125094771385193,0.716834664344788,0.0902620181441307,0.0678085461258888
22621,0.0853863028665519,0.0930304120097156,0.680025731026168,0.141557554097565
22622,0.242154084379849,0.151502574935479,0.256586484414742,0.34975685626993
22623,0.126515717256931,0.625693921936258,0.136854455894638,0.110935904912173
22624,0.222622823378104,0.370113814322445,0.145649162744743,0.261614199554709
22625,0.274879034237876,0.228055175720823,0.160606068959742,0.336459721081559
22626,0.316671868661884,0.180572385174859,0.164473856554214,0.338281889609042
22627,0.241988382994782,0.141306747237049,0.42307038375945,0.193634486008718
22628,0.132678443149522,0.382952030350032,0.4032480689081,0.0811214575923466
22629,0.159271866083145,0.313329577445984,0.266494154930115,0.260904401540756
22630,0.272359264151421,0.443656971022053,0.212316477849326,0.0716672869771996
22631,0.335691491833076,0.322153279845514,0.193621954131781,0.148533274189629
22632,0.169808770125843,0.460760400868642,0.171552727474191,0.197878101531324
22633,0.185714945197105,0.218964919447899,0.284108638763428,0.311211496591568
22634,0.066653805972008,0.445270687286286,0.277283262494584,0.210792244247122
22635,0.144658535718918,0.524530291557312,0.160184174776077,0.170626997947693
22636,0.115458644926548,0.5552978515625,0.223984777927399,0.105258725583553
22637,0.531491128713421,0.13003382801808,0.178285841447959,0.16018920182054
22638,0.161807047751651,0.307547752671655,0.211309793760028,0.319335405816665
22639,0.0996263772249222,0.298758327960968,0.164976760745049,0.436638534069061
22640,0.133607819676399,0.20984847843647,0.531495451927185,0.125048249959946
22641,0.214534128877503,0.48748363954983,0.227008039645671,0.0709741919269966
22642,0.135254029490174,0.293233343757193,0.195406651359995,0.376105975392639
22643,0.187252777624917,0.211482155494126,0.429490006409437,0.171775060471521
22644,0.119997215569082,0.272081965087012,0.536782312316098,0.0711385070278084
22645,0.249356036991388,0.105249593524253,0.218746011378154,0.426648358106204
22646,0.258542809762699,0.340254490677334,0.203759434875241,0.197443264684726
22647,0.5008833371037,0.241098327628536,0.167514129225059,0.0905042060427054
22648,0.554205064134338,0.200251416863884,0.150709332158486,0.0948341868432923
22649,0.134323271130372,0.282807235163558,0.334485893465368,0.248383600240701
22650,0.181145974150865,0.314966603292522,0.138960173977621,0.364927248578992
22651,0.161808279725786,0.158193064358934,0.463636987453148,0.216361668462132
22652,0.0840652026563228,0.161247990783214,0.278953713727908,0.475733092832555
22653,0.0910025306716373,0.25572961378299,0.560427184697783,0.0928406708475897
22654,0.0911439616466778,0.196016913830478,0.208054920670915,0.504784203851929
22655,0.165477022528648,0.48892405629158,0.138676881790161,0.20692203938961
22656,0.197129260067733,0.212629477397439,0.488333005718894,0.101908256815934
22657,0.316357051079825,0.263768051024795,0.16307015960023,0.256804738295149
22658,0.225818044716658,0.0911321816185767,0.185602446961476,0.49744732670329
22659,0.159413993358612,0.246842354536057,0.476286858320236,0.117456793785095
22660,0.523390427928878,0.227322957733958,0.121812615448612,0.127473998888552
22661,0.381483459748574,0.209065955742211,0.278888728039135,0.13056185647008
22662,0.167318947642399,0.261627447379862,0.472093901280786,0.0989597036969529
22663,0.23324630459409,0.536984010428667,0.148773770070858,0.0809959149063851
22664,0.156631073230172,0.470285492773559,0.12197239406304,0.251111039933229
22665,0.308780775571729,0.369726760548647,0.225007494166158,0.0964849697134657
22666,0.427303321725702,0.224731582603447,0.118759231036048,0.229205864634804
22667,0.0975128003391325,0.222284010712653,0.586086251359945,0.0941169375882694
22668,0.119040569024111,0.225559155295453,0.0519304596750644,0.603469816005371
22669,0.0949820475285635,0.0780389211166227,0.105209481560901,0.721769549793913
22670,0.134710463912274,0.307106293151668,0.0696908027609617,0.488492440175096
22671,0.188253620616984,0.121464338258972,0.4572560650928,0.233025976031245
22672,0.36277644197555,0.0978906712640327,0.131924693730648,0.407408193029768
22673,0.32764650367637,0.186188315933595,0.131473873003539,0.354691307386497
22674,0.138522690766574,0.186844297655417,0.471009215906674,0.203623795671335
22675,0.0721128019144894,0.412940997463807,0.175585173469119,0.339361027152584
22676,0.147207251811352,0.493705384151878,0.0831809975138753,0.275906366522895
22677,0.452225642361702,0.103265594812691,0.173984817191393,0.270523945634214
22678,0.229424862344378,0.121365948607281,0.100534371282649,0.548674817765692
22679,0.0424079807875162,0.475323960920454,0.0816139032955794,0.40065415499645
22680,0.0535792974484386,0.16787888599164,0.317699204820442,0.46084261173948
22681,0.1087341582313,0.288803839188728,0.122380037850588,0.480081964729384
22682,0.27458643913269,0.538062274456024,0.0544090867042542,0.132942199707031
22683,0.060896883420146,0.0505324436569843,0.601778412683169,0.286792260239701
22684,0.143498122692108,0.615244328975678,0.135492980480194,0.10576456785202
22685,0.24761325873097,0.140883501145735,0.173067311255118,0.438435928868177
22686,0.707011971361489,0.0714681121905106,0.0545775646501197,0.166942351797881
22687,0.108411343521049,0.456470168478342,0.148636775443506,0.286481712557103
22688,0.43890786535097,0.303139817527543,0.1829434226189,0.0750088945025865
22689,0.243286941500592,0.416518878198316,0.196581682715639,0.143612497585453
22690,0.0922607725618952,0.260428166250024,0.568464351485618,0.0788467097024629
22691,0.147482303567494,0.468639664819246,0.314374591195962,0.0695034404172981
22692,0.205326309958884,0.198773181401884,0.229595504093036,0.366305004546195
22693,0.265867680311203,0.289077132940292,0.165679633617401,0.279375553131104
22694,0.499823261056321,0.136641901657539,0.285555564935009,0.0779792723511322
22695,0.198559030890465,0.223134890198708,0.474603801965714,0.103702276945114
22696,0.132745698094368,0.364895284175873,0.165158405900002,0.337200611829758
22697,0.084403674468535,0.398205503754523,0.191749982228502,0.32564083954844
22698,0.342537567430924,0.346739486459173,0.12304027928592,0.187682666823983
22699,0.446793755000551,0.111068045097651,0.211029404894832,0.231108795006966
22700,0.233109724028264,0.185578283882465,0.189117577834165,0.392194414255106
22701,0.204050613909583,0.367686358334971,0.0709418872673669,0.35732114048808
22702,0.069543981616437,0.194110815095398,0.536945474228534,0.199399729059631
22703,0.274434016611219,0.211391580783819,0.399671071748201,0.11450333085676
22704,0.136301772837367,0.337293600101674,0.301639412367931,0.224765214693028
22705,0.107331898589972,0.272302083006439,0.397830206220442,0.222535812183147
22706,0.194561347365379,0.193223759531975,0.362511783838272,0.249703109264374
22707,0.0883550968275993,0.655057509394214,0.173998584568458,0.0825888092097285
22708,0.180331620280916,0.195265042711273,0.492832191181663,0.131571145826148
22709,0.131073010018326,0.654066309614488,0.116266225659857,0.0985944547073293
22710,0.151941803813848,0.450668805082607,0.183170569193802,0.214218821909743
22711,0.540891059352324,0.193636301065032,0.179836529192873,0.0856361103897707
22712,0.307149508808539,0.357357989470899,0.0917633203197515,0.243729181400811
22713,0.155572240220673,0.197852438624276,0.456552310483226,0.190023010671825
22714,0.1298583389882,0.252180892876645,0.533714866621128,0.084245901514028
22715,0.25548755741883,0.280530448548042,0.177715134952737,0.286266859080391
22716,0.152930212722269,0.353397364118735,0.204210546549998,0.289461876608999
22717,0.129376571495039,0.154540221257799,0.529833539431288,0.186249667815874
22718,0.453355537254943,0.157117689933846,0.161568547440513,0.227958225370698
22719,0.518588383443221,0.238994845710503,0.170197999857292,0.0722187709889848
22720,0.0922743217308175,0.485730640802821,0.262976731911648,0.159018305554713
22721,0.403725195097559,0.348503247581568,0.158482543758268,0.0892890135626054
22722,0.179086426523732,0.267474315539768,0.2472386137474,0.3062006441891
22723,0.21753353042553,0.48679340248401,0.11173387700121,0.18393919008925
22724,0.131630422646261,0.242944482608802,0.551617272967358,0.0738078217775795
22725,0.114484442554646,0.324625815084192,0.193630871271627,0.367258871089535
22726,0.060156152912536,0.658944400964721,0.106580975754594,0.17431847036815
22727,0.131528917894629,0.16453208519614,0.566889422145171,0.13704957476406
22728,0.062472877093872,0.466081389810977,0.169830299772458,0.301615433322693
22729,0.367477899305193,0.228445473737202,0.17240439612276,0.231672230834845
22730,0.0826656818389893,0.326107978820801,0.362311124801636,0.228915214538574
22731,0.056016924501222,0.453594853889712,0.277723622816367,0.212664598792699
22732,0.287584594262105,0.268765381909448,0.226344161440606,0.21730586238784
22733,0.352471512054648,0.229209753837673,0.0877136616856185,0.330605072422061
22734,0.140070668164074,0.500337086633016,0.108013485730297,0.251578759472613
22735,0.134862828288887,0.455582122256952,0.317460156622384,0.0920948928317776
22736,0.0567373439458117,0.207900996918283,0.550991504318569,0.184370154817336
22737,0.40370028609484,0.177539897299708,0.0767965901375325,0.341963226467919
22738,0.426022284835245,0.135837850930723,0.249849107118709,0.188290757115323
22739,0.420339364722641,0.142093739305157,0.105176453523775,0.332390442448427
22740,0.0834076671589439,0.631409856825091,0.160510563280984,0.124671912734981
22741,0.477876298459227,0.105079783423546,0.281007106885208,0.136036811232018
22742,0.165586830419204,0.524803344345118,0.21456328194263,0.095046543293048
22743,0.148951486862834,0.51571184780979,0.0866332135098667,0.248703451817508
22744,0.191665122161355,0.485315517028704,0.196401903140488,0.126617457669453
22745,0.27913356243273,0.209777745750215,0.16032891214384,0.350759779673215
22746,0.254949345889727,0.359223582790876,0.27887128121428,0.106955790105117
22747,0.561643565966646,0.152484811208463,0.136212682852716,0.149658939972174
22748,0.530813658124819,0.212905252556738,0.17765670318857,0.0786243861298734
22749,0.147043765686778,0.21260184208007,0.557744864804632,0.0826095274285192
22750,0.145860286740367,0.263823840973136,0.507262297082876,0.083053575203621
22751,0.146251573069009,0.385907378897761,0.392882910423853,0.0749581376093765
22752,0.37872098024848,0.221076271566041,0.254241414494557,0.145961333690921
22753,0.25919576513783,0.464599383451068,0.182970993855186,0.0932338575559162
22754,0.336251306189292,0.425188354971398,0.163575076647293,0.0749852621920171
22755,0.224187273147513,0.135704370375043,0.475237495828234,0.164870860649211
22756,0.292070678112785,0.201145315136155,0.280106208321267,0.226677798429793
22757,0.375305926431804,0.185145112650769,0.13937761097219,0.300171349945237
22758,0.246331598445696,0.31674857363471,0.346955970538674,0.0899638573809202
22759,0.325816350958632,0.422540112490203,0.105742294127409,0.145901242423756
22760,0.13145150538053,0.182088006632507,0.56828470308225,0.118175784904714
22761,0.207118424879289,0.440757698428001,0.193400058051945,0.158723818640766
22762,0.168776578038058,0.439072446490543,0.295716743756709,0.0964342317146894
22763,0.118918257992034,0.409514441731779,0.284515996109098,0.187051304167088
22764,0.13348830243529,0.655211651891904,0.0688311408769764,0.142468904795829
22765,0.23286297917366,0.322115421295166,0.303431332111359,0.141590267419815
22766,0.403613096529441,0.305096094386221,0.202570724525611,0.0887200845587266
22767,0.136846154928207,0.142734974622726,0.461829483509064,0.258589386940002
22768,0.181231242649862,0.215710430900707,0.491087439803682,0.111970886645749
22769,0.150682342226015,0.705581949919798,0.0832611828434992,0.0604745250106878
22770,0.6453087426023,0.131039949223994,0.0856132818104816,0.138038026363224
22771,0.309227821907194,0.195884226293234,0.402716305831698,0.0921716459678736
22772,0.468305903237533,0.245124855828466,0.189488611723803,0.0970806292101975
22773,0.132353048552482,0.455574528706833,0.161921153607334,0.250151269133351
22774,0.135823093999809,0.281602101421481,0.412396097922093,0.170178706656617
22775,0.294508156966357,0.412801411652555,0.205601035016767,0.0870893963643208
22776,0.242544673605422,0.299792101985452,0.147861714724847,0.309801509684279
22777,0.128577591904664,0.427726543362834,0.34377900278239,0.0999168619501123
22778,0.0648302962245814,0.232652099673838,0.457905653550518,0.244611950551062
22779,0.233010810121733,0.463435851582351,0.198768672365417,0.1047846659305
22780,0.337711612514007,0.357421647233416,0.138099212589836,0.16676752766274
22781,0.0976702616313022,0.224611335259338,0.591861945633234,0.0858564574761254
22782,0.0668771321512123,0.0804977318496188,0.48079575655473,0.371829379444439
22783,0.196666276603955,0.173179663426593,0.489425875719225,0.140728184250227
22784,0.103799999533594,0.588367168518656,0.105928533568446,0.201904298379304
22785,0.162932967034965,0.423410040837826,0.296355822573776,0.117301169553434
22786,0.273995423153145,0.108114471105163,0.357717595449442,0.26017251029225
22787,0.322613403680321,0.225836237110068,0.170296914713223,0.281253444496388
22788,0.441454655549745,0.0611355015804693,0.251579199009824,0.245830643859962
22789,0.441159874200821,0.179464310407639,0.143120065331459,0.236255750060082
22790,0.0892317417492944,0.219116070296881,0.602334660222094,0.0893175277317307
22791,0.15892794491458,0.22526320479418,0.15957025945827,0.45623859083297
22792,0.156173670434443,0.149563575179742,0.601981498227213,0.0922812561586031
22793,0.657088612017187,0.137843526638334,0.117141305059114,0.0879265562853656
22794,0.138693237664097,0.255001711063202,0.482909503178191,0.123395548094511
22795,0.198965770021591,0.402601116856916,0.138657001574978,0.259776111546515
22796,0.575695489388435,0.0877997182488273,0.203687158446739,0.132817633915999
22797,0.0947464590797744,0.107042175048671,0.721381214312509,0.0768301515590456
22798,0.101773778388808,0.171248499406468,0.298033005700253,0.428944716504471
22799,0.500585194672754,0.109619832712264,0.145569740641343,0.244225231973639
22800,0.251830551800587,0.194963264390279,0.274158511670806,0.279047672138328
22801,0.0977648362184292,0.249399546524876,0.266735915343999,0.386099701912697
22802,0.0779561067541194,0.470848926714856,0.208175441257263,0.243019525273762
22803,0.36464835843362,0.441509803005001,0.108340841904618,0.0855009966567604
22804,0.272897446016279,0.0916886234651069,0.350578389676398,0.284835540842216
22805,0.145427043872266,0.267990998387605,0.327314545890255,0.259267411849874
22806,0.114314765374973,0.578648473104926,0.103136794082117,0.203899967437984
22807,0.4235223640417,0.0737739768427323,0.379032475693562,0.123671183422006
22808,0.0685072333032019,0.442876795892644,0.254278695306451,0.234337275497703
22809,0.0934708823811592,0.207878239746326,0.588374159797063,0.110276718075451
22810,0.112554619741916,0.567337048813784,0.176132280591107,0.143976050853194
22811,0.182667859613949,0.17462220078508,0.312084927205068,0.330625012395904
22812,0.149847854669328,0.439136309597978,0.19894900020805,0.212066835524644
22813,0.404551839896319,0.125613348567685,0.302039568156594,0.167795243379403
22814,0.207339845324313,0.543627539886998,0.138837600542694,0.110195014245994
22815,0.134672399322021,0.488600418311345,0.182144636447888,0.194582545918746
22816,0.15486199586761,0.200784531282457,0.154890442186024,0.489463030663909
22817,0.47588237410959,0.143217248570662,0.162664142807362,0.218236234512385
22818,0.0883631977926732,0.547003550916804,0.230574079436836,0.134059171853686
22819,0.151509127833357,0.146332419499714,0.446545024806784,0.255613427860145
22820,0.0628854045701832,0.217936414747483,0.531425543597721,0.187752637084613
22821,0.0630517825484276,0.107163943350315,0.388764977455139,0.441019296646118
22822,0.254499260403205,0.0547174372481918,0.384962683692018,0.305820618656585
22823,0.0542280856204921,0.453318234880878,0.0497951988146067,0.442658480684023
22824,0.04511130312665,0.547855983448326,0.0790983527730844,0.327934360651939
22825,0.112469979468509,0.0642647971530616,0.701432352523747,0.121832870854682
22826,0.103038483677001,0.126603804433119,0.32147036066828,0.4488873512216
22827,0.518278956413269,0.0548674911260605,0.133908644318581,0.29294490814209
22828,0.0655760070094464,0.33374168225595,0.462773663447288,0.137908647287315
22829,0.0596452670663319,0.434751645055544,0.312999804254628,0.192603283623496
22830,0.0609151669187533,0.0553571602462664,0.713687327268993,0.170040345565988
22831,0.0858468960477977,0.556609706777623,0.0455897538539694,0.311953643320609
22832,0.0910033542959383,0.0655843288190218,0.624638469905922,0.218773846979118
22833,0.152736048318861,0.54669402400571,0.0719537862553064,0.228616141420122
22834,0.0421991500422295,0.0896990976460211,0.291699024227999,0.57640272808375
22835,0.198115272834038,0.204992456696984,0.07587001416184,0.521022256307138
22836,0.209005916628832,0.424585063114407,0.0469139764890155,0.319495043767745
22837,0.0503823837023209,0.442018033883324,0.0848408511195538,0.422758731294802
22838,0.321625477105854,0.159137177451275,0.046638694529211,0.472598650913661
22839,0.0961213381254274,0.239555470956699,0.279744706161478,0.384578484756396
22840,0.504413353164146,0.0496055880664322,0.154023687995353,0.291957370774069
22841,0.170495141383152,0.0959889835712831,0.0891408344166167,0.644375040628948
22842,0.323626117557707,0.0582956312550159,0.176417477650224,0.441660773537053
22843,0.360899410525723,0.0840463545014034,0.212232167745408,0.342822067227466
22844,0.579733316449324,0.0941847495301422,0.173493446212213,0.152588487808321
22845,0.547135106516851,0.18144061891078,0.139595953530133,0.131828321042235
22846,0.0891360640525818,0.630430102348328,0.0377356112003326,0.242698222398758
22847,0.23200075155496,0.451949473828454,0.0851205506539304,0.230929223962655
22848,0.21502425897993,0.246084226091128,0.0863432556718796,0.452548259257062
22849,0.312538924161635,0.0588383008453123,0.469102952399127,0.159519822593926
22850,0.493754703691124,0.0899398083253248,0.204250629151226,0.212054858832325
22851,0.138564199209213,0.469835221767426,0.0805391669273377,0.311061412096024
22852,0.552072697668455,0.0952491824114787,0.0514663191348353,0.301211800785231
22853,0.543120217542057,0.12020094216319,0.196643803938712,0.14003503635604
22854,0.114230079946001,0.143738545523359,0.0735034384915536,0.668527936039087
22855,0.440493666522299,0.166334000731498,0.0544216177698729,0.33875071497633
22856,0.041166869134337,0.0710826013147019,0.502103997449309,0.385646532101653
22857,0.0428190143491522,0.126141182676396,0.309291469452426,0.521748333522026
22858,0.260400950908661,0.295582801103592,0.30868598818779,0.135330259799957
22859,0.143640260587923,0.694471755788572,0.0984698951700361,0.063418088453469
22860,0.128888938691882,0.26669786175185,0.163942550538258,0.440470649018009
22861,0.185402001766816,0.396061053960151,0.317227177681912,0.101309766591122
22862,0.134584838095985,0.145193078583788,0.25123595068294,0.468986132637286
22863,0.153251604387549,0.569814805461577,0.193995924249261,0.0829376659016137
22864,0.0707541704177856,0.403672486543655,0.161702305078506,0.363871037960053
22865,0.271897856472401,0.27675688679154,0.175499814383683,0.275845442352376
22866,0.191918248179011,0.0670606920999082,0.566147131736662,0.174873927984419
22867,0.166847832492836,0.0957669721945984,0.562224482198455,0.175160713114111
22868,0.161594957113266,0.203236311674118,0.297082394361496,0.33808633685112
22869,0.334601367494444,0.175855857493641,0.169241366248706,0.320301408763209
22870,0.330259397488508,0.262843769617845,0.232369120375922,0.174527712517726
22871,0.206478153313953,0.52483392934875,0.154773492100242,0.113914425237054
22872,0.126757904887199,0.689566969871521,0.0716931074857712,0.111982017755508
22873,0.0781476956329896,0.263938848136944,0.376977419510147,0.280936036719919
22874,0.141169088202254,0.538539238848377,0.130247237238992,0.190044435710377
22875,0.0818254718048463,0.633238430073571,0.0937232666185255,0.191212831503057
22876,0.24799618494505,0.403371280481983,0.188572484084554,0.160060050488413
22877,0.320277087682253,0.112168987568416,0.107603011110358,0.459950913638974
22878,0.104927077107675,0.0602889578022885,0.42737450877298,0.407409456317056
22879,0.171826017322749,0.132705254365425,0.543795875552358,0.151672852759468
22880,0.133331308762308,0.185310938011447,0.566273608570039,0.115084144656206
22881,0.298895184679258,0.163743513282292,0.220001671016241,0.317359631022209
22882,0.0643682366986134,0.717583315516513,0.0427791972291948,0.175269250555679
22883,0.156946514753893,0.0880685474893018,0.423244280315765,0.33174065744104
22884,0.068095170468801,0.269391747336028,0.317225249985049,0.345287832210122
22885,0.441846271414021,0.137616675996408,0.0437704687467858,0.376766583842786
22886,0.27756374970986,0.0538974439580089,0.15618646086683,0.512352345465301
22887,0.146766945719719,0.545936822891235,0.104923591017723,0.202372640371323
22888,0.536387642338412,0.259482333789853,0.0503253582986205,0.153804665573115
22889,0.0478855119624271,0.0989002231303644,0.650266421032444,0.202947843874765
22890,0.241918539447752,0.547457707243957,0.0857713837721508,0.12485236953614
22891,0.167214803422159,0.323581650417223,0.247895400877091,0.261308145283527
22892,0.192422959095582,0.0831814271685694,0.517054207877132,0.207341405858716
22893,0.47131297865601,0.22384161246531,0.154452629933389,0.150392778945292
22894,0.104050827680882,0.114585277857215,0.0510345760501643,0.730329318411738
22895,0.327678615932485,0.185678270672586,0.184151721236829,0.3024913921581
22896,0.411679890664817,0.441416826535636,0.0604011933475644,0.0865020894519829
22897,0.0748354530047762,0.212175015470199,0.489966158347107,0.223023373177919
22898,0.0698725383681259,0.104226578184462,0.530564268326918,0.295336615120493
22899,0.559088834510577,0.130226256403718,0.0907906009374648,0.21989430814824
22900,0.378823909005701,0.099490568783064,0.0814896604529743,0.440195861758261
22901,0.23859539272494,0.276293065007134,0.162035179703903,0.323076362564022
22902,0.139760758287884,0.325020691006759,0.159575457585589,0.375643093119768
22903,0.160789496933944,0.215071881491179,0.477295151828013,0.146843469746864
22904,0.622704299269424,0.115734996688292,0.144905977923901,0.116654726118383
22905,0.414656978190378,0.279525029084458,0.0762802030318885,0.229537789693276
22906,0.657934159430825,0.16805902862285,0.0593487668328539,0.114658045113472
22907,0.178839942182301,0.166634236771889,0.469874664243301,0.18465115680251
22908,0.15959019721165,0.310592914959894,0.293156112832485,0.236660774995971
22909,0.14975154344085,0.704444584606422,0.0575374325456566,0.0882664394070713
22910,0.182364836335182,0.285443931818008,0.161443814635277,0.370747417211533
22911,0.125793185061419,0.17357554514481,0.263615808975225,0.437015460818545
22912,0.228133463021116,0.514920636566858,0.167769263155184,0.0891766372568418
22913,0.173431530594826,0.0960018113255501,0.636889040470123,0.0936776176095009
22914,0.102454758417198,0.393875804589124,0.148397057142876,0.355272379850802
22915,0.638069114800148,0.0794922736589745,0.0571165870358594,0.225322024505018
22916,0.128326085799819,0.362453036709632,0.062119948451967,0.447100929038582
22917,0.238417221319547,0.132412894573712,0.044603533710513,0.584566350396228
22918,0.504087919323654,0.122937208530264,0.0477093490096627,0.32526552313642
22919,0.0691710366119494,0.744875381113005,0.0473090154991959,0.13864456677585
22920,0.156322441292874,0.104180293312206,0.470849876881025,0.268647388513895
22921,0.337736179300064,0.117974680126468,0.0641506146147664,0.480138525958701
22922,0.141047541530357,0.4163437609775,0.143211905455944,0.299396792036199
22923,0.0459845414616779,0.423240699152016,0.155087984460474,0.375686774925832
22924,0.577678024768829,0.130218759179115,0.155570164322853,0.136533051729202
22925,0.177991567716065,0.285268006583542,0.0461841892735348,0.490556236426858
22926,0.432565014098659,0.086533766096811,0.182640276135194,0.298260943669337
22927,0.064868444164137,0.101819502602954,0.361785360316605,0.471526692916305
22928,0.615009894743414,0.160255623456007,0.053838118108539,0.17089636369204
22929,0.083196869123052,0.657436832991909,0.093917963789747,0.165448334095292
22930,0.0845790797130832,0.106465465527285,0.512730773443499,0.296224681316132
22931,0.0854353415010624,0.30121071268658,0.47026692592602,0.143087019886338
22932,0.178602358061146,0.175413867098506,0.0738142154757445,0.572169559364604
22933,0.430201377284609,0.120587624346472,0.101777857648007,0.347433140720912
22934,0.123266006781146,0.0835111606905869,0.267438685911268,0.525784146616999
22935,0.0766413647436892,0.604623606732136,0.177215186100972,0.141519842423203
22936,0.526289288150439,0.116103270024831,0.194331751721589,0.163275690103141
22937,0.447025120258331,0.166805371642113,0.126506313681602,0.259663194417954
22938,0.53412415188921,0.185053026230723,0.126473788215929,0.154349033664138
22939,0.125077404086435,0.238190545927915,0.193252068355803,0.443479981629847
22940,0.13487193289858,0.0567409930394812,0.589481784168224,0.218905289893716
22941,0.230265365766476,0.0928473703030301,0.457967046335094,0.2189202175954
22942,0.048872711725127,0.23390969024089,0.654147786725184,0.0630698113087987
22943,0.111561692450147,0.239947690960627,0.162961075482433,0.485529541106793
22944,0.126459638533755,0.429651721207361,0.0747106867018831,0.369177953557001
22945,0.158482633896948,0.276840465806106,0.135795870313233,0.428881029983713
22946,0.108934562986142,0.166906973976902,0.234369823126861,0.489788639910096
22947,0.206273911846623,0.627099151707447,0.0798617222915461,0.0867652141543834
22948,0.226036537081548,0.150161417576096,0.151936682342539,0.471865362999817
22949,0.0828878090861369,0.309422504507844,0.38766340865431,0.220026277751709
22950,0.182230561971664,0.236597195267677,0.1297677308321,0.451404511928558
22951,0.138111246554386,0.469659857904019,0.180485588602936,0.211743306938659
22952,0.219564442952077,0.292381452364559,0.0794224703570096,0.408631634326355
22953,0.456303669700136,0.245751701168767,0.194234555787878,0.10371007334322
22954,0.151041041283576,0.193639540861859,0.214094170507962,0.441225247346602
22955,0.191149092116248,0.560006235837658,0.164513461388046,0.0843312106580491
22956,0.319031730933559,0.227650200084588,0.150960617469522,0.302357451512331
22957,0.1864520841741,0.183841683738307,0.384087520126441,0.245618711961152
22958,0.601550762366882,0.204687164758795,0.118223481761094,0.075538591113229
22959,0.103344011406422,0.191605886566814,0.505532577798741,0.199517524228022
22960,0.38931646653029,0.354740169981568,0.178288622362251,0.077654741125891
22961,0.176347367898257,0.312028362394647,0.378997015014157,0.132627254692938
22962,0.181473051949532,0.200625246781863,0.527842120165888,0.0900595811027164
22963,0.101960735811906,0.388960250965362,0.0982374794387254,0.410841533784007
22964,0.128519477375142,0.13455635509724,0.54575467922918,0.191169488298438
22965,0.272668991575673,0.392073488117359,0.133271234233249,0.201986286073719
22966,0.131178676104704,0.19816401453194,0.570027704760226,0.10062960460313
22967,0.170131675744131,0.42586578015093,0.342067971435131,0.0619345726698083
22968,0.210217533929515,0.332730529213469,0.352912631981726,0.10413930487529
22969,0.372176752530904,0.245187437341085,0.277742047692014,0.104893762435996
22970,0.452594631126603,0.241929497690059,0.196199235376727,0.109276635806611
22971,0.16838127374649,0.314691692590714,0.434773296117783,0.0821537375450134
22972,0.280445271422447,0.548884856353294,0.101535057242176,0.0691348149820831
22973,0.0689439241745483,0.428611778786603,0.068835771548215,0.433608525490634
22974,0.0698027829095514,0.136676235968797,0.489862468169164,0.303658512952488
22975,0.275289422466369,0.201856721979157,0.417244384078183,0.10560947147629
22976,0.0553552998828363,0.223788442728539,0.481427466289261,0.239428791099363
22977,0.100859688235219,0.296740119110646,0.491085119412618,0.111315073241518
22978,0.0503241192525318,0.227485595438737,0.583750362815333,0.138439922493399
22979,0.0737357768596311,0.322898998390093,0.407309699385302,0.196055525364974
22980,0.290971476921012,0.528199235789506,0.0944131950135084,0.0864160922759737
22981,0.166664243986191,0.576372448923979,0.176266433121759,0.0806968739680713
22982,0.190336187687864,0.0946754689311364,0.277966693447777,0.437021649933222
22983,0.517655785995306,0.334493187557957,0.0706139946683199,0.0772370317784173
22984,0.0428705280377598,0.379730007505491,0.360979936399014,0.216419528057735
22985,0.402240356919784,0.0738314652206023,0.168237352204781,0.355690825654833
22986,0.299014215156648,0.369307910938679,0.092829586458647,0.238848287446026
22987,0.07067516130171,0.178189910433147,0.463248053345916,0.287886874919226
22988,0.146701571046526,0.0913249606342995,0.630995259486245,0.13097820883293
22989,0.554582523824665,0.0999587081381967,0.188289772235831,0.157168995801307
22990,0.133931306989024,0.409984552711479,0.112205011960789,0.343879128338708
22991,0.596731612037593,0.0963066085622699,0.0629955092518853,0.243966270148252
22992,0.199168282796843,0.463816615115606,0.217851670512457,0.119163431575094
22993,0.133686344811727,0.180544803126311,0.600476485476599,0.085292366585363
22994,0.599473123248466,0.185367883632838,0.150257856773271,0.0649011363454248
22995,0.152264045957685,0.348994230464015,0.281570110940488,0.217171612637812
22996,0.519566372620057,0.236076272609123,0.172667076369139,0.0716902784016811
22997,0.290951720149764,0.338379283595703,0.18435990260959,0.186309093644944
22998,0.203611990917086,0.208275607474911,0.155235801793212,0.43287659981479
22999,0.474177185253629,0.214483590531972,0.222920419446531,0.088418804767868
23000,0.186000413328391,0.28006471931645,0.436017076551151,0.0979177908040081
23001,0.223619268916889,0.476458670111974,0.192917856996187,0.10700420397495
23002,0.130585899160363,0.452231254262384,0.202403828322602,0.214779018254651
23003,0.592109598513335,0.179146685483058,0.164406502082702,0.0643372139209057
23004,0.142936717184284,0.357045133201923,0.402147102291968,0.0978710473218248
23005,0.267702533855421,0.492873902992288,0.1703991084754,0.0690244546768903
23006,0.139102238545617,0.176667142882954,0.602088286029286,0.0821423325421437
23007,0.0784425837729821,0.381821192394424,0.467457117589884,0.07227910624271
23008,0.115862267818949,0.473465512844894,0.297807878951905,0.112864340384253
23009,0.282405610644734,0.208565083018466,0.357213104408784,0.151816201928017
23010,0.396999686956406,0.315652698278427,0.180955722928047,0.10639189183712
23011,0.328740944601865,0.198269391111452,0.228044056056617,0.244945608230066
23012,0.255255691550502,0.146231036000519,0.431206451916502,0.167306820532476
23013,0.307333464811244,0.145155621392196,0.295961196780783,0.251549717015777
23014,0.145321997185379,0.266381386911592,0.409755504276686,0.178541111626344
23015,0.203951317130794,0.190214308950518,0.469497687660123,0.136336686258565
23016,0.442148314650407,0.275011024623781,0.193983116925266,0.0888575438005464
23017,0.252188682556152,0.169426634907722,0.391473025083542,0.186911657452583
23018,0.431204514765605,0.257137559141589,0.19865890745345,0.112999018639355
23019,0.139073588151372,0.26843942791912,0.511427137404755,0.0810598465247532
23020,0.306374531476741,0.112569299063433,0.172634727233452,0.408421442226374
23021,0.471722066402435,0.219942733645439,0.0780991762876511,0.230236023664475
23022,0.19619072068306,0.257655956079243,0.14150417272759,0.404649150510107
23023,0.436434715986252,0.238031953573227,0.192389696836472,0.13314363360405
23024,0.415422350168228,0.262533992528915,0.130026817321777,0.192016839981079
23025,0.145856591252336,0.410560614027986,0.222470182515236,0.221112612204442
23026,0.56192839982999,0.183220597851583,0.182260665033172,0.0725903372852555
23027,0.189606922710045,0.296119098307477,0.257673118377821,0.256600860604657
23028,0.178516119718552,0.538498878479004,0.150354728102684,0.13263027369976
23029,0.0498746015187531,0.0528286522852487,0.542012130826169,0.355284615369829
23030,0.370718568563461,0.203336581587791,0.0520139783620834,0.373930871486664
23031,0.059613118306291,0.163683346051102,0.211337067609171,0.565366468033436
23032,0.149375110864639,0.488761067390442,0.125732943415642,0.236130878329277
23033,0.388360647900549,0.117941826142587,0.0580882167142324,0.435609309242631
23034,0.101799919576938,0.284809429670013,0.0669323101817876,0.546458340571262
23035,0.328102649480487,0.271363438186658,0.0479410851297568,0.352592827203098
23036,0.0552080880190986,0.452107884446522,0.0667786118830668,0.425905415651313
23037,0.570013804137295,0.139737795599169,0.134699325719496,0.15554907454404
23038,0.24800061058999,0.55195207226205,0.0710965256556351,0.128950791492325
23039,0.602335210127121,0.120355307159161,0.0438768338868258,0.233432648826892
23040,0.0765009511038519,0.100561699262832,0.124723901976289,0.698213447657027
23041,0.215693924064844,0.0871471030585036,0.403419381431034,0.293739591445619
23042,0.341624048787176,0.116299926368148,0.0755567023489125,0.466519322495764
23043,0.12717939181205,0.133286513882072,0.138426878358536,0.601107215947343
23044,0.0861009414620487,0.168552707838579,0.508902717182725,0.236443633516648
23045,0.531209190607413,0.0809112072330418,0.112136643832052,0.275742958327493
23046,0.705886511241503,0.0710235131819466,0.0689172043390332,0.154172771237518
23047,0.0815576761960983,0.228507429361343,0.563516497612,0.126418396830559
23048,0.582338750362396,0.141875669360161,0.172125458717346,0.103660121560097
23049,0.416272240392201,0.270768485344395,0.18523439212935,0.127724882134054
23050,0.251420326573262,0.529629961539208,0.140598480123236,0.0783512317642937
23051,0.446662743836729,0.259892994316824,0.192842419605499,0.100601842240948
23052,0.119044531314238,0.649291197976732,0.166127185042882,0.0655370856661473
23053,0.544774885887095,0.107721722813534,0.228853224002918,0.118650167296453
23054,0.476843230771374,0.109341969946892,0.327887828232529,0.0859269710492049
23055,0.606592274956693,0.195256047127543,0.129290382217974,0.0688612956977898
23056,0.229488729208036,0.227283536033841,0.182143669256191,0.361084065501932
23057,0.196598835416182,0.546444872526643,0.0740157412731744,0.182940550784001
23058,0.0696163742415738,0.428698401360285,0.392644387812418,0.109040836585723
23059,0.405340981244699,0.172136448079208,0.148259856629676,0.274262714046417
23060,0.518011744931253,0.151970012843832,0.0879069038636468,0.242111338361268
23061,0.429777038984807,0.180001800656372,0.302831181968188,0.0873899783906334
23062,0.298413883835595,0.259506235253298,0.101037438997531,0.341042441913577
23063,0.131009616315938,0.121525645048955,0.665781418429698,0.0816833202054095
23064,0.165997798264092,0.109036881952379,0.606725138225402,0.118240181558127
23065,0.163925779403362,0.328345502490617,0.378071391909251,0.12965732619677
23066,0.161172566396407,0.630996277466472,0.0914550782523293,0.116376077884792
23067,0.178371539067374,0.166688327988634,0.231872490998283,0.423067641945709
23068,0.649669566730831,0.167929271932201,0.0813430596198475,0.101058101717121
23069,0.0731731275232648,0.459771927745849,0.245135067067034,0.221919877663852
23070,0.219481286116223,0.311242426764333,0.140564663103749,0.328711624015694
23071,0.0747953733414067,0.510466758239767,0.314259918885379,0.100477949533447
23072,0.199732473484649,0.161632989693671,0.471313907841263,0.167320628980417
23073,0.141835297887465,0.0791773474461631,0.517625674080084,0.261361680586288
23074,0.457898057369859,0.131607355648389,0.157529550157928,0.252965036823825
23075,0.321323017995178,0.224052162524929,0.211064802940798,0.243560016539096
23076,0.486678895502463,0.0736603761990116,0.128338387943465,0.311322340355061
23077,0.685321554124619,0.0872421468665716,0.135675144143213,0.0917611548655967
23078,0.149322366754868,0.271360619583093,0.463473381789125,0.115843631872914
23079,0.51429546262544,0.160528810028201,0.239217655652893,0.0859580716934656
23080,0.266584881144311,0.347360680918714,0.143797968143164,0.242256469793811
23081,0.0937097973652914,0.128079355717297,0.660830741083851,0.117380105833561
23082,0.257825676468397,0.564237006965831,0.0929800285843019,0.0849572879814697
23083,0.229305784224232,0.405235845084601,0.208073506120153,0.157384864571014
23084,0.118967870520001,0.351112797061527,0.435097823958196,0.0948215084602755
23085,0.125797626544588,0.0903112793644232,0.26946827166971,0.514422822421279
23086,0.324746862437716,0.385954958828317,0.197151413687255,0.0921467650467113
23087,0.219791069626808,0.342494875192642,0.349695682525635,0.0880183726549149
23088,0.320288593764773,0.26051726549093,0.344281787510488,0.074912353233809
23089,0.477948815944861,0.26845793316019,0.177280251545891,0.0763129993490577
23090,0.0747507134471035,0.167075766868325,0.502073165013841,0.256100354670731
23091,0.319207395326981,0.272444929593132,0.249877732248936,0.158469942830951
23092,0.298064747395061,0.177280908145932,0.342475841715212,0.182178502743796
23093,0.35349389383951,0.152632904758559,0.196269241030973,0.297603960370958
23094,0.47159256307753,0.298921149183853,0.161065599362016,0.0684206883766014
23095,0.384640311965947,0.167129638301278,0.161914604334751,0.286315445398024
23096,0.324135055418758,0.221356415112125,0.262103967007876,0.19240456246124
23097,0.579774039380969,0.153397043150575,0.186752026878358,0.0800768905900982
23098,0.471045232877809,0.192410382515347,0.23527334981074,0.101271034796104
23099,0.444143272124209,0.221384066718158,0.236273201898393,0.0981994592592402
23100,0.124645893448811,0.302291255529644,0.497609663665655,0.0754531873558904
23101,0.172887188600195,0.515215508413084,0.150409994268268,0.161487308718453
23102,0.338755503054462,0.222972338364765,0.311436043168483,0.12683611541229
23103,0.212477636151349,0.386054659097572,0.322668905218409,0.0787987995326698
23104,0.182379198336911,0.350730622548899,0.266598727306743,0.200291451807448
23105,0.139687523245811,0.337360918521881,0.39645192027092,0.126499637961388
23106,0.322103719585912,0.256934418861007,0.22813840340743,0.192823458145651
23107,0.197069601692778,0.21778533024926,0.50688434024814,0.078260727809822
23108,0.24699499449119,0.262971766679638,0.234104059162857,0.255929179666316
23109,0.13455445362716,0.369731943397793,0.403925040159559,0.0917885628154878
23110,0.510230481624603,0.125096470117569,0.263829350471497,0.100843697786331
23111,0.140378886146297,0.447872678285568,0.34266798156494,0.0690804540031945
23112,0.154601471939705,0.23739229496408,0.526447303987254,0.0815589291089614
23113,0.215015179366326,0.370496045663835,0.265342183868354,0.149146591101485
23114,0.151194265156771,0.363616956905162,0.409268871295038,0.0759199066430296
23115,0.167770879980488,0.356444453544087,0.348991816475865,0.12679284999956
23116,0.132260175530019,0.659813413915238,0.0592582383641338,0.148668172190609
23117,0.21542879090991,0.22725274346032,0.475691392293316,0.0816270733364544
23118,0.0663695454730297,0.147581540901294,0.592119071239871,0.193929842385806
23119,0.0624864310960524,0.380679420068575,0.204851563166419,0.351982585668953
23120,0.527937710285187,0.231194719672203,0.13310644030571,0.1077611297369
23121,0.287422435726073,0.358449867871396,0.176053236487701,0.178074459914831
23122,0.26117882521717,0.191956895469977,0.288840238583688,0.258024040729166
23123,0.0931846825237478,0.502943292347887,0.239567316757659,0.164304708370707
23124,0.249663665870647,0.439527180166673,0.183667104462809,0.127142049499872
23125,0.298682495275308,0.378641764443425,0.202249427022442,0.120426313258825
23126,0.327190481263612,0.341805301417292,0.218625123382543,0.112379093936553
23127,0.255419097679284,0.223108836319779,0.437761114902463,0.0837109510984733
23128,0.45694531542252,0.315150658921733,0.16639912686345,0.061504898792297
23129,0.39720239643451,0.282063301174889,0.190188747790624,0.130545554599977
23130,0.185339573899533,0.494688541013685,0.19152228882776,0.128449596259022
23131,0.237290817044409,0.237657236579056,0.424492158208451,0.100559788168084
23132,0.364677505106218,0.313583984088182,0.22364238904308,0.0980961217625195
23133,0.181497389629561,0.291087648538123,0.442450003550947,0.0849649582813693
23134,0.142104913059023,0.235579691397539,0.451282276251384,0.171033119292054
23135,0.146501748662429,0.441483881760509,0.317474690694551,0.0945396788825119
23136,0.194201241131192,0.123644350957203,0.589595110171778,0.0925592977398268
23137,0.172543721981998,0.333786015715987,0.157622727120261,0.336047535181754
23138,0.134060432540641,0.218177878043722,0.572749159214987,0.0750125302006502
23139,0.38139625247132,0.291049710182854,0.200722405292916,0.126831632052909
23140,0.19187455308157,0.514362525515911,0.171369765058974,0.122393156343546
23141,0.146226433720791,0.459104948355184,0.184121576188183,0.210547041735842
23142,0.268035610465869,0.14413088023175,0.512683312867458,0.0751501964349227
23143,0.182329786087129,0.330411935889543,0.403548085636674,0.0837101923866541
23144,0.151140116849238,0.341754152994417,0.418891739000749,0.088213991155595
23145,0.199154196685894,0.436414834585675,0.243846861691424,0.120584107037007
23146,0.209970861673355,0.515378594398499,0.19431260228157,0.0803379416465759
23147,0.267130464315414,0.188837274909019,0.371945172548294,0.172087088227272
23148,0.207262134227359,0.501806534745997,0.201711466831946,0.0892198641946973
23149,0.433952907486697,0.304903812071021,0.120190243129214,0.140953037313067
23150,0.182862841316887,0.390459554961006,0.165780343075708,0.2608972606464
23151,0.238447123708096,0.250066557901597,0.433635638417141,0.0778506799731657
23152,0.221369453627781,0.278060606775862,0.406502711579123,0.094067228017234
23153,0.370896006064176,0.30539172432733,0.215062555446289,0.108649714162205
23154,0.287601568925428,0.325951615749348,0.249097473892494,0.137349341432731
23155,0.464636497726493,0.302364404464298,0.160617498150207,0.0723815996590018
23156,0.366016387939453,0.298638373613358,0.245890855789185,0.0894543826580048
23157,0.130196508835334,0.595506893198783,0.191156755585445,0.0831398423804378
23158,0.382892624181039,0.29314501981642,0.240707343790407,0.0832550122121344
23159,0.307977465480734,0.283667085441447,0.298986194290324,0.109369254787495
23160,0.131716756050039,0.195014697387596,0.412394368463839,0.260874178098527
23161,0.320144653320313,0.309734433889389,0.279977768659592,0.0901431441307068
23162,0.176857972428246,0.318579779789287,0.109270004666522,0.395292243115944
23163,0.136620499518935,0.712034724770165,0.066823918612544,0.0845208570983559
23164,0.232622924933179,0.493129946189075,0.181249993760139,0.0929971351176073
23165,0.0540248104252902,0.200667882693279,0.406839956164808,0.338467350716623
23166,0.581118391876257,0.14481904779034,0.0999085210284176,0.174154039304986
23167,0.327562833911734,0.200750124443321,0.186295476760038,0.285391564884908
23168,0.296398868159988,0.0588044392718377,0.193910219724506,0.450886472843668
23169,0.223675883424435,0.448448939306701,0.234521901811589,0.0933532754572751
23170,0.193104231563084,0.133873637501191,0.184525603517127,0.488496527418598
23171,0.2725133042412,0.200441631681347,0.236035693228777,0.291009370848676
23172,0.280281505576327,0.445975707591304,0.178526604815525,0.0952161820168441
23173,0.069649444068215,0.159194322812473,0.30261972997516,0.468536503144153
23174,0.69874769449234,0.120084911584854,0.0791402459144592,0.102027148008347
23175,0.368046326873616,0.148552679335206,0.216818874322524,0.266582119468654
23176,0.0658635338267157,0.593971482009121,0.154800323325391,0.185364660838773
23177,0.382404452300138,0.281919811396596,0.249971006065175,0.0857047302380909
23178,0.224389417433108,0.478313653368572,0.198093828445305,0.0992031007530153
23179,0.13789344913085,0.607983630657684,0.122753705896327,0.13136921431514
23180,0.0721558034420013,0.208664581179619,0.601535260677338,0.117644354701042
23181,0.21400091904399,0.473486111358222,0.186450580166263,0.126062389431525
23182,0.372737231647501,0.403711381582256,0.148320288571121,0.0752310981991224
23183,0.150431737303734,0.428347736597061,0.187813669443131,0.233406856656075
23184,0.295965456307707,0.323717050469286,0.264519387531592,0.115798105691416
23185,0.315297434189839,0.180714418909383,0.2086621436078,0.295326003292978
23186,0.310341809844104,0.30074125976475,0.0888372821932626,0.300079648197884
23187,0.145113496891309,0.294229594661075,0.457703855203809,0.102953053243808
23188,0.471042045755295,0.281265872064268,0.181095353614002,0.0665967285664352
23189,0.246550500392914,0.150421679019928,0.171008318662643,0.432019501924515
23190,0.162289766039107,0.224020403265649,0.396329128796918,0.217360701898326
23191,0.306075550006529,0.393529006694161,0.190878276323042,0.109517166976269
23192,0.227932196439323,0.422263317968498,0.0776660430779153,0.272138442514264
23193,0.244124274788435,0.236143466291674,0.149084476395183,0.370647782524708
23194,0.337385868093161,0.417144364374047,0.159133555876219,0.0863362116565736
23195,0.447561105231692,0.242853473552472,0.21021590576541,0.0993695154504261
23196,0.26625317930251,0.422128358977922,0.194354061656164,0.117264400063404
23197,0.467140707873856,0.109472506563906,0.210643531461384,0.212743254100854
23198,0.499916471534705,0.165545803721682,0.205499723963419,0.129038000780195
23199,0.538746766168672,0.235040378048414,0.107055476202734,0.119157379580179
23200,0.292782157659531,0.300616979598999,0.299496173858643,0.107104688882828
23201,0.378750893315307,0.291870238571392,0.237498747091731,0.0918801210215697
23202,0.21627360944513,0.407159486039606,0.287858053930056,0.0887088505852077
23203,0.129352198014797,0.536099080265307,0.259546818282804,0.0750019034370922
23204,0.282815315807322,0.30097649398376,0.170796265327819,0.245411924881098
23205,0.251859135981176,0.272242852218236,0.312840679670593,0.163057332129995
23206,0.32720218083865,0.421435338897566,0.0940635977406382,0.157298882523146
23207,0.265553573725878,0.332079929563401,0.325397473774756,0.076969022935965
23208,0.231538918144421,0.17813946041257,0.385242605429253,0.205079016013756
23209,0.313339235732997,0.376850727028033,0.190286742078414,0.119523295160557
23210,0.556418367570912,0.192102956654175,0.172537210174459,0.0789414656004528
23211,0.296980958319491,0.471480536143502,0.142375847040707,0.0891626584963001
23212,0.152519404888153,0.383580774068832,0.334501624107361,0.129398196935654
23213,0.142240138981344,0.265537206315059,0.438793427330158,0.153429227373439
23214,0.562325524635788,0.1415905026736,0.215757186358634,0.0803267863319788
23215,0.431328166931637,0.122535219305838,0.25634996248856,0.189786651273965
23216,0.30171811580658,0.228494256734848,0.226644217967987,0.243143409490585
23217,0.182400894427286,0.5104930324779,0.148727414775976,0.158378658318838
23218,0.201678764795083,0.349122906489329,0.264039631723767,0.185158696991821
23219,0.268450979418322,0.116875903559862,0.0580520936556473,0.556621023366169
23220,0.586797833442688,0.168160855770111,0.0731537044048309,0.17188760638237
23221,0.696080987871297,0.0728920852608389,0.0682006408885169,0.162826285979348
23222,0.083809522276833,0.10232883386824,0.550576014799594,0.263285629055332
23223,0.136935945244552,0.425408171850199,0.0778501606628251,0.359805722242423
23224,0.0608346828972587,0.278090218887798,0.189019964667487,0.472055133547457
23225,0.228530957443524,0.532958267133838,0.0453048533003596,0.193205922122278
23226,0.0757737962356106,0.153135594282994,0.258674973428064,0.512415636053332
23227,0.603358571256389,0.146117703215165,0.0557700623256718,0.194753663202775
23228,0.0982531681656837,0.0950269624590874,0.096718043088913,0.710001826286316
23229,0.139742326593198,0.118109588665301,0.39361583306754,0.348532251673961
23230,0.089726263465849,0.326647108917071,0.0548540252233674,0.528772602393713
23231,0.0522680360992852,0.306657048364409,0.0917808569355373,0.549294058600769
23232,0.229078625332775,0.312448785642589,0.113350177704535,0.345122411320102
23233,0.0972879639747725,0.104515064675922,0.302413981497809,0.495782989851497
23234,0.227373365477272,0.0592143022649514,0.10243590425079,0.610976428006986
23235,0.0898986068676275,0.043474300723758,0.483374536847201,0.383252555561414
23236,0.446781774466415,0.0554475511065521,0.297384543599988,0.200386130827045
23237,0.0475514126667911,0.157692374561269,0.447669540878417,0.347086671893522
23238,0.104969334454258,0.255451075570253,0.222381927896085,0.417197662079404
23239,0.182139917529598,0.445928303726285,0.0520934944894407,0.319838284254677
23240,0.123855512623325,0.608112317081919,0.0563640428673016,0.211668127427455
23241,0.408062881351454,0.110957862600056,0.175036567077586,0.305942688970904
23242,0.622373015026931,0.15297488118959,0.055504470026337,0.169147633757141
23243,0.287026725675214,0.0612460619631319,0.29380580016732,0.357921412194334
23244,0.159584305863871,0.472730657729387,0.13226186330297,0.235423173103772
23245,0.525168303587797,0.0480280298592748,0.160816506749515,0.265987159803414
23246,0.31917208670953,0.269764455182586,0.080475740734307,0.330587717373578
23247,0.12596972380556,0.0771465381767343,0.242482336182016,0.55440140183569
23248,0.0967653393745422,0.459634333848953,0.183419734239578,0.260180592536926
23249,0.274029088349451,0.233663524702051,0.167772986044272,0.324534400904226
23250,0.228370812112528,0.112436918728994,0.523409954854698,0.135782314303781
23251,0.0839363820581265,0.677247076753658,0.0990493476815813,0.139767193506635
23252,0.154986145421656,0.273172203796688,0.190300035332144,0.381541615449512
23253,0.0522011432304723,0.189668129615453,0.641793653924905,0.11633707322917
23254,0.553035770966004,0.109485949151846,0.241841260708514,0.0956370191736362
23255,0.344314542827647,0.24979805760236,0.0489603351879095,0.356927064382083
23256,0.558944642543793,0.0689733326435089,0.175806507468224,0.196275517344475
23257,0.235686476633838,0.548133040136086,0.0663829028479563,0.14979758038212
23258,0.602000901132835,0.0942381485438071,0.161045225874263,0.142715724449094
23259,0.0700280427181413,0.206721167116139,0.362981192104939,0.360269598060781
23260,0.134429463695163,0.057511178068317,0.580857548973372,0.227201809263149
23261,0.12453004810609,0.494422588455845,0.121860557212387,0.259186806225678
23262,0.576033698558054,0.0845058168953847,0.147209790038844,0.192250694507717
23263,0.438722358596413,0.236673527832088,0.230978974363915,0.0936251392075844
23264,0.047039315805425,0.371799414929739,0.382189398738584,0.198971870526252
23265,0.646542384770715,0.140968951753578,0.102181995708838,0.110306667766869
23266,0.212066127950987,0.137398426428554,0.221662832672683,0.428872612947776
23267,0.250359438349025,0.252419702636608,0.323598524224802,0.173622334789564
23268,0.201755870917943,0.224090447070236,0.0814640614717617,0.492689620540059
23269,0.292503563370529,0.36024611919935,0.048286474881422,0.298963842548699
23270,0.18988325626006,0.301016202538723,0.425397532421424,0.0837030087797937
23271,0.35220445345766,0.106105009148009,0.102384092534418,0.439306444859914
23272,0.148108757758429,0.280343309324956,0.469448482348477,0.102099450568138
23273,0.132995235912395,0.48871732850486,0.103449399101348,0.274838036481396
23274,0.407610017401428,0.146496615402249,0.138948357356266,0.306945009840057
23275,0.119120210409164,0.235208213329315,0.302865654230118,0.342805922031403
23276,0.212039080082788,0.468444131784974,0.187292573045305,0.132224215086934
23277,0.437320113182068,0.33570322394371,0.128325924277306,0.0986507385969162
23278,0.141027169540929,0.176106097938211,0.332729284953017,0.350137447567842
23279,0.282380116688316,0.416837681092516,0.132316952898366,0.168465249320801
23280,0.272062416790986,0.179033589675522,0.307962889850693,0.2409411036828
23281,0.115976937979288,0.549115423479046,0.17972763016617,0.155180008375496
23282,0.247255634393795,0.440073003176138,0.179641642256453,0.133029720173615
23283,0.189433867054168,0.390298623135727,0.24975811690813,0.170509392901975
23284,0.138752541188264,0.41500212617228,0.219707945870218,0.226537386769238
23285,0.365470238597975,0.207474308760505,0.189609337472359,0.237446115169161
23286,0.19717217100387,0.172057546434214,0.499915219847178,0.130855062714738
23287,0.178156566945366,0.286767389077434,0.308164323744709,0.226911720232491
23288,0.59935001732856,0.14320474436269,0.174164185697908,0.0832810526108428
23289,0.219422608613968,0.488986641168594,0.192278146743774,0.0993126034736633
23290,0.173783496022224,0.383935481309891,0.160186484456062,0.282094538211823
23291,0.347457712105777,0.179755019839928,0.217596534156748,0.255190733897548
23292,0.165151090660327,0.226052494541202,0.505717102480807,0.103079312317664
23293,0.571147522745562,0.214517422561251,0.139738892754126,0.0745961619390608
23294,0.243026248902865,0.240934215215868,0.153782431894017,0.36225710398725
23295,0.254898877850912,0.061150365033376,0.510756556024824,0.173194201090889
23296,0.183000618822905,0.231761095094142,0.472881699429243,0.11235658665371
23297,0.0786584660910641,0.0773472161089176,0.530109862606605,0.313884455193413
23298,0.302966629012922,0.0603116312669461,0.307575707250472,0.329146032469661
23299,0.365353958250014,0.166728340092078,0.0984447642465575,0.36947293741135
23300,0.415138072001011,0.198266017411143,0.253782752957683,0.132813157630163
23301,0.349133136489489,0.087007724396942,0.157769502384733,0.406089636728835
23302,0.251739436721665,0.248628878996621,0.39618845888551,0.103443225396203
23303,0.163876029310763,0.175553786390331,0.401513791106847,0.259056393192059
23304,0.0813754698224226,0.417743074365167,0.0944982813448226,0.406383174467588
23305,0.324013581156326,0.0700114870067988,0.0835098971870572,0.522465034649818
23306,0.408746766783393,0.346830774938143,0.0951816262250654,0.149240832053398
23307,0.153342238963048,0.298479153147898,0.18841961868493,0.359758989204123
23308,0.257015697448978,0.0756483800516015,0.545900447788821,0.121435474710599
23309,0.156523510813713,0.173546463251114,0.0928787440061569,0.577051281929016
23310,0.127889240031425,0.0762054141071999,0.533098375807775,0.2628069700536
23311,0.216057426629311,0.0886180591353007,0.184419505878556,0.510905008356832
23312,0.28192008171797,0.195811156834911,0.423274109287726,0.0989946521593925
23313,0.140091212691236,0.283954594790259,0.247139502274089,0.328814690244417
23314,0.498885188309876,0.0668431262083211,0.0894110603192641,0.344860625162539
23315,0.326340690567761,0.14875581195552,0.38859267285797,0.13631082461875
23316,0.297311081877518,0.121486694735237,0.201517735342502,0.379684488044743
23317,0.251022215917375,0.162371156180335,0.167721671346997,0.418884956555293
23318,0.0699458756326055,0.07151986285568,0.401061841790133,0.457472419721582
23319,0.273891379166716,0.124230313143495,0.0409422352559032,0.560936072433886
23320,0.163303853298007,0.0643276353502842,0.188417391392718,0.58395111995899
23321,0.57006736945637,0.0595531078244902,0.234027380400528,0.136352142318612
23322,0.162014406278407,0.0683575927833261,0.413461258706571,0.356166742231695
23323,0.312929876858403,0.385101388006321,0.044612084747421,0.257356650387855
23324,0.54879591804758,0.073895354796374,0.140074024346693,0.237234702809352
23325,0.0554488880798552,0.31223159097935,0.371260512731656,0.261059008209139
23326,0.0710590322157885,0.132596326878722,0.104563130370332,0.691781510535158
23327,0.0767738475193772,0.058591517008525,0.667289699140552,0.197344936331545
23328,0.0417839991846979,0.405294860840274,0.0533865088218468,0.499534631153182
23329,0.23984123409031,0.0589486947812335,0.159342346201206,0.541867724927251
23330,0.156666007116452,0.0720938353517539,0.562045561625535,0.209194595906259
23331,0.110190475959863,0.700491622846386,0.0442038337335847,0.145114067460166
23332,0.138819586073769,0.254890970739991,0.478304342082013,0.127985101104227
23333,0.597047366311872,0.0779996410757437,0.184568293967534,0.14038469864485
23334,0.291537531958149,0.146890212502784,0.15192355668317,0.409648698855898
23335,0.390237217996079,0.277960841029299,0.189565318667372,0.14223662230725
23336,0.0731488742485978,0.25381790835208,0.332735945798876,0.340297271600447
23337,0.62178300421425,0.0974535622271844,0.180244784498704,0.100518649059862
23338,0.126583461708704,0.118314039644377,0.669681037578025,0.0854214610688933
23339,0.136147576633414,0.0556109783562491,0.514144610929741,0.294096834080596
23340,0.136468012227655,0.0527496502622858,0.5318192998117,0.278963037698359
23341,0.0900702602025426,0.0590902812271119,0.698857408419245,0.151982050151101
23342,0.343785285949707,0.1568573564291,0.281596720218658,0.217760637402534
23343,0.135676135706758,0.431211279005232,0.124354195756994,0.308758389531016
23344,0.250122271474532,0.145294870576415,0.220612459760533,0.38397039818852
23345,0.149379333890716,0.195711615937256,0.189301375192322,0.465607674979706
23346,0.213716531983393,0.447069187900368,0.0821291115404119,0.257085168575827
23347,0.289214560068088,0.256027139902924,0.169037585527825,0.285720714501164
23348,0.12208398812759,0.302433124112096,0.318950226338201,0.256532661422114
23349,0.237412707786357,0.43705886928036,0.212606431637752,0.112921991295531
23350,0.177433149348446,0.561895553483781,0.0578977395437489,0.202773557624024
23351,0.137696415185928,0.17730700969696,0.40459081530571,0.280405759811401
23352,0.115523396201083,0.171996605813554,0.392662876953738,0.319817121031625
23353,0.081137627363205,0.345766812562943,0.19217175245285,0.380923807621002
23354,0.0735691636800766,0.598259210586548,0.0761599987745285,0.252011626958847
23355,0.159269721502585,0.448863122231239,0.0750830104580746,0.316784145808102
23356,0.272348582744598,0.108869016170502,0.448200225830078,0.170582175254822
23357,0.12539716625499,0.473999044626909,0.0803521609463764,0.320251628171725
23358,0.214546930573181,0.13094687266727,0.287109489931025,0.367396706828524
23359,0.285228644091318,0.139503972820997,0.294282738779228,0.280984644308457
23360,0.340864456685036,0.42414951460551,0.139994060546558,0.0949919681628964
23361,0.0706097941191464,0.104321302537938,0.528113015414968,0.296955887927948
23362,0.136042852283801,0.284975477605327,0.219156614516873,0.359825055593999
23363,0.153815701603889,0.409864664077759,0.175795450806618,0.260524183511734
23364,0.124801632022809,0.183675164470817,0.301919481101052,0.389603722405323
23365,0.279661881342744,0.277295457841659,0.230814267807561,0.212228393008036
23366,0.140278824061835,0.0572224030581714,0.510127870931916,0.292370901948078
23367,0.142050955952732,0.216993502288863,0.491652562965529,0.149302978792875
23368,0.0838314034267397,0.274185312130391,0.429567088018377,0.212416196424493
23369,0.337537601778102,0.233163546018163,0.173146479121438,0.256152373082297
23370,0.142494139932183,0.109233467143275,0.536963693246786,0.211308699677755
23371,0.67550133652238,0.0749484438456827,0.0796120452938669,0.16993817433807
23372,0.397215823756571,0.0892558866172701,0.0393043356952457,0.474223953930913
23373,0.0991893983954622,0.2696129820294,0.436532997010134,0.194664622565004
23374,0.0439792864921795,0.22480733357657,0.602089515297271,0.129123864633979
23375,0.160135614277953,0.259896371661073,0.429330683191578,0.150637330869396
23376,0.225995941519495,0.322438169863115,0.320099790102231,0.131466098515159
23377,0.166403216624212,0.227842059316604,0.485457472719886,0.120297251339298
23378,0.57145387785813,0.0683682124073537,0.181182923632606,0.17899498610191
23379,0.147337816889321,0.103893695229708,0.335253166755827,0.413515321125144
23380,0.203737750649452,0.375393807888031,0.173109024763107,0.24775941669941
23381,0.122112560931222,0.270213224596179,0.24570860700931,0.361965607463289
23382,0.120186557778115,0.0547865951710907,0.411381054433333,0.413645792617461
23383,0.108442313161177,0.603122468269449,0.112772493714299,0.175662724855075
23384,0.657691861660458,0.0701173730878412,0.12893036825573,0.143260396995971
23385,0.144646480679512,0.277460008859634,0.473230719566345,0.104662790894508
23386,0.14737735633784,0.507136462229727,0.0425226277018986,0.302963553730534
23387,0.238254421884359,0.225167238159747,0.0799007669054257,0.456677573050468
23388,0.088863989214659,0.254672372609249,0.315339856251928,0.341123781924163
23389,0.0554100291553148,0.0748274944671242,0.410282147237126,0.459480329140435
23390,0.225322177082051,0.391378947899765,0.277119195694905,0.106179679323279
23391,0.241414114832878,0.400755614042282,0.272408068180084,0.0854222029447556
23392,0.259742955108842,0.367265834184953,0.289916138720369,0.083075071985836
23393,0.168348419194645,0.469020284250681,0.297204171079459,0.0654271254752148
23394,0.276525893107828,0.44383819233889,0.193682840278233,0.0859530742750488
23395,0.156772962092346,0.361748828059019,0.406273231143997,0.075204978704638
23396,0.467791176852452,0.256905589355612,0.196733984302491,0.0785692494894452
23397,0.367820238587562,0.316854213429305,0.21725336040934,0.0980721875737934
23398,0.208638024067768,0.565773459101475,0.169201264299523,0.0563872525312334
23399,0.145038178005747,0.585898957621267,0.191960803864926,0.0771020605080597
23400,0.46254219915655,0.19959658086901,0.236392852121698,0.101468367852742
23401,0.330768530529269,0.359211986649215,0.206717687945331,0.103301794876185
23402,0.195803855265763,0.522261810055267,0.207654287092111,0.0742800475868593
23403,0.254097998142242,0.334943324327469,0.312498867511749,0.0984598100185394
23404,0.187723491327555,0.44682085831041,0.29660774489595,0.0688479054660854
23405,0.18149353834232,0.457612253093902,0.270767037134871,0.0901271714289065
23406,0.440059185028076,0.307111740112305,0.17557293176651,0.0772561430931091
23407,0.27061743350677,0.363848905678061,0.229570038007797,0.135963622807372
23408,0.34232651422188,0.364650002912059,0.197355251073347,0.095668231792713
23409,0.296462650649806,0.362012142509041,0.242734801132458,0.0987904057086944
23410,0.220326885581017,0.395571768283844,0.20740282535553,0.17669852077961
23411,0.196731732761351,0.337959888115226,0.348672332977297,0.116636046146125
23412,0.164338995943636,0.513103500399098,0.213485083385857,0.109072420271409
23413,0.235570924249075,0.303019049041115,0.349930944665752,0.111479082044058
23414,0.310864251204476,0.338502088874454,0.200606781208111,0.150026878712959
23415,0.286017656326294,0.424390435218811,0.195809230208397,0.0937826782464981
23416,0.188804466772179,0.539041590818202,0.182013292208611,0.0901406502010074
23417,0.390468049333452,0.24961144478287,0.255981169462765,0.103939336420913
23418,0.16764234506018,0.248470939650266,0.231790236586041,0.352096478703513
23419,0.185180120997732,0.423425514553138,0.178466685643793,0.212927678805337
23420,0.218429883236361,0.269117033536368,0.416875639935038,0.0955774432922328
23421,0.327684313058853,0.308886706829071,0.199446752667427,0.163982227444649
23422,0.229947351516862,0.173353413541513,0.388356256831996,0.208342978109629
23423,0.49793768312362,0.189779763456744,0.225449177785633,0.0868333756340025
23424,0.339139754486982,0.2496361397261,0.197636780177999,0.213587325608919
23425,0.3619072383358,0.301059599204963,0.191775602224833,0.145257560234404
23426,0.227828456254091,0.467394527290802,0.199523477259848,0.105253539195258
23427,0.419700925368015,0.212785574031736,0.285070700343209,0.0824428002570391
23428,0.372224772390354,0.183040839686381,0.222235542204446,0.222498845718818
23429,0.246489105772308,0.491694953354486,0.178078083857312,0.0837378570158939
23430,0.294806659221649,0.351064175367355,0.279487907886505,0.0746412575244904
23431,0.237021919533284,0.379519248313915,0.308513487748601,0.0749453444042006
23432,0.249614484596684,0.25230330980728,0.289840796287084,0.208241409308952
23433,0.435931963799356,0.290855535592304,0.188986992507785,0.0842255081005546
23434,0.210117257754607,0.325077342797915,0.369115338879997,0.095690060567481
23435,0.275587077802612,0.18918449894809,0.325785572442627,0.209442850806671
23436,0.287211814141626,0.36412928593544,0.181696181943899,0.166962717979035
23437,0.226687884826664,0.329819368950301,0.328245955398457,0.115246790824578
23438,0.125556956960054,0.285919776978499,0.521247848235135,0.0672754178263122
23439,0.284016536890721,0.319936916830976,0.229178209788581,0.166868336489722
23440,0.343835830688477,0.311716586351395,0.2567438185215,0.0877037644386292
23441,0.118629591444576,0.185250106234105,0.368286883358462,0.327833418962857
23442,0.301681922300968,0.331747517060599,0.26699595449883,0.099574606139603
23443,0.427660776008987,0.241539530203925,0.231661296834388,0.0991383969527005
23444,0.17110490543984,0.395462924309627,0.338126505343221,0.0953056649073114
23445,0.150767602439025,0.339155334041173,0.429312698581732,0.0807643649380695
23446,0.363764722235062,0.33799843972926,0.220730521657153,0.0775063163785244
23447,0.246213376522064,0.0963611900806427,0.337112814188004,0.32031261920929
23448,0.103194576406641,0.286768398083198,0.0872337345113238,0.522803290998838
23449,0.511464411264683,0.0508459763506877,0.148831708556059,0.28885790382857
23450,0.0584158213532494,0.109766040770063,0.41590251242715,0.415915625449538
23451,0.151667503242679,0.221868794830608,0.296718742002268,0.329744959924445
23452,0.0600304088744939,0.555061108116744,0.0506730197072739,0.334235463301489
23453,0.463700783859909,0.106900784861267,0.150943482259531,0.278454949019292
23454,0.208247217658866,0.148568662234674,0.053152308660035,0.590031811446425
23455,0.314981689602682,0.0649036075203536,0.0782646886031423,0.541850014273822
23456,0.114155273782471,0.62497631600206,0.0492032191051954,0.211665191110273
23457,0.0858426071669972,0.0598739034715395,0.204175049702729,0.650108439658735
23458,0.0435142714701589,0.374858210325269,0.23476820306248,0.346859315142092
23459,0.239699167593525,0.411236933459778,0.0475853482864606,0.301478550660237
23460,0.175216123461723,0.567471385002136,0.0688649863004684,0.188447505235672
23461,0.0518046491654806,0.260463577231627,0.378791438585137,0.308940335017756
23462,0.598197171065169,0.168692069779218,0.0513815440443388,0.181729215111274
23463,0.0464288382658016,0.104187841838236,0.499165877674993,0.350217442220969
23464,0.056171259350642,0.0494155307992206,0.536070309194823,0.358342900655314
23465,0.253871586116082,0.366285348440925,0.0696769197333318,0.310166145709661
23466,0.31044659481118,0.127240644801269,0.133773418274126,0.428539342113425
23467,0.0507401592919207,0.64189009902045,0.078605002483651,0.228764739203979
23468,0.498261041913346,0.112435029632375,0.0868957949712246,0.302408133483054
23469,0.0985852092715322,0.0797220084112583,0.733517278231423,0.0881755040857866
23470,0.471842241591132,0.246569967025147,0.185909368622699,0.0956784227610222
23471,0.105680402579919,0.301144074691239,0.490704048078658,0.102471474650185
23472,0.280099715588991,0.279491241581869,0.2602079769938,0.180201065835341
23473,0.147789873440036,0.0995639689039274,0.487212206501405,0.265433951154632
23474,0.246487934299353,0.134694436131666,0.291762547563201,0.32705508200578
23475,0.105999366238709,0.564598326121258,0.0810907861671655,0.248311521472868
23476,0.12984430693206,0.644260044066161,0.0843908854991877,0.141504763502592
23477,0.314429881531223,0.107567750718949,0.296776028698504,0.281226339051324
23478,0.215104722526529,0.439277158997144,0.186243975572468,0.15937414290386
23479,0.069411530056424,0.188632872870075,0.318053419619003,0.423902177454499
23480,0.0855676563668123,0.448361383689992,0.371877624536962,0.0941933354062339
23481,0.272946321823903,0.544447469462883,0.101511960442842,0.081094248270372
23482,0.667432337965116,0.0971920148793452,0.134950259255606,0.100425387899933
23483,0.12858412244547,0.320031657220348,0.195864254051339,0.355519966282843
23484,0.0576301870456282,0.269333414157229,0.573930842461263,0.0991055563358797
23485,0.182890740291912,0.437147551221437,0.0501628957664535,0.329798812720197
23486,0.0379482794419444,0.355829973345102,0.15787222510957,0.448349522103383
23487,0.198826790596645,0.413731665960445,0.0430355334395004,0.34440601000341
23488,0.142287327779179,0.510759528646175,0.0595921795100556,0.287360964064591
23489,0.24274954561516,0.0584774175059411,0.170875253839422,0.527897783039477
23490,0.136584774168524,0.059271674824028,0.247732580630975,0.556410970376473
23491,0.0491416603326798,0.102981820702553,0.38636127114296,0.461515247821808
23492,0.0584524291292557,0.342797408783359,0.365174304401109,0.233575857686277
23493,0.085720794753981,0.124590843940327,0.104846471259208,0.684841890046484
23494,0.159943895935176,0.476573027321294,0.0604928144886019,0.302990262254927
23495,0.0915582752726008,0.729642908813967,0.0481339831725126,0.13066483274092
23496,0.0932866735245786,0.404034626604159,0.0381276544370548,0.464551045434208
23497,0.110903543735216,0.623180911916921,0.0755525437991498,0.190363000548713
23498,0.150267860277423,0.0595177972604157,0.349885979301573,0.440328363160589
23499,0.0436087947142811,0.0796398648713564,0.321639112191372,0.55511222822299
23500,0.0433026756209486,0.17129681216279,0.465875853317359,0.319524658898902
23501,0.454618393692631,0.0544532724463981,0.188089909458092,0.302838424402879
23502,0.133834520957078,0.0508960093969103,0.385778025322481,0.429491444323531
23503,0.594568599116642,0.0707386271890509,0.053122612589549,0.281570161104758
23504,0.328646739463605,0.266081235823594,0.177340859850023,0.227931164862777
23505,0.0553004110429451,0.283866883381705,0.420059116259437,0.240773589315912
23506,0.433017853148415,0.0648623039190643,0.360220554174636,0.141899288757885
23507,0.668548559079,0.132158065879417,0.075332638795203,0.12396073624638
23508,0.0532957252851663,0.0978509060558134,0.407603869012085,0.441249499646936
23509,0.335215243214482,0.222952814571208,0.0888166061700628,0.353015336044247
23510,0.345123201608658,0.0625046640634537,0.181269630789757,0.411102503538132
23511,0.28842829368584,0.0789986440987001,0.0675741031360282,0.564998959079431
23512,0.626777305307477,0.18429308051526,0.0577794102828073,0.131150203894456
23513,0.175388818245793,0.181447600765455,0.0510949507682011,0.592068630220551
23514,0.301022018476993,0.0921851829858842,0.211975154102219,0.394817644434904
23515,0.625361300060105,0.0710428256153008,0.176726975413897,0.126868898910698
23516,0.292930598662338,0.0883962945879058,0.310213710215483,0.308459396534273
23517,0.55371915881545,0.115858062238559,0.0687636355402795,0.261659143405712
23518,0.0830925876823839,0.0586202609127838,0.718123338166575,0.140163813238258
23519,0.0682815135608138,0.477675171934639,0.0670241311432211,0.387019183361327
23520,0.352043243885362,0.0866245410339873,0.14095448062535,0.4203777344553
23521,0.152473606803703,0.495751477967882,0.213615065204424,0.138159850023992
23522,0.0809868231783369,0.278698871981311,0.183572865410628,0.456741439429724
23523,0.118377399384134,0.6396854162099,0.164451009200923,0.0774861752050435
23524,0.0944279776684052,0.686168530995592,0.0750310622146409,0.144372429121362
23525,0.219961351751129,0.177640562583225,0.159607087362024,0.442790998303622
23526,0.148294429531859,0.297656080196617,0.460986987919003,0.0930625023525208
23527,0.138791607898349,0.248575422891608,0.368001585721993,0.24463138348805
23528,0.0847059277401258,0.661282668430845,0.161607297682871,0.0924041061461584
23529,0.201344040016174,0.475984864294755,0.0647150119436531,0.257956083745419
23530,0.119681564278568,0.0809664261125082,0.679728612011777,0.119623397597148
23531,0.499617612007898,0.0582571560243404,0.0692652653886063,0.372859966579156
23532,0.213628936016991,0.228257734004523,0.117826210227999,0.440287119750487
23533,0.305269475202717,0.165316668669631,0.169647497390993,0.359766358736659
23534,0.170095724313025,0.0745863605352288,0.322966183379796,0.43235173177195
23535,0.216013179838756,0.0813744893772489,0.168490276995974,0.534122053788022
23536,0.191499295704056,0.0812647950837731,0.243180144476595,0.484055764735576
23537,0.235718514131837,0.242591138597927,0.0754535977000116,0.446236749570224
23538,0.522419485025582,0.145925916571309,0.0429377309935978,0.288716867409512
23539,0.0733523128922512,0.156770464254086,0.181831579316447,0.588045643537217
23540,0.067416947795375,0.0614622540808868,0.442023166469108,0.429097631654631
23541,0.193589173496173,0.289981890842993,0.0570009702071186,0.459427965453715
23542,0.0463116282459782,0.149669722280166,0.500874878841918,0.303143770631938
23543,0.281779504160125,0.261728292593247,0.104894409438098,0.35159779380853
23544,0.0431426741033888,0.132760070790943,0.723148427441426,0.100948827664243
23545,0.244220361113548,0.0663106292486191,0.0655085146427155,0.623960494995117
23546,0.0526344387938249,0.0996576145393367,0.697900453272449,0.14980749339439
23547,0.282470814968289,0.386588921002588,0.0426621388694831,0.28827812515964
23548,0.306625939308687,0.0982236064573438,0.0574063969568848,0.537744057277085
23549,0.254791654789199,0.077375771921151,0.162183229988314,0.505649343301336
23550,0.053608237099402,0.230972715289214,0.112943303199312,0.602475744412072
23551,0.484775402332452,0.115408773031439,0.201145476051622,0.198670348584487
23552,0.062835985336512,0.417576560770941,0.418588170824681,0.100999283067866
23553,0.0823246569307393,0.693670060249793,0.0660400787755876,0.15796520404388
23554,0.630765905517848,0.161683601711935,0.0855709450606861,0.121979547709531
23555,0.0484478246536268,0.173075466058586,0.64845752232926,0.130019186958528
23556,0.354260639291732,0.131732842254617,0.12655482261873,0.387451695834921
23557,0.0662269272057625,0.0564754623611303,0.574947933947551,0.302349676485557
23558,0.180177084497642,0.149305500866227,0.399419021632417,0.271098393003714
23559,0.191948577046586,0.060179609581159,0.387754498467764,0.360117314904491
23560,0.0694158002734184,0.0645877197384834,0.508451700210571,0.357544779777527
23561,0.407512810770327,0.336777326935699,0.177483393419658,0.0782264688743169
23562,0.456455518533539,0.121968497589935,0.0763015431992365,0.34527444067729
23563,0.133272379636765,0.407532006502152,0.30756151676178,0.151634097099304
23564,0.0915041200183639,0.496426913860641,0.237944053396166,0.17412491272483
23565,0.102798552086939,0.079648227092983,0.70500046540052,0.112552755419558
23566,0.435569984780848,0.263353206615246,0.101934734044514,0.199142074559393
23567,0.232019214750482,0.467235742046579,0.160404542708668,0.140340500494272
23568,0.290894033691988,0.52377880009844,0.0854812643340324,0.0998459018755399
23569,0.609802562290506,0.134404782486104,0.173276459374322,0.0825161958490669
23570,0.133215888342143,0.702123517527256,0.102362959814348,0.0622976343162534
23571,0.156174557166262,0.0578988238189238,0.323955450102189,0.461971168912625
23572,0.360371310432249,0.416195593128869,0.0706884972365162,0.152744599202366
23573,0.154813532674716,0.103874895092097,0.198803967201828,0.542507605031359
23574,0.0586345485056259,0.533281377952078,0.272311087365283,0.135772986177013
23575,0.0624516606330872,0.281064540147781,0.321012079715729,0.335471719503403
23576,0.16932728634287,0.165495631612902,0.236473005466565,0.428704076577662
23577,0.69462334592176,0.0748256513861891,0.15018279738588,0.0803682053061708
23578,0.226406092351539,0.205360884844641,0.068200370635084,0.500032652168736
23579,0.0625234534960471,0.476201288756709,0.175419164070201,0.285856093677043
23580,0.140014318525578,0.637420167961416,0.0478986047521442,0.174666908760862
23581,0.174551385261884,0.312333499078952,0.251598928147538,0.261516187511626
23582,0.107822737784514,0.226907534696851,0.583292777960801,0.0819769495578337
23583,0.657101373162825,0.0915568294657222,0.113816570823891,0.137525226547562
23584,0.539665186688238,0.141083768356611,0.12506765686278,0.194183388092371
23585,0.614769504634228,0.205285172046307,0.103707661396839,0.0762376619226263
23586,0.264508597120386,0.243659295330665,0.33859844986801,0.153233657680939
23587,0.142378217386226,0.141077867496514,0.422878403494287,0.293665511622973
23588,0.401656874927892,0.065592069483217,0.237235354925338,0.295515700663552
23589,0.69236821967912,0.067143880831359,0.0759653385872444,0.164522560902276
23590,0.265438534779505,0.14228201336509,0.253566838907207,0.338712612948198
23591,0.602403980421901,0.0753640957068176,0.158155198152208,0.164076725719073
23592,0.488292227470983,0.117247337771361,0.101534158862201,0.292926275895454
23593,0.0796711400028743,0.484894681159209,0.182242102259476,0.253192076578441
23594,0.621917151731147,0.0778079732435932,0.221035280117217,0.0792395949080436
23595,0.185421931526392,0.138114663036386,0.585159966128468,0.0913034393087542
23596,0.0747696757316589,0.313094198703766,0.296497195959091,0.315638929605484
23597,0.351853235728149,0.0750135000789091,0.281397032079233,0.291736232113709
23598,0.667792973414835,0.102364696180952,0.0586672534843264,0.171175076919887
23599,0.191813534864178,0.360073192712373,0.192878178080402,0.255235094343047
23600,0.192934411658859,0.488462902433617,0.19981251954753,0.118790166359993
23601,0.206202032792447,0.482831687758464,0.204163345446387,0.106802934002701
23602,0.244005531072617,0.492143124341965,0.186827644705772,0.0770236998796463
23603,0.14372078333829,0.26867960304586,0.484938825626461,0.102660787989389
23604,0.260269570636619,0.52683494120084,0.13197953409048,0.0809159540720603
23605,0.478245228528976,0.10592582821846,0.161124885082245,0.254704058170319
23606,0.243087861583946,0.385447299263586,0.158570157864245,0.212894681288223
23607,0.182937479781919,0.260710227755745,0.226839383236793,0.329512909225542
23608,0.464115291833878,0.151378273963928,0.157492250204086,0.227014183998108
23609,0.308467564668748,0.291000334240494,0.280704257781027,0.119827843309731
23610,0.189286371134187,0.464550709338077,0.237326147695757,0.108836771831979
23611,0.131384301142044,0.239352216706102,0.537468147370252,0.0917953347816021
23612,0.183937153938242,0.345257296625199,0.214202796777958,0.256602752658602
23613,0.306608321566942,0.275842221646325,0.345780524207507,0.0717689325792263
23614,0.232829741621904,0.520048633815307,0.172402089011731,0.0747195355510573
23615,0.288658504019059,0.229679781640765,0.159579040997908,0.322082673342268
23616,0.298903305124368,0.350461112318147,0.270561297589492,0.080074284967993
23617,0.219081443263867,0.470235996391833,0.200337138766987,0.110345421577313
23618,0.312749381173411,0.0500456236296054,0.316376144940016,0.320828850256967
23619,0.048405887139019,0.322541008071333,0.177925919828591,0.451127184961056
23620,0.0897010208983165,0.247430344064354,0.0376665040415992,0.625202130995731
23621,0.319061719200126,0.115479705136723,0.0778543261173146,0.487604249545837
23622,0.19334912804307,0.395289461191841,0.0444707323286501,0.366890678436439
23623,0.0531758897479756,0.181447672567482,0.0745634224200759,0.690813015264467
23624,0.0610671037425288,0.720678814899558,0.0641028612183244,0.154151220139588
23625,0.140466410081083,0.114629025339239,0.178215120245854,0.566689444333824
23626,0.0512644926510022,0.535666662532836,0.0851266114642453,0.327942233351916
23627,0.142426356142661,0.0477932876058173,0.562982139874316,0.246798216377205
23628,0.324046327871821,0.124992513563847,0.0417508947001337,0.509210263864199
23629,0.176560961152358,0.19455518698194,0.154555849189573,0.47432800267613
23630,0.386020667194088,0.321687351364651,0.0702974903406209,0.22199449110064
23631,0.0538138194435889,0.186680810749689,0.464957510660859,0.294547859145863
23632,0.0417640092771797,0.0439154426315936,0.362278248791267,0.55204229929996
23633,0.132060892316895,0.494764920051057,0.0884820939553876,0.284692093676661
23634,0.707398031637722,0.0803945923042659,0.0434212891924261,0.168786086865586
23635,0.038389457536215,0.324122146183752,0.0862509569711555,0.551237439308877
23636,0.0497996600426873,0.459559183362309,0.190805993605905,0.299835162989099
23637,0.327809105646068,0.445561829473863,0.120174527455895,0.106454537424175
23638,0.411383757249648,0.374747731717253,0.15177326243609,0.0620952485970091
23639,0.213972315192223,0.271207183599472,0.427126526832581,0.0876939743757248
23640,0.288198522084995,0.145592580867035,0.462323055794148,0.103885841253822
23641,0.152024162530539,0.435936235846039,0.235906448425257,0.176133153198165
23642,0.322067971198738,0.192348134631691,0.318035120993329,0.167548773176241
23643,0.287241271518431,0.464313165416921,0.168624664288024,0.0798208987766236
23644,0.283957783638802,0.391352957358255,0.177793103125589,0.146896155877354
23645,0.135071512011543,0.383542407049465,0.260742060519992,0.220644020419001
23646,0.274028356760318,0.365639800345305,0.215609174734217,0.14472266816016
23647,0.124981849453397,0.599957080183175,0.197473163770975,0.0775879065924536
23648,0.253158781724554,0.505854971794113,0.152606966385349,0.0883792800959837
23649,0.303232626472445,0.30319012836262,0.210083654072121,0.183493591092813
23650,0.323962345300422,0.237085144389502,0.169972859470823,0.268979650839254
23651,0.227564801533604,0.496928759056534,0.180652312309192,0.0948541271006706
23652,0.153821675823467,0.372246262637926,0.385183331480746,0.0887487300578599
23653,0.169708184761933,0.285098808179849,0.445831547118803,0.0993614599394146
23654,0.142965871310961,0.247682249121716,0.513223719147378,0.0961281604199445
23655,0.269713437625321,0.421554545049843,0.207253922684206,0.10147809464063
23656,0.10953030316622,0.127399031144352,0.207056111307624,0.556014554381804
23657,0.491777144494993,0.240880902992474,0.0864116983650372,0.180930254147496
23658,0.32155693401387,0.0876423583270518,0.215695560416132,0.375105147242946
23659,0.540568586136635,0.241518123138561,0.104552826996499,0.113360463728305
23660,0.282805562019348,0.162174388766289,0.0533628016710281,0.501657247543335
23661,0.237543617000716,0.0875836944170135,0.113485830419399,0.561386858162871
23662,0.126735556922423,0.389069926412997,0.134852636899133,0.349341879765447
23663,0.244955033364592,0.142927772228255,0.232524112908595,0.379593081498558
23664,0.0695135045977867,0.328967201375693,0.132917399223246,0.468601894803275
23665,0.298833046836153,0.281947438149861,0.0505183793681619,0.368701135645824
23666,0.314937671573828,0.114422228502565,0.209814274018578,0.36082582590503
23667,0.273125099847089,0.0951717155349978,0.457054505181856,0.174648679436057
23668,0.520006600916435,0.077306010405019,0.128244624497329,0.274442764181217
23669,0.243402872529498,0.300748513605512,0.102410520505435,0.353438093359556
23670,0.200792521238327,0.129066959023476,0.475093126296997,0.1950473934412
23671,0.0590875788508873,0.284176215609658,0.49267694764779,0.164059257891664
23672,0.195641162926572,0.175275998939216,0.298710082452149,0.330372755682062
23673,0.283313751220703,0.52047860622406,0.0782987475395203,0.117908895015717
23674,0.0493275714963031,0.30479979855716,0.526625579520601,0.119247050425936
23675,0.0826386424505913,0.529198877078312,0.0622534370086575,0.32590904346244
23676,0.192551084140275,0.122649948200213,0.0828100784566224,0.60198888920289
23677,0.181349197585905,0.250817798053688,0.247439898626807,0.3203931057336
23678,0.516200627053559,0.0803038144258767,0.0440511315042701,0.359444427016294
23679,0.558225563791013,0.100790230918076,0.220894780443687,0.120089424847224
23680,0.0613303237755309,0.0864276908524105,0.62936534138604,0.222876643986018
23681,0.0930332480822988,0.144536288746242,0.649104008810282,0.113326454361177
23682,0.0600599190583837,0.330746407348716,0.414443069481208,0.194750604111692
23683,0.390340629148041,0.0858830294451343,0.180432455095891,0.343343886310934
23684,0.0852886512875557,0.668559610843658,0.0713470354676247,0.174804702401161
23685,0.34287977985024,0.336286731130333,0.200264503067684,0.120568985951744
23686,0.0663661524586265,0.053596192306195,0.522171032179245,0.357866623055934
23687,0.145608107876536,0.0990873396668631,0.293668857405518,0.461635695051083
23688,0.31078536909288,0.0929458472305902,0.048117255503658,0.548151528172872
23689,0.147381648421288,0.187031000852585,0.506830871105194,0.158756479620934
23690,0.325714266406638,0.250048522838364,0.0417721689077498,0.382465041847248
23691,0.0831237944495113,0.111437162586493,0.501518182433871,0.303920860530125
23692,0.0546419415929263,0.451377972728008,0.0836435155839039,0.410336570095162
23693,0.087494553439238,0.358375822877524,0.36233699861671,0.191792625066528
23694,0.120567979225039,0.272953246130843,0.238596994259909,0.367881780384209
23695,0.0795141470359884,0.48073867679743,0.200771021854446,0.238976154312136
23696,0.464720857712595,0.377619967698307,0.0775941208901211,0.0800650536989773
23697,0.315028827486704,0.103076988275231,0.286965442480717,0.294928741757349
23698,0.145737746103868,0.262253776923047,0.33600761508987,0.256000861883215
23699,0.117644154411883,0.652596061323554,0.0858635461767282,0.143896238087835
23700,0.425612052702634,0.0738471729938573,0.396910002896711,0.103630771406797
23701,0.082081663798007,0.504761311908594,0.228993999936,0.1841630243574
23702,0.102973781526089,0.211970269680023,0.595828056335449,0.0892278924584389
23703,0.129311038116946,0.59130405498588,0.179831561746723,0.0995533451504507
23704,0.188148644743135,0.180243385132501,0.31843026997998,0.313177700144385
23705,0.159253962006597,0.482265583378028,0.189168029539348,0.169312425076027
23706,0.507233381271362,0.111863724887371,0.25650742650032,0.124395467340946
23707,0.222588030825645,0.581420238454489,0.118924736090565,0.0770669946293012
23708,0.148125672782746,0.548203567109869,0.187152259530415,0.116518500576969
23709,0.163360814056445,0.214023766757474,0.166264827028801,0.45635059215728
23710,0.50105756147908,0.12439439353053,0.167319937293828,0.207228107696562
23711,0.0871587706678923,0.598816165310385,0.221554133617195,0.0924709304045279
23712,0.144158163182818,0.155741252493504,0.458704868314943,0.241395716008736
23713,0.0921148061752319,0.340032517910004,0.337494790554047,0.230357885360718
23714,0.210353227036843,0.179500059630722,0.48972756035423,0.120419152978205
23715,0.282718124111877,0.118980892889059,0.353969785228147,0.244331197770917
23716,0.383913856265362,0.17836076552751,0.185377811949784,0.252347566257345
23717,0.249597303557316,0.485437497062609,0.0706108680549523,0.194354331325124
23718,0.158893979738384,0.16472636899619,0.422190476455859,0.254189174809568
23719,0.305737630766438,0.392021906732534,0.0848013720750195,0.217439090426009
23720,0.123994938105382,0.10504783611709,0.591255302792376,0.179701922985152
23721,0.550473634529662,0.20592339490297,0.167793185768971,0.075809784798397
23722,0.112188683631848,0.254060689420412,0.320081715585019,0.313668911362721
23723,0.145345457851345,0.421849947191032,0.319385514286808,0.113419080670815
23724,0.231523202594543,0.437810901089094,0.0943043164484524,0.236361579867911
23725,0.222531949466529,0.0927348393469376,0.587125751951676,0.0976074592348579
23726,0.247501518614568,0.356778705764134,0.24574249616649,0.149977279454808
23727,0.193109994921386,0.176800494694725,0.293621399808568,0.336468110575322
23728,0.18637216091156,0.272009015083313,0.174689471721649,0.366929352283478
23729,0.129782253662545,0.654874355128064,0.149336152553432,0.0660072386559588
23730,0.266743324198028,0.316114237424307,0.234485201999986,0.182657236377679
23731,0.143268821488785,0.199226927768783,0.306583429774889,0.350920820967543
23732,0.472971751480453,0.225908360657345,0.0995093315693537,0.201610556292848
23733,0.586548196079995,0.103706655568481,0.0990300230898703,0.210715125261654
23734,0.0596591865284026,0.0739399489986153,0.521920619450805,0.344480245022177
23735,0.555854737758637,0.0708257853984833,0.169335454702377,0.203984022140503
23736,0.155780859778187,0.149231844429738,0.308274434136997,0.386712861655078
23737,0.105422303866016,0.567133192473152,0.246968122176589,0.0804763814842431
23738,0.376858657253663,0.160467120415972,0.145927595286483,0.316746627043882
23739,0.209027720035775,0.165802145946154,0.158936167295943,0.466233966722129
23740,0.134685969262021,0.076982656919629,0.709164035450844,0.0791673383675065
23741,0.0694341191818083,0.150436381982673,0.529793187087977,0.250336311747542
23742,0.164569616317749,0.260660290718079,0.123282313346863,0.45148777961731
23743,0.140160819149048,0.692938770835801,0.0971270612302073,0.069773348784944
23744,0.0609772757331586,0.701546720770597,0.162127612209384,0.0753483912868605
23745,0.573066004709393,0.119522103958161,0.117755466964177,0.189656424368269
23746,0.581419671689292,0.20116100006336,0.077508489638061,0.139910838609288
23747,0.133092305053427,0.289041859911763,0.439069648343458,0.138796186691352
23748,0.221978298484632,0.461952580867785,0.0890594002324164,0.227009720415167
23749,0.59448584351028,0.220955969634296,0.0991071701581973,0.085451016697227
23750,0.215582173830536,0.192880120979546,0.465940528125457,0.125597177064461
23751,0.287038683891296,0.243910223245621,0.360750317573547,0.108300775289536
23752,0.261167258024216,0.289392441511154,0.176472783088684,0.272967517375946
23753,0.168456678642532,0.201450935049383,0.201874604877073,0.428217781431013
23754,0.306512041681053,0.234675149679563,0.207920307275071,0.250892501364313
23755,0.377491441536759,0.271594373348397,0.258417842846976,0.0924963422678684
23756,0.143948395369899,0.332792292022475,0.2176523124472,0.305607000160426
23757,0.295479444448058,0.412558492924582,0.194338528854113,0.0976235337732469
23758,0.462254587279667,0.180552260432782,0.0943017981521919,0.262891354135359
23759,0.141040882812778,0.422495205215895,0.247426133487797,0.18903777848353
23760,0.298859543327828,0.109282928167647,0.49440721782462,0.0974503106799046
23761,0.255631055598988,0.187086132361201,0.345877672048246,0.211405139991564
23762,0.234299025961728,0.344947378186803,0.258668221791632,0.162085374059837
23763,0.474751169407801,0.246137333832393,0.168750488618414,0.110361008141391
23764,0.497845742835445,0.0820203951151698,0.198127867267488,0.222005994781896
23765,0.100116828085733,0.0839534786932689,0.50404740130972,0.311882291911279
23766,0.126847414272317,0.153760907742964,0.640344312185879,0.0790473657988404
23767,0.299512888498412,0.28407567316181,0.265346076110809,0.151065362228969
23768,0.121120932656492,0.0767166585953288,0.335966038109137,0.466196370639042
23769,0.200467634208018,0.158413263535697,0.396281278077979,0.244837824178306
23770,0.163524209234683,0.0637708972113513,0.568700428540256,0.204004465013709
23771,0.0679476012309044,0.4243933102342,0.0664081846770575,0.441250903857838
23772,0.0734157200666624,0.178724172394338,0.0964523791738209,0.651407728365179
23773,0.0779359661917676,0.270727165661072,0.460210784083926,0.191126084063234
23774,0.144456103444099,0.293858021497726,0.126259073615074,0.4354268014431
23775,0.479922001365915,0.145546458521298,0.0705548115530336,0.303976728559754
23776,0.249907823278813,0.0665633459878217,0.235107676946429,0.448421153786936
23777,0.278718556780837,0.313476080991684,0.277323420683691,0.130481941543789
23778,0.0683274600217379,0.415836652390199,0.0567024191362092,0.459133468451854
23779,0.503783662013101,0.228706055458861,0.112002712190252,0.155507570337786
23780,0.464594911372125,0.23825096107736,0.055201271149464,0.241952856401051
23781,0.568484340526864,0.140837081931364,0.0739490058742908,0.216729571667482
23782,0.133664906024933,0.257474839687347,0.311600267887116,0.297259986400604
23783,0.346720155178903,0.0501149849953318,0.248032701223723,0.355132158602042
23784,0.0953996497154445,0.0529720379130818,0.491390258586987,0.360238053784486
23785,0.583272167791011,0.154019417673639,0.0453124202089372,0.217395994326413
23786,0.258356757711075,0.29323304573396,0.0839830662007054,0.364427130354259
23787,0.567003177843917,0.135726910776043,0.117441107687925,0.179828803692114
23788,0.122888133971267,0.488527123483346,0.0978691824891844,0.290715560056203
23789,0.633593178034083,0.0915791805245287,0.0962634870311809,0.178564154410207
23790,0.0344860050186667,0.132791347276713,0.647744272159114,0.184978375545506
23791,0.161710886942514,0.0706815490820889,0.609080071679651,0.158527492295746
23792,0.176329051742824,0.627828259105332,0.103332641820092,0.0925100473317518
23793,0.20162140722211,0.0931493761196919,0.22758878089223,0.477640435765969
23794,0.271796775093531,0.146762079600785,0.151168934308094,0.430272210997591
23795,0.272141239877306,0.260201982849777,0.0585822445576714,0.409074532715245
23796,0.182630544383244,0.229847676451435,0.169382994454592,0.418138784710729
23797,0.353299105863286,0.219345879266472,0.336886341320182,0.0904686735500593
23798,0.270591424712209,0.0538377922032353,0.252681243103533,0.422889539981022
23799,0.57511611078194,0.0782846155379254,0.081732885876288,0.264866387803846
23800,0.167697090678597,0.679614380291426,0.0702838466379906,0.0824046823919866
23801,0.0549492550257427,0.137579146122466,0.710009292736857,0.0974623061149338
23802,0.107097201847264,0.65772903455592,0.121985831275477,0.113187932321339
23803,0.288265737058712,0.200365544858318,0.0736589362744908,0.437709781808479
23804,0.281290256650219,0.0851615871825459,0.320589237199964,0.312958918967271
23805,0.252082288265228,0.0810838788747788,0.505841970443726,0.160991862416267
23806,0.130900617513042,0.278839371238966,0.17528634741049,0.414973663837502
23807,0.448064989567771,0.114575752833124,0.10749880384652,0.329860453752584
23808,0.225918975334114,0.48526322392257,0.186291316926772,0.102526483816545
23809,0.336710661649704,0.37491175532341,0.189035773277283,0.0993418097496033
23810,0.204377509490493,0.540540019402652,0.180630319542053,0.0744521515648011
23811,0.461814909008636,0.256397498342563,0.187844070117201,0.093943522531601
23812,0.309313315551232,0.322042393608302,0.26770763592021,0.100936654920256
23813,0.537355144968448,0.229161822392114,0.122291778113387,0.111191254526051
23814,0.335611718311469,0.332575845249897,0.240645712590005,0.0911667238486289
23815,0.166226233058386,0.15370669502894,0.38732047714828,0.292746594764394
23816,0.390997066758464,0.309389304719467,0.202108509917129,0.0975051186049401
23817,0.246372319649825,0.251058705182633,0.362440805507922,0.14012816965962
23818,0.220826634143989,0.274741790451354,0.315544804467416,0.188886770937241
23819,0.164345119096602,0.5400170804564,0.202277679792293,0.0933601206547049
23820,0.270438369058991,0.278579648158257,0.352845603930271,0.098136378852481
23821,0.109237177532357,0.314815307932864,0.232500251643356,0.343447262891423
23822,0.189012384905858,0.361560119916791,0.154910229672034,0.294517265505317
23823,0.147652468725404,0.206350931809139,0.391981440424089,0.254015159041367
23824,0.162709792337113,0.55586303937027,0.18503843799348,0.0963887302991369
23825,0.462432740912626,0.227756425367237,0.186648535133624,0.123162298586512
23826,0.103672375447921,0.59265653954469,0.151588123628763,0.152082961378627
23827,0.354369290643244,0.285915142727982,0.105576912438353,0.254138654190421
23828,0.0560170341731387,0.265446843694499,0.424548748318469,0.253987373813893
23829,0.305157299262922,0.191295457015999,0.159076181663928,0.344471062057151
23830,0.0785670131444931,0.639680147171021,0.129805669188499,0.151947170495987
23831,0.182038349180842,0.200459313385795,0.507348172257123,0.11015416517624
23832,0.140199923208359,0.190294927792478,0.47902370338036,0.190481445618803
23833,0.298340629724437,0.10320663091565,0.355518682134102,0.242934057225811
23834,0.507542979140795,0.145604434883694,0.252214198981543,0.0946383869939682
23835,0.226160433498615,0.363367850134256,0.200079259275209,0.210392457091921
23836,0.371265316437702,0.104555828801456,0.156094578562758,0.368084276198085
23837,0.0611580330478559,0.133574027823628,0.213380924266008,0.591887014862508
23838,0.600124473868873,0.160051031708337,0.0983714230479939,0.141453071374796
23839,0.671555226084256,0.125537500720751,0.102818847468636,0.100088425726357
23840,0.255814355126665,0.0972206337997601,0.539181435369615,0.10778357570396
23841,0.461481957485247,0.103917897229932,0.171763438389667,0.262836706895155
23842,0.616571394234898,0.0945071454230695,0.0914523553835862,0.197469104958447
23843,0.360820735084702,0.123123226715278,0.2835311847399,0.23252485346012
23844,0.569688822464145,0.121060376810746,0.0877920130398279,0.221458787685281
23845,0.12419897970409,0.0989073209545961,0.318439749490919,0.458453949850396
23846,0.486580796339822,0.271514419786847,0.172141107501702,0.0697636763716292
23847,0.193649558770287,0.547470684740911,0.187260000502616,0.0716197559861857
23848,0.0644764145541725,0.186269861664327,0.61321412603238,0.13603959774912
23849,0.283426267657858,0.237989361792327,0.270949584437143,0.207634786112671
23850,0.105171584376481,0.197565437835197,0.606907610646692,0.0903553671416295
23851,0.474095491566811,0.279999803602709,0.176818731491502,0.0690859733389783
23852,0.291926239310596,0.291591380411258,0.180726679872374,0.235755700405772
23853,0.151517759218283,0.311465462700562,0.434840606604796,0.102176171476359
23854,0.484282985798032,0.255920283319942,0.168893436524468,0.0909032943575593
23855,0.275510932870046,0.252291109378768,0.161930364937628,0.310267592813557
23856,0.238354958940895,0.438542561574502,0.162664274493925,0.160438204990679
23857,0.338514658350607,0.364755215978289,0.225718321097779,0.0710118045733259
23858,0.465047904921417,0.165491007320985,0.246899951387944,0.122561136369654
23859,0.614281117916107,0.097261019051075,0.199782624840736,0.0886752381920815
23860,0.185013726353645,0.289920121431351,0.318237692117691,0.206828460097313
23861,0.181493778113137,0.14654985397793,0.581712378152737,0.0902439897561965
23862,0.128988147742958,0.209639655125437,0.581199709931014,0.0801724872005916
23863,0.369783845768989,0.104658103699549,0.357152906379455,0.168405144152007
23864,0.260232565848287,0.487367656176033,0.0977171577683303,0.15468262020735
23865,0.0666014711052399,0.148102881731136,0.40680876980437,0.378486877359254
23866,0.309457671078582,0.299980145694009,0.150299569946553,0.240262613280856
23867,0.0599786183241216,0.267551924771787,0.134554056308358,0.537915400595734
23868,0.045147356150456,0.117871963805019,0.522765701891099,0.314214978153426
23869,0.259925975050642,0.0849248587673456,0.162057110178469,0.493092056003544
23870,0.14117625040167,0.0637975842401925,0.62836162831571,0.166664537042427
23871,0.0464733527161672,0.159882287386588,0.561239523850694,0.232404836046552
23872,0.0371245689378297,0.144351834103949,0.664888891153865,0.153634705804356
23873,0.128755101766209,0.272133010381475,0.4023201881802,0.196791699672116
23874,0.569795876826561,0.249649139139474,0.072441738046019,0.108113245987946
23875,0.0571779946132675,0.504567326994864,0.347825826510138,0.0904288518817308
23876,0.211322730273482,0.301766173462592,0.1355888186877,0.351322277576226
23877,0.246494568988843,0.237517036869614,0.0488135204072738,0.467174873734269
23878,0.145361734250758,0.281319375614533,0.132468072586237,0.440850817548471
23879,0.1445034731589,0.498438593011807,0.253888694540495,0.103169239288798
23880,0.455733190232512,0.250659203171563,0.0990978129006433,0.194509793695281
23881,0.558524919119289,0.0985372833580662,0.24242111092257,0.100516686600075
23882,0.119785821143004,0.694697071690901,0.0711214531790994,0.114395653986996
23883,0.326934528609161,0.115841966712548,0.414032921717797,0.143190582960493
23884,0.220451989041715,0.469156968189663,0.227905207421825,0.0824858353467969
23885,0.31315826319745,0.196224131561752,0.050263391985109,0.440354213255689
23886,0.287395596504211,0.154872179031372,0.296853512525558,0.260878711938858
23887,0.339492827653885,0.218995794653893,0.175631120800972,0.265880256891251
23888,0.238853072498435,0.326126850980375,0.352736212746863,0.0822838637743264
23889,0.624837403184454,0.194291414277937,0.110043973550528,0.0708272089870811
23890,0.166511980198145,0.664107372401545,0.0756052870213198,0.0937753603789902
23891,0.51946329296435,0.0791481274493318,0.155354348490322,0.246034231095996
23892,0.123287629387151,0.391976046801327,0.210598387998391,0.274137935813131
23893,0.196432433889524,0.435178206681393,0.0579906798150644,0.310398679614018
23894,0.18324477299652,0.352395133036158,0.164634577839132,0.299725516128191
23895,0.113927783279535,0.306008403092748,0.489254213709447,0.0908095999182701
23896,0.131519023523302,0.1951516030774,0.481133922372279,0.192195451027019
23897,0.211013888820385,0.261464464897016,0.13288029434322,0.394641351939379
23898,0.127244558118446,0.601010900705728,0.132395114529278,0.139349426646548
23899,0.189075818332309,0.276099481466397,0.125005502253935,0.409819197947359
23900,0.150005108863344,0.281710041241797,0.159821204535121,0.408463645359739
23901,0.211670295981096,0.525451246838653,0.149123356857325,0.113755100322925
23902,0.105616866386942,0.377387099110311,0.407082224314345,0.109913810188401
23903,0.321276619491426,0.203618833584435,0.151747665632412,0.323356881291727
23904,0.136448766695,0.350727815904384,0.315244844101523,0.197578573299093
23905,0.555390779341689,0.078279764043389,0.272063525557991,0.0942659310569311
23906,0.69117392139396,0.0712086643458704,0.116405727213707,0.121211687046464
23907,0.204471117391322,0.218418127847258,0.299122640464385,0.277988114297036
23908,0.230875848003657,0.321320978393249,0.121958023891166,0.325845149711928
23909,0.276787427985762,0.180782123053207,0.0789745667653191,0.463455882195712
23910,0.071092153753793,0.284319590193018,0.460068839045943,0.184519417007246
23911,0.236381973462491,0.076068151417441,0.193213218147153,0.494336656972915
23912,0.203382957032069,0.184660079846681,0.33037451401911,0.28158244910214
23913,0.1225605141735,0.156870720433135,0.515381268927734,0.205187496465631
23914,0.0487237615368191,0.676021583482864,0.0785432764725008,0.196711378507816
23915,0.672114739896577,0.157623531782978,0.0922606973686918,0.0780010309517537
23916,0.125135155396687,0.219931933580815,0.56575901159285,0.0891738994296476
23917,0.117516316027422,0.429460819331456,0.179291825252284,0.273731039388838
23918,0.419457810537284,0.0994376063514469,0.156862507556006,0.324242075555263
23919,0.253211205896986,0.355120309184201,0.0601286081998484,0.331539876718965
23920,0.204833316875001,0.260332230632487,0.347290878702564,0.187543573789948
23921,0.188417951158625,0.244374705185167,0.467968369094868,0.0992389745613398
23922,0.12090065600501,0.24291764742697,0.560842347759955,0.0753393488080654
23923,0.481703671331205,0.338260792526209,0.107457406573867,0.0725781295687196
23924,0.219125221242192,0.569963740483737,0.144523572671632,0.0663874656024397
23925,0.249487750247486,0.253906063619075,0.164892221543425,0.331713964590014
23926,0.403932103602561,0.362481274362235,0.160988304637111,0.0725983173980933
23927,0.201792758676518,0.203251686643784,0.310317064667984,0.284638490011715
23928,0.125971231638528,0.344148795132303,0.349408279341706,0.180471693887463
23929,0.0736692525843009,0.410436618017059,0.164655561308397,0.351238568090243
23930,0.156744939733372,0.254817034977421,0.240630205860284,0.347807819428923
23931,0.19305162707125,0.567975001572818,0.156478603377301,0.0824947679786315
23932,0.380885124206543,0.338919162750244,0.0954038798809052,0.184791833162308
23933,0.111662870471733,0.542855433481106,0.270313437725403,0.0751682583217582
23934,0.0786814466118813,0.662440717220306,0.190333023667336,0.0685448125004768
23935,0.293438383741331,0.203522658453067,0.221789754086428,0.281249203719175
23936,0.509477511330769,0.139114562842684,0.180082341435025,0.171325584391522
23937,0.123298703604124,0.234335643353682,0.479628051499995,0.162737601542199
23938,0.514487203102654,0.14289159966341,0.0662187258435881,0.276402471390348
23939,0.369527583860272,0.18351798032996,0.264990691318969,0.181963744490798
23940,0.320327490568161,0.107954069972038,0.238089725375176,0.333628714084625
23941,0.131631284952164,0.224728927016258,0.554505228996277,0.0891345590353012
23942,0.570492144148855,0.146136223181067,0.205736218350111,0.0776354143199666
23943,0.141813567659865,0.451930692133189,0.268548441017349,0.137707299189596
23944,0.306799070233148,0.205295374752788,0.415343325644285,0.0725622293697791
23945,0.0871600576701756,0.141448049683511,0.573231633206966,0.198160259439347
23946,0.253630991971031,0.486080669074049,0.194143843738081,0.0661444952168391
23947,0.225078057869106,0.396066927968458,0.253792252335068,0.125062761827368
23948,0.210697877566485,0.211787629303152,0.459922946392342,0.117591546738022
23949,0.22400023376942,0.284794781875533,0.174741747598972,0.316463236756075
23950,0.182628185917647,0.591081266038725,0.165596694987988,0.06069385305564
23951,0.488667443056924,0.164867555048095,0.252062417628241,0.0944025842667396
23952,0.310945843323258,0.294184391113883,0.249433774492648,0.145435991070211
23953,0.646217558708213,0.121690644710023,0.159743138538316,0.0723486580434487
23954,0.405904164778348,0.255647206552762,0.254231745282596,0.0842168833862942
23955,0.198461782955203,0.296857799636456,0.247935708642964,0.256744708765377
23956,0.184297837901941,0.408753171237067,0.302888173502379,0.104060817358612
23957,0.125618176543983,0.407549417131385,0.156894805385095,0.309937600939536
23958,0.179626393014586,0.546981283232291,0.140639351913919,0.132752971839204
23959,0.320729101885422,0.268886264132168,0.244508709840347,0.165875924142064
23960,0.184084135056796,0.164401325052996,0.240238223079417,0.411276316810791
23961,0.678539136691715,0.146044562874896,0.0751685179719771,0.100247782461411
23962,0.0744680533225234,0.443804677994514,0.240732995862268,0.240994272820694
23963,0.23889134824276,0.330464899539948,0.119380190968514,0.311263561248779
23964,0.0699811844536133,0.484292723940638,0.335460916066427,0.110265175539322
23965,0.193079536946998,0.154155527179108,0.48471744312994,0.168047492743954
23966,0.139282349922727,0.077483149691914,0.515764847867633,0.267469652517726
23967,0.486977693566686,0.132010838478077,0.12073379690495,0.260277671050287
23968,0.336905494172626,0.213733067494643,0.202695152043023,0.246666286289709
23969,0.512125730514526,0.0786237493157387,0.106488041579723,0.302762478590012
23970,0.717937453435269,0.0837960000977814,0.116899286577867,0.0813672598890828
23971,0.113645845008238,0.278187098191582,0.481727842105387,0.126439214694792
23972,0.521651402761084,0.160282855042304,0.241011328727345,0.0770544134692673
23973,0.26277956366539,0.359121650457382,0.142412066459656,0.235686719417572
23974,0.0847911138894822,0.121174205208593,0.672767738319405,0.12126694258252
23975,0.250855267047882,0.596751213073731,0.0809578597545624,0.0714356601238251
23976,0.217832470737359,0.401623028589324,0.208771714960264,0.171772785713052
23977,0.105747084490868,0.33944425998462,0.45193289077082,0.102875764753692
23978,0.12883975813896,0.102155616086223,0.222803289678619,0.546201336096197
23979,0.2886446032332,0.150140236313932,0.124380569923503,0.436834590529365
23980,0.0859248086919908,0.526097444315866,0.116990043363946,0.270987703628197
23981,0.0891819081394517,0.264985712356759,0.549687151235991,0.096145228267798
23982,0.184562745460313,0.0828512546844967,0.617712924148335,0.114873075706856
23983,0.216522056110532,0.254903707726355,0.173606636726955,0.354967599436158
23984,0.216068307283594,0.401822942576838,0.164525665247098,0.21758308489247
23985,0.217770005365387,0.0871869678679041,0.171613704302601,0.523429322464109
23986,0.459807269874107,0.323718185369399,0.131855098428501,0.0846194463279926
23987,0.204508352346843,0.387055939243077,0.117220224696699,0.291215483713381
23988,0.252303620714559,0.358262883191448,0.305525619330793,0.0839078767631994
23989,0.131300235863766,0.214199877746408,0.543066421781986,0.11143346460784
23990,0.155897572636604,0.479905873537064,0.197675988078117,0.166520565748215
23991,0.0627796333199849,0.163163090850023,0.321709355064948,0.452347920765045
23992,0.141864574336912,0.523520552673365,0.205264771220003,0.12935010176972
23993,0.140137876864139,0.261908344569554,0.500468656406741,0.0974851221595668
23994,0.140073601605701,0.352810125136677,0.203146493528679,0.303969779728943
23995,0.0574565933183961,0.228379500340154,0.484757924622768,0.229405981718682
23996,0.107524565551247,0.252144871263617,0.564967747293653,0.0753628158914833
23997,0.363194752836384,0.200632491688952,0.303813955074133,0.132358800400531
23998,0.145506782151658,0.232281055565461,0.33127685887699,0.290935303405891
23999,0.456241038813653,0.190933536942812,0.173213939262267,0.179611484981268
24000,0.29125409667371,0.471774597351821,0.103838448885714,0.133132857088755
24001,0.513562027466014,0.286887856475173,0.126978443018931,0.0725716730398809
24002,0.303265752667679,0.413433465461682,0.0660353531393063,0.217265428731333
24003,0.162580512281381,0.592470433971454,0.0590830471701792,0.185866006576985
24004,0.162659893194431,0.121050201120985,0.473498134225496,0.242791771459089
24005,0.127751441713444,0.713937591223979,0.0832365018611625,0.0750744652014146
24006,0.148516683664049,0.334226963414051,0.431821551681894,0.0854348012400061
24007,0.149278198161071,0.337114970002024,0.16718701026401,0.346419821572895
24008,0.0887396640236651,0.752375727537094,0.0810973724804623,0.0777872359587791
24009,0.404946723690928,0.111706073098765,0.212794651377082,0.270552551833225
24010,0.626680209338968,0.133236992357008,0.157565671747156,0.0825171265568687
24011,0.119997828304784,0.705515796650083,0.100728533411558,0.0737578416335744
24012,0.130789448722804,0.119670253979797,0.548664649898732,0.200875647398667
24013,0.0726345159818376,0.143802116995987,0.574759764231451,0.208803602790725
24014,0.173502432905174,0.166832121712448,0.581182130890818,0.0784833144915598
24015,0.0644411980608373,0.531858992543645,0.182192508478295,0.221507300917222
24016,0.198150479710869,0.483436159049101,0.0818818695194365,0.236531491720594
24017,0.410954460093585,0.295336682523166,0.169252717150274,0.124456140232975
24018,0.441511054899296,0.104732369525752,0.063209547179724,0.390547028395228
24019,0.0922892228917893,0.387339079568698,0.310892249481495,0.209479448058017
24020,0.0551834429137458,0.488433233876522,0.189334743738238,0.267048579471495
24021,0.0666812558963427,0.100195210419774,0.666439389197551,0.166684144486333
24022,0.408317699718561,0.213306925695132,0.0717448639964736,0.306630510589834
24023,0.210628788727533,0.531330672795435,0.0807109144700796,0.177329624006952
24024,0.283360549311654,0.474132462565078,0.0559613721359185,0.186545615987349
24025,0.598253084680135,0.128552260888046,0.154220241775071,0.118974412656749
24026,0.134158503491023,0.681172233938405,0.061233775956048,0.123435486614524
24027,0.150446092726517,0.0751603795275234,0.289402048640029,0.48499147910593
24028,0.269067394626108,0.45435766334723,0.0424782167757355,0.234096725250927
24029,0.120304630102997,0.0968520276013913,0.180640028272867,0.602203314022745
24030,0.0643804460252921,0.515908610431297,0.205271948991834,0.214438994551577
24031,0.0520074736177365,0.303811637283775,0.251551358017688,0.392629531080801
24032,0.178754779379886,0.110388593530485,0.18370646512071,0.527150161968919
24033,0.712138024920015,0.0778394902718295,0.0716863987586022,0.138336086049553
24034,0.230446272181086,0.154551978273631,0.0505223557197346,0.564479393825549
24035,0.0509529631513881,0.504759546333853,0.0968898080521091,0.34739768246265
24036,0.309421720425946,0.151028410725507,0.444915059543513,0.0946348093050332
24037,0.203342032382756,0.552931777344171,0.160927799926284,0.0827983903467895
24038,0.189408749341965,0.160693407058716,0.376457303762436,0.273440539836884
24039,0.39753577705526,0.376523708947356,0.0716008703649174,0.154339643632466
24040,0.125869097201066,0.245434690198819,0.540663190791952,0.0880330218081627
24041,0.239787172678304,0.374577188870651,0.15157781315479,0.234057825296256
24042,0.110185282146208,0.427990622848761,0.353930931705858,0.107893163299172
24043,0.303985089063644,0.316842377185822,0.148911684751511,0.230260848999023
24044,0.256798913449089,0.423936023416518,0.220949716085579,0.0983153470488136
24045,0.419461435369573,0.150091084094213,0.236466202683243,0.193981277852972
24046,0.148791582500872,0.403582665350904,0.377925130560436,0.0697006215877877
24047,0.406101888509123,0.0864263189796555,0.413965112178998,0.0935066803322238
24048,0.208835196363401,0.31122090948789,0.372168028769373,0.107775865379336
24049,0.503157332633654,0.198718866667714,0.219909972545802,0.0782138281528303
24050,0.155146251591416,0.104377597118902,0.328203282906335,0.412272868383347
24051,0.124353976910621,0.426207280549516,0.156968342616682,0.292470399923182
24052,0.613575939935267,0.174634770860037,0.143139348500515,0.0686499407041814
24053,0.364551411399565,0.0995165296079021,0.419593616590142,0.116338442402391
24054,0.348551243543625,0.178444892168045,0.166648179292679,0.306355684995651
24055,0.339427980329305,0.352926107890353,0.184195370854403,0.123450540925939
24056,0.233605094742623,0.463674293050936,0.165745223589384,0.136975388617057
24057,0.165845386647227,0.182100229655216,0.215574348669098,0.436480035028459
24058,0.0775847297546972,0.250429157174068,0.331856762347471,0.340129350723764
24059,0.252648484080217,0.454104235206734,0.0820919460993385,0.211155334613711
24060,0.386184260763814,0.194757737414623,0.114926415870845,0.304131585950718
24061,0.149983712286485,0.374495280929121,0.271856891876896,0.203664114907498
24062,0.350287050008774,0.196581229567528,0.317321836948395,0.135809883475304
24063,0.139513943776904,0.4516683355471,0.329658190299815,0.0791595303761819
24064,0.521098963601903,0.140135837493303,0.184844729530145,0.15392046937465
24065,0.158188510496658,0.270409351670951,0.458293060771221,0.113109077061171
24066,0.333567872632986,0.43079457741404,0.13125438401456,0.104383165938415
24067,0.202716672339539,0.303954860450183,0.173641080449787,0.319687386760492
24068,0.481569546519576,0.169093183021738,0.241759234732361,0.107578035726325
24069,0.25403480586254,0.106477822073795,0.200516229844858,0.438971142218807
24070,0.485711392121677,0.284025130539945,0.152174590884338,0.0780888864540392
24071,0.144510313868523,0.0905646234750748,0.332028806209564,0.432896256446838
24072,0.0932310968637466,0.252895504236221,0.169274523854256,0.484598875045776
24073,0.342444677876095,0.189061978785337,0.232974000782549,0.235519342556019
24074,0.479242070890727,0.135867420907838,0.128484252944119,0.256406255257316
24075,0.317354152123754,0.0655730386249137,0.282681711992076,0.334391097259256
24076,0.1001754149873,0.435603101652999,0.173584364663856,0.290637118695846
24077,0.453515851308487,0.237407532795166,0.0909432890758144,0.218133326820532
24078,0.363964806886363,0.24245932923842,0.0869778721865631,0.306597991688654
24079,0.31444758645367,0.276508365221446,0.0527919985769987,0.356252049747885
24080,0.517340794722462,0.106059993984103,0.0640233848697956,0.31257582642364
24081,0.14927454737647,0.163408612114448,0.156077076675805,0.531239763833277
24082,0.153768392708427,0.372229849878398,0.344644998679236,0.12935675873394
24083,0.32427766919136,0.25899064540863,0.044832319021225,0.371899366378784
24084,0.417050617425125,0.312038173912818,0.0851766292698196,0.185734579392237
24085,0.387993150233814,0.0876755543157789,0.0391083904569382,0.485222904993469
24086,0.266560524702072,0.239436447620392,0.175489634275436,0.3185133934021
24087,0.215003848075867,0.262075066566467,0.173987835645676,0.34893324971199
24088,0.0549171006551947,0.0615665608280724,0.655139280678159,0.228377057838574
24089,0.193596297937452,0.482462787151397,0.0587096503497118,0.265231264561439
24090,0.0734010471388464,0.0769985077455973,0.298665069818532,0.550935375297024
24091,0.170138093384178,0.233273360628983,0.453090436057604,0.143498109929235
24092,0.400686228316201,0.0787929864998452,0.0876345761200533,0.4328862090639
24093,0.38289749622345,0.303017199039459,0.124235823750496,0.189849480986595
24094,0.091380554861596,0.670414591968603,0.156847572209223,0.0813572809605778
24095,0.223732812627126,0.0990369527958007,0.488578259264127,0.188651975312947
24096,0.144186366921257,0.462798460209324,0.0791292065122487,0.313885966357171
24097,0.0953103399718629,0.15219201487732,0.621262385426366,0.131235259724451
24098,0.625583915066,0.140515229427005,0.0771823261908737,0.156718529316121
24099,0.192665353417397,0.390189051628113,0.170293584465981,0.24685201048851
24100,0.461079835891724,0.33764711022377,0.0654796063899994,0.135793447494507
24101,0.159986429215084,0.26764740343478,0.174741156038292,0.397625011311844
24102,0.19646701802215,0.13793576174783,0.429196400320423,0.236400819909597
24103,0.128435160862352,0.518492862031077,0.21129816140836,0.141773815698212
24104,0.533662950977849,0.103597844976283,0.160130493635066,0.202608710410802
24105,0.531351657811838,0.120766476948818,0.163524201924582,0.184357663314762
24106,0.0609746207369463,0.737632220518829,0.124176577658777,0.0772165810854478
24107,0.261023040696635,0.119686884884732,0.252421881967457,0.366868192451176
24108,0.14660240491327,0.0859772103134213,0.590784838932979,0.17663554584033
24109,0.422878033263654,0.201502087734671,0.114066170365604,0.261553708636071
24110,0.307730406522751,0.225076228380203,0.162185341119766,0.30500802397728
24111,0.160980574532475,0.253181290023683,0.0770130489921443,0.508825086451698
24112,0.24999477528024,0.100470925133025,0.15923518298347,0.490299116603265
24113,0.106333068711064,0.531964119285612,0.268976954601877,0.0927258574014466
24114,0.142569926174657,0.119984586835252,0.388203165198792,0.349242321791299
24115,0.0602295780216095,0.667046378061866,0.191639560336464,0.0810844835800601
24116,0.254711659660277,0.132205859811648,0.510156992898561,0.102925487629514
24117,0.543265556845119,0.181801787832299,0.0975670472875067,0.177365608035075
24118,0.112039075909007,0.254218207452242,0.435257561156132,0.198485155482619
24119,0.134249235158815,0.708102140273819,0.0698893044185153,0.087759320148851
24120,0.0951390727630119,0.693277548153364,0.0997242197353277,0.111859159348297
24121,0.590019069240208,0.163996002226919,0.161768606371008,0.0842163221618653
24122,0.0855275243520737,0.265817642211914,0.542845726013184,0.105809107422829
24123,0.237486882228502,0.0927994169831319,0.147043972111911,0.522669728676455
24124,0.18623438755027,0.501040764168512,0.14566530504324,0.167059543237977
24125,0.0772945571348882,0.0751135785115722,0.650283028926208,0.197308835427331
24126,0.0881520943618999,0.440734588492891,0.317635173832846,0.153478143312363
24127,0.309561337388138,0.349659586702889,0.18213660743629,0.158642468472682
24128,0.319276473541054,0.136810090550517,0.0559855945710124,0.487927841337417
24129,0.30613715368918,0.241755954675554,0.172312249908216,0.279794641727049
24130,0.301022126472332,0.279322699045696,0.0545661644491319,0.36508901003284
24131,0.137690425945002,0.402942213438021,0.345419558476057,0.11394780214092
24132,0.138539533658638,0.655242959998758,0.117714185484821,0.0885033208577835
24133,0.228684984782786,0.339754392512012,0.314473977253617,0.117086645451586
24134,0.397897148163659,0.317721570764161,0.202455636822348,0.081925644249832
24135,0.155345661113476,0.217465933897109,0.444672905733095,0.18251549925632
24136,0.198623698970322,0.231299158464385,0.476018511116229,0.0940586314490642
24137,0.153024962854663,0.62540861546805,0.164230383211874,0.0573360384654121
24138,0.605466626788178,0.149172654344613,0.153499310966555,0.0918614079006541
24139,0.276802122592926,0.346868604421616,0.284565597772598,0.0917636752128601
24140,0.412744268300225,0.289124060827342,0.200678192053803,0.0974534788186297
24141,0.179635646635825,0.473817295936008,0.199214401829457,0.14733265559871
24142,0.170887634158134,0.311865776777267,0.413693755865097,0.103552833199501
24143,0.288995265960693,0.427574455738068,0.200736567378044,0.0826937109231949
24144,0.273158137100311,0.332245295230229,0.152195455911688,0.242401111757772
24145,0.133630401904976,0.420361391771806,0.356556076525841,0.089452129797376
24146,0.113030086003916,0.277228451011221,0.459779749656761,0.149961713328102
24147,0.265042881110418,0.454623954542874,0.189405925177258,0.0909272391694501
24148,0.467311571552863,0.286824799034554,0.149818781386736,0.0960448480258476
24149,0.120253954837246,0.282497952971531,0.508254070142436,0.0889940220487871
24150,0.390239989612102,0.256786827099127,0.13372652431915,0.219246658969621
24151,0.206895240935825,0.330281635216426,0.297603151273634,0.165219972574116
24152,0.0499501435065701,0.565504514502547,0.18689882031041,0.197646521680473
24153,0.0880524956580065,0.108303002206214,0.605551476735238,0.198093025400542
24154,0.135233272172012,0.136131394986254,0.593220490015164,0.13541484282657
24155,0.0481287091970444,0.188219293951988,0.585533499717712,0.178118497133255
24156,0.0565354492345185,0.303464036973474,0.433897707826036,0.206102805965972
24157,0.112504224013632,0.265812760572421,0.128870162268061,0.492812853145887
24158,0.560393767368608,0.154072751226209,0.185642501283959,0.0998909801212245
24159,0.169589981436729,0.284388691186905,0.187912181019783,0.358109146356583
24160,0.329402235676332,0.187281920110569,0.124118170707537,0.359197673505562
24161,0.155508917074451,0.546374249166826,0.19091949930222,0.107197334456503
24162,0.401007673196895,0.243281511239488,0.0715094171506608,0.284201398412956
24163,0.146911476460441,0.348438541544632,0.342144231264121,0.162505750730805
24164,0.269464961604328,0.398703324833413,0.247648723493555,0.0841829900687042
24165,0.120100311040131,0.19745227547398,0.160720034236312,0.521727379249577
24166,0.0637631742848385,0.202182704307856,0.371614770812456,0.362439350594849
24167,0.0518430287645216,0.370461945726294,0.494373437394493,0.0833215881146916
24168,0.542572267987911,0.0751641105884926,0.173792469110973,0.208471152312624
24169,0.231894977930338,0.262594602626723,0.360983182162548,0.144527237280392
24170,0.185609221458435,0.225779309868813,0.523518979549408,0.0650924891233444
24171,0.151105563309623,0.445576445890175,0.338913549813224,0.0644044409869778
24172,0.213407023151167,0.320072380303797,0.346505371134688,0.120015225410348
24173,0.168363151425672,0.480211906429948,0.236171554980106,0.115253387164274
24174,0.145682339241574,0.627679724326126,0.163291041949124,0.0633468944831757
24175,0.341375318606382,0.33853164062998,0.21545146245173,0.104641578311908
24176,0.176128062250138,0.15799379584184,0.511643417353085,0.154234724554937
24177,0.480650312910234,0.317767833438036,0.140597256132919,0.0609845975188106
24178,0.27735521562829,0.165384362179507,0.229978241623096,0.327282180569107
24179,0.191224342323075,0.461005194813168,0.27936533926026,0.0684051236034967
24180,0.440072367490956,0.106606955228901,0.159902650711745,0.293418026568399
24181,0.123317996115178,0.456917295295717,0.224653293580415,0.19511141500869
24182,0.147408917546272,0.38741472363472,0.385968655347824,0.0792077034711838
24183,0.349196563637154,0.370158891980615,0.200152030591727,0.0804925137905036
24184,0.176329864737914,0.545238669624637,0.205292163749843,0.0731393018876068
24185,0.159005097202691,0.383075694132374,0.364525001111068,0.0933942075538676
24186,0.15599338149985,0.465055374208413,0.218368766806648,0.160582477485089
24187,0.390663928349976,0.292223942743305,0.198981779874457,0.118130349032262
24188,0.141597767978823,0.413636640222245,0.349825574078619,0.0949400177203125
24189,0.109591071736413,0.25649000360772,0.430407662558898,0.203511262096968
24190,0.11634559582634,0.192941034050553,0.526039882718328,0.164673487404779
24191,0.148495309867175,0.276982533470577,0.504941083269965,0.0695810733922836
24192,0.349076904708376,0.291807240809662,0.248908927639773,0.110206926842189
24193,0.229072626991978,0.233456265427824,0.441490762807566,0.0959803447726318
24194,0.161114596078637,0.438187698802902,0.14087764289032,0.25982006222814
24195,0.415546236484618,0.122462362812171,0.27046139861757,0.191530002085641
24196,0.578144039726736,0.195886963422014,0.159935228225674,0.0660337686255769
24197,0.083617394186103,0.330295433419671,0.257900640839377,0.32818653155485
24198,0.487836991139807,0.270392582619577,0.174133723833143,0.0676367024074725
24199,0.297842121821093,0.397130080993401,0.19145492147181,0.113572875713696
24200,0.462604035527914,0.121953775243004,0.181874673473656,0.233567515755426
24201,0.478779347015658,0.283086938674036,0.168136094919676,0.0699976193906296
24202,0.14385047126262,0.247868724230864,0.525989278376422,0.0822915261300943
24203,0.454658802936533,0.293759254412657,0.177324293722776,0.0742576489280339
24204,0.131081117226465,0.5901561887539,0.19149419379988,0.0872685002197549
24205,0.340220762052415,0.371831192516952,0.187745071491043,0.100202973939589
24206,0.134183604543913,0.310589739995889,0.480699732324473,0.0745269231357254
24207,0.549847888577404,0.0773704705230042,0.137315016895942,0.23546662400365
24208,0.152105364623041,0.493395369352297,0.0818334016613678,0.272665864363295
24209,0.116747253512943,0.270182045326993,0.394336554365877,0.218734146794186
24210,0.151778383912307,0.076767406785731,0.296295968470752,0.475158240831209
24211,0.0637935200256676,0.0791091203357697,0.323043894881155,0.534053464757408
24212,0.322856319057059,0.0681256155716485,0.0951277202042833,0.513890345167009
24213,0.0547992218643369,0.121324256966444,0.587502364721167,0.236374156448052
24214,0.142173924646947,0.0512973941282603,0.294519739097965,0.512008942126828
24215,0.0840964373030565,0.107256514416862,0.533887016760848,0.274760031519233
24216,0.123213203597266,0.137738393809473,0.323905741034534,0.415142661558727
24217,0.133914984231294,0.411912357097128,0.050189149368456,0.403983509303122
24218,0.0926423197668186,0.0608567691370942,0.33650248365284,0.509998427443247
24219,0.272889937864394,0.0940344766671289,0.303992564916722,0.329083020551756
24220,0.22140579755885,0.265762201971942,0.12976851672624,0.383063483742968
24221,0.251476984537109,0.471706530677074,0.161139376214417,0.1156771085714
24222,0.581414814431855,0.121935314521675,0.134696244189916,0.161953626856553
24223,0.396746748734314,0.111140219701227,0.105291052083804,0.386821979480654
24224,0.091804359486894,0.0898830185778298,0.389059531199613,0.429253090735663
24225,0.25732438989507,0.270902387174893,0.126219864898328,0.345553358031709
24226,0.324836765599799,0.206414777136069,0.308936958148136,0.159811499115996
24227,0.285985252678834,0.326347460557596,0.283461562291933,0.104205724471637
24228,0.267689824104309,0.369033396244049,0.179869756102562,0.18340702354908
24229,0.20177745531663,0.491162657210985,0.200200331223031,0.106859556249354
24230,0.134991107359661,0.422893547670639,0.170128030030012,0.271987314939688
24231,0.31332949270799,0.299830530581333,0.266901586456621,0.119938390254056
24232,0.208652556852452,0.367345427676224,0.32103250258198,0.102969512889343
24233,0.304661349743842,0.296043621180492,0.154687293409379,0.244607735666287
24234,0.305245000673644,0.313556510450076,0.273501207176551,0.107697281699729
24235,0.467874192180124,0.281818594309411,0.172003192126703,0.078304021383762
24236,0.147827881898609,0.334985174275603,0.432603875531343,0.0845830682944447
24237,0.500942416503167,0.0897326333780979,0.222318294976924,0.18700665514181
24238,0.0781812003119379,0.254600944031782,0.526069823846741,0.141148031809539
24239,0.277176646313245,0.371252444600668,0.238433195364228,0.113137713721859
24240,0.192374099620598,0.48000321865089,0.218330015651808,0.109292666076705
24241,0.111994336009279,0.202056279686558,0.319139972963632,0.366809411340531
24242,0.287058055400848,0.304454892873764,0.318704187870026,0.0897828638553619
24243,0.214971757867494,0.478922319452378,0.192073084709306,0.114032837970822
24244,0.302894571509796,0.278576024728299,0.323104420992864,0.0954249827690417
24245,0.195958813904489,0.404118013504684,0.31979198216772,0.0801311904231069
24246,0.151211056512841,0.342196710605846,0.400880494733464,0.105711738147849
24247,0.268428464664949,0.364967660420848,0.28509413133956,0.0815097435746437
24248,0.276849158908402,0.108645054955633,0.336169491296097,0.278336294839868
24249,0.319043656616102,0.382760125912424,0.197333434303599,0.100862783167875
24250,0.216768670331965,0.376519655831451,0.187927904545187,0.218783769291397
24251,0.238550282673546,0.388418924463359,0.227055914016244,0.14597487884685
24252,0.170744744379152,0.390715623040265,0.165542853392022,0.272996779188562
24253,0.149443033697673,0.292656726225988,0.47530884613042,0.0825913939459188
24254,0.160075829625695,0.311659338412131,0.432222071530089,0.0960427604320851
24255,0.130575695757164,0.373617721783323,0.320435926894728,0.175370655564786
24256,0.263259887695313,0.303855061531067,0.156672984361649,0.276212066411972
24257,0.284935827777746,0.29796155843196,0.327218259465422,0.089884354324872
24258,0.283593692886641,0.475775077217075,0.127740997902781,0.112890231993503
24259,0.194633653600027,0.22751375220757,0.307227352476935,0.270625241715468
24260,0.164497959084778,0.390765344958981,0.330811058443949,0.113925637512291
24261,0.454008681550299,0.113736111159023,0.160270073999834,0.271985133290845
24262,0.349981998651952,0.292056922496213,0.259666953379913,0.0982941254719216
24263,0.298491420585598,0.288645895485922,0.297736319137635,0.115126364790845
24264,0.261722529044989,0.456713576837326,0.203544478039194,0.0780194160784912
24265,0.360931063280537,0.283367212364566,0.276625033071264,0.0790766912836329
24266,0.189358407576132,0.364887256476663,0.312029799460477,0.133724536486729
24267,0.264917713325518,0.412023741544354,0.231337542742679,0.0917210023874492
24268,0.277005642652512,0.32674166560173,0.306311398744583,0.0899412930011749
24269,0.153146575297517,0.564302308431199,0.194445425437527,0.0881056908337566
24270,0.241345219056166,0.467304392674696,0.204406476152136,0.0869439121170018
24271,0.241878978666037,0.42288405963433,0.246849931682644,0.0883870300169894
24272,0.160916548350829,0.464062173722785,0.254667842656348,0.120353435270039
24273,0.318298273124584,0.335290573493602,0.241524124707487,0.104887028674326
24274,0.181423199453604,0.320454652302643,0.411927395881304,0.0861947523624487
24275,0.212555650063688,0.393053746119942,0.258977089211003,0.135413514605366
24276,0.517564658206438,0.242027031198345,0.166579456378366,0.0738288542168502
24277,0.252734255167883,0.47137193998867,0.194350877151678,0.0815429276917694
24278,0.215675436983245,0.470368579913122,0.214204260283582,0.0997517228200518
24279,0.328759488994185,0.333973256245455,0.231937749445902,0.105329505314458
24280,0.181948801337147,0.360458772196137,0.381803970986723,0.0757884554799931
24281,0.432552886979368,0.316640058655741,0.17458357437204,0.076223479992851
24282,0.263516284928211,0.387547951565622,0.221468559547322,0.127467203958845
24283,0.162584026532889,0.41730637601931,0.1313701758197,0.2887394216281
24284,0.133279000717364,0.162622025706694,0.618753933115078,0.0853450404608637
24285,0.039629549378597,0.552982457771636,0.135757969852656,0.271630022997111
24286,0.141147613525391,0.0733597427606583,0.653284192085266,0.132208451628685
24287,0.159674960368778,0.475491741215656,0.0462246508565666,0.318608647558999
24288,0.0801814582970956,0.681690583850303,0.135985555290961,0.102142402561641
24289,0.0840886769307953,0.519725866909711,0.310508285619442,0.0856771705400522
24290,0.14852965763388,0.246967151580283,0.15392793142366,0.450575259362177
24291,0.297531217336655,0.135238543152809,0.241910204291344,0.325320035219193
24292,0.116839906322361,0.070054910033123,0.447561167961938,0.365544015682578
24293,0.283864083020867,0.328321787180914,0.312983753628908,0.0748303761693118
24294,0.179211577367179,0.545686514528054,0.0792071405466647,0.195894767558103
24295,0.129934932889493,0.258297823122209,0.308628490310058,0.30313875367824
24296,0.29783772201756,0.299346524131254,0.0605990079544891,0.342216745896696
24297,0.393637448549271,0.151297017931938,0.0901822298765182,0.364883303642273
24298,0.305195152759552,0.366271376609802,0.159511715173721,0.169021755456924
24299,0.233119949698448,0.147393792867661,0.123850926756859,0.495635330677033
24300,0.262735120572593,0.160619939547183,0.179075980810047,0.397568959070177
24301,0.218296800962764,0.067777270103483,0.222375084959904,0.491550843973849
24302,0.582070427598668,0.165345360796015,0.161945422349734,0.090638789255583
24303,0.329397877174679,0.261478088454065,0.062620161097641,0.346503873273615
24304,0.162542245255443,0.0764403824874559,0.285308316371156,0.475709055885945
24305,0.195665441614932,0.500452619029112,0.105094630081407,0.19878730927455
24306,0.21631939225675,0.0922189259778203,0.16992498554457,0.521536696220859
24307,0.655709962376655,0.139913048150747,0.112544257565014,0.0918327319075843
24308,0.305981659010463,0.102479120288511,0.318259947338851,0.273279273362176
24309,0.0497754193942806,0.227607940393331,0.482595034721716,0.240021605490672
24310,0.153036029286951,0.535261575395328,0.201610700798114,0.110091694519607
24311,0.183031680927153,0.202127295764197,0.278842840773506,0.335998182535144
24312,0.346524544355077,0.107325057104045,0.155057791361014,0.391092607179864
24313,0.506193172325041,0.179381925896896,0.0852289889431519,0.229195912834911
24314,0.0497913971481144,0.692260822423125,0.0609348136465196,0.197012966782241
24315,0.300849465274442,0.428130385070068,0.178237347466965,0.0927828021885246
24316,0.514727842391905,0.128960135481361,0.0847004149414692,0.271611607185266
24317,0.176362349269075,0.524708445931163,0.0879162021881625,0.2110130026116
24318,0.0923605690813404,0.117184921633298,0.64810810375858,0.142346405526781
24319,0.601984413071654,0.136486328806015,0.187266896001013,0.0742623621213178
24320,0.103793906222602,0.18754207109813,0.257417903826197,0.451246118853071
24321,0.580363103454755,0.134103449197165,0.0652388194984022,0.220294627849678
24322,0.556041700957963,0.174264559916718,0.0959117682006428,0.173781970924676
24323,0.082311359177047,0.0592991854603879,0.700807968199698,0.157581487162867
24324,0.142757133713045,0.0859259149873697,0.431390169496761,0.339926781802824
24325,0.393433478523541,0.160685806269304,0.0736669967050329,0.372213718502121
24326,0.0887028886184527,0.109105305509348,0.494426198220643,0.307765607651556
24327,0.149167852836368,0.337403868696151,0.169806721356611,0.343621557110869
24328,0.0576448392561667,0.0775093049274887,0.555845190662049,0.309000665154296
24329,0.146329775452614,0.625177383422852,0.0481241643428803,0.180368676781654
24330,0.556905643847753,0.101608473110451,0.19186139678542,0.149624486256376
24331,0.0776088770867717,0.115580761664819,0.431820548054882,0.374989813193527
24332,0.453414297899817,0.164631443688742,0.247371438851527,0.134582819559914
24333,0.509743895889873,0.150820620773318,0.111312477135564,0.228123006201245
24334,0.32959474115356,0.256443448556764,0.167851840491648,0.246109969798028
24335,0.0728258291461783,0.54022182845323,0.0541494693135665,0.332802873087026
24336,0.149209420406538,0.229439028220206,0.191283637545,0.430067913828256
24337,0.55416458019369,0.0881352709511627,0.241718407843733,0.115981741011415
24338,0.599537399390522,0.0651627659125372,0.170802869087586,0.164496965609355
24339,0.496515257193174,0.309507080042919,0.0565872542415216,0.137390408522386
24340,0.194747690013567,0.333664274470215,0.0439447880526034,0.427643247463615
24341,0.560633059139303,0.0637687216418332,0.168115584789845,0.207482634429018
24342,0.700455408904002,0.107236755078073,0.0619243330006662,0.13038350301726
24343,0.0731489040509193,0.326449324892481,0.0759819425349849,0.524419828521614
24344,0.0458229361880024,0.106817422307703,0.53618340685622,0.311176234648074
24345,0.0502659445578988,0.0587377649035721,0.468041470869603,0.422954819668926
24346,0.176504284143448,0.0654051154851914,0.510370016098023,0.247720584273338
24347,0.0767482198253805,0.443408744233586,0.15668332109799,0.323159714843043
24348,0.666815606262429,0.0561860785560566,0.124282372620352,0.152715942561162
24349,0.510792326423354,0.115612263581431,0.0714200602044179,0.302175349790797
24350,0.0498681088953727,0.221205644343604,0.51815651110035,0.210769735660674
24351,0.545111216618779,0.0687356637563843,0.0509579198042411,0.335195199820596
24352,0.0430668948938364,0.58514527286793,0.0774557859653314,0.294332046272902
24353,0.251809913584147,0.100187416366305,0.233163063235742,0.414839606813806
24354,0.0648706952061763,0.438938872476625,0.133589585631698,0.362600846685501
24355,0.302287486923579,0.0776459047373689,0.313261238386771,0.306805369952281
24356,0.0967016805331966,0.120899310847007,0.0525068225058896,0.729892186113907
24357,0.623470883862052,0.168273220411741,0.0455176220679992,0.162738273658208
24358,0.501102784603348,0.0702038974603904,0.0577539591666551,0.370939358769607
24359,0.133109228806335,0.679894159434649,0.0463067896113811,0.140689822147635
24360,0.0725664187585351,0.247427713164274,0.313162322146262,0.366843545930929
24361,0.182666593695677,0.2882153233394,0.0545802403596905,0.474537842605233
24362,0.571011492178015,0.0792680692563663,0.246816385489946,0.102904053075672
24363,0.0521572671509196,0.132777808118197,0.595473101802571,0.219591822928312
24364,0.0508777782059378,0.639603774559385,0.147848035459279,0.161670411775398
24365,0.278119913395646,0.135602425467896,0.144473891124907,0.441803770011551
24366,0.108715974604457,0.345109673925561,0.157608480435673,0.388565871034308
24367,0.14258985967838,0.179899161612286,0.107436450182981,0.570074528526353
24368,0.0522505809729724,0.238217628955995,0.453337743580194,0.256194046490839
24369,0.351360033493043,0.286316194722539,0.20246409483147,0.159859676952948
24370,0.0821043067229849,0.412705969242485,0.386049849418558,0.119139874615973
24371,0.268219880216721,0.185034195034677,0.385154831851875,0.161591092896727
24372,0.0607891986911357,0.0591414358105614,0.479746737491485,0.400322628006818
24373,0.28302199491924,0.416648787756228,0.222417882752951,0.0779113345715801
24374,0.322976464254891,0.205923140490289,0.203094735972191,0.268005659282629
24375,0.153734101699784,0.0758385876131163,0.385101553908724,0.385325756778376
24376,0.126484217144314,0.199374067774029,0.586438247359369,0.0877034677222888
24377,0.0980845586036277,0.537742598720115,0.254268519453152,0.109904323223104
24378,0.0646947850636749,0.567711595950362,0.0905320055077374,0.277061613478226
24379,0.0802757337586681,0.477325272659761,0.176101454492604,0.266297539088967
24380,0.101464473467055,0.379485311951379,0.0968016393244389,0.422248575257127
24381,0.449949102474343,0.114268664802189,0.0811978534310257,0.354584379292443
24382,0.440983371705312,0.173201004469365,0.305238684855739,0.0805769389695841
24383,0.130150943024822,0.0939304002081573,0.687756116034417,0.0881625407326032
24384,0.133191584548417,0.200648008282125,0.564646359051419,0.10151404811804
24385,0.519560702436577,0.10798733097296,0.243494603685954,0.128957362904509
24386,0.0812680113126634,0.103939114452316,0.651548912353085,0.163243961881936
24387,0.495903879404068,0.0731146186590195,0.168234452605248,0.262747049331665
24388,0.393531273618689,0.0592620381325241,0.209263329504344,0.337943358744444
24389,0.368033658505489,0.161914606747467,0.208402535569743,0.261649199177301
24390,0.216022857130425,0.134407406091966,0.560695192243725,0.088874544533884
24391,0.217771886156709,0.201231999686122,0.0879302837853858,0.493065830371783
24392,0.0758649671901373,0.426980368710031,0.272922947335695,0.224231716764137
24393,0.0716862322021924,0.150330710790993,0.669206515011337,0.108776541995478
24394,0.150632304688807,0.598260155346093,0.165319678704147,0.0857878612609526
24395,0.25303495872896,0.292315195959627,0.372615112834242,0.0820347324771707
24396,0.542420025598854,0.200853167467913,0.0843005397595425,0.172426267173691
24397,0.14338481426239,0.237838998436928,0.423115819692612,0.19566036760807
24398,0.307652503252029,0.315593212842941,0.248630404472351,0.128123879432678
24399,0.0892310101252425,0.288101534847227,0.273759136861531,0.348908318166
24400,0.111319921067363,0.2408890097671,0.492617004169747,0.155174064995791
24401,0.26275434306996,0.173424596386415,0.252903751942404,0.310917308601221
24402,0.222133831850658,0.199872004993438,0.477794827354263,0.100199335801641
24403,0.0866892593610756,0.255697736728852,0.571322104756613,0.0862908991534598
24404,0.0941046469352793,0.258463112574346,0.547677930089251,0.0997543104011244
24405,0.217122216905405,0.323624677739099,0.352763094442258,0.106490010913238
24406,0.379211032700374,0.338338578666172,0.187664938156829,0.0947854504766248
24407,0.15087495294586,0.445340560515506,0.344670553664251,0.0591139328743835
24408,0.22538015393137,0.366368569948162,0.214406566953268,0.1938447091672
24409,0.26701271931846,0.334325974201053,0.0949524208151165,0.30370888566537
24410,0.200138431785428,0.288222666260262,0.299020792558479,0.21261810939583
24411,0.167552435195946,0.467351580198564,0.292219028216103,0.0728769563893877
24412,0.377949700580921,0.308734316053453,0.195066832189752,0.118249151175873
24413,0.389936149120331,0.271483689546585,0.255313366651535,0.0832667946815491
24414,0.261180119005883,0.472853039875841,0.185865705452413,0.0801011356658641
24415,0.3679500629887,0.182787125789736,0.349033664138128,0.100229147083436
24416,0.574508466776145,0.0979340710515502,0.140189374231198,0.187368087941107
24417,0.176309727563399,0.0756260190438935,0.304054244043868,0.44401000934884
24418,0.111577449597732,0.129513926108163,0.0896868901536482,0.669221734140457
24419,0.26883422126617,0.370213104625951,0.217643042610152,0.143309631497727
24420,0.12232466985324,0.450645814062097,0.160210617175224,0.266818898909439
24421,0.247695797968499,0.0798014655635307,0.0498259235108615,0.622676812957109
24422,0.450185664547929,0.127616056580064,0.0458214596074858,0.376376819264521
24423,0.0637247187505487,0.535076496991975,0.0555505266206319,0.345648257636844
24424,0.124225083715471,0.28309113630924,0.219958431123448,0.37272534885184
24425,0.0864573503262254,0.0597075342354275,0.218914809289368,0.63492030614898
24426,0.454767685374452,0.178451948005813,0.0557618528106049,0.311018513809131
24427,0.0811260237870357,0.0833082317073557,0.647516584116348,0.188049160389261
24428,0.235794984227568,0.559288842699264,0.0466943369300861,0.158221836143081
24429,0.116967977879257,0.724553967195743,0.0455722675009091,0.11290578742409
24430,0.138860126542305,0.102629792043186,0.0800817638666095,0.678428317547899
24431,0.147085756063461,0.524557709693909,0.180582344532013,0.147774189710617
24432,0.0507435528422975,0.39232292040581,0.165885996708907,0.391047530042985
24433,0.110736812971139,0.121939223168469,0.18161085789236,0.585713105968032
24434,0.319863761665467,0.217584666347732,0.276454802208322,0.186096769778479
24435,0.328416506302849,0.224402687680801,0.144488055839779,0.302692750176571
24436,0.169669645572746,0.07475584856802,0.2746482532419,0.480926252617333
24437,0.255354169835957,0.17919872968195,0.0801162433641589,0.485330857117934
24438,0.565650897194472,0.122090671124776,0.162396465611352,0.149861966069399
24439,0.0891456001315594,0.0432467531915996,0.547840769977564,0.319766876699277
24440,0.0588796557319113,0.522516794838262,0.0485508486412592,0.370052700788568
24441,0.610247446825671,0.0915889760461966,0.0452378178813566,0.252925759246776
24442,0.599255438154523,0.119354195003553,0.128459035393156,0.152931331448769
24443,0.373705614396762,0.141357521970346,0.334157635743688,0.150779227889203
24444,0.0616574611206081,0.191153686658411,0.423238269551876,0.323950582669106
24445,0.229717906866701,0.130697367627958,0.167916131497679,0.471668594007662
24446,0.236429039114797,0.07275523638048,0.0558706606689148,0.634945063835808
24447,0.120424988577328,0.668835416484671,0.0532909718146392,0.157448623123362
24448,0.138030020325929,0.433790409061456,0.0738727290351282,0.354306841577488
24449,0.331714325925068,0.0480763642475686,0.165749710691167,0.454459599136196
24450,0.0658953134982381,0.0821621964026152,0.213183573281275,0.638758916817871
24451,0.0425807817040017,0.060812967980536,0.388306100100202,0.508300150215261
24452,0.116901353437086,0.0521008187983216,0.30944603796842,0.521551789796173
24453,0.312693625688553,0.0641506016254425,0.355092912912369,0.268062859773636
24454,0.263944987415448,0.360081856848029,0.137699024941013,0.238274130795511
24455,0.142501046601722,0.0622007795498065,0.568513831813404,0.226784342035068
24456,0.138303999254227,0.136644516487256,0.354561220245398,0.37049026401312
24457,0.246139783584783,0.0785765612761723,0.243581567246546,0.431702087892499
24458,0.0993434704889098,0.273266641249756,0.12283854095013,0.504551347311204
24459,0.140193913584766,0.18655881841656,0.481927647648086,0.191319620350588
24460,0.0497344860718041,0.211773626156012,0.30007592849688,0.438415959275304
24461,0.0487350618890839,0.075364728725394,0.508735282053733,0.367164927331789
24462,0.145694811513865,0.24054858805384,0.149952520428673,0.463804080003622
24463,0.257732204862469,0.507839128141429,0.1582881910119,0.0761404759842016
24464,0.148358010574072,0.165965594382632,0.318649903596197,0.367026491447099
24465,0.162259044680879,0.580510088510962,0.102228449318237,0.155002417489922
24466,0.345142133797902,0.384349563368028,0.0745935829265472,0.195914719907523
24467,0.155302220898999,0.380556099447972,0.0418032879712157,0.422338391681814
24468,0.0507610134667007,0.511790148738173,0.237637605702317,0.199811232092809
24469,0.125121725721334,0.417981677979504,0.0682400752866257,0.388656521012537
24470,0.192865623586881,0.150266661120455,0.122658289055092,0.534209426237573
24471,0.140247592020887,0.631183596051473,0.0888805796706417,0.139688232256998
24472,0.51037422901488,0.0862488341983842,0.24956176245355,0.153815174333186
24473,0.196966284603885,0.171731168874169,0.240735970713616,0.390566575808329
24474,0.679598788034952,0.174458111093697,0.0663945431591707,0.0795485577121807
24475,0.0747899882432815,0.456609858769472,0.275202342128823,0.193397810858423
24476,0.236079577149146,0.299818937477752,0.181770133700522,0.28233135167258
24477,0.0804943746365188,0.503905300080071,0.317320021370948,0.0982803039124631
24478,0.194310218095779,0.18334886431694,0.466114610433579,0.156226307153702
24479,0.151459421173947,0.0932212742203094,0.487498149648364,0.267821154957379
24480,0.443236725233891,0.146827976500154,0.142556171341057,0.267379126924898
24481,0.311495879635092,0.235822729343853,0.219462490661815,0.23321890035924
24482,0.479670739149357,0.0747767444533664,0.154339667732989,0.291212848664287
24483,0.712162597950639,0.0844840537499476,0.118711431651307,0.0846419166481067
24484,0.16224968675151,0.275647376114836,0.454716897826149,0.107386039307505
24485,0.498911481391211,0.188599281437722,0.230347863199269,0.0821413739717985
24486,0.267193593597221,0.339756320111642,0.144766409539175,0.248283676751962
24487,0.0961101154031544,0.160693950020837,0.639635350723211,0.103560583852797
24488,0.262103734447779,0.55464571301158,0.0920553573067832,0.0911951952338577
24489,0.23290254175663,0.397179365158081,0.206427350640297,0.163490742444992
24490,0.124169776203778,0.356911634756798,0.421740687217425,0.0971779018219993
24491,0.123706687280336,0.0895760703213194,0.284695467808978,0.502021774589367
24492,0.144444287899467,0.0546119589702186,0.578390781420401,0.222552971709914
24493,0.0525636167146274,0.1919837068326,0.607425485992132,0.148027190460641
24494,0.0529377644772166,0.459248630481777,0.311289070877101,0.176524534163905
24495,0.0815272287103247,0.524592717162994,0.0500971991605013,0.343782854966181
24496,0.0772364265550248,0.144985209554875,0.322062512574717,0.455715851315384
24497,0.135801183726661,0.0613298092285136,0.600737344487335,0.202131662557491
24498,0.294758971113578,0.272276516671829,0.285616602217904,0.14734790999669
24499,0.487280450950854,0.0702586908599929,0.222908091203748,0.219552766985405
24500,0.0591407576075309,0.594135650905008,0.0597376534303673,0.286985938057094
24501,0.230643724590027,0.346311964384734,0.0664162129107761,0.356628098114463
24502,0.485274024088294,0.109181711214508,0.0956958621098975,0.309848402587301
24503,0.068763418448789,0.0689220636578933,0.23440320265882,0.627911315234498
24504,0.0669598109921876,0.519691271047214,0.0544608105341073,0.358888107426491
24505,0.108247699158386,0.249647917244319,0.129421614811187,0.512682768786107
24506,0.113963664427129,0.0556021113366046,0.601952616884951,0.228481607351315
24507,0.0691514521281842,0.173614915305043,0.184179987366945,0.573053645199828
24508,0.389886847364451,0.123907838972483,0.245680788628441,0.240524525034625
24509,0.142280022500008,0.052881734535338,0.373818295581771,0.431019947382884
24510,0.0879843730335124,0.116375778127438,0.574774128950413,0.220865719888636
24511,0.260160023119449,0.548353123329138,0.0673882126646888,0.124098640886725
24512,0.296847137040251,0.0939185104811081,0.187507139053249,0.421727213425392
24513,0.539712930010837,0.0821998007088811,0.0840050019624085,0.294082267317873
24514,0.303208681219881,0.315896871059365,0.0691370596672376,0.311757388053517
24515,0.166977278902111,0.211772838761188,0.228350917772245,0.392898964564456
24516,0.363868916573094,0.100392623239866,0.138166604367396,0.397571855819645
24517,0.458677924553721,0.223275679696734,0.155703785355446,0.1623426103941
24518,0.0790119737754772,0.175360464477522,0.107398096196424,0.638229465550577
24519,0.0812920152659709,0.182861142498957,0.611455477347394,0.124391364887678
24520,0.047865637716628,0.255050784089806,0.311413354681731,0.385670223511835
24521,0.0922534641193282,0.35559494428959,0.0541935832846531,0.497958008306428
24522,0.0561126015169531,0.149984148890016,0.59956484139614,0.19433840819689
24523,0.0655944417000231,0.208073495268274,0.396537807609604,0.329794255422099
24524,0.0894967704603752,0.10466416223364,0.494350310793871,0.311488756512114
24525,0.164254863985028,0.137915868697043,0.0754171036308141,0.622412163687115
24526,0.542109267178454,0.111174154614632,0.204360968004494,0.14235561020242
24527,0.13223708870477,0.0488046769319919,0.458017905249792,0.360940329113446
24528,0.628556210653669,0.170814444745017,0.0600815135264848,0.140547831074829
24529,0.141168564558029,0.0826693773269653,0.197456508874893,0.578705549240112
24530,0.332678094535555,0.186119577909131,0.165894158219062,0.315308169336252
24531,0.119480385815177,0.482340839944277,0.262524616996038,0.135654157244508
24532,0.136584988381788,0.275783849170082,0.447466751074795,0.140164411373336
24533,0.254471711681136,0.301326236089282,0.0811952328325739,0.363006819397008
24534,0.0976783669620144,0.448460237997034,0.0880989092625271,0.365762485778424
24535,0.666497071579011,0.0783172422145975,0.078039499462828,0.177146186743563
24536,0.142327263951302,0.183613494038582,0.34327095746994,0.330788284540176
24537,0.340672311628816,0.198384223890422,0.0743820736230755,0.386561390857686
24538,0.196195499570634,0.583983187258118,0.0626971055768215,0.157124207594426
24539,0.32615914940834,0.190621733665466,0.174538314342499,0.308680802583694
24540,0.434567980781018,0.119663609844783,0.243847338161851,0.201921071212348
24541,0.497692283122584,0.110004974678418,0.201576317928986,0.190726424270011
24542,0.136444212022753,0.490474436361152,0.0812709263061801,0.291810425309915
24543,0.0461313664924064,0.157402582294369,0.714929665274599,0.0815363859386257
24544,0.138460459388203,0.490754492443122,0.229658592189231,0.141126455979443
24545,0.241164851802064,0.107001470133684,0.516645021984652,0.1351886560796
24546,0.0845712857757317,0.56567960134626,0.138103140322817,0.211645972555191
24547,0.310546323518819,0.406620065547299,0.0501848770215981,0.232648733912283
24548,0.0578322410583496,0.291122704744339,0.389493137598038,0.261551916599274
24549,0.565528065273937,0.231645005781091,0.128666394198948,0.074160534746023
24550,0.176535838226384,0.488813829093656,0.250040998680852,0.0846093339991073
24551,0.0915327004457466,0.437714192552225,0.212385715636505,0.258367391365524
24552,0.0863475258719729,0.45189039889223,0.12279607081124,0.338966004424557
24553,0.469663560390472,0.164678245782852,0.168383821845055,0.197274371981621
24554,0.274740789454293,0.149729030575291,0.28715375493696,0.288376425033456
24555,0.140290408281308,0.676184649197872,0.100647396589462,0.0828775459313576
24556,0.562088423645998,0.212774602181003,0.059348444722424,0.165788529450575
24557,0.137846137945469,0.314202925139578,0.314378103185353,0.2335728337296
24558,0.123067308159688,0.632225413090748,0.0659254958011358,0.178781782948428
24559,0.0823169400597531,0.68410412418532,0.158868576321942,0.0747103594329846
24560,0.079303699115029,0.40935004977435,0.191095879408594,0.320250371702026
24561,0.242103360357981,0.238053105415496,0.176995997935414,0.342847536291109
24562,0.403671821869795,0.312994234718511,0.18750193295996,0.0958320104517338
24563,0.0563260589692268,0.570603762391041,0.167506761811371,0.20556341682836
24564,0.133456402030969,0.42440074231629,0.122366212151421,0.31977664350132
24565,0.0833748312024488,0.314874096184085,0.403145322039595,0.198605750573872
24566,0.13651351884964,0.707358790698625,0.094116130734163,0.0620115597175725
24567,0.17861988741264,0.411975165933926,0.312885068814045,0.0965198778393892
24568,0.374468350790913,0.266502108179001,0.0655116578115276,0.293517883218558
24569,0.179795678411521,0.113541444088337,0.219206536877009,0.487456340623133
24570,0.049451244790335,0.482869402862432,0.0887412011573866,0.378938151189846
24571,0.047568572417338,0.181316635131276,0.40770600612966,0.363408786321726
24572,0.224356088262106,0.121745110659184,0.243199186754269,0.410699614324441
24573,0.128998340137291,0.110615783263861,0.519990150034354,0.240395726564495
24574,0.0596740859111146,0.236393831195144,0.486893875963819,0.217038206929923
24575,0.201120248386849,0.109787466684544,0.110612007501185,0.578480277427422
24576,0.0591656863689423,0.212447538971901,0.52565735578537,0.202729418873787
24577,0.082465777154247,0.146199378658817,0.386441597039437,0.384893247147499
24578,0.226943421765319,0.118115918608247,0.23996736466836,0.414973294958074
24579,0.32207793237327,0.413125130631962,0.0877791426165338,0.177017794378234
24580,0.105218474800221,0.0828665382951441,0.434050281377894,0.377864705526741
24581,0.186973880522537,0.0573913069652474,0.545929121689593,0.209705690822623
24582,0.0599275555475139,0.153805372234334,0.622488248674418,0.163778823543734
24583,0.0464167892932892,0.132220059633255,0.508911192417145,0.312451958656311
24584,0.0609379835077381,0.0936272929002608,0.687422428748666,0.158012294843335
24585,0.101789972538613,0.223432195669798,0.0435962411359373,0.631181590655652
24586,0.0613373233676849,0.10479567434182,0.41463811132248,0.419228890968015
24587,0.50481093682067,0.21057890669374,0.188343274419655,0.0962668820659352
24588,0.308522469740863,0.31422764765235,0.265910512192037,0.11133937041475
24589,0.159596633324102,0.471765179818157,0.250567818047826,0.118070368809915
24590,0.413753196084753,0.255884727243903,0.217793337337921,0.112568739333423
24591,0.326412441778276,0.256155731202332,0.297778847051999,0.119652979967393
24592,0.319829314947128,0.317729741334915,0.166280865669251,0.196160078048706
24593,0.382937842861744,0.277160938424454,0.197794166240183,0.142107052473619
24594,0.284874094346498,0.284186435528983,0.17767416735027,0.253265302774249
24595,0.229011646322472,0.373913184780136,0.32019235491036,0.0768828139870311
24596,0.497333791285723,0.238440944656964,0.123982965083072,0.140242298974241
24597,0.359570552123471,0.386008370339621,0.176466251120977,0.0779548264159314
24598,0.492112219333649,0.143697366118431,0.141816735267639,0.222373679280281
24599,0.375020874663254,0.294977472947055,0.196786692882179,0.133214959507512
24600,0.332011098682715,0.296480561845294,0.219651218955946,0.151857120516045
24601,0.146978217668345,0.146710354388737,0.60683734581256,0.0994740821303595
24602,0.17482082676009,0.544650558714945,0.178173453943234,0.102355160581732
24603,0.225568327688699,0.242192108067753,0.296933208360273,0.235306355883276
24604,0.24671400144802,0.367918738005729,0.294252074381383,0.0911151861648676
24605,0.390519630626429,0.193136995826274,0.196241071708234,0.220102301839063
24606,0.0639830561291612,0.397288057389911,0.444024264840645,0.0947046216402829
24607,0.534414398646033,0.181879218327719,0.167919155182261,0.115787227843987
24608,0.141074735624802,0.416632335321703,0.0604199075063294,0.381873021547165
24609,0.524138994874641,0.150238471481777,0.187735262330402,0.13788727131318
24610,0.0768568137522279,0.196125893323676,0.176171852825792,0.550845440098305
24611,0.157278880476952,0.194462776184082,0.163691624999046,0.48456671833992
24612,0.103636871386673,0.649389822762901,0.0771595486152038,0.169813757235222
24613,0.0562883330051973,0.227362056688116,0.625040485524546,0.0913091247821404
24614,0.0735830568199439,0.0998656421939837,0.704926767798461,0.121624533187612
24615,0.427775155732133,0.196641703607484,0.0514718195807291,0.324111321079654
24616,0.154320160915847,0.0927191200042033,0.497277364215929,0.255683354864021
24617,0.230105976616113,0.215901175852173,0.466330012664051,0.0876628348676638
24618,0.260413231405714,0.0783423861737727,0.528741304045478,0.132503078375035
24619,0.105920784964567,0.505482260178642,0.292825939452841,0.0957710154039488
24620,0.242836686224812,0.211499784287077,0.0809366884339093,0.464726841054202
24621,0.124717534534464,0.146747804975252,0.369456450744009,0.359078209746275
24622,0.0595646465553516,0.297075958166554,0.320227683783426,0.323131711494668
24623,0.204326148234468,0.0827410426123207,0.33237238975527,0.380560419397941
24624,0.196993422553041,0.148986709878047,0.515888146819351,0.138131720749561
24625,0.424877177556879,0.0510848290733325,0.207780620107921,0.316257373261867
24626,0.422869128670368,0.135979567050325,0.0959799318307618,0.345171372448545
24627,0.173239407342085,0.164893073366686,0.0629173209828538,0.598950198308376
24628,0.638179256875349,0.0703695357673512,0.0518808376464435,0.239570369710856
24629,0.0587079739763145,0.507297150681955,0.0683592771238196,0.365635598217911
24630,0.15831032749214,0.107948760120915,0.259461259680866,0.474279652706079
24631,0.268366638844708,0.122917631610001,0.0962393968737036,0.512476332671588
24632,0.157685349652608,0.163074071315704,0.193597355675776,0.485643223355913
24633,0.210214668207924,0.0445970581592006,0.443999813675886,0.30118845995699
24634,0.13356828540301,0.042822222678115,0.526132577738174,0.297476914180701
24635,0.288104229686315,0.102883075858286,0.160889130214845,0.448123564240555
24636,0.261612085539013,0.392909583502191,0.0942913063295833,0.251187024629213
24637,0.177692607045174,0.080664798617363,0.565820813179016,0.175821781158447
24638,0.078892124622148,0.53954915785475,0.0616219735467664,0.319936743976335
24639,0.329149643455435,0.165433083934578,0.117750409774494,0.387666862835493
24640,0.631973638355143,0.091323027565845,0.132849830378216,0.143853503700797
24641,0.0752261049088899,0.72439687634561,0.0395660433221678,0.160810975423333
24642,0.152639514502267,0.0617816063746723,0.377976999274444,0.407601879848617
24643,0.0402345138805696,0.0629077707447691,0.418367329376693,0.478490385997969
24644,0.084438992010385,0.462206379705477,0.184796402311432,0.268558225972705
24645,0.126751452212217,0.633883175872701,0.0421723163046974,0.197193055610385
24646,0.228950351476669,0.28490549325943,0.235956072807312,0.250188082456589
24647,0.390450793789304,0.313987752378352,0.20534073694525,0.0902207168870951
24648,0.137834919425325,0.0725050557776532,0.441145055873021,0.348514968924001
24649,0.140374798785889,0.195751449339135,0.511233643032123,0.152640108842853
24650,0.112464155628209,0.71457143767391,0.0701422414226008,0.102822165275281
24651,0.634367549209578,0.100689794893928,0.0627207779407791,0.202221877955715
24652,0.286673117925483,0.125098343003603,0.485544067414699,0.102684471656216
24653,0.514031938999415,0.190622699400444,0.142645774146232,0.152699587453908
24654,0.140720257881274,0.456576926388706,0.0792965188884542,0.323406296841566
24655,0.101434928136023,0.207320281645051,0.420343624939214,0.270901165279711
24656,0.294631685396557,0.370697164972169,0.24207380053291,0.0925973490983643
24657,0.24116855912396,0.248640120110505,0.118675612290167,0.391515708475369
24658,0.0987063050270081,0.470684230327606,0.272839546203613,0.157769918441772
24659,0.0457384721714714,0.158129493649915,0.47075052646546,0.325381507713154
24660,0.169214755296707,0.450170904397965,0.198723018169403,0.181891322135925
24661,0.2858615091803,0.44644675643235,0.0912969220594948,0.176394812327855
24662,0.0578706795263334,0.15275780116822,0.667656448932239,0.121715070373208
24663,0.104373866058954,0.271842731723623,0.544919815962326,0.0788635862550982
24664,0.133906247226987,0.168979751601513,0.406005477994762,0.291108523176737
24665,0.251795697877003,0.100520576513384,0.438266734558341,0.209416991051272
24666,0.129558628628789,0.492493323646187,0.0798764413539965,0.298071606371028
24667,0.0760316230049246,0.521546765519775,0.190736064590929,0.211685546884371
24668,0.130395976746142,0.0882435576879448,0.681048502310388,0.100311963255525
24669,0.149689222881519,0.219910525682255,0.332262833945071,0.298137417491155
24670,0.570212355699951,0.0819172250938829,0.19513375766376,0.152736661542406
24671,0.107894033193588,0.419914990663528,0.393000662326813,0.0791903138160706
24672,0.0960345306979667,0.488770436913876,0.337371843406117,0.0778231889820401
24673,0.120357797446533,0.0913342169771658,0.708671753918169,0.0796362316581326
24674,0.130640303968205,0.673930436697473,0.0778690760375146,0.117560183296808
24675,0.137551565650734,0.110868393565089,0.652741264347638,0.0988387764365393
24676,0.190172840435196,0.585754944065696,0.144946563503442,0.079125651995666
24677,0.0709304165441698,0.202422209174268,0.327829999023303,0.398817375258259
24678,0.205254480242729,0.312665432691574,0.150570437312126,0.331509649753571
24679,0.247988406538791,0.42750695984821,0.123123841332254,0.201380792280745
24680,0.0861862344225409,0.442119760732362,0.199357740604962,0.272336264240136
24681,0.36817062175401,0.252731265520537,0.0861773720843894,0.292920740641063
24682,0.427607731059482,0.420346901578713,0.0669353182217225,0.0851100491400826
24683,0.0752393191555498,0.230715858824469,0.523586067072284,0.170458754947698
24684,0.0723654064103398,0.13824409864444,0.579381432207589,0.210009062737632
24685,0.631485865306425,0.123447028023444,0.115857158991907,0.129209947678224
24686,0.414481448695616,0.119735282071373,0.0917724194594497,0.374010849773561
24687,0.280446622974375,0.274615709105368,0.16886247946117,0.276075188459086
24688,0.155870201526138,0.346641545692705,0.172457295245786,0.325030957535371
24689,0.174336511813175,0.244501819711219,0.486291777036155,0.0948698914394503
24690,0.635147562099284,0.117641812300059,0.168003869533481,0.0792067560671753
24691,0.4247243372744,0.329395440746878,0.0962138690336505,0.149666352945072
24692,0.62438406886101,0.195193715214495,0.0774617074974517,0.102960508427043
24693,0.195518845453297,0.182000542223437,0.483787313586852,0.138693298736414
24694,0.1786508911446,0.33938030419887,0.300575086491558,0.181393718164972
24695,0.148181698390023,0.711382182451286,0.0721303554831604,0.0683057636755301
24696,0.20835519457922,0.303004065245511,0.170596396046769,0.3180443441285
24697,0.142395579409797,0.173947013589128,0.29923127744058,0.384426129560495
24698,0.231908246874809,0.519026279449463,0.171906337141991,0.0771591365337372
24699,0.205114908706952,0.0998198427192808,0.618455909880098,0.0766093386936687
24700,0.12478036246212,0.408484894416551,0.158742300811811,0.307992442309519
24701,0.116451159119606,0.133000373840332,0.654029071331024,0.0965193957090378
24702,0.19029646544765,0.558823807274586,0.179165298367581,0.0717144289101831
24703,0.234024737744418,0.417104762027945,0.255630749957379,0.0932397502702586
24704,0.126824003603518,0.47254960672819,0.320068829058062,0.0805575606102297
24705,0.458732565882768,0.296050621392606,0.174686096967135,0.0705307157574914
24706,0.21800120528036,0.403645822215671,0.279003456584929,0.09934951591904
24707,0.271835178136826,0.201779186725616,0.272868901491165,0.253516733646393
24708,0.543829953201266,0.152425639967964,0.216258694994806,0.0874857118359635
24709,0.142905856880371,0.304696103790519,0.464885250780426,0.0875127885486845
24710,0.386046629728276,0.336172233109839,0.204413613808561,0.073367523353324
24711,0.351204584574836,0.280506351009201,0.268687911888597,0.0996011525273667
24712,0.284427380958812,0.457721929052217,0.179131198953044,0.0787194910359269
24713,0.146604349710209,0.516365428133511,0.242868015276939,0.0941622068793404
24714,0.316728529954489,0.335360077505111,0.232811881357343,0.115099511183057
24715,0.175236413620817,0.42405154037322,0.179199049496679,0.221512996509284
24716,0.37850816627934,0.339945214243784,0.18527647162689,0.0962701478499864
24717,0.276015590994505,0.442621767643125,0.210965932170351,0.0703967091920198
24718,0.236347690224648,0.498549103736877,0.184797063469887,0.0803061425685883
24719,0.223485130421596,0.259413246205646,0.284529630609298,0.23257199276346
24720,0.219551699009178,0.476746532892783,0.18784208735706,0.11585968074098
24721,0.317387262504913,0.379977237581528,0.187940960763125,0.114694539150433
24722,0.176857825140853,0.567705558962251,0.184077974019692,0.0713586418772047
24723,0.456686751345195,0.255207471394316,0.192362720001855,0.0957430572586341
24724,0.295200620520124,0.329762255098853,0.265921447663329,0.109115676717694
24725,0.528141808393787,0.233293791859458,0.117308485149782,0.121255914596973
24726,0.327920987960144,0.326293214840884,0.24193846770846,0.103847329490512
24727,0.138913903800067,0.143765185587561,0.369089554819153,0.348231355793219
24728,0.378377993767306,0.303142921045426,0.208488877560363,0.109990207626905
24729,0.227408864277337,0.252329192986214,0.353969295204601,0.166292647531848
24730,0.222234964370728,0.271186739206314,0.307780474424362,0.198797821998596
24731,0.152723108313176,0.541266517080859,0.202597326117674,0.103413048488291
24732,0.263586344298619,0.274678262134479,0.346901926002666,0.114833467564236
24733,0.0987164564908871,0.258388211638175,0.211514211762167,0.431381120108771
24734,0.16423460106993,0.349187716132952,0.151101895372485,0.335475787424633
24735,0.124334069925023,0.198869459373152,0.384617403722651,0.292179066979175
24736,0.148327860571322,0.559661698929855,0.191369388804646,0.100641051694178
24737,0.450677679458926,0.225697927901211,0.185603955817105,0.138020436822759
24738,0.0976190499783982,0.533669416112225,0.16351559880015,0.205195935109227
24739,0.402937967998662,0.0609015173229925,0.20517339767436,0.330987117003985
24740,0.148116792794562,0.468865499828294,0.134634177844698,0.248383529532447
24741,0.0894767072640868,0.221805042678268,0.596713977954208,0.092004272103437
24742,0.271183925665143,0.366157574974407,0.0662526011652082,0.296405898195242
24743,0.170214735130134,0.38241352360309,0.0795169806264481,0.367854760640327
24744,0.456902991017021,0.0628640889271518,0.230774020346419,0.249458899709409
24745,0.146473395026824,0.122567357459178,0.389001226261276,0.341958021252722
24746,0.199381616720831,0.360963786230031,0.064189209577602,0.375465387471536
24747,0.0531622591086153,0.397075034623501,0.310175603445165,0.239587102822719
24748,0.0446667120729892,0.0851456613307011,0.540141592549935,0.330046034046375
24749,0.113972832695257,0.403661778487374,0.257977509692814,0.224387879124555
24750,0.320968831763136,0.179207232904326,0.283230062078982,0.216593873253556
24751,0.527204863321709,0.0963087663604503,0.0744436819189238,0.302042688398917
24752,0.0912637148232587,0.503330267816919,0.0787329713076515,0.326673046052171
24753,0.17861916390984,0.06173917743175,0.589859494415812,0.169782164242598
24754,0.28251068942217,0.277013561814619,0.144945974798621,0.295529773964591
24755,0.0745423436164856,0.339933842420578,0.377507776021957,0.208016037940979
24756,0.140718072652817,0.363571405410767,0.196604192256928,0.299106329679489
24757,0.262949377298355,0.115665256977081,0.213744342327118,0.407641023397446
24758,0.138085599598718,0.058609543484165,0.506993040234058,0.296311816683059
24759,0.148343993003011,0.271822329285408,0.25524007893741,0.324593598774171
24760,0.303010264128752,0.398896259036549,0.144831453109725,0.153262023724974
24761,0.288080570935603,0.115308976804398,0.396970060490295,0.199640391769704
24762,0.15148154691138,0.418073974002285,0.0932474855537146,0.33719699353262
24763,0.106426450801684,0.684266706832251,0.103478621050078,0.105828221315987
24764,0.573193652236651,0.0978935108216551,0.0912432121860024,0.237669624755692
24765,0.199991604685533,0.308545211212194,0.349438439292861,0.142024744809411
24766,0.0629428606348377,0.438263850263838,0.258039615808737,0.240753673292587
24767,0.170250217333449,0.163693706017357,0.181757222518755,0.484298854130438
24768,0.186915122877737,0.402200478413722,0.150534368330287,0.260350030378254
24769,0.200128643213744,0.221186904451349,0.481764521585669,0.096919930749238
24770,0.205621494310934,0.249783782290043,0.082139364763056,0.462455358635967
24771,0.149109799022447,0.102966303444646,0.481736253538793,0.266187643994115
24772,0.217563890575017,0.412726179239384,0.112700295176368,0.257009635009231
24773,0.133201418322304,0.384264552827708,0.409607791757468,0.0729262370925212
24774,0.332468474917584,0.243799936118723,0.176067245363187,0.247664343600506
24775,0.166001692414284,0.54801744222641,0.0833199471235275,0.202660918235779
24776,0.626700460910797,0.0857910066843033,0.202090412378311,0.0854181200265884
24777,0.273196114707225,0.33231658742925,0.197565931226854,0.196921366636672
24778,0.417606079316049,0.224577274552326,0.0775572497016601,0.280259396429965
24779,0.0472820025139898,0.40590208466424,0.171089513815272,0.375726399006498
24780,0.563144828221716,0.133228799696064,0.190257811110816,0.113368560971404
24781,0.0507059971107318,0.110450480111146,0.729046309595618,0.109797213182505
24782,0.599968614429119,0.056561384560769,0.0641404616241919,0.279329539385921
24783,0.0447371326288797,0.169033432300013,0.467277123758591,0.318952311312516
24784,0.339452179815264,0.0711416309411945,0.111902498542536,0.477503690701006
24785,0.0551851164163268,0.283455935988904,0.175549148205302,0.485809799389468
24786,0.082813455420532,0.140430388742232,0.482314788068611,0.294441367768625
24787,0.22808771515154,0.267427601439583,0.163345177869355,0.341139505539522
24788,0.078406479429909,0.162319727436316,0.452951858060724,0.306321935073051
24789,0.354538269814959,0.284097350033313,0.0712820083934518,0.290082371758276
24790,0.0780687343786468,0.112230555895426,0.430428779578638,0.379271930147289
24791,0.174517369811139,0.0868975478000025,0.436716394004091,0.301868688384767
24792,0.229553355056395,0.111748806299651,0.261633215385428,0.397064623258526
24793,0.114979783352088,0.0471090124381522,0.52567810799327,0.31223309621649
24794,0.0856744199991226,0.692390143871307,0.0577571243047714,0.164178311824799
24795,0.202257588505745,0.148115009069443,0.0790603309869766,0.570567071437836
24796,0.54972786940026,0.217891146642517,0.141956764652359,0.0904242193048645
24797,0.104677934373838,0.618660771051823,0.15173349349698,0.124927801077358
24798,0.0388116875246603,0.0692288803653005,0.574158372633749,0.31780105947629
24799,0.252880064749121,0.0875570991072275,0.232106311380071,0.42745652476358
24800,0.0502088375420695,0.119773136373954,0.579655894333957,0.250362131750019
24801,0.582806851691314,0.172542982066109,0.154481030455874,0.0901691357867033
24802,0.208070719602885,0.262592953261418,0.162555463428295,0.366780863707402
24803,0.0832699810484057,0.0970978111893591,0.657670239875607,0.161961967886628
24804,0.549060841987313,0.112218473561796,0.116662216062181,0.222058468388709
24805,0.193293859414332,0.257655517730202,0.0733418053880882,0.475708817467379
24806,0.19503558736215,0.410978248470018,0.0632535279560046,0.330732636211828
24807,0.423955978747903,0.413108081602162,0.0667123322719583,0.0962236073779767
24808,0.40396723151207,0.10980062186718,0.192778155207634,0.293453991413116
24809,0.670923292636871,0.0598221495747566,0.0731024220585823,0.19615213572979
24810,0.142046110958548,0.273173336284955,0.189153137641447,0.39562741511505
24811,0.143024610624084,0.0603236714053701,0.674642155686649,0.122009562283897
24812,0.0745532156799707,0.0820726398096824,0.73696680524126,0.106407339269087
24813,0.22880555348388,0.0541321329156737,0.401845449181714,0.315216864418732
24814,0.188292483374829,0.411230883588017,0.0437212385687878,0.356755394468365
24815,0.538198951916389,0.124621474181276,0.148657069717773,0.188522504184563
24816,0.224561184644699,0.109950929880142,0.31330868601799,0.352179199457169
24817,0.126896176543718,0.161227424777371,0.0919141051743658,0.619962293504545
24818,0.275769625243092,0.370513593711162,0.226834360164916,0.126882420880831
24819,0.137534079886465,0.409531050778463,0.164155257282328,0.288779612052744
24820,0.270142369378371,0.112706963759107,0.0572223238626262,0.559928342999896
24821,0.473820118331089,0.136961578812593,0.0606393551057601,0.328578947750557
24822,0.0824046734064991,0.545536460524561,0.0540889466333723,0.317969919435568
24823,0.133001029491425,0.313479363918304,0.221778869628906,0.331740736961365
24824,0.0923229043306002,0.0826096341986073,0.223754146089932,0.601313315380861
24825,0.455174032264754,0.180121467859458,0.0696785529678952,0.295025946907892
24826,0.0783390706653824,0.0876411876651733,0.65548450243089,0.178535239238555
24827,0.236030560194991,0.564430049591809,0.0517165057105347,0.147822884502666
24828,0.117206345574723,0.693087834312077,0.0543401814266342,0.135365638686566
24829,0.155190062034352,0.13274170161616,0.0847570206651758,0.627311215684312
24830,0.150178194046021,0.515473365783691,0.182595804333687,0.151752635836601
24831,0.0664774537128779,0.420684238805974,0.177249293537826,0.335589013943322
24832,0.124846815123615,0.169614070559282,0.193973581178599,0.511565533138504
24833,0.326489523359111,0.230917264629129,0.276912378806813,0.165680833204947
24834,0.0913071883114334,0.0714969134776865,0.170224612063903,0.666971286146977
24835,0.182209140857646,0.287188129699761,0.166028521983541,0.364574207459053
24836,0.0990836009519756,0.150416863703476,0.188913461731174,0.561586073613374
24837,0.67126889787198,0.0667278709526922,0.0598224081797781,0.20218082299555
24838,0.0836437816513712,0.212513840571458,0.0696520379081976,0.634190339868973
24839,0.542794474106945,0.142302992080197,0.118205847117392,0.196696686695467
24840,0.389416134199741,0.245477367125114,0.221640903080119,0.143465595595026
24841,0.0613242690363844,0.677456503193501,0.142029599413496,0.119189628356618
24842,0.105366294711091,0.222200388710192,0.0880061517356451,0.584427164843071
24843,0.184521079063416,0.0732326209545136,0.400902420282364,0.341343879699707
24844,0.640526528354537,0.087463720981302,0.162982209302618,0.109027541361544
24845,0.657034993171692,0.0663999244570732,0.0527549311518669,0.223810151219368
24846,0.164928563631273,0.615650986238715,0.0404811894696464,0.178939260660366
24847,0.104483607545007,0.0878278639265258,0.517632857490565,0.290055671037903
24848,0.0721230272632386,0.138786552268467,0.122906481878363,0.666183938589931
24849,0.400259336823389,0.114324894972334,0.119482149493348,0.365933618710929
24850,0.0958220053931102,0.500218862665234,0.0583980486721019,0.345561083269554
24851,0.239793999196634,0.104027128934658,0.162945880271898,0.493232991596811
24852,0.567263918139455,0.0887796607249874,0.0531500891789821,0.290806331956575
24853,0.453244861563706,0.0764751950168968,0.172831042313344,0.297448901106053
24854,0.300940692424774,0.0839656889438629,0.249136239290237,0.365957379341126
24855,0.132337899987964,0.12885643733824,0.392818039548666,0.34598762312513
24856,0.099826945367054,0.442146145669428,0.0740220833715486,0.384004825591969
24857,0.148613867929371,0.171495673485165,0.519362799534756,0.160527659050708
24858,0.0887951905549648,0.452208121444103,0.180310081385596,0.278686606615336
24859,0.153358614244544,0.289465231331275,0.0644136479846449,0.492762506439537
24860,0.158771455287933,0.0900084599852562,0.648661434650421,0.102558650076389
24861,0.425487071275711,0.12362776696682,0.08582903444767,0.365056127309799
24862,0.0943142331713008,0.491869155256965,0.0849997482076268,0.328816863364107
24863,0.245117152218882,0.0933443808553134,0.171582993010067,0.489955473915738
24864,0.0973521858059196,0.0875623015696153,0.466664291421537,0.348421221202928
24865,0.144201076913565,0.0552636167818522,0.483339074067451,0.317196232237132
24866,0.710299188566959,0.102607413361911,0.0861167379758005,0.100976660095329
24867,0.515712578434966,0.102594267673577,0.13659605892733,0.245097094964128
24868,0.538838922977448,0.0720091387629509,0.098882682621479,0.290269255638123
24869,0.267507511339746,0.0774677808224657,0.167765907894109,0.48725879994368
24870,0.607312752469914,0.0801238957075155,0.122614550350932,0.189948801471639
24871,0.161997652128251,0.0638587722129662,0.374530418758482,0.3996131569003
24872,0.260713901211114,0.24160873529898,0.2551555893547,0.242521774135206
24873,0.513289291906703,0.278136949171757,0.142814343527494,0.065759415394046
24874,0.123028620043399,0.472804988247416,0.305296615787419,0.0988697759217652
24875,0.298630833625793,0.346803486347199,0.224763810634613,0.129801869392395
24876,0.12109299478472,0.488767493767273,0.319074891826327,0.0710646196216803
24877,0.221581233834102,0.279398100340253,0.412350887796336,0.0866697780293094
24878,0.168914676971098,0.196468131217868,0.515782598523666,0.118834593287368
24879,0.491654932996337,0.174669151027849,0.1869564242985,0.146719491677315
24880,0.317126439659931,0.28753282139249,0.289509698946535,0.105831040001044
24881,0.510292649269104,0.150096639990807,0.192143514752388,0.147467195987701
24882,0.514684498310089,0.25971069931984,0.160131543874741,0.0654732584953308
24883,0.17012751609467,0.388475638284553,0.350279699274293,0.091117146346484
24884,0.341602400314915,0.339270130065238,0.243263091590841,0.0758643780290057
24885,0.288636416196823,0.395455032587051,0.171440690755844,0.144467860460281
24886,0.113665375520747,0.227346486668184,0.577701287797132,0.0812868500139371
24887,0.263917287293178,0.49783248834936,0.17345092544515,0.0647992989123129
24888,0.266064935936072,0.439266671852767,0.201298560173097,0.0933698320380636
24889,0.152863497946754,0.467491135970022,0.303547105087426,0.0760982609957975
24890,0.150998602777761,0.190572420043575,0.311197539830281,0.347231437348383
24891,0.319094967808387,0.175746164312443,0.0690314571943677,0.436127410684802
24892,0.285545204364437,0.0828954142763527,0.194310280595873,0.437249100763337
24893,0.288838748467546,0.237747270431329,0.16426065808923,0.309153323011895
24894,0.151475650795167,0.450166308132316,0.183832985403642,0.214525055668875
24895,0.0507153220794494,0.0764041800679645,0.519128524622106,0.35375197323048
24896,0.0673111071093216,0.278826769011814,0.2411508673258,0.412711256553065
24897,0.165070718715739,0.0792933061455677,0.654241705471341,0.101394269667352
24898,0.317919850349426,0.150001972913742,0.26692870259285,0.265149474143982
24899,0.0504136066729722,0.233760556811074,0.602389134377646,0.113436702138308
24900,0.0714931913765314,0.182794729387917,0.34359731246241,0.402114766773141
24901,0.289673417806625,0.106041491031647,0.329053163528442,0.275231927633286
24902,0.418291687965393,0.140614226460457,0.176824167370796,0.264269918203354
24903,0.297945018143281,0.122486738525529,0.155379248330306,0.424188995000884
24904,0.146447274927538,0.339462289125607,0.0413210440026496,0.472769391944206
24905,0.094828629416654,0.115531766646084,0.680960307731633,0.108679296205629
24906,0.200468444098357,0.0573491812901236,0.392124728535757,0.350057646075763
24907,0.265719055139575,0.137419029558379,0.0451905315921063,0.55167138370994
24908,0.0554659132698807,0.425822427629275,0.402031530538238,0.116680128562606
24909,0.130241019573196,0.452026926695899,0.176422593348882,0.241309460382023
24910,0.170493135735597,0.31622697960654,0.342475642488133,0.170804242169731
24911,0.121650023435801,0.677383770385626,0.124900056050717,0.0760661501278557
24912,0.0791589158898754,0.260029431283035,0.250932302312072,0.409879350515018
24913,0.114060669939622,0.62567390776377,0.162543956466797,0.0977214658298106
24914,0.318907206042218,0.301554535352506,0.256736252557281,0.122802006047994
24915,0.0835355774885259,0.370467408391364,0.315919977274536,0.230077036845574
24916,0.520611941814423,0.189275085926056,0.180415064096451,0.109697908163071
24917,0.082853663691297,0.0938948732865545,0.434838076003108,0.388413387019041
24918,0.264580029342471,0.099273259970251,0.190018600671652,0.446128110015626
24919,0.148258360449349,0.38963682040031,0.286604110696973,0.175500708453368
24920,0.120552283811146,0.434422304456928,0.368382237068216,0.0766431746637112
24921,0.534001111984253,0.217383682727814,0.187467813491821,0.0611473917961121
24922,0.55632792659861,0.189875792193209,0.168551098513206,0.0852451826949749
24923,0.14817482564244,0.229783480535078,0.538017702207365,0.0840239916151164
24924,0.191178831326646,0.331344490220316,0.329381500622354,0.148095177830684
24925,0.221478160895733,0.506403796279374,0.196614217808631,0.0755038250162628
24926,0.278414885640699,0.275824110054378,0.348157806253352,0.0976031980515718
24927,0.243137128855672,0.330133726294824,0.155447016494065,0.27128212835544
24928,0.157517317478001,0.460382680454463,0.257516747508572,0.124583254558964
24929,0.332795950269669,0.382928940526612,0.189479814391433,0.0947952948122866
24930,0.286239240858544,0.408287710074897,0.194591897645472,0.110881151421087
24931,0.22447066830186,0.244070656774323,0.222036906420085,0.309421768503732
24932,0.135196821916056,0.265932057290257,0.372963910892068,0.225907209901619
24933,0.267623158303076,0.464437816027089,0.160660074358136,0.1072789513117
24934,0.348668848703337,0.270734105568142,0.168959769144055,0.211637276584465
24935,0.190536315245585,0.358345199439052,0.336460548305689,0.114657937009674
24936,0.355465403524959,0.308199573051904,0.24354734978362,0.0927876736395165
24937,0.149305132786853,0.470384411955112,0.299208189558861,0.081102265699174
24938,0.508845806121826,0.199577525258064,0.210777252912521,0.0807994157075882
24939,0.22932923305053,0.357907160018064,0.325609371411381,0.0871542355200245
24940,0.289683001204595,0.43775419424083,0.185829362906693,0.0867334416478824
24941,0.235435959168733,0.327467019446686,0.241542007900149,0.195555013484433
24942,0.345128611257461,0.209392542066837,0.365854458474567,0.0796243882011349
24943,0.270556861075233,0.118822743322937,0.355538479487483,0.255081916114347
24944,0.376461354073425,0.363747385414337,0.184502019103601,0.0752892414086369
24945,0.160963669419289,0.174155816435814,0.388613075017929,0.276267439126968
24946,0.125275991840601,0.289472234876619,0.250989690364022,0.334262082918758
24947,0.363456764000433,0.284563786191429,0.242104789065677,0.109874660742462
24948,0.383031224951613,0.353950326948618,0.182484942413642,0.0805335056861267
24949,0.247684434056282,0.461633801460266,0.208042919635773,0.0826388448476791
24950,0.159682794215658,0.345271048357553,0.380796370053318,0.11424978737347
24951,0.156955329225133,0.450575345000992,0.185808238598582,0.206661087175293
24952,0.403324323793521,0.292660048822759,0.201109969582857,0.102905657800863
24953,0.276376575231552,0.178173080086708,0.380023002624512,0.165427342057228
24954,0.150624496480458,0.575647047524943,0.190458995246008,0.0832694607485911
24955,0.457169154710956,0.296014444708178,0.153740160745077,0.093076239835788
24956,0.163165318417032,0.396241551581644,0.333319519956701,0.107273610044623
24957,0.184347989921987,0.505069859401433,0.201544898771419,0.109037251905162
24958,0.150921343632628,0.603544588360603,0.181858091191515,0.0636759768152537
24959,0.132945109395537,0.366038661183079,0.352908443001164,0.14810778642022
24960,0.265706024595916,0.276845029686539,0.250191234046482,0.207257711671063
24961,0.309344750245838,0.351189417808854,0.247264230521926,0.0922016014233828
24962,0.0998442456149422,0.457753174636466,0.315665836398813,0.12673674334978
24963,0.271484750293877,0.344586118552709,0.232637305588843,0.151291825564571
24964,0.145321138074637,0.316671205932659,0.413578250296058,0.124429405696647
24965,0.183535409219035,0.545716814015555,0.195982796013612,0.0747649807517978
24966,0.196001656502424,0.50022910161953,0.21942797975883,0.0843412621192164
24967,0.379993636012267,0.0998378887820873,0.409235316239735,0.110933158965911
24968,0.153924703598022,0.455205708742142,0.208802223205566,0.182067364454269
24969,0.248711068163977,0.343114589797178,0.056248039845348,0.351926302193497
24970,0.401460182601503,0.193383312521131,0.188452846328042,0.216703658549324
24971,0.273728289417275,0.428452802552366,0.0816047215939975,0.216214186436361
24972,0.091869795885752,0.338129438567075,0.15686892323648,0.413131842310693
24973,0.136050936518961,0.676430865903999,0.128509861338663,0.0590083362383767
24974,0.202522146739396,0.288529459961198,0.2187067600892,0.290241633210207
24975,0.153389915823936,0.487430453300476,0.215702250599861,0.143477380275726
24976,0.207028922333882,0.186735835869076,0.486913494960763,0.119321746836279
24977,0.336685121059418,0.236138686537743,0.164770290255547,0.262405902147293
24978,0.220333390822012,0.392532754166938,0.179776961214037,0.207356893797013
24979,0.345058123620097,0.331239769793742,0.224872625615377,0.0988294809707845
24980,0.150485215328854,0.368332618946841,0.37592499888055,0.105257166843755
24981,0.206931385501197,0.169728266741757,0.359193479406736,0.26414686835031
24982,0.210268503733531,0.485920562920587,0.197120985302954,0.106689948042928
24983,0.616311320905556,0.230890128476771,0.08478827155811,0.0680102790595633
24984,0.0749658713119785,0.391897526443768,0.266401706141221,0.266734896103033
24985,0.137402164003285,0.413668698276113,0.335423772564885,0.113505365155717
24986,0.380299240350723,0.161614403128624,0.192911759018898,0.265174597501755
24987,0.121106556413665,0.49059149201319,0.312440292440966,0.0758616591321797
24988,0.211253923010023,0.281774874303119,0.170646366914416,0.336324835772442
24989,0.27611166444504,0.365576448780123,0.274960668943529,0.0833512178313078
24990,0.142076907424973,0.542990497604154,0.215921234847289,0.0990113601235843
24991,0.214913539032879,0.0999725051234474,0.515273074981828,0.169840880861846
24992,0.136447475377079,0.235195251071418,0.550776128104151,0.0775811454473521
24993,0.560677877654465,0.179832381310576,0.178421330773513,0.0810684102614461
24994,0.529333849598983,0.209985457732732,0.169659397365875,0.0910212953024095
24995,0.5294271628644,0.216842573630175,0.175694656734248,0.078035606771177
24996,0.222716949067025,0.270555534081326,0.172315349349837,0.334412167501812
24997,0.279553028043755,0.431070390575159,0.174747751465051,0.114628829916036
24998,0.196380186026993,0.174513536311888,0.391501790158477,0.237604487502642
24999,0.187268204066089,0.484552391563994,0.134748110111887,0.19343129425803
25000,0.225363663594832,0.150783349596958,0.347877512808964,0.275975473999246
25001,0.254020856483683,0.469195937481734,0.162369227881844,0.114413978152738
25002,0.134347683236644,0.137561357210339,0.597657230391677,0.13043372916134
25003,0.191952073813913,0.181125471558408,0.377712745138623,0.249209709489056
25004,0.0774463896295076,0.148969299772493,0.686989509992849,0.086594800605151
25005,0.232309841823199,0.41530992147736,0.256098339561311,0.0962818971381298
25006,0.471662230367396,0.238131124349402,0.185664015794754,0.104542629488448
25007,0.340207288867452,0.422970665185769,0.12339692185512,0.113425124091659
25008,0.145201250910759,0.130096793174744,0.605471134185791,0.119230821728706
25009,0.428769552278972,0.0913360701302279,0.272880013691187,0.207014363899613
25010,0.27776532951347,0.0744035232901048,0.468546055726021,0.179285091470404
25011,0.146558236234234,0.644593043207559,0.148484703006622,0.0603640175515856
25012,0.0718494286525952,0.406025829956128,0.201239795992075,0.320884945399202
25013,0.371503117468231,0.0910598567952205,0.252920152641238,0.28451687309531
25014,0.125046163797379,0.278943628072739,0.526111662387848,0.0698985457420349
25015,0.379402088198159,0.281343502462365,0.201510140367306,0.13774426897217
25016,0.158772568143232,0.324966093153772,0.156801084971396,0.359460253731601
25017,0.147859419366231,0.252455877304844,0.525504028272154,0.074180675056771
25018,0.537033605492854,0.219931657166816,0.170577417971699,0.072457319368631
25019,0.190833254226794,0.563009973145947,0.151733099283776,0.0944236733434821
25020,0.231032173232682,0.21693263427612,0.195717239188429,0.356317953302769
25021,0.199207709723768,0.112747439092006,0.408808294004264,0.279236557179962
25022,0.125934693990192,0.232021815539057,0.373507868454095,0.268535622016657
25023,0.154777652983859,0.340129718488293,0.425321031748699,0.0797715967791496
25024,0.580722161840233,0.120497228510637,0.205999332755794,0.0927812768933367
25025,0.334922268915671,0.202463185677088,0.167691282882186,0.294923262525055
25026,0.385102140237487,0.324037029923664,0.191664450988074,0.099196378850775
25027,0.116044243066514,0.388635179654468,0.27007936827661,0.225241209002408
25028,0.558253808073586,0.164135793920285,0.20223116271999,0.0753792352861394
25029,0.117546422518098,0.198935297147404,0.603183677745109,0.0803346025893896
25030,0.157633741427473,0.083714040628494,0.548856393958819,0.209795823985214
25031,0.157285602072519,0.0951040319733622,0.514462236422764,0.233148129531355
25032,0.126604965028389,0.0909841026805685,0.660639196364844,0.121771735926199
25033,0.350189070409211,0.190977802603775,0.333268145718221,0.125564981268793
25034,0.146769112541132,0.439883563525464,0.160733049468216,0.252614274465187
25035,0.251210276055489,0.17129694180633,0.295494441620923,0.281998340517258
25036,0.151721526733682,0.243207163906311,0.202151647274245,0.402919662085762
25037,0.215907838703575,0.480193488594987,0.14848519640438,0.155413476297059
25038,0.310603355029275,0.310753290515442,0.182614150384279,0.196029204071003
25039,0.158591027301817,0.37290402135539,0.303716024645685,0.164788926697107
25040,0.281329729596666,0.435724241606123,0.197338423053575,0.0856076057436349
25041,0.197584287804248,0.591579024430953,0.100164578111206,0.110672109653593
25042,0.215602666139603,0.226476818323135,0.352889984846115,0.205030530691147
25043,0.132340880220248,0.372857606006527,0.138313697849418,0.356487815923807
25044,0.389765272078239,0.121435524150367,0.352817367987919,0.135981835783475
25045,0.0820523314750643,0.197025171055265,0.587738130044723,0.133184367424948
25046,0.0964885705004207,0.697647257946866,0.0527504968773463,0.153113674675368
25047,0.320979659571941,0.184256481889732,0.269113097624676,0.225650760913652
25048,0.076282251373114,0.446221864793054,0.218643981736095,0.258851902097737
25049,0.073375441133976,0.372233867645264,0.474202871322632,0.0801878198981285
25050,0.346898246022222,0.401215127173855,0.112226916742239,0.139659710061684
25051,0.161894385871124,0.407943976162195,0.271643527497158,0.158518110469523
25052,0.143576007852495,0.502077627880626,0.120229964251147,0.234116400015733
25053,0.103487479790672,0.192596456187858,0.279941149948274,0.423974914073196
25054,0.0606533700997135,0.54532009566322,0.18579894373491,0.208227590502156
25055,0.0936157181859016,0.65325140953064,0.0801295712590218,0.173003301024437
25056,0.223532165148802,0.134529924446192,0.210330912932645,0.431606997472361
25057,0.213381159504967,0.572543093152986,0.125647457326166,0.0884282900158806
25058,0.517951671167848,0.21330197314398,0.156915174103641,0.111831181584531
25059,0.336962853922886,0.0691508661084006,0.190213787409869,0.403672492558844
25060,0.179510792479241,0.335975746392481,0.246885381546181,0.237628079582098
25061,0.0807767018965148,0.400846555860585,0.22181718877767,0.296559553465231
25062,0.221658857328138,0.504685048048832,0.0812419137451195,0.19241418087791
25063,0.0614525361101062,0.346997868727821,0.295425544153265,0.296124051008807
25064,0.271858920460235,0.427490188647427,0.0626912317167509,0.237959659175588
25065,0.206240838487111,0.525313592315603,0.101918916318465,0.166526652878822
25066,0.309187723962113,0.0822760196333219,0.20633072075013,0.402205535654435
25067,0.182536959648132,0.0785304307937622,0.2873615026474,0.451571106910706
25068,0.0791695725794073,0.166752564411649,0.360343878870366,0.393733984138578
25069,0.092153978581608,0.321154525245591,0.436278866640363,0.150412629532438
25070,0.163073090269072,0.133183432621011,0.165785995635599,0.537957481474318
25071,0.199277389038762,0.531282432843483,0.105144040363193,0.164296137754562
25072,0.127612709048296,0.698971862353594,0.0822954097219153,0.0911200188761948
25073,0.117645964902982,0.500375453385528,0.0538254756765476,0.328153106034943
25074,0.122772826829755,0.593715365277861,0.161161347022941,0.122350460869443
25075,0.195600858199622,0.0962628601867813,0.389024954707174,0.319111326906423
25076,0.065670572710563,0.138665140708276,0.339587869790106,0.456076416791055
25077,0.0590722683486819,0.205677127584347,0.528210318317548,0.207040285749423
25078,0.513040848270667,0.0806780171495381,0.233875397352508,0.172405737227287
25079,0.164214927648342,0.0773210766312721,0.448517094146842,0.309946901573544
25080,0.607306869709105,0.107202192771549,0.0900352867711113,0.195455650748235
25081,0.421251844409771,0.138236546297228,0.183028108640249,0.257483500652753
25082,0.132545635104179,0.404819220304489,0.297388851642609,0.165246292948723
25083,0.143843533752017,0.329668675805162,0.213734615053752,0.312753175389069
25084,0.39221057353835,0.217223300246648,0.312088347070787,0.0784777791442142
25085,0.247249541824687,0.509753581063795,0.171202256000025,0.0717946211114927
25086,0.481171593631161,0.260288797012305,0.180167446131484,0.0783721632250499
25087,0.140343953381299,0.377108942780165,0.399320316294441,0.0832267875440951
25088,0.386244177818298,0.285707831382751,0.250760823488235,0.0772871673107147
25089,0.141431277298602,0.133335371812261,0.634955429842898,0.0902779210462392
25090,0.439999444782755,0.30606840900822,0.177962222026206,0.0759699241828202
25091,0.320355827803078,0.162520480714433,0.331604058569609,0.18551963291288
25092,0.306497164612562,0.207406779571799,0.059255947972803,0.426840107842836
25093,0.481811277839373,0.117122603697738,0.219546165771094,0.181519952691794
25094,0.141156705337118,0.237433899006753,0.544510193832371,0.0768992018237591
25095,0.143500548373896,0.406736633030997,0.384638956532502,0.0651238620626063
25096,0.0844018936841692,0.183566173278069,0.28244902210576,0.449582910932002
25097,0.15154201243943,0.300598570722299,0.459640248407133,0.0882191684311381
25098,0.337342525462173,0.180516583017758,0.20604079654752,0.276100094972549
25099,0.0965267494320869,0.41448512673378,0.390946388244629,0.0980417355895042
25100,0.133277400335093,0.250970272340102,0.536611910636634,0.0791404166881709
25101,0.414465507541623,0.2331907250019,0.26356619007365,0.0887775773828273
25102,0.307484342492417,0.223377595396828,0.157812617323367,0.311325444787388
25103,0.312311743383285,0.419470703891973,0.179447579077595,0.088769973647147
25104,0.134843627555533,0.273307134460392,0.521243552817272,0.0706056851668028
25105,0.153211645180508,0.331390276464385,0.432499994300306,0.0828980840548016
25106,0.343233868922317,0.306988074197832,0.245825584791254,0.103952472088596
25107,0.151225954294205,0.436589062213898,0.18720069527626,0.224984288215637
25108,0.172015166730254,0.452139394437499,0.30514900032986,0.0706964385023877
25109,0.24007419109455,0.46977696522738,0.205636385167187,0.0845124585108825
25110,0.253148220385664,0.170113022026032,0.255757830865448,0.320980926722857
25111,0.217691135142876,0.191487875707628,0.292966897890465,0.297854091259031
25112,0.142105937004089,0.239112481474876,0.511192262172699,0.107589319348335
25113,0.393612921237946,0.330890476703644,0.191516026854515,0.0839805752038956
25114,0.266010701656342,0.266180604696274,0.364283233880997,0.103525459766388
25115,0.165703443203815,0.345218206268278,0.378215933170677,0.11086241735723
25116,0.292637354716003,0.34038684532911,0.265596276497758,0.101379523457129
25117,0.502331387303726,0.249832307916112,0.173694987007118,0.0741413177730438
25118,0.388822206604977,0.239586880197828,0.278966105259197,0.0926248079379977
25119,0.093182039650338,0.335128622844073,0.439543895995671,0.132145441509918
25120,0.29679142765422,0.217791924973013,0.078178053837015,0.407238593535753
25121,0.433140516281128,0.174661040306091,0.20179383456707,0.190404608845711
25122,0.399259638819413,0.292260186720184,0.204868069073495,0.103612105386908
25123,0.431537637819446,0.137955117328952,0.347635276935293,0.0828719679163091
25124,0.106776841780371,0.161110521563221,0.623860959886469,0.10825167676994
25125,0.6490813251927,0.16260825981914,0.11877910350341,0.0695313114847499
25126,0.0779421043089346,0.465932793407631,0.326626275876556,0.129498826406879
25127,0.31833878159523,0.192064791917801,0.194263845682144,0.295332580804825
25128,0.259914703962645,0.166157876436647,0.153584067630293,0.420343351970415
25129,0.245230674743652,0.342013299465179,0.332937985658646,0.0798180401325226
25130,0.199247559882628,0.174847757066719,0.176205327397744,0.449699355652909
25131,0.255727077727633,0.38132917170731,0.0554966804478936,0.307447070117163
25132,0.451203667354529,0.220205884870799,0.163608295267697,0.164982152506975
25133,0.625798068893071,0.0908281301958483,0.212879764266028,0.0704940366450526
25134,0.25968449920886,0.29230042856484,0.126407815122488,0.321607257103812
25135,0.0747937358854334,0.580108242634185,0.0989867701824537,0.246111251297928
25136,0.236086493047025,0.319437838780236,0.341531641964577,0.102944026208163
25137,0.105855268065474,0.490501806423014,0.149277876339022,0.254365049172489
25138,0.114567768139608,0.334445883797232,0.160012851357077,0.390973496706084
25139,0.181693247779016,0.272323834643193,0.160205789199213,0.385777128378579
25140,0.136549194773629,0.0741475028599613,0.396901115659666,0.392402186706744
25141,0.279430121183395,0.3643459379673,0.163163155317307,0.193060785531998
25142,0.18114901533755,0.30524657768552,0.0791121837033725,0.434492223273557
25143,0.167207704240141,0.231315987045437,0.109021865643724,0.492454443070698
25144,0.209386202832851,0.229230392414784,0.103834272978221,0.457549131774144
25145,0.316127548102365,0.168042024017633,0.131369937401114,0.384460490478888
25146,0.267879988731742,0.513914815874177,0.070998503699921,0.14720669169416
25147,0.205051547439443,0.14136407200587,0.401110661062916,0.252473719491771
25148,0.305189820417686,0.288987579114643,0.0688376953366227,0.336984905131049
25149,0.155669881733731,0.591529543760944,0.167683361711477,0.0851172127938478
25150,0.127947537184543,0.135883180262399,0.49710457776331,0.239064704789747
25151,0.0686604658168415,0.457093433824377,0.190466457889484,0.283779642469298
25152,0.442777964791491,0.0779338410342771,0.124213398428361,0.35507479574587
25153,0.306990910061042,0.498458068875295,0.115879471753557,0.078671549310105
25154,0.227586850523949,0.177173510193825,0.404134213924408,0.191105425357819
25155,0.0919428772624051,0.60373110028901,0.0520450700226804,0.252280952425904
25156,0.147848893637922,0.680899282720664,0.0904905077961239,0.0807613158452903
25157,0.129472125454906,0.603446740014754,0.132229585416007,0.134851549114333
25158,0.534829179390178,0.296387780592301,0.0910996611751742,0.0776833788423472
25159,0.132327763254527,0.403277361344138,0.161427391150186,0.302967484251149
25160,0.237582587075752,0.279218963407905,0.309636285613886,0.173562163902457
25161,0.325982386976743,0.109006954595343,0.158148375777179,0.406862282650735
25162,0.303591079345146,0.231137504379545,0.0743443610000095,0.3909270552753
25163,0.133903703119026,0.160453639646782,0.577130343487725,0.128512313746466
25164,0.497870784332202,0.340014206617541,0.0916049371806928,0.0705100718695644
25165,0.210664826790464,0.111744763132107,0.182473930455356,0.495116479622073
25166,0.158059062928841,0.173176961737528,0.370975261494149,0.297788713839482
25167,0.320973448731599,0.432807465654445,0.126628708989277,0.11959037662468
25168,0.213120523290642,0.395665681297566,0.0626009264975924,0.3286128689142
25169,0.237813158051572,0.218893436946769,0.103724084021717,0.439569320979943
25170,0.420201869444424,0.402159276459862,0.0938683908818996,0.083770463213815
25171,0.514774680137634,0.156943067908287,0.179367423057556,0.148914828896523
25172,0.188001384973567,0.438119364920836,0.187642252076931,0.186236998028666
25173,0.455467416509015,0.0613735783509486,0.195833405728144,0.287325599411893
25174,0.51040403894177,0.105962102726949,0.200663442894888,0.182970415436393
25175,0.661778147058352,0.115379645560833,0.0642606089691772,0.158581598411638
25176,0.108210190324409,0.25819331215178,0.549254472931814,0.0843420245919971
25177,0.23299404631564,0.248753245938521,0.241466682531436,0.276786025214403
25178,0.252475639712973,0.227735570530013,0.435456408729538,0.0843323810274757
25179,0.630075876638859,0.142078788146964,0.160091282129968,0.06775405308421
25180,0.393266350030899,0.0896863639354706,0.357740968465805,0.159306317567825
25181,0.106851123273373,0.109410770237446,0.697291254997253,0.0864468514919281
25182,0.279332173436828,0.214458743384126,0.158138595140216,0.34807048803883
25183,0.370831852716682,0.279591117495166,0.235303226639378,0.114273803148773
25184,0.138645361702282,0.206624427240359,0.480753526665165,0.173976684392193
25185,0.2791298246643,0.200591975432874,0.27670731315889,0.243570886743936
25186,0.161467343568802,0.660209536552429,0.0898855626583099,0.088437557220459
25187,0.264475446841513,0.2407620656831,0.167143635473116,0.327618852002271
25188,0.123865321278572,0.129705667495728,0.565283894538879,0.181145116686821
25189,0.425524260134951,0.198934730823918,0.215513838262191,0.16002717077894
25190,0.380943972440244,0.412159549827589,0.098701809385365,0.108194668346802
25191,0.107031937153099,0.607078808757031,0.177869444425984,0.108019809663886
25192,0.162451403773597,0.296977375402709,0.279478047482342,0.261093173341351
25193,0.388550600665422,0.374636641711668,0.131437611622268,0.105375146000643
25194,0.215997391044996,0.406290725107891,0.268523464669416,0.109188419177697
25195,0.132165873102879,0.225770984928117,0.388901424904104,0.2531617170649
25196,0.11169059741036,0.321850692061345,0.205739531006508,0.360719179521787
25197,0.0786447640546661,0.63177720027,0.126810691413841,0.162767344261493
25198,0.192067347171431,0.441308723438856,0.0777868433962332,0.288837085993479
25199,0.288342365275096,0.130914885727015,0.469694539001421,0.111048209996468
25200,0.134007693335471,0.458600166876615,0.101668410760674,0.305723729027239
25201,0.221059540855566,0.15874733740452,0.288699788840106,0.331493332899809
25202,0.269630682600916,0.165687315122216,0.338149562693368,0.2265324395835
25203,0.323036416904766,0.417707074480075,0.163470961010648,0.0957855476045108
25204,0.0928857407933901,0.106577754814757,0.584924881047941,0.215611623343912
25205,0.144085307243029,0.24973507969782,0.243410326344083,0.362769286715069
25206,0.184924602508545,0.447579622268677,0.19360488653183,0.173890888690948
25207,0.133538216352463,0.176902323961258,0.263558804988861,0.426000654697418
25208,0.294664089302184,0.287930016039759,0.26155254634548,0.155853348312577
25209,0.160260634425215,0.0589567168685427,0.536465293204024,0.244317355502218
25210,0.161476498158187,0.250979110540205,0.452317628126286,0.135226763175323
25211,0.102184204126071,0.330084311295973,0.425620727087148,0.142110757490809
25212,0.343020295247738,0.261173907833903,0.205639857137797,0.190165939780562
25213,0.143104561726545,0.151803009876474,0.544871365508227,0.160221062888754
25214,0.142314825723017,0.211478686674794,0.360353003750831,0.285853483851358
25215,0.40938006001502,0.243072051864622,0.204695737151992,0.142852150968366
25216,0.309996792971992,0.399112892124441,0.155685489049121,0.135204825854445
25217,0.511084754432915,0.299784582100234,0.120467250066521,0.0686634134003302
25218,0.3094994837344,0.370770760132625,0.0797439617071175,0.239985794425857
25219,0.210107278673242,0.543249837409707,0.0748690653611859,0.171773818555864
25220,0.192088970188303,0.152837029971348,0.435185302876769,0.21988869696358
25221,0.131846250085877,0.670478825796238,0.118247182058149,0.0794277420597355
25222,0.165697139926042,0.387253164295343,0.358942177812917,0.0881075179656981
25223,0.172510740570564,0.332435990386665,0.168027234553885,0.327026034488886
25224,0.119915424883996,0.673297996272907,0.126407428634111,0.0803791502089862
25225,0.402455913947346,0.113375824291234,0.262005589544607,0.222162672216813
25226,0.591384194470353,0.165907925587443,0.159620514497925,0.0830873654442789
25227,0.101053065798781,0.693018073640629,0.131009637333381,0.0749192232272087
25228,0.118599565604323,0.160966205015275,0.521348364969319,0.199085864411084
25229,0.0793555423857442,0.189446337914231,0.549765506768022,0.181432612932004
25230,0.185722933603249,0.201132492729518,0.533710006875619,0.0794345667916132
25231,0.0769666685524087,0.481013137139869,0.22605461724306,0.215965577064662
25232,0.197349455992141,0.463519029862895,0.127209065449103,0.211922448695862
25233,0.203762528244219,0.410111123172773,0.28424220853683,0.101884140046177
25234,0.183181562156172,0.351456658860421,0.376984015964567,0.0883777630188405
25235,0.420284646144967,0.242425494121745,0.239049263624869,0.0982405961084188
25236,0.320272984506734,0.332817139721044,0.255070121996627,0.0918397537755948
25237,0.235624219579587,0.496040038587453,0.180724599095789,0.0876111427371715
25238,0.313141926220444,0.329165980033546,0.232995505615868,0.124696588130143
25239,0.296248640175929,0.437274985950068,0.176849586116529,0.0896267877574744
25240,0.180690495813709,0.275214133596315,0.450661059836588,0.0934343107533879
25241,0.497011568419549,0.27114620602767,0.155968679815764,0.0758735457370166
25242,0.184361864068397,0.291832101831907,0.373296536606757,0.150509497492939
25243,0.171496478147857,0.450893753008638,0.298422212922242,0.0791875559212632
25244,0.253755059037282,0.446832381981129,0.20206451114916,0.0973480478324287
25245,0.198817031076677,0.303093584649962,0.418053838745161,0.0800355455281999
25246,0.252041220664978,0.356684744358063,0.304210335016251,0.0870636999607086
25247,0.221773207187653,0.269573003053665,0.377482950687408,0.131170839071274
25248,0.169201108354347,0.301440958700194,0.305328969736829,0.22402896320863
25249,0.230009984522909,0.480311624999171,0.214401644253706,0.0752767462242135
25250,0.265522595263681,0.334256971862063,0.312467242591571,0.0877531902826847
25251,0.17670883764949,0.240521065608295,0.431758774273359,0.151011322468857
25252,0.657637133992548,0.12488515954208,0.133270370958828,0.0842073355065436
25253,0.257060259580612,0.375272303819656,0.172197461128235,0.195469975471497
25254,0.387626429224815,0.197861159648642,0.0575005955900842,0.357011815536459
25255,0.52554714679718,0.211497738957405,0.0893983542919159,0.173556759953499
25256,0.136183277279821,0.687412145314411,0.117293291230847,0.0591112861749205
25257,0.176587280979942,0.317630047833472,0.369402015665143,0.136380655521443
25258,0.438360737611033,0.140823956107379,0.134569938940706,0.286245367340882
25259,0.200183033943176,0.497553527355194,0.198943912982941,0.103319525718689
25260,0.0851197826099428,0.488166831610101,0.213254016440302,0.213459369339654
25261,0.503004949427957,0.22801124200183,0.201782964103559,0.0672008444666548
25262,0.258484276074799,0.344017627418173,0.0992999605782327,0.298198135928796
25263,0.403487580910695,0.229230322562745,0.232837625359368,0.134444471167193
25264,0.167901101230101,0.159505771987226,0.395004427358574,0.277588699424098
25265,0.529363214969635,0.283646136522293,0.116711296141148,0.0702793523669243
25266,0.191830934523276,0.520924870080686,0.211381526376169,0.075862669019868
25267,0.122185699473959,0.259441450800982,0.4932922716911,0.125080578033959
25268,0.147728997790717,0.379311450853455,0.395661213897047,0.077298337458782
25269,0.188395622199709,0.262257907722263,0.174329417561433,0.375017052516595
25270,0.431859308006476,0.15993137419326,0.208078887938278,0.200130429861986
25271,0.049368344615164,0.21718008978054,0.64012712717151,0.0933244384327861
25272,0.151930540800095,0.25043511390686,0.292715728282928,0.304918617010117
25273,0.2473981193035,0.178903841029279,0.212724844190099,0.360973195477122
25274,0.255592666399697,0.175055543331637,0.229679443547742,0.339672346720924
25275,0.550291192910623,0.247517010141544,0.127944278596586,0.0742475183512461
25276,0.350986684099038,0.384545409909704,0.164501530460991,0.0999663755302671
25277,0.133381179971011,0.0884010316342653,0.530211476322117,0.248006312072606
25278,0.368235439062119,0.379413396120071,0.0866107046604157,0.165740460157394
25279,0.514250272725706,0.114267422471932,0.0471460478699277,0.324336256932435
25280,0.140271858425974,0.192274422886032,0.58756977757491,0.0798839411130841
25281,0.240246474742889,0.0896881222724915,0.573496758937836,0.0965686440467834
25282,0.527557114975262,0.0992941744888509,0.140136758232983,0.233011952302905
25283,0.202347183332466,0.102020715267392,0.389516818054772,0.306115283345369
25284,0.194892520936188,0.523482528808547,0.157141693681418,0.124483256573847
25285,0.456192427036279,0.16173030195042,0.184387323492954,0.197689947520346
25286,0.508506842084331,0.138165475996814,0.147951038896308,0.205376643022547
25287,0.105182535548827,0.668939814123946,0.137336635858042,0.088541014469185
25288,0.118391644012679,0.103173936998067,0.299707987895846,0.478726431093408
25289,0.0742954727577207,0.405097108851502,0.220604767474319,0.300002650916458
25290,0.207929009553597,0.402693498255022,0.160659841924601,0.228717650266781
25291,0.395016783550132,0.171410111018865,0.149397505083717,0.284175600347286
25292,0.150056695934731,0.109346815386604,0.254323348145285,0.486273140533379
25293,0.151284258029334,0.25235813104039,0.217053153602685,0.379304457327591
25294,0.145825522330784,0.433609790110734,0.0719515095941947,0.348613177964288
25295,0.189103186130524,0.100423485040665,0.274623900651932,0.43584942817688
25296,0.134075330705573,0.710076283068602,0.09179613876039,0.0640522474654354
25297,0.0928747409684641,0.59408800466162,0.166906651104093,0.146130603265823
25298,0.700296526404444,0.105816238416852,0.102803290656234,0.0910839445224698
25299,0.537776955034985,0.113663801754472,0.25957703977193,0.0889822034386129
25300,0.197383371034512,0.535084001197159,0.0672426362746561,0.200289991493672
25301,0.464914230401172,0.0935941543337199,0.179437603320933,0.262054011944176
25302,0.481681361248534,0.141298849621381,0.155748357050072,0.221271432080014
25303,0.147420015616268,0.529326248258511,0.22201080124056,0.101242934884661
25304,0.0619167266152826,0.138274735433224,0.583578255038482,0.216230282913012
25305,0.619003896556824,0.143245727891071,0.151197032266833,0.0865533432852726
25306,0.223864934559612,0.417699885895845,0.0774986021965326,0.280936577348011
25307,0.158830148595122,0.28322544271908,0.174120781211245,0.383823627474552
25308,0.158832034425141,0.667223180354505,0.0986765883369963,0.075268196883358
25309,0.0938247914852683,0.19468452511138,0.322375548954093,0.389115134449259
25310,0.473644495010376,0.268533408641815,0.0923061370849609,0.165515959262848
25311,0.381300555823768,0.303379370423229,0.238888825724519,0.0764312480284832
25312,0.1661726385355,0.157546773552895,0.583683550357819,0.0925970375537872
25313,0.366991961494208,0.210124578921131,0.261572446501666,0.161311013082996
25314,0.461274352213186,0.189760132210254,0.108696422661123,0.240269092915437
25315,0.451277199311423,0.255870952852312,0.218601288282794,0.0742505595534706
25316,0.272869928308134,0.196843627283357,0.177789364588895,0.352497079819615
25317,0.264254838228226,0.255195617675781,0.329639285802841,0.150910258293152
25318,0.518913380519846,0.202101793853912,0.192530465237342,0.0864543603888994
25319,0.341587054663221,0.472795511108403,0.11134344175014,0.0742739924782362
25320,0.14087908620363,0.137331775585903,0.518360345461348,0.203428792749119
25321,0.102991133160955,0.261118827304849,0.532462175693645,0.103427863840551
25322,0.42160736258008,0.164370397795129,0.326341231872403,0.0876810077523885
25323,0.4415739277357,0.140743869708714,0.319130010585413,0.0985521919701738
25324,0.280574896352735,0.377558659838398,0.165967976032733,0.175898467776134
25325,0.250183044000096,0.448113944768057,0.0542098205222948,0.247493190709552
25326,0.173482810660684,0.146215383595687,0.334388027619959,0.34591377812367
25327,0.137995232283927,0.392452370895516,0.185717722347907,0.28383467447265
25328,0.153701376459717,0.0977145635102414,0.587554620484532,0.16102943954551
25329,0.252579154465937,0.119098686569174,0.181114913382492,0.447207245582396
25330,0.131890807506168,0.192301234373487,0.473686351587962,0.202121606532383
25331,0.221887121582946,0.371329175144248,0.0557812328240827,0.351002470448724
25332,0.227866180900747,0.252246193520838,0.137800406283128,0.382087219295287
25333,0.117709210251134,0.370621735295329,0.0965444058694779,0.415124648584058
25334,0.30161295860645,0.41941318864982,0.0615242727107721,0.217449580032958
25335,0.13280944724097,0.252677712629403,0.320645694742288,0.293867145387339
25336,0.130351122309234,0.30675931850793,0.434678124347981,0.128211434834855
25337,0.165019558109489,0.0823884090959162,0.439773771463139,0.312818261331456
25338,0.142847914780614,0.18685657342841,0.482013835966999,0.188281675823977
25339,0.366066989555456,0.10865827568875,0.344101903258995,0.181172831496799
25340,0.137220524979861,0.55702421409036,0.184527512462587,0.121227748467192
25341,0.102921421695288,0.627561004717901,0.13949967297168,0.13001790061513
25342,0.12253951098711,0.296150709746022,0.472159199831498,0.10915057943537
25343,0.195544911622287,0.32407667425789,0.403786596909757,0.076591817210066
25344,0.186661135355302,0.180842708399457,0.435935731883987,0.196560424361254
25345,0.199031597347009,0.325396934908537,0.331920395252716,0.143651072491737
25346,0.293361551166212,0.0836664531454396,0.322539724168324,0.300432271520025
25347,0.519194841384888,0.244923934340477,0.134613141417503,0.101268082857132
25348,0.342721532068298,0.237026951820462,0.170477231457151,0.249774284654089
25349,0.13677686656679,0.245912138311746,0.524773307513793,0.0925376876076711
25350,0.415134125722436,0.168864948021398,0.229848292025204,0.186152634230962
25351,0.272304352040524,0.18609419187763,0.368073547362185,0.17352790871966
25352,0.258026343197808,0.189377957107631,0.141334540009553,0.411261159685008
25353,0.169177956766876,0.138874882211914,0.32488758899774,0.36705957202347
25354,0.48265384189326,0.192747453071253,0.24357413519698,0.0810245698385069
25355,0.13364432951278,0.390440827465666,0.140932383253163,0.334982459768392
25356,0.153076539841993,0.155843595986259,0.315541436805086,0.375538427366661
25357,0.187992454975787,0.375613841232761,0.333252492049728,0.103141211741725
25358,0.361190925872056,0.269283153691386,0.232619575638162,0.136906344798396
25359,0.445413705368238,0.149807139114982,0.302463737856867,0.102315417659913
25360,0.140852998469681,0.233511142924096,0.420093553659512,0.205542304946712
25361,0.297620528244513,0.181750874629225,0.408647021457992,0.11198157566827
25362,0.128142010326922,0.18202225321465,0.555808587199194,0.134027149259235
25363,0.156136257109996,0.326762462753617,0.186518994174615,0.330582285961773
25364,0.151395268055585,0.238493497900374,0.411688137576944,0.198423096467097
25365,0.384353667497635,0.0814405530691147,0.172741159796715,0.361464619636536
25366,0.152823120355606,0.328869849443436,0.258598268032074,0.259708762168884
25367,0.126697514256761,0.457021279842296,0.276256569512384,0.140024636388559
25368,0.26106091361266,0.454702777612851,0.217331222544192,0.0669050862302972
25369,0.305920924158083,0.187590044921785,0.341950351864839,0.164538679055293
25370,0.164509291514477,0.299677780280179,0.388518500670239,0.147294427535104
25371,0.136564614423582,0.595106610582867,0.168785842788008,0.0995429322055419
25372,0.40591352573166,0.167003226771903,0.339138383580172,0.087944863916265
25373,0.147042995867551,0.470511766045584,0.280154777756049,0.102290460330816
25374,0.122345240747113,0.278611157515811,0.522403426802209,0.0766401749348667
25375,0.175253704190254,0.527792394161224,0.203197225928307,0.0937566757202148
25376,0.213993913352308,0.202594390588832,0.366001885116157,0.217409810942704
25377,0.189098407896691,0.478200768326183,0.223861980683849,0.108838843093277
25378,0.380904495716095,0.213133946061134,0.310638874769211,0.0953226834535599
25379,0.248627534105499,0.496799003261305,0.176689092293883,0.0778843703393125
25380,0.183649557585263,0.509197302299698,0.211523297600795,0.0956298425142444
25381,0.176434884177599,0.277348241885059,0.212264814607358,0.333952059329985
25382,0.495927274227142,0.172771260142326,0.194214627146721,0.13708683848381
25383,0.111195638775826,0.607947707176209,0.192936301231384,0.0879203528165817
25384,0.171994643986145,0.232230413440323,0.450021899491875,0.145753043081657
25385,0.120231744044073,0.116212021821379,0.607691448697703,0.155864785436845
25386,0.320464571700556,0.240268282882324,0.151098693874517,0.288168451542602
25387,0.292670126368551,0.119623286729704,0.214766290563847,0.372940296337898
25388,0.219069891599718,0.321787824577456,0.366788465774403,0.092353818048423
25389,0.2387333923767,0.420477115802808,0.205374908367173,0.135414583453319
25390,0.181518629193306,0.286585003137589,0.44401541352272,0.0878809541463852
25391,0.191338282952632,0.2620952388332,0.270635183593107,0.275931294621061
25392,0.187888190150261,0.141715407371521,0.564296960830689,0.10609944164753
25393,0.118955265910767,0.502900525841101,0.252728305675736,0.125415902572396
25394,0.137755736708641,0.287357598543167,0.502529859542847,0.0723568052053452
25395,0.144655527839892,0.261872802106631,0.364203845921216,0.229267824132261
25396,0.15403542953624,0.535228713296988,0.204249375931937,0.106486481234834
25397,0.132484700307706,0.221751891918424,0.555952293993464,0.0898111137804057
25398,0.245904646935921,0.177334690769473,0.310254087738571,0.266506574556036
25399,0.209566470838093,0.265357907632621,0.22420258485969,0.300873036669596
25400,0.128731885758107,0.3964367033644,0.332777455473954,0.142053955403539
25401,0.20991369217377,0.220243609554875,0.242632023770571,0.327210674500784
25402,0.401937478751876,0.217984389990801,0.236002873837905,0.144075257419418
25403,0.15373552992041,0.373196921351621,0.376210234100888,0.0968573146270816
25404,0.268448923058047,0.178885879798023,0.32406124955507,0.22860394758886
25405,0.372890561819077,0.328310340642929,0.210857659578323,0.087941437959671
25406,0.173727822695258,0.300875331448386,0.289228375416571,0.236168470439785
25407,0.178892792604065,0.112603747193543,0.42580628712331,0.282697173079082
25408,0.260761610842895,0.318115016278177,0.18790117836293,0.233222194515997
25409,0.223064723954569,0.163731339033415,0.522081442506335,0.091122494505681
25410,0.0634308433744742,0.296562779822842,0.52308021027296,0.116926166529724
25411,0.14258395560336,0.224944896249321,0.227540693507811,0.404930454639508
25412,0.386336532336946,0.297569064069025,0.219554020318732,0.0965403832752974
25413,0.50819489689645,0.256314413292699,0.17280260317312,0.0626880866377308
25414,0.121989453166566,0.28619248101402,0.51416117719056,0.0776568886288537
25415,0.130625544032074,0.174914491550408,0.508525721601759,0.185934242815759
25416,0.262193199065429,0.272671814670089,0.262381072902961,0.202753913361521
25417,0.134315708235694,0.323527172646202,0.465796211400798,0.0763609077173066
25418,0.129961104169198,0.534209553407204,0.220803068733238,0.11502627369036
25419,0.146866463333854,0.318000899449038,0.468471253509065,0.0666613837080426
25420,0.172359796946642,0.344410096770675,0.335937057971016,0.147293048311666
25421,0.29833922012403,0.370905014655776,0.252975882984518,0.0777798822356752
25422,0.291550593455854,0.237816576459263,0.148361706061883,0.322271124023
25423,0.465424360905626,0.098751285746617,0.247556686547,0.188267666800757
25424,0.128880049917696,0.167518968358071,0.496717438199597,0.206883543524637
25425,0.14654887994306,0.0993535056806578,0.597537031806454,0.156560582569829
25426,0.178425895846276,0.532009132683413,0.0898704989235177,0.199694472546793
25427,0.183540899542517,0.252939387980736,0.273015840469847,0.290503872006901
25428,0.116241369657476,0.0590531435891049,0.530406638073723,0.294298848679696
25429,0.292648689777463,0.0855828038342534,0.28718020228236,0.334588304105924
25430,0.55894632396727,0.127220186454509,0.218811710599327,0.0950217789788942
25431,0.100898506445516,0.565657347741712,0.19711731836333,0.136326827449443
25432,0.310627689640889,0.149515222027444,0.175533930196347,0.36432315813532
25433,0.0584038202345656,0.0867853990702733,0.562589232344845,0.292221548350316
25434,0.435703569118625,0.134485317252795,0.207394328603233,0.222416785025347
25435,0.435271699813233,0.236976067884687,0.176179372199448,0.151572860102632
25436,0.146481972093233,0.474656331082455,0.0593054390879792,0.319556257736333
25437,0.406672745943069,0.269151508808136,0.17220813035965,0.151967614889145
25438,0.227323576807976,0.301063150167465,0.364168524742126,0.107444748282433
25439,0.136343614282784,0.095341660792691,0.449557099115529,0.318757625808996
25440,0.089222713640163,0.0789549717384951,0.655004377253321,0.176817937368021
25441,0.390984439984196,0.184850928413109,0.173562270796861,0.250602360805834
25442,0.0666314847747694,0.0577389518398206,0.559482605726418,0.316146957658993
25443,0.3775316392437,0.240726942403757,0.0823754873340841,0.299365931018458
25444,0.0949461502557762,0.171138175031759,0.234274204117397,0.499641470595068
25445,0.182255246442046,0.473520955749793,0.143898046488973,0.200325751319189
25446,0.381251451512788,0.163572086665242,0.0922472991626911,0.362929162659279
25447,0.148404108709158,0.292211834970293,0.104103298546423,0.455280757774126
25448,0.326135702270322,0.295218980950541,0.0722700746119784,0.306375242167158
25449,0.0764491065472897,0.458875002928078,0.101658442517612,0.36301744800702
25450,0.579673239285845,0.141242312509452,0.171567248874415,0.107517199330288
25451,0.236918515081759,0.529972593114801,0.126106942962596,0.107001948840844
25452,0.587672412395477,0.155503958463669,0.0474493354558945,0.209374293684959
25453,0.0973328053951263,0.122688829898834,0.214140564203262,0.565837800502777
25454,0.241047574273888,0.119936368465898,0.421278682192574,0.217737375067641
25455,0.340587953942655,0.159173091029319,0.137268621840138,0.362970333187888
25456,0.161854416131973,0.151085212826729,0.185144856572151,0.501915514469147
25457,0.0942226403752869,0.176628183350827,0.529027927018078,0.200121249255808
25458,0.487645573729956,0.130233453664682,0.162288280759577,0.219832691845785
25459,0.668514062933414,0.0799059334411333,0.127995772242609,0.123584231382843
25460,0.0919136202018027,0.265476113531205,0.54487354781196,0.0977367184550327
25461,0.0428560690155651,0.0859121637758674,0.33563805876814,0.535593708440427
25462,0.0973517994637139,0.30392441946071,0.041137752264605,0.557586028810971
25463,0.349468264909107,0.0605423494489009,0.133242742716254,0.456746642925739
25464,0.0628531537739543,0.429483864934214,0.180726517395585,0.326936463896247
25465,0.668836116790772,0.127991870045662,0.0532710552215576,0.149900957942009
25466,0.0667589753866196,0.157974913716316,0.62343180179596,0.151834309101105
25467,0.177702459360696,0.171903419075957,0.0515499420694998,0.598844179493847
25468,0.0889807696123249,0.34225293228955,0.204245994890198,0.364520303207927
25469,0.133376700678815,0.549714080248563,0.0422896438495868,0.274619575223035
25470,0.129847807737473,0.176094633697053,0.543819180968118,0.150238377597356
25471,0.0491824796210131,0.336773642738966,0.0577320769582858,0.556311800681735
25472,0.139947846531868,0.156866267323494,0.110008209943771,0.593177676200867
25473,0.326733117203908,0.119930269121085,0.225841510680936,0.327495102994071
25474,0.143722807219272,0.459771261133035,0.0474850812083696,0.349020850439324
25475,0.0959649831056595,0.517228662967682,0.103845581412315,0.282960772514343
25476,0.22763586686418,0.323324370260374,0.0391961545051577,0.409843608370289
25477,0.141298244990278,0.11691277600175,0.255550850596342,0.486238128411631
25478,0.0796634355087112,0.290396818232442,0.0525727809242243,0.577366965334623
25479,0.0534026293464299,0.0823782319096278,0.670538730962635,0.193680407781307
25480,0.192380981090523,0.0944471738818822,0.299089881025924,0.41408196400167
25481,0.128356706251004,0.654836158310289,0.0890902850302969,0.12771685040841
25482,0.349323483923998,0.259181888842448,0.28701320504407,0.104481422189485
25483,0.237519596329946,0.444089810069361,0.234745864506996,0.0836447290936979
25484,0.254029994920567,0.108281503057811,0.22079691784375,0.416891584177872
25485,0.543564192301569,0.15360139081476,0.188889753984068,0.113944662899604
25486,0.186061913190427,0.227185942912521,0.342071701822528,0.244680442074524
25487,0.252793561792086,0.138260460120162,0.191612296921565,0.417333681166188
25488,0.288254205707523,0.191758769627791,0.163022341773247,0.356964682891439
25489,0.26088160276413,0.307544112205505,0.182340979576111,0.249233305454254
25490,0.131559279600696,0.157627191596616,0.624682591303827,0.0861309374988615
25491,0.147218661713878,0.323960279285316,0.161125096099453,0.367695962901353
25492,0.42755052447319,0.218420460820198,0.24508036673069,0.108948647975922
25493,0.0757604224437381,0.101034154719841,0.375594279715547,0.447611143120874
25494,0.382809592061806,0.247304950029927,0.154364176644496,0.215521281263771
25495,0.400466978549957,0.151138976216316,0.254241108894348,0.194152936339378
25496,0.0968962818846661,0.2165059266015,0.60408776098359,0.0825100305302437
25497,0.100843281305159,0.141559750896392,0.669575755816517,0.0880212119819314
25498,0.602157148622402,0.100835989378274,0.104492510654367,0.192514351344957
25499,0.119422672399541,0.180349004561469,0.5536559737674,0.14657234927159
25500,0.612104498300869,0.0857405768983281,0.193773142761482,0.108381782039321
25501,0.142647423902,0.428892518811972,0.223273320393164,0.205186736892863
25502,0.369104206562042,0.142400488257408,0.39897882938385,0.0895164757966995
25503,0.0848024611233931,0.102856081639049,0.532970412583041,0.279371044654517
25504,0.248140431885136,0.53780301027903,0.140634973068088,0.0734215847677465
25505,0.170201890328611,0.364641652910783,0.253211211556697,0.211945245203908
25506,0.18100757215951,0.185811334214121,0.443002213969926,0.190178879656444
25507,0.212530467100895,0.225447702787037,0.164812775922012,0.397209054190055
25508,0.0894418203127249,0.635502512488495,0.20394612696807,0.0711095402307098
25509,0.402238786220551,0.185379013419151,0.280344724655151,0.132037475705147
25510,0.285604953765869,0.247755438089371,0.245198011398315,0.221441596746445
25511,0.608036352873661,0.115946220962991,0.114118556248811,0.161898869914536
25512,0.390062054473418,0.214201625432159,0.273886486271064,0.121849833823359
25513,0.157586840427118,0.243756305519397,0.225372281292494,0.373284572760991
25514,0.165799036622047,0.343239545822144,0.370785176753998,0.120176240801811
25515,0.104912794344777,0.374486294578863,0.142486273180796,0.378114637895564
25516,0.171264654817606,0.507074196155153,0.096548165997422,0.225112983029819
25517,0.302759179555153,0.249982051550807,0.225263080753776,0.221995688140264
25518,0.349775233878181,0.253048643288097,0.216773169233014,0.180402953600707
25519,0.232082694768906,0.493078768253326,0.191491574048996,0.083346962928772
25520,0.169893350380063,0.36858364115841,0.36706649436653,0.0944565140949969
25521,0.291067506506033,0.337210411768997,0.12879496620901,0.242927115515961
25522,0.181375614641207,0.404872220536818,0.21890718256352,0.194844982258455
25523,0.579827363939379,0.118462755393514,0.214469431232889,0.0872404494342174
25524,0.216895742231354,0.257913068408553,0.360338381549024,0.16485280781107
25525,0.425024028123857,0.190435659315327,0.124703593534445,0.25983671902637
25526,0.211475652285283,0.50684642036488,0.181424287238355,0.100253640111482
25527,0.308392201489094,0.284724478195972,0.253657791818049,0.153225528496884
25528,0.429056707241064,0.176037864208504,0.29027557589319,0.104629852657243
25529,0.450019346550828,0.196433983610346,0.245440626347088,0.108106043491738
25530,0.191798339356395,0.493536051025632,0.19240334143358,0.122262268184393
25531,0.107771085318492,0.226293015871838,0.585279294629086,0.0806566041805834
25532,0.143464995272979,0.509175650638705,0.255283083687975,0.0920762704003413
25533,0.292867552223338,0.221069061050902,0.408064738216428,0.0779986485093329
25534,0.129492124743408,0.470790615862189,0.300673289627133,0.0990439697672711
25535,0.280832547899283,0.476604583035717,0.134393745731888,0.108169123333112
25536,0.0946003170430566,0.372457552777006,0.407414513605401,0.125527616574537
25537,0.144751350738068,0.271995119094994,0.362245995931447,0.221007534235491
25538,0.530319599153379,0.161843099690241,0.192997450761364,0.114839850395016
25539,0.396032470287344,0.331139460107958,0.1876534754479,0.0851745941567985
25540,0.119268154469199,0.165804199835846,0.622358707593026,0.0925689381019296
25541,0.409894168376923,0.327088087797165,0.183797463774681,0.0792202800512314
25542,0.148799585533136,0.323428993276194,0.187814476904489,0.339956944286182
25543,0.249811744313205,0.210414786869618,0.432010243058434,0.107763225758744
25544,0.321307556697375,0.472747767785448,0.0820880426065348,0.123856632910642
25545,0.413177543682195,0.241516407705599,0.230373617554104,0.114932431058102
25546,0.222782217777305,0.527761920459213,0.158487255618356,0.0909686061451255
25547,0.132119765823473,0.277300906656723,0.505455993359804,0.0851233341600001
25548,0.215046486706927,0.260275610097516,0.297319182673668,0.227358720521889
25549,0.147813629780405,0.112537567782307,0.548779952180834,0.190868850256454
25550,0.246329613139343,0.178504998132438,0.147514920010718,0.427650468717502
25551,0.251785840812536,0.130586041054338,0.221946951419906,0.39568116671322
25552,0.211990586280542,0.401342493335679,0.258010782540166,0.128656137843613
25553,0.156002177625878,0.512495394703035,0.219302384411526,0.112200043259561
25554,0.108371665949052,0.618134906617777,0.175011125579311,0.0984823018538609
25555,0.496412634849548,0.119277603924274,0.105889461934567,0.278420299291611
25556,0.25093733890448,0.517953149706823,0.164947373197267,0.0661621381914297
25557,0.396964693114688,0.329587752676193,0.185387236097645,0.0880603181114745
25558,0.469829575126482,0.159135113384273,0.147852267388932,0.223183044100313
25559,0.519580491178937,0.24567707249041,0.159255194056857,0.0754872422737962
25560,0.30236578212951,0.445822748883238,0.11666990158461,0.135141567402643
25561,0.219122242642608,0.435388975808189,0.145405335047762,0.200083446501442
25562,0.19234029662102,0.284581656983768,0.38907670394962,0.134001342445592
25563,0.404297638131573,0.260120969718142,0.251711469220138,0.0838699229301478
25564,0.121085567458189,0.190534901759998,0.615014722719569,0.0733648080622433
25565,0.36442991548136,0.0988679066469087,0.251963254035067,0.284738923836665
25566,0.111907548368666,0.449306007852361,0.255666045429811,0.183120398349163
25567,0.0779715054622741,0.429023636252392,0.346474330022166,0.146530528263167
25568,0.368863769669766,0.36394722083093,0.184605379058541,0.0825836304407633
25569,0.266541200881845,0.33231876795059,0.325526759377416,0.0756132717901496
25570,0.358544319868088,0.212587788701057,0.282807320356369,0.146060571074486
25571,0.297287459711917,0.213957738668356,0.212782260585096,0.275972541034631
25572,0.477721728052523,0.172099592865997,0.191434654465834,0.158744024615646
25573,0.135348690519501,0.641327073554291,0.16465838008138,0.0586658558448277
25574,0.13369046944504,0.0952779228467833,0.581010966993296,0.19002064071488
25575,0.395783618249609,0.232040009199083,0.260556509325038,0.11161986322627
25576,0.372679862176477,0.198822738221457,0.311865242659042,0.116632156943024
25577,0.288971832723265,0.115811255103014,0.213725351878245,0.381491560295476
25578,0.486030638217926,0.247639700770378,0.130035534501076,0.13629412651062
25579,0.578861215008005,0.205012716166201,0.147698620420001,0.068427448405793
25580,0.266112830249774,0.388354921514468,0.180519697360401,0.165012550875358
25581,0.462846249341965,0.167902365326881,0.115292116999626,0.253959268331528
25582,0.0934312303897452,0.216671191776961,0.174635670134264,0.51526190769903
25583,0.474220019794255,0.13061189164922,0.318649727156396,0.0765183614001289
25584,0.218419480598263,0.293611650073702,0.173608395064002,0.314360474264033
25585,0.17016922920438,0.279503515973582,0.177090877977285,0.373236376844753
25586,0.135196581482887,0.235040932893753,0.556262850761414,0.0734996348619461
25587,0.583353305855196,0.209174024511932,0.137670166035285,0.0698025035975871
25588,0.264037046790675,0.195546272330676,0.204412210053387,0.336004470825262
25589,0.496008880376948,0.25175449627272,0.161839115051018,0.0903975082993136
25590,0.207975697398548,0.253772493395619,0.162285772527966,0.375966036677867
25591,0.150096456703649,0.342919101032045,0.221001692980477,0.285982749283828
25592,0.343529619504428,0.45059056097099,0.0833761338154107,0.122503685709171
25593,0.14983203186834,0.43307893424089,0.31049771504839,0.106591318842381
25594,0.20691154897213,0.302116453647614,0.222777888178825,0.268194109201431
25595,0.366336987897917,0.367707060323971,0.154580361600832,0.111375590177279
25596,0.0909348025253133,0.0601959369426488,0.667978378697183,0.180890881834855
25597,0.354218439973204,0.172270500202831,0.0909273367029676,0.382583723120998
25598,0.246879979968071,0.312246710062027,0.169642195105553,0.271231114864349
25599,0.160756287563499,0.163576689905276,0.472249739285562,0.203417283245664
25600,0.163063641718098,0.124559623199114,0.606845484520968,0.10553125056182
25601,0.559535622596741,0.0796531364321709,0.255839169025421,0.104972071945667
25602,0.275931292565213,0.0867358799263266,0.235742012357518,0.401590815150943
25603,0.599571919415708,0.202040445926216,0.119538053544644,0.0788495811134327
25604,0.129402914818991,0.641339452206815,0.161543004443809,0.0677146285303848
25605,0.136568698359326,0.095007548369636,0.292985654465534,0.475438098805504
25606,0.154199156631511,0.599437428998294,0.14751716287845,0.098846251491746
25607,0.308308546368905,0.397473460398219,0.0946872695488821,0.199530723683994
25608,0.120093299149077,0.267886485637926,0.292335565502412,0.319684649710586
25609,0.648920033443274,0.132784358631749,0.0935353089477655,0.124760298977212
25610,0.335103983654022,0.162918654636761,0.165132773442078,0.336844588267139
25611,0.135146741126381,0.387574237214751,0.363795082682225,0.113483938976644
25612,0.149371959608821,0.314973519778361,0.445345603804434,0.0903089168083848
25613,0.463764818682383,0.231814698468763,0.219996454119894,0.0844240287289602
25614,0.344696134328842,0.225080087780952,0.174079641699791,0.256144136190414
25615,0.340691444719647,0.380928751968378,0.18483240764713,0.0935473956648454
25616,0.145569054103359,0.397551918066264,0.266399111354364,0.190479916476013
25617,0.501545436703346,0.200596097120585,0.221742186274263,0.0761162799018067
25618,0.127499852403994,0.223611033666463,0.575592177378898,0.0732969365506451
25619,0.167978710233372,0.110373121141386,0.51304372076108,0.208604447864162
25620,0.1680256252285,0.129535807229045,0.512174717900534,0.190263849641921
25621,0.130425373821505,0.117782409571767,0.657122885543001,0.0946693310637276
25622,0.324875476396646,0.213236288824948,0.356896283901455,0.104991950876951
25623,0.158140756570961,0.451890478198656,0.175847895033007,0.214120870197376
25624,0.250373199559856,0.176717837052474,0.309177052427706,0.263731910959964
25625,0.194938945694848,0.255839500663273,0.218899551315599,0.33032200232628
25626,0.21798819953168,0.453862263377376,0.184316715130708,0.143832821960235
25627,0.297111468146229,0.330865636578248,0.179087109308521,0.192935785967002
25628,0.171488424285901,0.390820008242727,0.306685099204931,0.131006468266441
25629,0.286130194159302,0.442429519331895,0.193413707515802,0.0780265789930013
25630,0.220056512208898,0.54705699335996,0.118726898682374,0.114159595748767
25631,0.250820871430324,0.222357865834864,0.355944479168289,0.170876783566523
25632,0.158812593844251,0.43530332069166,0.328980140485313,0.0769039449787748
25633,0.138015255331993,0.179080978035927,0.276521295309067,0.406382471323013
25634,0.474340177690091,0.151061015591935,0.17856601146707,0.196032795250905
25635,0.616735527168744,0.174183609696978,0.115958498656131,0.0931223644781465
25636,0.372923720689901,0.201722794719851,0.19093363908131,0.234419845508938
25637,0.270473100855145,0.178132852260257,0.310752639494915,0.240641407389683
25638,0.206198329010531,0.298008008212209,0.126198267617744,0.369595395159516
25639,0.175959515213363,0.425292975087359,0.173160287337903,0.225587222361374
25640,0.25496974207506,0.222997185245198,0.215182286274697,0.306850786405045
25641,0.194081268984127,0.356976641601944,0.324034553916549,0.12490753549738
25642,0.0692531099114799,0.503712896285302,0.185033829398705,0.242000164404513
25643,0.135598368311026,0.678604085528607,0.106128000847816,0.0796695453125509
25644,0.607644874085333,0.0980766742848359,0.170216207808739,0.124062243821092
25645,0.107503678929198,0.711870220000678,0.108418863580334,0.0722072374897911
25646,0.252869185017509,0.174864438550704,0.482965521768249,0.0893008546635381
25647,0.139600304669137,0.22130915192799,0.403196567249349,0.235893976153523
25648,0.176625048417599,0.138466779543959,0.377631049681635,0.307277122356806
25649,0.218089517404337,0.492749597499126,0.188443506651406,0.100717378445131
25650,0.104828041226716,0.134462272169526,0.530116279800098,0.23059340680366
25651,0.398138028327764,0.336316237935908,0.180141275529303,0.0854044582070249
25652,0.446879973123072,0.133004477605424,0.0756262276601595,0.344489321611344
25653,0.137538515778692,0.39078065101985,0.31661387184941,0.155066961352048
25654,0.0817875197662973,0.500326756390384,0.241125719555659,0.17676000428766
25655,0.0846286322631993,0.0813411456046742,0.703474863540943,0.130555358591183
25656,0.407122293273858,0.257491326127007,0.0986911751037354,0.236695205495399
25657,0.226491472914561,0.466094835582222,0.168881525661991,0.138532165841227
25658,0.288449815259879,0.530858202849084,0.0859885935190739,0.0947033883719627
25659,0.613612550902741,0.128723744413964,0.177466278596708,0.0801974260865875
25660,0.132134038183109,0.700911120345692,0.103464002239645,0.0634908392315546
25661,0.155554001198828,0.0685642382074665,0.338138262574025,0.43774349801968
25662,0.357784144033846,0.404859682808973,0.0644163102414539,0.172939862915728
25663,0.163683785768719,0.106030873164305,0.207594214323206,0.52269112674377
25664,0.0617627196122533,0.515819038099227,0.279048813982437,0.143369428306083
25665,0.0605073606203967,0.29179590831773,0.302998213831342,0.344698517230531
25666,0.164296269416809,0.162245109677315,0.233071610331535,0.440387010574341
25667,0.68558343649593,0.0808038892922757,0.152995518811281,0.080617155400514
25668,0.222865712345093,0.226913911017756,0.0667530705576501,0.483467306079501
25669,0.0629902519577892,0.461651293137747,0.176737199827266,0.298621255077198
25670,0.516483508787312,0.257017981574743,0.147796115925734,0.0787023937122104
25671,0.187120838559264,0.488751884633661,0.24015863060833,0.0839686461987447
25672,0.100448708216159,0.432528834080897,0.23372239319731,0.233300064505634
25673,0.101114068975183,0.437080432642122,0.15154736421469,0.310258134168005
25674,0.449682547142582,0.192616438645614,0.187723090878817,0.169977923332987
25675,0.273048043251038,0.149729281663895,0.292371392250061,0.284851282835007
25676,0.166718818244987,0.6216633637996,0.112265268909994,0.099352549045419
25677,0.538549391117728,0.219247715518015,0.0771509362965264,0.165051957067731
25678,0.143637923246057,0.324378485614382,0.329734082076936,0.202249509062625
25679,0.12199876002972,0.622845686121073,0.0678254042630865,0.187330149586121
25680,0.108093693047064,0.64454531189393,0.18111380799775,0.0662471870612563
25681,0.0886500762604166,0.390790963310138,0.207246851813095,0.31331210861635
25682,0.235719352960587,0.239610105752945,0.188716262578964,0.335954278707504
25683,0.395187404429068,0.317395917002583,0.19102942734409,0.096387251224259
25684,0.0534996268618921,0.58639716009801,0.167728972291034,0.192374240749064
25685,0.153555335902502,0.41971925526439,0.144991832151887,0.28173357668122
25686,0.0989349215905345,0.326900044885279,0.392407130968783,0.181757902555403
25687,0.126716675262402,0.687397669067944,0.115781025823668,0.0701046298459862
25688,0.173350686629096,0.440183000559121,0.300399592506898,0.0860667203048849
25689,0.569767355918884,0.166243121027946,0.176487103104591,0.0875024199485779
25690,0.152223266172686,0.541959853517123,0.222003850683369,0.0838130296268224
25691,0.139842374029124,0.271907534123845,0.512519232742202,0.0757308591048292
25692,0.336079468247906,0.218314760377563,0.15805744653769,0.287548324836841
25693,0.164522949558264,0.390690514237222,0.362705834866446,0.0820807013380684
25694,0.374965935945511,0.164257794618607,0.265814691781998,0.194961577653885
25695,0.335064955094418,0.371785976852163,0.188697640345193,0.104451427708226
25696,0.171191604220805,0.467247906828284,0.278475793290703,0.0830846956602089
25697,0.103987124443438,0.272868863556717,0.540727599241507,0.0824164127583381
25698,0.146985103100094,0.32597465294524,0.310505339816372,0.216534904138294
25699,0.24285288559558,0.197112521658278,0.415116708794979,0.144917883951163
25700,0.242136744372228,0.235482645395238,0.433298401781088,0.0890822084514458
25701,0.240113867520438,0.492797788286226,0.201227916767985,0.0658604274253515
25702,0.126267366976503,0.291941836151534,0.500457439547762,0.0813333573242016
25703,0.270963746117186,0.326446369598223,0.193225822155513,0.209364062129078
25704,0.45865010873489,0.333172408244219,0.143429039840184,0.0647484431807068
25705,0.12032132237192,0.300463667498122,0.505495354369421,0.0737196557605369
25706,0.471279792915586,0.261697854672404,0.193249043922886,0.0737733084891244
25707,0.299197827267614,0.411360508372791,0.195830869612558,0.0936107947470366
25708,0.267625512686562,0.107578069773153,0.537141029068388,0.0876553884718969
25709,0.236540563003438,0.352015952826022,0.330207149094556,0.0812363350759845
25710,0.14732798212242,0.302927450243325,0.442356847945585,0.107387719688669
25711,0.343033934488387,0.203860160650907,0.310835088628008,0.142270816232699
25712,0.413912743330002,0.20953343808651,0.216661542654037,0.159892275929451
25713,0.361146317175611,0.307366265685838,0.255114238937836,0.0763731782007148
25714,0.349214822053909,0.210980236530304,0.266751617193222,0.173053324222565
25715,0.285522456682884,0.372217113193615,0.254130508689128,0.0881299214343738
25716,0.261884073238227,0.291687171596556,0.350849164681478,0.0955795904837396
25717,0.149346845587296,0.478850640041391,0.179652648861001,0.192149865510313
25718,0.396844547892944,0.181130891476002,0.163193141317163,0.25883141931389
25719,0.42214097479616,0.317005141839615,0.176949091715325,0.0839047916489001
25720,0.18715348186285,0.302177532114574,0.372602479425183,0.138066506597393
25721,0.262671472599145,0.302612545360718,0.364991220571035,0.0697247614691016
25722,0.167781027671412,0.327030514583446,0.204591977664709,0.300596480080433
25723,0.17936375336281,0.309945159183178,0.405199339869633,0.105491747584378
25724,0.382785152875935,0.178051685632816,0.182155823175783,0.257007338315467
25725,0.24320335464495,0.347661811363941,0.329132425069265,0.0800024089218442
25726,0.314491833530488,0.342050875096755,0.207308691631128,0.136148599741629
25727,0.132777375984529,0.269339527646608,0.521990708679099,0.0758923876897635
25728,0.260107304750274,0.267481680698966,0.249650221323219,0.222760793227542
25729,0.275310426950455,0.238426804542542,0.40340667963028,0.0828560888767242
25730,0.572232663631439,0.192717179656029,0.151661157608032,0.0833889991044998
25731,0.39309014061362,0.105888876494434,0.367503594383705,0.133517388508242
25732,0.116345946870462,0.120226358170218,0.676153823521275,0.0872738714380442
25733,0.303072601556778,0.231518194079399,0.170214876532555,0.295194327831268
25734,0.380241584188985,0.292772421025408,0.234052888573792,0.0929331062118145
25735,0.151114459302591,0.236449994550646,0.49023599951756,0.122199546629204
25736,0.293518900871277,0.209451749920845,0.307555139064789,0.189474210143089
25737,0.167652280387672,0.66257405774723,0.104298145356015,0.0654755165090823
25738,0.252591353025646,0.242095153425417,0.202580863352755,0.302732630196182
25739,0.129346402426755,0.150010558217921,0.56487960465073,0.155763434704593
25740,0.411123329235266,0.215610217815485,0.223815616610414,0.149450836338835
25741,0.451369818662332,0.380272594241257,0.088204152224927,0.0801534348714841
25742,0.138349249958992,0.571170628070831,0.201933011412621,0.0885471105575562
25743,0.166206446793579,0.340860778974581,0.283568556851617,0.209364217380222
25744,0.427067022305711,0.359399511244915,0.134438776920492,0.0790946895288815
25745,0.211662479179445,0.457212077722403,0.252520451416092,0.0786049916820598
25746,0.617042344300677,0.140830274199537,0.158851931725385,0.0832754497744009
25747,0.525909412073134,0.238327974714459,0.154287707337267,0.081474905875141
25748,0.0820537588153315,0.617304448912326,0.149958313628721,0.150683478643622
25749,0.497815005513802,0.208964568242959,0.172735256362926,0.120485169880313
25750,0.213266692561407,0.226083881181334,0.467674297553513,0.0929751287037459
25751,0.166323696594018,0.30477369995274,0.438182298053366,0.0907203053998765
25752,0.26753494143486,0.197130590677261,0.278012424707413,0.257322043180466
25753,0.365114491138294,0.17162569378691,0.36621979970395,0.0970400153708463
25754,0.626601288118978,0.0980258822146935,0.175892981527641,0.0994798481386877
25755,0.237674821719163,0.114594260695833,0.295882539635187,0.351848377949817
25756,0.293050395262969,0.49453694397791,0.14533176368482,0.0670808970743017
25757,0.242244194846341,0.176353328363001,0.192465194722944,0.388937282067714
25758,0.196556657552719,0.0883083939552307,0.374992579221725,0.340142369270325
25759,0.276381049698309,0.508529491849683,0.118410447514213,0.0966790109377952
25760,0.549211744585721,0.197514401357728,0.178636030693621,0.0746378233629303
25761,0.147127492023595,0.333731318507622,0.152265159006936,0.366876030461847
25762,0.182876611266237,0.482854471121595,0.187843287353418,0.14642563025875
25763,0.341258788984138,0.271039630904203,0.254159297732125,0.133542282379534
25764,0.428667200466013,0.116465750827365,0.203589117633972,0.25127793107265
25765,0.321244835853577,0.180405959486961,0.304354846477509,0.193994358181953
25766,0.0933430581292966,0.624497363336345,0.190732928972437,0.0914266495619215
25767,0.47439976819754,0.231536995894656,0.09723904583992,0.196824190067884
25768,0.285574355291556,0.180520435587181,0.165384401839507,0.368520807281757
25769,0.418906432953669,0.295190819954599,0.183787992113471,0.102114754978262
25770,0.188585024391712,0.161304870921664,0.306686062019233,0.343424042667392
25771,0.0856145484092019,0.517805166807848,0.32300892953588,0.0735713552470707
25772,0.115374175975112,0.328181619522249,0.202370625699004,0.354073578803635
25773,0.435584084525112,0.136605476461555,0.120537456890101,0.307272982123233
25774,0.185136564901616,0.309948726443144,0.415947277066735,0.0889674315885051
25775,0.301883016554758,0.175144198166493,0.444442576832214,0.0785302084465356
25776,0.29520797289598,0.0992149397847811,0.19068748964835,0.414889597670889
25777,0.126577046664572,0.192529390919297,0.592923687556602,0.0879698748595295
25778,0.271697944515153,0.505107712114775,0.116111579152455,0.107082764217617
25779,0.284759338427196,0.374313319112162,0.111433563956118,0.229493778504524
25780,0.123923518686917,0.288369449141394,0.362090858534655,0.225616173637034
25781,0.477848403485888,0.202671390732059,0.0806238490250133,0.238856356757039
25782,0.114467982315316,0.433883025888157,0.0424012220710926,0.409247769725434
25783,0.352557857258384,0.216221534722402,0.264423988329649,0.166796619689565
25784,0.199834033846855,0.241368010640144,0.313086569309235,0.245711386203766
25785,0.130334956491963,0.208682861794787,0.292686815668839,0.368295366044412
25786,0.291954189538956,0.336722701787949,0.176737815141678,0.194585293531418
25787,0.145694453885986,0.475943192122674,0.309621909547505,0.0687404444438351
25788,0.442664944489823,0.206112933067785,0.211262401770616,0.139959720671777
25789,0.506734829145118,0.123984861225454,0.217014259956246,0.152266049673183
25790,0.296094385563624,0.319896844626242,0.111112094587743,0.272896675222392
25791,0.152408534571211,0.539193848550549,0.226571983599216,0.0818256332790243
25792,0.247939564226257,0.182119523946033,0.391157936786352,0.178782975041359
25793,0.1233099717395,0.461614556038597,0.169752555634865,0.245322916587039
25794,0.370412647724152,0.229527667164803,0.156083643436432,0.243976041674614
25795,0.15896158394103,0.469635381389719,0.27494639977653,0.096456634892721
25796,0.266985917084234,0.219204599726097,0.413273206056508,0.100536277133161
25797,0.216998133316608,0.411129182742971,0.157586159670147,0.214286524270274
25798,0.140459288372376,0.314481535985516,0.21098046633543,0.334078709306678
25799,0.229152025499582,0.204531149599933,0.464705500488769,0.101611324411715
25800,0.292233313735823,0.240791600334769,0.151757804278168,0.315217281651239
25801,0.154203291112086,0.234250002078712,0.284811696862826,0.326735009946376
25802,0.26885522789626,0.207684385318495,0.149418285523755,0.374042101261491
25803,0.461826628202301,0.196938146810479,0.111151756509674,0.230083468477545
25804,0.147515720277088,0.265478952796522,0.474397809839379,0.112607517087012
25805,0.26552819018685,0.488265224325721,0.170329473748976,0.0758771117384533
25806,0.399113157371726,0.310016460195552,0.211094294736407,0.0797760876963158
25807,0.134718198618835,0.597617167163407,0.176432629717369,0.0912320045003892
25808,0.339816291933766,0.301836392228711,0.165387521225586,0.192959794611937
25809,0.125033911316576,0.172121817704385,0.439791815287119,0.26305245569192
25810,0.238116480055943,0.17230600632149,0.408134562019544,0.181442951603024
25811,0.20008863210546,0.552418521755658,0.172360894495832,0.0751319516430504
25812,0.201585441827774,0.206309407949448,0.500412404537201,0.0916927456855774
25813,0.54115994800478,0.237351292273078,0.151303863201434,0.0701848965207076
25814,0.138787931447682,0.385754751522306,0.211758399535346,0.263698917494666
25815,0.222031113177074,0.510532371542865,0.18931452647873,0.0781219888013305
25816,0.0850835821411281,0.372956874765134,0.30679923524558,0.235160307848158
25817,0.20767468214035,0.117248356342316,0.315224170684814,0.35985279083252
25818,0.173395658332239,0.472009555339529,0.212694623688024,0.141900162640209
25819,0.423819829098277,0.279882383937346,0.201485970682769,0.0948118162816085
25820,0.15961979329586,0.194005087018013,0.298100113868713,0.348275005817413
25821,0.246393136787619,0.132579620701682,0.497108981099457,0.123918261411242
25822,0.156493188116649,0.278233649419499,0.474621895511612,0.090651266952241
25823,0.27069849582608,0.248294956931322,0.220770335816453,0.260236211426145
25824,0.441042234348159,0.203053006666288,0.238343070671398,0.117561688314156
25825,0.070865934993343,0.357578597420932,0.482671726882345,0.0888837407033799
25826,0.274472457519433,0.376937555235813,0.195192330860749,0.153397656384006
25827,0.189037108748045,0.218005784809417,0.222731509127274,0.370225597315264
25828,0.285966349484542,0.481331707159775,0.127010680615265,0.105691262740418
25829,0.221253939764721,0.472227531381977,0.102775808527164,0.203742720326138
25830,0.148252811694455,0.426771988866359,0.34122862649198,0.0837465729472062
25831,0.184585005044937,0.169879615306854,0.302749246358871,0.342786133289337
25832,0.109438997225791,0.383733767755813,0.334532191320294,0.172295043698101
25833,0.160402351042751,0.338368373875161,0.42856248468114,0.0726667904009486
25834,0.414523929357529,0.203796595335007,0.282667696475983,0.0990117788314819
25835,0.170965282835325,0.114343813699902,0.504246648369382,0.210444255095391
25836,0.0929006838895228,0.173012744493498,0.559316145792988,0.174770425823992
25837,0.222888481275909,0.269037302299778,0.308213735994492,0.199860480429821
25838,0.242661917308789,0.496938515340482,0.123838704967451,0.136560862383279
25839,0.540229873068031,0.259144313905964,0.122967619388331,0.0776581936376749
25840,0.131501979738356,0.366800912213271,0.398406660651764,0.103290447396609
25841,0.167749777436256,0.180254429578781,0.434987723827362,0.2170080691576
25842,0.296193035663612,0.445096198060335,0.184838564580966,0.0738722016950861
25843,0.302918511803061,0.452462342528244,0.173259268597321,0.0713598770713733
25844,0.598351257990338,0.110694180747693,0.20121928159056,0.0897352796714091
25845,0.146743627589101,0.441384143253925,0.33403441807679,0.0778378110801847
25846,0.311057741775248,0.193665382360438,0.261215712708001,0.234061163156313
25847,0.453055746153828,0.13268409867114,0.178072440297491,0.236187714877542
25848,0.164033708512281,0.519909493328489,0.157600534594051,0.158456263565179
25849,0.293275633253921,0.272812553429978,0.341644535709755,0.0922672776063465
25850,0.193180065009444,0.293583893174293,0.420393636366867,0.0928424054493962
25851,0.510915402404334,0.257788689865088,0.156238110037432,0.0750577976931468
25852,0.243398294246298,0.331728289620382,0.268091066593464,0.156782349539855
25853,0.153890144365501,0.409325381905018,0.346559665801533,0.0902248079279481
25854,0.332242806785023,0.23397012847751,0.153769369311053,0.280017695426414
25855,0.533785879611969,0.158558920025826,0.204699516296387,0.102955684065819
25856,0.532087473009618,0.249901039520705,0.125018483960102,0.0929930035095738
25857,0.120500842940081,0.157231453595268,0.303417123185481,0.41885058027917
25858,0.154753576077414,0.357066620675724,0.286979577333344,0.201200225913518
25859,0.290260221209225,0.158134949831144,0.280474718206008,0.271130110753624
25860,0.343697677364876,0.155832101578477,0.160216142541651,0.340254078514996
25861,0.208761499887418,0.219769986121133,0.457132253476473,0.114336260514977
25862,0.237737424306197,0.111683297505477,0.513149217163003,0.137430061025323
25863,0.171724858458711,0.0903435958973109,0.653509149752694,0.0844223958912849
25864,0.49130129814148,0.13392385840416,0.160142868757248,0.214631974697113
25865,0.172412369528689,0.399818012114272,0.34194458295281,0.0858250354042285
25866,0.171434732845943,0.261189434844098,0.441147810833869,0.12622802147609
25867,0.144054091331119,0.427810643445811,0.23101948314789,0.19711578207518
25868,0.16391892975448,0.391056275234465,0.158793183547157,0.286231611463899
25869,0.0709192247149175,0.3509225625751,0.333877809357892,0.244280403352091
25870,0.208891457584246,0.11372189562684,0.218166193907445,0.459220452881469
25871,0.0877184175085078,0.240805923390742,0.586805378604256,0.0846702804964948
25872,0.120979036354309,0.247905662361322,0.540175298594859,0.0909400026895105
25873,0.0870137104547193,0.128629272965905,0.343676642045825,0.440680374533551
25874,0.523761089714161,0.105169526449073,0.26696330110011,0.104106082736655
25875,0.212573763540778,0.290980424121314,0.371967995584488,0.12447781675342
25876,0.553102394681513,0.0663299659762519,0.191590450390818,0.188977188951417
25877,0.541484995440096,0.091163409019607,0.201397502380684,0.165954093159613
25878,0.296748642574976,0.133225368458411,0.258732859175397,0.311293129791217
25879,0.139175240372874,0.456830932403533,0.166645755369835,0.237348071853759
25880,0.143827519289889,0.650588362690286,0.142299718065547,0.0632843999542773
25881,0.337437108342518,0.398270177763857,0.183068879681925,0.0812238342116997
25882,0.368224639647465,0.305685630271267,0.226848029290198,0.0992417007910698
25883,0.581958196385138,0.197741888379376,0.139284988466091,0.0810149267693954
25884,0.260569459063622,0.377774604658215,0.265145426954599,0.0965105093235636
25885,0.187524395995206,0.193638208413693,0.269990388601875,0.348847006989226
25886,0.132289869602176,0.571280828546273,0.21836802038002,0.0780612814715314
25887,0.334154834398915,0.192622553862486,0.26257185712885,0.210650754609749
25888,0.437164551573464,0.240741763125982,0.211154672669689,0.110939012630865
25889,0.252209963293448,0.289306911001406,0.33542430650759,0.123058819197557
25890,0.5435020287074,0.191101460225124,0.165164096913009,0.100232414154467
25891,0.15672798571533,0.218726204475211,0.540912453390006,0.0836333564194542
25892,0.189516475484266,0.30077807011539,0.289980718194864,0.219724736205481
25893,0.310146141419331,0.40571181454838,0.177892648507183,0.106249395525105
25894,0.470319891663188,0.33158113301596,0.120619362923023,0.0774796123978293
25895,0.361281365156174,0.156101703643799,0.250613391399384,0.232003539800644
25896,0.146723521549649,0.301303680221682,0.463166051161795,0.0888067470668741
25897,0.157610462290127,0.472288999500044,0.283147784196941,0.0869527540128883
25898,0.317128325743551,0.425846242519524,0.186248821225035,0.0707766105118899
25899,0.145283056120827,0.472081982015342,0.181245562713659,0.201389399150172
25900,0.162626082457667,0.318766881153994,0.39109956569073,0.12750747069761
25901,0.260041467546181,0.344096978184671,0.318631281893513,0.0772302723756351
25902,0.14104056253254,0.313989309117278,0.451167013859995,0.0938031144901878
25903,0.188128770799404,0.369750949515037,0.370497914928927,0.0716223647566316
25904,0.134427644874313,0.342689236562803,0.436478849439552,0.0864042691233319
25905,0.159891014701664,0.396509027689157,0.356140294305069,0.0874596633041106
25906,0.275214455270336,0.46693639555763,0.181275451741354,0.0765736974306793
25907,0.234169136025122,0.49470707005443,0.194383361684532,0.0767404322359159
25908,0.238387163209341,0.157712466614506,0.337356612266151,0.266543757910002
25909,0.424547418037526,0.321916866231081,0.182217397458203,0.0713183182731897
25910,0.0847644781925963,0.350116363174699,0.472678719322605,0.0924404393101
25911,0.376934153872692,0.194552338366851,0.269724863630912,0.158788644129546
25912,0.318420687866827,0.413089824112947,0.179529865966137,0.0889596220540888
25913,0.141698078376786,0.304170670391401,0.455457660969031,0.0986735902627825
25914,0.213880394709417,0.260708099470469,0.43165020119362,0.093761304626494
25915,0.38538485191189,0.235877435864844,0.293616797125089,0.0851209150981767
25916,0.178450639751592,0.46893232875659,0.202049073699062,0.150567957792756
25917,0.25207318377931,0.516967804251182,0.115120633847751,0.115838378121756
25918,0.188745516370915,0.333845769373264,0.312778268944893,0.164630445310927
25919,0.300885562611901,0.0685553709947373,0.299402867248697,0.331156199144664
25920,0.272688056935548,0.479789756539617,0.144348052973329,0.103174133551506
25921,0.101779694908252,0.120849769438796,0.686324378440511,0.0910461572124409
25922,0.0579789517903013,0.0606382911390766,0.453326862355339,0.428055894715284
25923,0.270240716032961,0.155960018755197,0.146915610226524,0.426883654985319
25924,0.69914987538085,0.0903858353025093,0.127203667437866,0.083260621878775
25925,0.148875658180584,0.145794410878253,0.598774629794795,0.106555301146367
25926,0.326740346996329,0.474015225305813,0.115263034807227,0.0839813928906308
25927,0.162842648667733,0.448235160831141,0.193552735351812,0.195369455149315
25928,0.1568118710751,0.466038206247768,0.280959355192213,0.0961905674849197
25929,0.062111234974949,0.410441534649048,0.136773487569795,0.390673742806208
25930,0.22286826870296,0.34460098321589,0.35005743093917,0.0824733171419796
25931,0.0751795437106694,0.0906424705396978,0.749537553658893,0.08464043209074
25932,0.103700417390478,0.453176064883949,0.185649117399726,0.257474400325847
25933,0.143840481157317,0.198950281707951,0.517624512840048,0.139584724294684
25934,0.0778524681125756,0.0719774392238795,0.654630089351166,0.195540003312379
25935,0.21058601140976,0.293170094490051,0.163802832365036,0.332441061735153
25936,0.277903012099772,0.154875661287437,0.460133419628935,0.107087906983855
25937,0.709573468851253,0.087671342124681,0.118020865858223,0.0847343231658436
25938,0.0808199599690721,0.59375562495573,0.135930871066856,0.189493544008342
25939,0.14904787312662,0.132374173359908,0.461536070475105,0.257041883038367
25940,0.111663144516317,0.250091979283541,0.164057633431913,0.47418724276823
25941,0.132846593856812,0.366813480854034,0.408490091562271,0.0918498337268829
25942,0.129677209176359,0.389820942055157,0.369599916851519,0.110901931916966
25943,0.077972095800971,0.387614479015033,0.270021363274377,0.264392061909619
25944,0.254114627838135,0.181620046496391,0.15119968354702,0.413065642118454
25945,0.242985144257545,0.157659336924553,0.265552908182144,0.333802610635757
25946,0.502036318122258,0.211820625906568,0.163691486010209,0.122451569960965
25947,0.359931577446116,0.304323068132309,0.219758623249572,0.115986731172003
25948,0.0489567347337275,0.150076859440944,0.281241285149398,0.519725120675931
25949,0.125678082958374,0.356029675425426,0.384264873754898,0.134027367861302
25950,0.602074921131134,0.117999218404293,0.186618655920029,0.0933072045445442
25951,0.13172335726435,0.237902682454844,0.422673397918442,0.207700562362365
25952,0.0759231505709182,0.152361464075115,0.605985389516084,0.165729995837882
25953,0.34748657502274,0.15801053768365,0.15360772151924,0.34089516577437
25954,0.632698357105255,0.0773040056228638,0.0831563174724579,0.206841319799423
25955,0.1180675292591,0.497430458741472,0.222154491479561,0.162347520519867
25956,0.167997767567568,0.35944233415849,0.383366327982137,0.0891935702918044
25957,0.492283891714004,0.233298113196301,0.202361558430528,0.072056436659167
25958,0.27564936876297,0.320056915283203,0.153183907270432,0.251109808683395
25959,0.109907128735685,0.265535863232135,0.503815237461144,0.120741770571036
25960,0.342263181738163,0.394152987177581,0.192640760760285,0.0709430703239718
25961,0.301533554517233,0.247218225109849,0.356141214909274,0.0951070054636449
25962,0.579854514294319,0.217976088135366,0.12157538331637,0.0805940142539448
25963,0.126716630558917,0.437220460731096,0.35355663826401,0.0825062704459767
25964,0.401801356579293,0.327524585331439,0.183552806937176,0.0871212511520925
25965,0.24361548591806,0.227625631462764,0.432410972344548,0.0963479102746275
25966,0.196903321100821,0.250407580292338,0.467457092813508,0.0852320057933331
25967,0.325524260833136,0.204099738475688,0.162313247850142,0.308062752841033
25968,0.275063582511651,0.404618454117133,0.207196063017728,0.113121900353488
25969,0.203355681846206,0.396428132110415,0.332947249219608,0.0672689368237714
25970,0.266348685825636,0.433276885252045,0.212062057673006,0.0883123712493126
25971,0.372816679084177,0.321151552191738,0.221101997635499,0.084929771088587
25972,0.254216438253591,0.421726325639926,0.207593445649597,0.116463790456886
25973,0.144297142156873,0.364060680987259,0.415994805574262,0.0756473712816051
25974,0.406832989999406,0.082119039579339,0.168158693848858,0.342889276572397
25975,0.0735181959014728,0.428244361912706,0.262432312870748,0.235805129315074
25976,0.0882885388157408,0.315557273593227,0.187716545073066,0.408437642517966
25977,0.546781059005998,0.110519378553932,0.276478020277038,0.0662215421630327
25978,0.224270843736206,0.534235103898194,0.167505095377413,0.0739889569881869
25979,0.680928289890289,0.0836867839097977,0.149495020508766,0.0858899056911469
25980,0.109065809981015,0.421370303949271,0.386211102995442,0.0833527830742714
25981,0.532677765692191,0.151164470976856,0.237071110031969,0.0790866532989841
25982,0.134752361962554,0.0713239232352084,0.700551147009796,0.0933725677924412
25983,0.545755557034082,0.182747108001305,0.192045998691827,0.079451336272786
25984,0.351964245795138,0.117738488845184,0.266413100552949,0.263884164806729
25985,0.234658718983303,0.201752708113762,0.0580799693542718,0.505508603548663
25986,0.500310469411825,0.0705898313837536,0.1870217132489,0.242077985955522
25987,0.0985208041414918,0.103969674705329,0.715905991044119,0.0816035301090602
25988,0.114105600539017,0.416391385090094,0.400024157763247,0.0694788566076415
25989,0.0724451760020466,0.165628133970289,0.194127304895764,0.5677993851319
25990,0.0902126269010808,0.150963944927395,0.636597921898992,0.122225506272532
25991,0.290678262710571,0.153024137020111,0.181856006383896,0.374441593885422
25992,0.0693338955243387,0.284572032954007,0.545018251649899,0.101075819871755
25993,0.19721091842925,0.355252526210565,0.0976397745838812,0.349896780776304
25994,0.200060923398903,0.110651786118413,0.174004051998348,0.515283238484336
25995,0.179372152071361,0.377575289534786,0.137301791825944,0.305750766567909
25996,0.251642886573715,0.234233606371784,0.421178943234368,0.0929445638201321
25997,0.423125422345481,0.175695928569077,0.174455943323015,0.226722705762427
25998,0.33544256283514,0.241576664400796,0.178379396248478,0.244601376515586
25999,0.162632460515724,0.312489708885857,0.434479402468222,0.0903984281301967
26000,0.153363572856241,0.487651593799168,0.213367703756209,0.145617129588382
26001,0.224369896766768,0.513800259576736,0.176211579321239,0.0856182643352578
26002,0.480874656490961,0.186288978832303,0.230623601712203,0.102212762964533
26003,0.322252571582794,0.143173813819885,0.17583492398262,0.3587386906147
26004,0.0854895289388159,0.517233029521496,0.190976685016653,0.206300756523036
26005,0.110443184758198,0.228524183374439,0.39026559271512,0.270767039152243
26006,0.197163170491551,0.31613741267137,0.198288774439358,0.288410642397721
26007,0.283189586305929,0.4805459236936,0.165904666009406,0.0703598239910655
26008,0.132967676729927,0.0669683049032597,0.656980971783967,0.143083046582846
26009,0.150978121555853,0.614497258093147,0.160708580032928,0.0738160403180727
26010,0.307406514883041,0.235490426421165,0.170996680855751,0.286106377840042
26011,0.665345946987094,0.119883652928959,0.139346967955024,0.0754234321289232
26012,0.197732183303419,0.244341660206641,0.311697577114367,0.246228579375574
26013,0.131968693911563,0.207815262791742,0.303414885750635,0.356801157546061
26014,0.294619356015613,0.339236711550306,0.184793251526255,0.181350680907826
26015,0.14862530708594,0.440236978841266,0.333630817647395,0.0775068964253983
26016,0.427728279392113,0.230009323730717,0.219722769419746,0.122539627457424
26017,0.484983861446381,0.131935477256775,0.215938970446587,0.167141690850258
26018,0.285367078007022,0.331923879651514,0.119324366435208,0.263384675906256
26019,0.153219234438184,0.491113103264056,0.263487954697606,0.0921797076001545
26020,0.248258594397584,0.183302092303367,0.388029312909086,0.180410000389963
26021,0.139465021185056,0.464445538289033,0.186210858616395,0.209878581909516
26022,0.367488741874695,0.230547994375229,0.177675649523735,0.224287614226341
26023,0.163309571693695,0.460188620385697,0.273483123280359,0.103018684640248
26024,0.279095000306405,0.238408883774479,0.381760456750403,0.100735659168713
26025,0.236507397346088,0.380434358411515,0.172266629751524,0.210791614490872
26026,0.134558234648652,0.323717812410528,0.214810765230976,0.326913187709844
26027,0.2343858875099,0.191474716555892,0.470937330925375,0.103202065008833
26028,0.275440561379169,0.258217233797137,0.146580168012671,0.319762036811022
26029,0.151320459713347,0.22789766234007,0.301823978153228,0.318957899793355
26030,0.250598218283084,0.223212968957231,0.160779235351395,0.36540957740829
26031,0.21723728529326,0.450748993478685,0.248213551885294,0.0838001693427613
26032,0.450632089036887,0.26002023980127,0.200289170459093,0.08905850070275
26033,0.34177236985179,0.4168128576097,0.149161588791871,0.0922531837466392
26034,0.158167362213135,0.207339644432068,0.53534609079361,0.0991469025611877
26035,0.452970206737518,0.105028957128525,0.28045392036438,0.161546915769577
26036,0.297203817880267,0.106642517645434,0.484794362926315,0.111359301547983
26037,0.146210004276335,0.600795644545425,0.19357236306585,0.0594219881123897
26038,0.0824035623490545,0.41106947950222,0.220741136217556,0.28578582193117
26039,0.390113907610502,0.13550201664129,0.25566418121744,0.218719894530768
26040,0.143642620322426,0.278272869276053,0.495356980676629,0.0827275297248925
26041,0.385911094512541,0.292564673389405,0.205050239192705,0.116473992905348
26042,0.183752261865985,0.333999171882831,0.171013243690725,0.311235322560459
26043,0.146641596059191,0.307533917519943,0.468236055461794,0.0775884309590725
26044,0.469389187894359,0.309820663549776,0.149892410259411,0.0708977382964543
26045,0.193844186182337,0.527783894910998,0.192221643552223,0.0861502753544414
26046,0.234831084244054,0.247282538684493,0.224821795903662,0.293064581167791
26047,0.228497035160572,0.114947665183177,0.439481688722422,0.217073610933829
26048,0.136137623671818,0.253299601474392,0.396685016056449,0.21387775879734
26049,0.17902400956285,0.349271920701326,0.394609656970131,0.0770944127656936
26050,0.213388708034326,0.261789437207737,0.429375850716593,0.0954460040413439
26051,0.208824980390444,0.383317565669381,0.1976381122714,0.210219341668775
26052,0.152719368121605,0.199288478472486,0.252008684039375,0.395983469366535
26053,0.199487552046776,0.466958522796631,0.249296739697456,0.084257185459137
26054,0.226944353775019,0.360499406449506,0.190364164257584,0.222192075517892
26055,0.38618308881198,0.286597703197564,0.195083531664067,0.132135676326389
26056,0.348469595565486,0.20793943726836,0.264080264093884,0.179510703072271
26057,0.297144383192062,0.318713933229446,0.296142399311066,0.0879992842674255
26058,0.153331249952316,0.437218636274338,0.170714735984802,0.238735377788544
26059,0.481334519336577,0.249421915060955,0.176857181755558,0.0923863838469094
26060,0.441313319782714,0.272129352806071,0.177698952291921,0.108858375119293
26061,0.403650510202333,0.301546117617306,0.209788942045303,0.0850144301350585
26062,0.257923901081085,0.250757038593292,0.35707899928093,0.134240061044693
26063,0.521979753091781,0.1141321146051,0.236735181784147,0.127152950518973
26064,0.202387100529286,0.238839469517454,0.423513842329795,0.135259587623465
26065,0.513351853837432,0.197191713771286,0.18615239719933,0.103304035191953
26066,0.273684271385797,0.413199556267248,0.174032410205376,0.139083762141578
26067,0.437167111316078,0.297937604024541,0.190499232638622,0.0743960520207588
26068,0.168408479502608,0.503040242872233,0.206431130921145,0.122120146704015
26069,0.120907752805145,0.118283650887879,0.603996808797145,0.15681178750983
26070,0.332973107679476,0.233035723851728,0.150993488028354,0.282997680440441
26071,0.27524137702019,0.111695461807366,0.215725900349959,0.397337260822484
26072,0.219262247218093,0.346271790853257,0.339981086700732,0.0944848752279179
26073,0.229161524368879,0.461724119697665,0.197399787507943,0.111714568425513
26074,0.173253323735595,0.332036159961607,0.412109663811855,0.0826008524909425
26075,0.193933963775635,0.285538464784622,0.289975017309189,0.230552554130554
26076,0.208937595584893,0.123931122036328,0.54610686273634,0.121024419642439
26077,0.124271588389152,0.530363925253807,0.240129280688305,0.105235205668736
26078,0.137976256937142,0.271106507314645,0.509926430733108,0.0809908050151049
26079,0.147616659033795,0.265942909298626,0.367199461674674,0.219240969992905
26080,0.149853122981591,0.558086088924317,0.195153442097404,0.0969073459966876
26081,0.133654463298346,0.245732715257988,0.50681598127222,0.113796840171445
26082,0.274978965520859,0.173086255788803,0.292408853769302,0.259525924921036
26083,0.220250037010759,0.278728749174941,0.234004330128367,0.267016883685933
26084,0.1274523884058,0.432420164346695,0.321052312850952,0.119075134396553
26085,0.207556691653182,0.221778314981188,0.234083321182678,0.336581672182952
26086,0.411297053098679,0.229923978447914,0.241331517696381,0.117447450757027
26087,0.158787086606026,0.382201641798019,0.351953327655792,0.107057943940163
26088,0.133852580166493,0.249071154784956,0.207629060404194,0.409447204644358
26089,0.24746303629075,0.125873329130908,0.185515495918922,0.44114813865942
26090,0.275496553782605,0.0627604010340303,0.438447148009954,0.223295897173412
26091,0.0803305405575359,0.0896090620523132,0.670723835869064,0.159336561521087
26092,0.16014414251495,0.290275378090533,0.0400264281046284,0.509554051289889
26093,0.429569248582766,0.226818965267005,0.0564357008674323,0.287176085282797
26094,0.287169795005388,0.0559407716967453,0.148666178757928,0.508223254539939
26095,0.055663797797025,0.217428772831601,0.224911688920439,0.501995740450935
26096,0.573317314981698,0.114152682460219,0.12098453734746,0.191545465210623
26097,0.053268927882355,0.517402527789017,0.0746144202552199,0.354714124073408
26098,0.709258600117447,0.0973583214575427,0.0705875142532398,0.122795564171771
26099,0.113388548192894,0.359946741464135,0.0815973841429926,0.445067326199979
26100,0.554159577532414,0.114510244768037,0.156208037166238,0.175122140533312
26101,0.555485363636275,0.259888736457462,0.046409286212852,0.138216613693412
26102,0.160687600394714,0.119338054041208,0.170781423770828,0.54919292179325
26103,0.064208405143273,0.561960773526453,0.192119514707312,0.181711306622961
26104,0.0693139811554103,0.174254910456053,0.18158823387018,0.574842874518356
26105,0.36908774743033,0.110280824222844,0.0716410337766774,0.448990394570148
26106,0.047080463608791,0.553472983386971,0.124315363370284,0.275131189633954
26107,0.329604183578554,0.394046074063272,0.178255590472454,0.0980941518857204
26108,0.263896066074249,0.193960672886938,0.352036728618887,0.190106532419926
26109,0.250631775697592,0.284854258822586,0.275085236503404,0.189428728976418
26110,0.473293618163657,0.241160594190341,0.208599889022115,0.0769458986238868
26111,0.15496419947461,0.139910718050253,0.606168411901907,0.0989566705732297
26112,0.115718416007471,0.53357278903147,0.220988167665987,0.129720627295072
26113,0.400091528892517,0.348193019628525,0.163288652896881,0.088426798582077
26114,0.352504652235414,0.380908916396183,0.190881808577682,0.0757046227907214
26115,0.288958830299447,0.179488424689268,0.460344972589912,0.0712077724213736
26116,0.131059727947549,0.288233980667873,0.483303572111763,0.0974027192728149
26117,0.387396663427353,0.20286263525486,0.199002355337143,0.210738345980644
26118,0.289914301338366,0.206129932220878,0.153892035666345,0.350063730774411
26119,0.163048850939406,0.620420167154374,0.150548385836905,0.065982596069315
26120,0.200582988538482,0.483364534252713,0.197765894317407,0.118286582891398
26121,0.469899365161388,0.0969836370505257,0.244100768382813,0.189016229405274
26122,0.118192043833138,0.208178706771832,0.349971605463758,0.323657643931271
26123,0.174465430163362,0.203265321206073,0.431456917055593,0.190812331574972
26124,0.223653372769753,0.164019001066402,0.410814189749745,0.201513436414101
26125,0.395513966846691,0.207049123680252,0.304276007999629,0.093160901473429
26126,0.637102079337502,0.0584296855783031,0.157966825328149,0.146501409756046
26127,0.541942250921031,0.216643755509937,0.145540970836751,0.0958730227322807
26128,0.213328325351229,0.174030328570893,0.150583083910254,0.462058262167625
26129,0.176492455251402,0.378529077448384,0.353904133348229,0.0910743339519848
26130,0.476268187872524,0.207875439289944,0.157305519065096,0.158550853772436
26131,0.346358900462969,0.0834252250704948,0.249555993818581,0.320659880647956
26132,0.210716691453506,0.0894158618239185,0.452473484687902,0.247393962034673
26133,0.129411233523321,0.483708195631084,0.236252691801597,0.150627879043998
26134,0.222540991176225,0.572308186980398,0.136267648162452,0.0688831736809252
26135,0.13332070608915,0.285112385229951,0.322253202233511,0.259313706447388
26136,0.366640370090019,0.25831795508617,0.178314586827594,0.196727087996217
26137,0.164353631333424,0.502317868276739,0.179475181377315,0.153853319012522
26138,0.170267636469971,0.2506367787529,0.116192546004279,0.46290303877285
26139,0.204992251135351,0.527682248709219,0.0954702280124294,0.171855272143001
26140,0.246428150843316,0.087149929084632,0.443107197741842,0.22331472233021
26141,0.210405296397367,0.173106437120033,0.153539662168612,0.462948604313988
26142,0.0826199843503541,0.545738319093797,0.196552924940254,0.175088771615596
26143,0.157550846265282,0.367848735089562,0.35621462333842,0.118385795306736
26144,0.0671841700679001,0.149142498182412,0.534659306158896,0.249014025590791
26145,0.428423587773824,0.12544264641746,0.238003820895921,0.208129944912795
26146,0.133366128803766,0.151962957618965,0.61342260003489,0.10124831354238
26147,0.267154771067734,0.424850295863287,0.198377108646462,0.109617824422516
26148,0.460737301729241,0.24171971505045,0.21601376581233,0.0815292174079781
26149,0.073703999894619,0.631268463655206,0.183906425004815,0.111121111445361
26150,0.218292645165105,0.226533270672955,0.191935589669215,0.363238494492724
26151,0.317144389195079,0.284929032848343,0.173787323031018,0.22413925492556
26152,0.0952628889954504,0.482876223218582,0.200611941493603,0.221248946292365
26153,0.117279773232927,0.146047926517483,0.540810013151616,0.195862287097974
26154,0.161105605380321,0.154949652477349,0.331317429711184,0.352627312431146
26155,0.0720675380245046,0.596390916326439,0.226098020958111,0.105443524690945
26156,0.276821340965907,0.263028915777372,0.22279864217641,0.237351101080312
26157,0.184698738727766,0.298159498789925,0.417023076972996,0.100118685509313
26158,0.510471023151084,0.239628825800322,0.175900451426188,0.0739996996224061
26159,0.201302471776343,0.247708965058758,0.444694138239237,0.106294424925661
26160,0.212982573718352,0.239898793700373,0.32985897869292,0.217259653888355
26161,0.141537295900841,0.361025934830694,0.226361427103898,0.271075342164566
26162,0.254178576046867,0.167389298457226,0.473354355294873,0.105077770201034
26163,0.508419707668415,0.162229691810301,0.18025805593306,0.149092544588224
26164,0.12577636258804,0.379982671589047,0.398798218396346,0.0954427474265676
26165,0.341892395772606,0.291461326818069,0.233169672402019,0.133476605007305
26166,0.187792719809657,0.239878224133538,0.491068515860055,0.0812605401967506
26167,0.224298968911171,0.306104570627213,0.239742740988731,0.229853719472885
26168,0.139768983728618,0.373144198264355,0.402636605422598,0.0844502125844296
26169,0.538339320855881,0.124554113481597,0.256006034135863,0.0811005315266589
26170,0.150339172410512,0.468291673573044,0.310996028117806,0.0703731258986378
26171,0.143664330244064,0.281166911125183,0.497734844684601,0.0774339139461517
26172,0.220371794272978,0.38903834464601,0.28236906213003,0.108220798950982
26173,0.160122379660606,0.384333163499832,0.381036728620529,0.0745077282190323
26174,0.161867766366394,0.377149579099196,0.342622724602947,0.118359929931462
26175,0.134348686505893,0.696404138314601,0.071046223609262,0.0982009515702441
26176,0.20498950779438,0.257064580917358,0.451545298099518,0.0864006131887436
26177,0.0685219109473059,0.154021266565202,0.617344512433064,0.160112310054428
26178,0.0698456029570938,0.399158602940419,0.214682761053484,0.316313033049003
26179,0.536263370644899,0.256387662428066,0.121164580635633,0.086184386291402
26180,0.298824012279511,0.397709131240845,0.184221297502518,0.119245558977127
26181,0.259892374277115,0.213133633136749,0.302658945322037,0.224315047264099
26182,0.108368964617982,0.543827184197712,0.227900076328219,0.119903774856087
26183,0.158680239368966,0.323374736183333,0.44259889265154,0.0753461317961614
26184,0.0821071359986172,0.235053827652048,0.440927187523108,0.241911848826226
26185,0.386217456645294,0.333705882242497,0.221299535670863,0.0587771254413463
26186,0.141689644319487,0.234225572900665,0.51252746963894,0.111557313140909
26187,0.507890816719153,0.259594021293565,0.155101015008233,0.0774141469790478
26188,0.145439594984055,0.300813049077988,0.465962797403336,0.0877845585346222
26189,0.352091291422171,0.184359196760702,0.209410789048029,0.254138722769098
26190,0.398856812732565,0.299970354140247,0.215419766077105,0.0857530670500835
26191,0.369854843167288,0.344404374724692,0.195346313645636,0.0903944684623848
26192,0.141257228572029,0.17111496882312,0.611176023053766,0.0764517795510855
26193,0.20304625341434,0.242239407963735,0.357951413331968,0.196762925289957
26194,0.262963475756075,0.527986351609128,0.135352925474591,0.0736972471602056
26195,0.144288044923066,0.447368552222061,0.318481140170668,0.0898622626842053
26196,0.186028966724009,0.103838142638262,0.469832406347024,0.240300484290705
26197,0.175870579840681,0.333435560264654,0.17506524659596,0.315628613298705
26198,0.197164791780186,0.583316752065968,0.159567283981551,0.0599511721722956
26199,0.364568639857512,0.189516628100973,0.154497887060109,0.291416844981407
26200,0.148932625321526,0.297393748086505,0.36721570394086,0.18645792265111
26201,0.586144502564188,0.208499444957827,0.119193314617922,0.0861627378600632
26202,0.493225697377516,0.216751264160508,0.212478087935433,0.0775449505265426
26203,0.415836804869223,0.309917832763227,0.201558586931846,0.0726867754357044
26204,0.327206462621689,0.24219822883606,0.199169009923935,0.231426298618317
26205,0.14303582480443,0.323769649154852,0.266288481167302,0.266906044873415
26206,0.290481214083451,0.167642446870244,0.146333651935066,0.395542687111239
26207,0.289931292981933,0.262657847066852,0.240986284002866,0.206424575948349
26208,0.437626404691529,0.2430684191903,0.235482804044569,0.0838223720736018
26209,0.320089350933471,0.433922443752143,0.133132494501323,0.112855710813063
26210,0.551924726066169,0.206328459319787,0.164137458955402,0.0776093556586413
26211,0.250324890036874,0.418052012804271,0.167823130954691,0.163799966204164
26212,0.187162136648957,0.410500866487648,0.21391013902158,0.188426857841815
26213,0.437184794352025,0.279978354276033,0.189576633662856,0.0932602177090862
26214,0.15291843966577,0.302510463390266,0.455811639372744,0.0887594575712206
26215,0.207065473338988,0.509015966005267,0.160247456425858,0.123671104229887
26216,0.164205064302834,0.186097746673159,0.460677905698952,0.189019283325055
26217,0.261410035533012,0.170958702890834,0.274328567812698,0.293302693763456
26218,0.173221512338359,0.55116849727058,0.204138962893643,0.071471027497418
26219,0.363829206342376,0.188737249038734,0.282182970112055,0.165250574506836
26220,0.157044817717219,0.342959742038242,0.40970484643295,0.0902905938115893
26221,0.127270427481746,0.204911719152814,0.584807502072882,0.0830103512925576
26222,0.56174824529334,0.162240856802432,0.202560536468009,0.0734503614362195
26223,0.152100746396206,0.460701568743633,0.252787627362836,0.134410057497324
26224,0.323353631321524,0.172772100497747,0.423344023798345,0.0805302443823836
26225,0.0881448618184392,0.13744887812025,0.555752400724235,0.218653859337075
26226,0.290812075138092,0.470841497182846,0.176940053701401,0.0614063739776611
26227,0.206415827906957,0.416378042956042,0.263663782519448,0.113542346617553
26228,0.19857291581373,0.199016761794437,0.457195185762716,0.145215136629117
26229,0.217542159818741,0.286559019782529,0.171839388785353,0.324059431613377
26230,0.179436204143819,0.580175569948918,0.173943934232832,0.0664442916744308
26231,0.436776511799064,0.19266961029684,0.273027851515971,0.097526026388125
26232,0.322944824739468,0.279928867219819,0.252106253089104,0.145020054951609
26233,0.637562017513453,0.132944982262105,0.156430135475691,0.0730628647487502
26234,0.440509021282196,0.229328766465187,0.256171733140945,0.0739904791116715
26235,0.177366733551025,0.286778956651688,0.240638166666031,0.295216143131256
26236,0.183165569227164,0.415338644728183,0.3060920604935,0.095403725551152
26237,0.13215200996852,0.413214874661412,0.158321221420801,0.296311893949267
26238,0.183704319353466,0.519644566173025,0.138109239013631,0.158541875459878
26239,0.329232782125473,0.249165639281273,0.231613397598267,0.189988180994988
26240,0.302117148644817,0.209918738236512,0.366613601896745,0.121350511221926
26241,0.154333879135512,0.311702737172509,0.448920696673645,0.0850426870183335
26242,0.20747663853603,0.440835343332415,0.286232452326732,0.065455565804823
26243,0.253297597169876,0.510191679000855,0.154705435037613,0.0818052887916565
26244,0.134134894645284,0.25064147639162,0.416529078030396,0.1986945509327
26245,0.16179239508819,0.224508013956129,0.529855064602866,0.0838445263528149
26246,0.341675303689942,0.362382046229049,0.213936935053685,0.0820057150273238
26247,0.467046949766926,0.204716147517533,0.244925694502336,0.0833112082132042
26248,0.136806071823881,0.579991285353834,0.202555881459682,0.080646761362603
26249,0.299294414365995,0.391176584297244,0.18913388393174,0.120395117405021
26250,0.470216847512377,0.195583093100534,0.240960109844209,0.0932399495428793
26251,0.132621217746175,0.179846426243974,0.322549382524174,0.364982973485678
26252,0.12691430558392,0.605490735091407,0.112735955227376,0.154859004097298
26253,0.159604549407959,0.333930045366287,0.25899675488472,0.247468650341034
26254,0.202068117230116,0.158579883596601,0.545184127313135,0.0941678718601484
26255,0.14368724822998,0.327530145645142,0.201269537210464,0.327513068914413
26256,0.299628809820128,0.325011568330832,0.293405309720614,0.081954312128426
26257,0.215212395107192,0.133952254029263,0.485890366767778,0.164944984095768
26258,0.117443636934784,0.229793088360079,0.576135580063876,0.07662769464126
26259,0.475141861655927,0.091039519412539,0.27200015163421,0.161818467297325
26260,0.483410493033812,0.184852788303709,0.153723905869606,0.178012812792873
26261,0.171694196535906,0.224471126892963,0.157055892479901,0.446778784091229
26262,0.677073085758749,0.103965105654629,0.108758458783409,0.110203349803213
26263,0.0824014202654891,0.531570990814678,0.126658980796448,0.259368608123385
26264,0.226690302492245,0.197899156714938,0.288680417329688,0.28673012346313
26265,0.290395481455124,0.214723343315274,0.165468461757979,0.329412713471623
26266,0.239394612294275,0.178608631450195,0.26518029764832,0.31681645860721
26267,0.268172415108773,0.069230340937006,0.514977697394622,0.147619546559599
26268,0.211052580095436,0.0694419810962529,0.569586749601463,0.149918689206848
26269,0.394851321058701,0.142859084265544,0.159019289031337,0.303270305644418
26270,0.247613694554363,0.457615785932306,0.168672931661115,0.126097587852216
26271,0.258240325806158,0.169396573199153,0.480717535056343,0.0916455659383458
26272,0.147063981084109,0.552093072173206,0.157619069289593,0.143223877453092
26273,0.334860324859619,0.229071110486984,0.155916690826416,0.280151873826981
26274,0.594603754781047,0.149340907136317,0.167956435383989,0.0880989026986471
26275,0.139152497053146,0.716767728328705,0.0724213868379593,0.0716583877801895
26276,0.230911284685135,0.149153977632523,0.331797778606415,0.288136959075928
26277,0.100265233961752,0.0889886685536156,0.539484139237671,0.271261958246962
26278,0.176377244727786,0.393717336373806,0.309729887980069,0.120175530918339
26279,0.186769069632657,0.318408879029817,0.406436237740787,0.088385813596739
26280,0.405104112777237,0.219060904355672,0.249948836861516,0.125886146005575
26281,0.332561075687408,0.311591923236847,0.235916256904602,0.119930744171143
26282,0.228420661601578,0.477459881286769,0.18514430660862,0.108975150503033
26283,0.296443803449443,0.308431788165798,0.257445793931743,0.137678614453015
26284,0.289183876240734,0.404770868874464,0.188314283242396,0.117730971642406
26285,0.180876543625177,0.220962647000413,0.495553676270874,0.102607133103535
26286,0.489255573680583,0.280314950046577,0.160102306603623,0.0703271696692171
26287,0.172138899564743,0.27172988653183,0.336636394262314,0.219494819641113
26288,0.174486699320178,0.422441995478302,0.31674954767152,0.0863217575300002
26289,0.240901101245002,0.430600232341889,0.196399915164708,0.132098751248401
26290,0.199277184930549,0.202368862838713,0.517229597373694,0.0811243548570441
26291,0.243906242455123,0.351801830996668,0.303467170329915,0.100824756218294
26292,0.176406875252724,0.246061652898788,0.38374599814415,0.193785473704338
26293,0.155530397758794,0.285998382747125,0.289687224915243,0.268783994578838
26294,0.195150359011066,0.531142886496016,0.204599721695485,0.0691070327974332
26295,0.25607068491298,0.306965007199273,0.306689186693245,0.130275121194502
26296,0.151103134420421,0.219244950436206,0.387706864246522,0.241945050896852
26297,0.185948294610556,0.177796972128794,0.399069541706599,0.237185191554052
26298,0.0939635690428954,0.208340329428931,0.628221251262501,0.0694748502656728
26299,0.128430484768521,0.492108460574534,0.296625224526039,0.0828358301309062
26300,0.164074502769463,0.170631386516901,0.455513855316364,0.209780255397272
26301,0.160977472692057,0.420155925159333,0.180392196190125,0.238474405958486
26302,0.135911465703781,0.661302809873989,0.138726816614917,0.0640589078073122
26303,0.340565964902906,0.33808861694136,0.174673758805115,0.146671659350618
26304,0.150530196326141,0.104081930752296,0.481704448372639,0.263683424548924
26305,0.542007302850158,0.250377465022618,0.123035067780238,0.0845801643469856
26306,0.288041734217665,0.0972733699394754,0.181075241094636,0.433609654748224
26307,0.129882234257808,0.479451845872071,0.317041642599739,0.0736242772703829
26308,0.422549222555803,0.0605544113782399,0.140366694905359,0.376529671160598
26309,0.0715675226321078,0.420770180844372,0.172961165695225,0.334701130828295
26310,0.140041806994,0.312057540771773,0.458695838211663,0.0892048140225643
26311,0.408462601647896,0.310621878188196,0.18735025264769,0.0935652675162176
26312,0.168571593889171,0.552896269454006,0.19828839895559,0.0802437377012333
26313,0.164122271003161,0.414366668676833,0.291850243387375,0.129660816932631
26314,0.0845714633294504,0.453392879563782,0.204568037254571,0.257467619852197
26315,0.386890072021184,0.19341755827017,0.159086684611837,0.26060568509681
26316,0.126167084986952,0.14703419366377,0.222758673943321,0.504040047405957
26317,0.212652587513549,0.256665132741179,0.274093560156418,0.256588719588854
26318,0.181170162839142,0.172023934542776,0.200995621070331,0.445810281547751
26319,0.590241279761849,0.0662145495212622,0.186812871105054,0.156731299611835
26320,0.155013350322644,0.254964914098905,0.142421347760836,0.447600387817615
26321,0.469250836852901,0.191431185986198,0.255297887833511,0.084020089327391
26322,0.404778561245277,0.275031312742972,0.242038903342726,0.0781512226690245
26323,0.143184690600748,0.650648469845589,0.138143270178562,0.068023569375101
26324,0.157281098406298,0.229491096295549,0.155034778192121,0.458193027106031
26325,0.185625853920368,0.0921604796075892,0.470442868328733,0.251770798143309
26326,0.534880288465027,0.204009625375414,0.18018538028278,0.0809247058767781
26327,0.61634040797264,0.117490308247362,0.0889169736045148,0.177252310175483
26328,0.272410921084555,0.520160659546832,0.114723708786854,0.0927047105817583
26329,0.17816229858269,0.165105663309738,0.472959467487359,0.183772570620213
26330,0.0902786078449358,0.180094549511834,0.274256362913508,0.455370479729722
26331,0.324335540468461,0.159437877544196,0.236005302727143,0.280221279260199
26332,0.127960284951308,0.469962800296932,0.0950837809530064,0.306993133798753
26333,0.212482073531089,0.13381220001542,0.292527160271193,0.361178566182299
26334,0.482037551433408,0.153846877125604,0.142531039454505,0.221584531986483
26335,0.136548808360792,0.355047092812378,0.297220839435794,0.211183259391036
26336,0.176525831222534,0.309406161308289,0.214466452598572,0.299601554870605
26337,0.419860965309455,0.0847546843402786,0.429015374616018,0.0663689757342484
26338,0.121285948109405,0.396344021098911,0.146991903074387,0.335378127717296
26339,0.145729980426877,0.459349444181447,0.186883651623889,0.208036923767787
26340,0.304455195433724,0.175864356396561,0.188027086675571,0.331653361494144
26341,0.0702193294432859,0.113218864601569,0.727444816716838,0.089116989238307
26342,0.355143680193558,0.306119011068984,0.248159471981549,0.0905778367559089
26343,0.270956726900911,0.406809333017538,0.243326203847872,0.0789077362336795
26344,0.284426880676756,0.371748076606456,0.238393809127531,0.105431233589257
26345,0.249553747488447,0.319306215068513,0.336790164208705,0.0943498732343354
26346,0.0921805013783463,0.124024172277159,0.263278374943077,0.520516951401418
26347,0.21131640205947,0.638783962667702,0.0882608709759687,0.0616387642968593
26348,0.116713930544031,0.241612383783325,0.55380739844618,0.0878662872264641
26349,0.119513100094898,0.19859084191038,0.587702802006859,0.0941932559878639
26350,0.317296092469932,0.197624790633094,0.243629578406059,0.241449538490914
26351,0.0986853681602674,0.436927196108347,0.391518530312788,0.0728689054185979
26352,0.183474939076599,0.225698186498772,0.191245805695403,0.399581068729226
26353,0.138612451234645,0.448647923002361,0.19626786107224,0.216471764690753
26354,0.298494939483627,0.323218380260741,0.189345183809775,0.188941496445857
26355,0.222799488222614,0.135966103197154,0.170559788627631,0.470674619952601
26356,0.268477441880684,0.167424829061514,0.47617483493816,0.0879228941196419
26357,0.108509394780081,0.216384476911559,0.326007614314783,0.349098513993577
26358,0.171235469412275,0.293638940250293,0.448201143023355,0.0869244473140769
26359,0.173059438284669,0.219506906300372,0.193465415032779,0.41396824038218
26360,0.306620331902953,0.286844821921325,0.316695662712273,0.0898391834634482
26361,0.143442125197069,0.215759606776831,0.520873669690443,0.119924598335658
26362,0.195273071527481,0.233187258243561,0.234644323587418,0.336895346641541
26363,0.101705253124237,0.410430610179901,0.219105660915375,0.268758475780487
26364,0.592356306542268,0.186396742272474,0.140276502362594,0.0809704488226638
26365,0.0514701329828858,0.388850587108013,0.207485491371996,0.352193788537105
26366,0.345218137437916,0.268343222216214,0.269660365715341,0.116778274630529
26367,0.300444380919141,0.125259393814531,0.17374176500402,0.400554460262308
26368,0.129515530608826,0.160691591511541,0.624524066217602,0.0852688116620304
26369,0.149754981703908,0.458279715231666,0.197333404501277,0.19463189856315
26370,0.575554971214793,0.212304832132942,0.129876301660212,0.0822638949920527
26371,0.110371642637042,0.129158736237576,0.313154014297977,0.447315606827405
26372,0.29618102091416,0.492099013238408,0.146815254190451,0.0649047116569824
26373,0.104540226507033,0.648929104605412,0.0978939734870052,0.14863669540055
26374,0.146897047758102,0.112134143710136,0.207830831408501,0.533137977123261
26375,0.0905125154631215,0.134420098877253,0.656119773628112,0.118947612031514
26376,0.487855016461314,0.157584184860241,0.147759863600723,0.206800935077723
26377,0.217384904623032,0.217929691076279,0.158860772848129,0.40582463145256
26378,0.135601218473875,0.129967298210642,0.398728567399723,0.33570291591576
26379,0.0787008112572194,0.15727932868361,0.647808914242751,0.11621094581642
26380,0.122894476120796,0.213579510455866,0.376768299417979,0.28675771400536
26381,0.633798589798829,0.114604650220206,0.168977779612276,0.082618980368689
26382,0.245585441589355,0.247913494706154,0.234415665268898,0.272085398435593
26383,0.146298813019675,0.673734436537839,0.0907359136750685,0.0892308367674177
26384,0.234137246739777,0.0951919608892807,0.379352471693922,0.29131832067702
26385,0.076894603096734,0.288857308858206,0.101394846279958,0.532853241765102
26386,0.0563970063358322,0.108540900860286,0.539284829342997,0.295777263460884
26387,0.154909915696528,0.17207800621143,0.194675692677901,0.478336385414141
26388,0.173277790150708,0.152305270662747,0.397995251476906,0.276421687709639
26389,0.137717059986767,0.467465611251258,0.251760795607519,0.143056533154456
26390,0.241534177087757,0.408068990827635,0.195097836779026,0.155298995305583
26391,0.303056620738135,0.23204558569091,0.378678253769616,0.0862195398013397
26392,0.148427227570592,0.470583302133407,0.308334875541371,0.072654594754629
26393,0.123777084974774,0.187888355462911,0.284740748142755,0.40359381141956
26394,0.470489829778671,0.176540642976761,0.191511556506157,0.161457970738411
26395,0.599826391042572,0.193310393442881,0.117798692600439,0.0890645229141077
26396,0.379463745081555,0.250122297549741,0.208718230930646,0.161695726438058
26397,0.269968267232653,0.184237179395002,0.321159208995712,0.224635344376633
26398,0.204270619217614,0.323821847495762,0.148804458212919,0.323103075073705
26399,0.175136666008035,0.433259632185676,0.179827849854699,0.21177585195159
26400,0.256873953780206,0.241980124623472,0.227921669427082,0.27322425216924
26401,0.193083976569862,0.368040780899782,0.324123484873292,0.114751757657064
26402,0.073052443019655,0.492890205287261,0.194664208630739,0.239393143062345
26403,0.141917704478519,0.661047632537427,0.110775983998358,0.086258678985695
26404,0.582352170085194,0.104480707712184,0.193705904390006,0.119461217812616
26405,0.132314928425815,0.684155666909444,0.12041752902476,0.0631118756399816
26406,0.25501403022547,0.169280036022663,0.483808007211924,0.0918979265399432
26407,0.139021354005059,0.227380592038938,0.405804431524939,0.227793622431064
26408,0.178972145288353,0.150344540189044,0.377453308625618,0.293230005896986
26409,0.247486731131124,0.472163123184326,0.184560083428022,0.0957900622565276
26410,0.120446963303581,0.136953515753843,0.539779297414731,0.202820223527845
26411,0.219566901465511,0.486308198116158,0.212732647643968,0.0813922527743634
26412,0.293037748926232,0.423212418479005,0.180683989391118,0.103065843203645
26413,0.165203277119774,0.115085750551732,0.610195595832464,0.109515376496029
26414,0.152005314826965,0.239143550395966,0.304745882749558,0.304105252027512
26415,0.347908228635788,0.374148011207581,0.189593955874443,0.0883498042821884
26416,0.138362171327504,0.332013641774858,0.449770874526663,0.0798533123709755
26417,0.2277688414277,0.459566420190298,0.191585307262114,0.121079431119889
26418,0.228274817538626,0.279755604852241,0.127300685374469,0.364668892234663
26419,0.147489023991093,0.294564898393081,0.272015329122315,0.285930748493511
26420,0.446649587849521,0.124172883095933,0.186175617369646,0.243001911684899
26421,0.512821182226503,0.266416273521892,0.153941656531642,0.0668208877199624
26422,0.315833002328873,0.177194938063622,0.315327703952789,0.191644355654717
26423,0.157421426157813,0.423849794446303,0.3028418742332,0.115886905162684
26424,0.523807652649397,0.191980796932888,0.179215061354862,0.104996489062853
26425,0.176116248253472,0.218792847358967,0.503218606210309,0.101872298177251
26426,0.150082547965126,0.228326938400475,0.436057193161762,0.185533320472637
26427,0.195468084480376,0.442252549843882,0.26732298930975,0.0949563763659923
26428,0.313928400187618,0.326284204815093,0.165896969525471,0.193890425471819
26429,0.0799185526328524,0.595741720275522,0.244124291158244,0.0802154359333817
26430,0.281229766318424,0.320835443741347,0.299331607664612,0.098603182275617
26431,0.343754296656762,0.396096354664808,0.190721902112989,0.069427446565441
26432,0.124071834622743,0.475423656770234,0.174964544550113,0.22553996405691
26433,0.250285536050797,0.346167743206024,0.287573099136353,0.115973621606827
26434,0.18994869574828,0.416542089231939,0.158236446354336,0.235272768665444
26435,0.153521431184986,0.394409412228921,0.144585726490829,0.307483430095264
26436,0.500471360988488,0.199089023457304,0.221078905777319,0.0793607097768889
26437,0.114138359892481,0.195225183559027,0.587495220918102,0.103141235630391
26438,0.166581531363175,0.43449504478261,0.301500865861799,0.0974225579924154
26439,0.192042448760977,0.207024926261228,0.501024566636588,0.0999080583412077
26440,0.185809788319323,0.521245471816577,0.211945172966344,0.0809995668977564
26441,0.187794721672175,0.53182361132695,0.190954214738866,0.0894274522620088
26442,0.501662463048843,0.163125480003684,0.15003457069603,0.185177486251443
26443,0.491154447461532,0.281530342056443,0.15280180714125,0.0745134033407747
26444,0.586072917386346,0.204241080550543,0.139038874663123,0.0706471273999875
26445,0.381861570342344,0.308540435944054,0.195974187522934,0.113623806190668
26446,0.397036465980384,0.378312083917201,0.116708286976131,0.107943163126284
26447,0.232586301344225,0.342977921455441,0.332239697344294,0.0921960798560405
26448,0.365854918956757,0.336264908313751,0.208756029605865,0.0891241431236267
26449,0.509223984313876,0.12783838475172,0.0508222976485041,0.312115333285901
26450,0.347804992095362,0.122545919855886,0.0368837824579932,0.492765305590759
26451,0.323307196000433,0.343200455403342,0.179535006866902,0.153957341729323
26452,0.0466449764113677,0.457503844173783,0.13621041736869,0.35964076204616
26453,0.054143135916449,0.190671448911354,0.541465952211103,0.213719462961094
26454,0.252563723448938,0.0477426328870792,0.276370892254032,0.423322751409951
26455,0.0868552110109867,0.375584783968216,0.043865636317921,0.493694368702876
26456,0.146549018421009,0.128576519021042,0.209554511451043,0.515319951106905
26457,0.0923647419755944,0.168190983411804,0.408972465858274,0.330471808754328
26458,0.103511228386229,0.436608490075108,0.0785763481365416,0.381303933402122
26459,0.0409141221676548,0.0709079134125557,0.510420860761482,0.377757103658308
26460,0.0782724630575249,0.209515708826716,0.0531159349250188,0.65909589319074
26461,0.121072464593295,0.235711412397857,0.411601933923378,0.23161418908547
26462,0.421950632006666,0.256849344717721,0.0394858264999714,0.281714196775642
26463,0.0507739908647243,0.0853511652938501,0.578458700546978,0.285416143294447
26464,0.0396441233052052,0.216811812425012,0.318750122748319,0.424793941521464
26465,0.0383033280995859,0.273965457326506,0.153423776406102,0.534307438167807
26466,0.119777977912791,0.439678760020728,0.0406596922899026,0.399883569776578
26467,0.604970537311231,0.0621720650111163,0.0439008043669464,0.288956593310706
26468,0.245082438285205,0.431761924519424,0.245856240638719,0.0772993965566518
26469,0.410689291278353,0.295705197038463,0.191536723140354,0.102068788542831
26470,0.153972109915488,0.401373392261661,0.324459593030239,0.120194904792613
26471,0.426067858934402,0.291892021894455,0.202739059925079,0.0793010592460632
26472,0.181292180298839,0.219594692131758,0.519668233089184,0.0794448944802186
26473,0.489380508028299,0.177254508570105,0.21046703818244,0.122897945219156
26474,0.125336966454739,0.303197631770531,0.481723484877412,0.0897419168973174
26475,0.330822860163791,0.263785217162746,0.277417812904981,0.127974109768482
26476,0.222803056240082,0.324739724397659,0.241555139422417,0.210902079939842
26477,0.149756706495138,0.283437056099045,0.478888264844787,0.0879179725610304
26478,0.240751914955619,0.343709637412142,0.308060636876207,0.107477810756033
26479,0.236268977010198,0.35231818961386,0.31253182189468,0.0988810114812625
26480,0.353304451008207,0.329252665180753,0.225479054830656,0.0919638289803837
26481,0.192426264286041,0.265855193138123,0.427463322877884,0.114255219697952
26482,0.264867150823761,0.262144917350749,0.377915910379978,0.0950720214455123
26483,0.313204421159394,0.363737832410896,0.2128237523901,0.11023399403961
26484,0.134958571268256,0.243134852191874,0.531119191547596,0.090787384992274
26485,0.179455513180707,0.571341007943355,0.176633799347554,0.0725696795283836
26486,0.266796108084975,0.261286731641192,0.213215482038029,0.258701678235804
26487,0.0729467847065096,0.260606579166455,0.589411896782759,0.0770347393442768
26488,0.171165401602822,0.26304032614707,0.348775316811344,0.217018955438764
26489,0.279857051962184,0.196507328592568,0.243133436581497,0.28050218286375
26490,0.265782058238983,0.177381545305252,0.28608039021492,0.270756006240845
26491,0.440901673687162,0.328940225373346,0.161701983720706,0.0684561172187863
26492,0.286050326065354,0.434558162865598,0.192147691372358,0.0872438196966906
26493,0.163639294559349,0.173270064194054,0.48808184993389,0.175008791312706
26494,0.368039231539942,0.39498506173447,0.141420353693377,0.0955553530322121
26495,0.530487533431593,0.165411143262601,0.0728606948788412,0.231240628426964
26496,0.149951892345427,0.231712866302026,0.537012883082224,0.0813223582703227
26497,0.240118367671085,0.141382484574746,0.525908347026197,0.0925908007279724
26498,0.463267518975363,0.169407655877103,0.204365989695966,0.162958835451568
26499,0.251609321659665,0.193149891597779,0.348515773586694,0.206725013155863
26500,0.195540750159599,0.507571145666506,0.19987403750795,0.0970140666659455
26501,0.474238693714142,0.219996854662895,0.188408434391022,0.117356017231941
26502,0.483305041617637,0.207406495125253,0.196534846903802,0.112753616353308
26503,0.145378458769138,0.582417739534775,0.195813242997525,0.0763905586985624
26504,0.134890669514656,0.170969523297123,0.349590792525226,0.344549014662995
26505,0.129547465728148,0.412077051761063,0.24474709465346,0.213628387857329
26506,0.0760276890984866,0.289739391513485,0.240780823207473,0.393452096180555
26507,0.585894085992348,0.129227052285259,0.0688345332132826,0.21604432850911
26508,0.314780400032681,0.284986751452681,0.0438244174201302,0.356408431094508
26509,0.151990142613833,0.645669269456169,0.0451430558200356,0.157197532109962
26510,0.171978063643959,0.225967710049404,0.188309735582334,0.413744490724303
26511,0.0617426410317421,0.262757509946823,0.571318030357361,0.104181818664074
26512,0.0979127325895156,0.119033302402746,0.189053349604705,0.594000615403033
26513,0.0931143104004012,0.348304455702073,0.441454357526516,0.117126876371009
26514,0.0808963018522218,0.403120183898208,0.132088241993066,0.383895272256504
26515,0.245856318561082,0.210715952675282,0.397265350777885,0.146162377985751
26516,0.158743309359898,0.11411032250688,0.180259439055017,0.546886929078205
26517,0.165730769463457,0.325029095261422,0.15940355779518,0.349836577479941
26518,0.134635017325245,0.0607671816704212,0.403794083027498,0.400803717976836
26519,0.423848967678146,0.163010202511689,0.0882952322827921,0.324845597527373
26520,0.665428099537536,0.0778581720670381,0.0510039290375861,0.20570979935784
26521,0.140656261588214,0.440703984791756,0.0680936346345124,0.350546118985518
26522,0.726910669685806,0.0800316578158051,0.0603090354135754,0.132748637084814
26523,0.0612604064582076,0.438641018640346,0.309682889522759,0.190415685378687
26524,0.355341886808602,0.117571012937591,0.0862239910099505,0.440863109243857
26525,0.235434301631621,0.191835084800867,0.273725650497507,0.299004963070006
26526,0.173142209649086,0.515397608280182,0.239643514156342,0.0718166679143906
26527,0.162486098893608,0.181747398596373,0.4685708670957,0.187195635414319
26528,0.128638286251971,0.468752606771964,0.338803182208633,0.0638059247674324
26529,0.237185628989232,0.230437369871418,0.439668658671295,0.0927083424680557
26530,0.494384263003693,0.246986882918267,0.184915696871207,0.0737131572068326
26531,0.130514253095217,0.367794316047261,0.396336328874121,0.105355101983401
26532,0.228258545469875,0.499797336748123,0.210133055305469,0.0618110624765335
26533,0.161277819304418,0.558088195877259,0.201954354389482,0.0786796304288424
26534,0.485944252984812,0.27459858825063,0.170010530575718,0.06944662818884
26535,0.146562000608519,0.355626655952135,0.426246480131391,0.0715648633079552
26536,0.320511673696513,0.115484120182456,0.183660167212191,0.38034403890884
26537,0.230349967695401,0.388191035653851,0.304450654138983,0.0770083425117655
26538,0.13037801080297,0.147236544204575,0.616907669981741,0.105477775010715
26539,0.143152342313173,0.41440707753902,0.362924697718953,0.0795158824288538
26540,0.281364266296689,0.368905192150253,0.255764100786509,0.0939664407665497
26541,0.394550842290334,0.198244696934013,0.100067074593883,0.307137386181769
26542,0.315085163262929,0.286437771128483,0.212110647198241,0.186366418410348
26543,0.339111131625042,0.364105444038375,0.0867664545225711,0.210016969814012
26544,0.167603890073183,0.486992106229302,0.181367868740324,0.16403613495719
26545,0.253388173979168,0.183555310474494,0.147701804271394,0.415354711274943
26546,0.247669421205836,0.321008732288816,0.290522864743386,0.140798981761963
26547,0.576211299428849,0.130094563816245,0.0890846888311813,0.204609447923725
26548,0.553087102925321,0.174791242745714,0.190772782472384,0.0813488718565806
26549,0.128181961293922,0.180051099209835,0.603259728776074,0.0885072107201693
26550,0.134998098015785,0.212259188294411,0.574662983417511,0.0780797302722931
26551,0.121558348571323,0.376068272651768,0.414073714928487,0.0882996638484224
26552,0.382776009266496,0.176122881894837,0.255867701286124,0.185233407552544
26553,0.216384379443643,0.515950497120988,0.156086384087157,0.111578739348212
26554,0.361810150457994,0.368254306675898,0.188365311833958,0.0815702310321497
26555,0.174308772959364,0.0945258193941604,0.544114041087463,0.187051366559013
26556,0.283716056998313,0.17510144673439,0.265130553620019,0.276051942647277
26557,0.362939926705807,0.17264881858713,0.10921161703178,0.355199637675283
26558,0.239467864620712,0.252884185006116,0.420295754528696,0.0873521958444758
26559,0.331902228327791,0.365421197591248,0.0848995800711308,0.21777699400983
26560,0.118788818689931,0.170024965033493,0.550795627030633,0.160390589245944
26561,0.145921364426613,0.431640774011612,0.181019708514214,0.241418153047562
26562,0.155678378875231,0.391497051589147,0.345507150076436,0.107317419459185
