No,Ch1,Ch2,Ch3,Ch4
21566,0.172386988997459,0.184847369790077,0.408082038164139,0.234683632850647
21567,0.094263568520546,0.461327403783798,0.29773423075676,0.14667484164238
21568,0.303070187568665,0.378790825605392,0.214324042201042,0.103814966976643
21569,0.449794352054596,0.193701356649399,0.257000952959061,0.099503293633461
21570,0.257078617811203,0.364446848630905,0.287241667509079,0.0912328287959099
21571,0.148128151893616,0.544238269329071,0.230080425739288,0.0775531679391861
21572,0.25001335144043,0.105434067547321,0.50438928604126,0.14016330242157
21573,0.166287958621979,0.17736428976059,0.19123350083828,0.465114295482636
21574,0.163919851183891,0.30059278011322,0.447004646062851,0.0884827822446823
21575,0.0603380277752876,0.16439051926136,0.64561802148819,0.129653424024582
21576,0.222814872860909,0.201626807451248,0.347313106060028,0.228245213627815
21577,0.154772371053696,0.204667240381241,0.563048303127289,0.0775120928883553
21578,0.373355895280838,0.341275364160538,0.165711417794228,0.119657322764397
21579,0.0853978544473648,0.24143585562706,0.187666192650795,0.485500127077103
21580,0.127042591571808,0.454739570617676,0.282116919755936,0.136100992560387
21581,0.354518055915833,0.156171202659607,0.248120486736298,0.241190224885941
21582,0.140906468033791,0.228952437639236,0.331835269927979,0.298305839300156
21583,0.113971658051014,0.185930490493774,0.326461613178253,0.373636275529861
21584,0.307138860225678,0.270755559206009,0.0826208889484406,0.339484691619873
21585,0.363213419914246,0.260499536991119,0.0978829488158226,0.278404116630554
21586,0.194011598825455,0.334114283323288,0.216648325324059,0.255225777626038
21587,0.0574353970587254,0.584963381290436,0.12730473279953,0.230296477675438
21588,0.0651907399296761,0.0874057710170746,0.591253221035004,0.256150275468826
21589,0.104000315070152,0.0623967051506043,0.579356074333191,0.254246920347214
21590,0.0636462643742561,0.129368916153908,0.513889491558075,0.293095320463181
21591,0.0477378144860268,0.193397894501686,0.427986890077591,0.330877393484116
21592,0.0626846849918366,0.195847913622856,0.0588688962161541,0.682598531246185
21593,0.63839590549469,0.118272706866264,0.0864595100283623,0.156871929764748
21594,0.0982966125011444,0.158760890364647,0.169752091169357,0.573190450668335
21595,0.29854291677475,0.102265544235706,0.054008387029171,0.545183122158051
21596,0.107069730758667,0.660001218318939,0.071308545768261,0.161620497703552
21597,0.347064226865768,0.197978809475899,0.0521295554935932,0.40282741189003
21598,0.0824622437357903,0.336826622486115,0.311648577451706,0.269062519073486
21599,0.190383106470108,0.398825943470001,0.218851178884506,0.191939771175385
21600,0.0517101176083088,0.111353345215321,0.0561755560338497,0.780760943889618
21601,0.042384210973978,0.110237270593643,0.17339813709259,0.673980414867401
21602,0.0509807392954826,0.372370392084122,0.398975253105164,0.177673578262329
21603,0.535857081413269,0.0511273890733719,0.0740809366106987,0.338934540748596
21604,0.0554362200200558,0.302661150693893,0.350234657526016,0.291667938232422
21605,0.214327603578568,0.0661918446421623,0.467775106430054,0.251705467700958
21606,0.229950919747353,0.0602473169565201,0.402324318885803,0.307477384805679
21607,0.473502963781357,0.0948687270283699,0.137161135673523,0.294467151165009
21608,0.201500251889229,0.443871885538101,0.0477065481245518,0.306921273469925
21609,0.0681232437491417,0.089721642434597,0.462239414453507,0.379915773868561
21610,0.309653788805008,0.319276452064514,0.0420415475964546,0.329028189182282
21611,0.0610732920467854,0.0515625476837158,0.553080141544342,0.334284007549286
21612,0.558464586734772,0.131885930895805,0.195734947919846,0.113914549350739
21613,0.0463620349764824,0.219634652137756,0.280492931604385,0.453510344028473
21614,0.0758533477783203,0.388120353221893,0.278751134872437,0.257275193929672
21615,0.225456312298775,0.345080405473709,0.0450351871550083,0.384428113698959
21616,0.20442821085453,0.0615344978868961,0.546857118606567,0.187180161476135
21617,0.211228415369988,0.325040936470032,0.189677596092224,0.274053037166595
21618,0.181946292519569,0.106081783771515,0.236763030290604,0.475208908319473
21619,0.148078933358192,0.140384376049042,0.0610245503485203,0.650512099266052
21620,0.07439985871315,0.71906840801239,0.0497716367244721,0.15676012635231
21621,0.191270232200623,0.300431787967682,0.15650138258934,0.351796597242355
21622,0.134290874004364,0.171243622899055,0.169050306081772,0.525415182113648
21623,0.377902388572693,0.300834238529205,0.241361424326897,0.0799019783735275
21624,0.417171239852905,0.276343584060669,0.227713063359261,0.0787720829248428
21625,0.137971520423889,0.184169769287109,0.533796548843384,0.144062176346779
21626,0.419336378574371,0.233614802360535,0.268889129161835,0.0781597048044205
21627,0.234893262386322,0.196391895413399,0.431149929761887,0.137564897537231
21628,0.168329983949661,0.381098806858063,0.384252071380615,0.0663191303610802
21629,0.37499076128006,0.292476296424866,0.234037309885025,0.0984956473112106
21630,0.242885127663612,0.231144070625305,0.221115067601204,0.304855704307556
21631,0.118213176727295,0.24971316754818,0.555486798286438,0.0765868276357651
21632,0.194477528333664,0.213766902685165,0.493284165859222,0.0984714329242706
21633,0.209305018186569,0.307298064231873,0.280207931995392,0.203188940882683
21634,0.198611631989479,0.561163425445557,0.174511328339577,0.0657136291265488
21635,0.148489505052567,0.565640926361084,0.217582508921623,0.0682870745658875
21636,0.55169016122818,0.16734704375267,0.191978931427002,0.0889838114380837
21637,0.318646281957626,0.469289243221283,0.136175349354744,0.0758891478180885
21638,0.289804905653,0.404742568731308,0.226438462734222,0.0790140256285667
21639,0.21297100186348,0.528901755809784,0.175517201423645,0.0826100260019302
21640,0.396120071411133,0.389614671468735,0.140928402543068,0.0733368247747421
21641,0.365477204322815,0.19581626355648,0.356805264949799,0.0819012597203255
21642,0.322401434183121,0.312580674886704,0.199640229344368,0.165377676486969
21643,0.113007441163063,0.303790867328644,0.397759199142456,0.185442477464676
21644,0.306446075439453,0.252218902111053,0.222087979316711,0.21924701333046
21645,0.105388469994068,0.554465353488922,0.190577045083046,0.149569123983383
21646,0.187761321663857,0.205296710133553,0.462194263935089,0.144747734069824
21647,0.1450365036726,0.264130294322968,0.430421590805054,0.16041162610054
21648,0.305196702480316,0.141872987151146,0.385859817266464,0.167070433497429
21649,0.452057898044586,0.139195576310158,0.273774653673172,0.134971857070923
21650,0.254833847284317,0.376912415027618,0.197325304150581,0.170928463339806
21651,0.336185991764069,0.16386391222477,0.232846543192863,0.267103612422943
21652,0.108195267617702,0.207141980528831,0.227289348840714,0.457373470067978
21653,0.540244936943054,0.143337368965149,0.181634485721588,0.134783178567886
21654,0.577345013618469,0.155619502067566,0.13665908575058,0.130376428365707
21655,0.271605134010315,0.173211067914963,0.407966077327728,0.147217780351639
21656,0.409009724855423,0.179274871945381,0.216302394866943,0.195412963628769
21657,0.56969940662384,0.115887030959129,0.1494230479002,0.164990574121475
21658,0.2928267121315,0.169797822833061,0.345347493886948,0.192028000950813
21659,0.566132426261902,0.171091005206108,0.100906409323215,0.161870136857033
21660,0.142809182405472,0.14879597723484,0.338575839996338,0.369818955659866
21661,0.142561316490173,0.356533765792847,0.224896565079689,0.276008367538452
21662,0.0589017197489739,0.627712309360504,0.119873903691769,0.193512097001076
21663,0.14930634200573,0.172356083989143,0.572985053062439,0.105352565646172
21664,0.0549570918083191,0.472622454166412,0.200899049639702,0.271521419286728
21665,0.312606424093246,0.237044408917427,0.18084704875946,0.26950216293335
21666,0.0810586586594582,0.306423276662827,0.357035160064697,0.255482941865921
21667,0.0463672652840614,0.412619888782501,0.294125288724899,0.246887549757957
21668,0.270047277212143,0.243423148989677,0.250897973775864,0.2356316447258
21669,0.3387111723423,0.195381343364716,0.0799921527504921,0.38591530919075
21670,0.137482360005379,0.467013269662857,0.144076839089394,0.251427501440048
21671,0.122990310192108,0.453073561191559,0.339875638484955,0.084060475230217
21672,0.0590308830142021,0.194798454642296,0.535004317760468,0.211166307330132
21673,0.398225784301758,0.187583222985268,0.0631949752569199,0.35099595785141
21674,0.384971559047699,0.111298717558384,0.241088673472405,0.26264101266861
21675,0.446753919124603,0.114838905632496,0.0975578725337982,0.340849339962006
21676,0.0850090458989143,0.618364751338959,0.168192341923714,0.128433883190155
21677,0.487465679645538,0.105494163930416,0.28663444519043,0.120405726134777
21678,0.151175186038017,0.560355961322784,0.193142503499985,0.0953263342380524
21679,0.147184267640114,0.513956844806671,0.0930096730589867,0.245849207043648
21680,0.246324688196182,0.140978842973709,0.485893815755844,0.126802638173103
21681,0.297568202018738,0.0750811398029327,0.216923072934151,0.41042760014534
21682,0.353142648935318,0.295808643102646,0.0760463997721672,0.275002270936966
21683,0.244119644165039,0.0586228780448437,0.4000264108181,0.297231048345566
21684,0.383489698171616,0.0590620487928391,0.207640781998634,0.349807471036911
21685,0.126428946852684,0.29748147726059,0.0988478884100914,0.477241635322571
21686,0.0859940871596336,0.477203190326691,0.117754198610783,0.319048553705215
21687,0.156086251139641,0.145541429519653,0.361309438943863,0.337062835693359
21688,0.202089056372643,0.166819125413895,0.0724412724375725,0.558650553226471
21689,0.126855701208115,0.669294595718384,0.0752173960208893,0.128632247447968
21690,0.653702020645142,0.13968950510025,0.0858887284994125,0.12071979790926
21691,0.126578360795975,0.543073177337647,0.0896562561392784,0.240692242980003
21692,0.0672752782702446,0.334197998046875,0.489329218864441,0.109197564423084
21693,0.0496287867426872,0.637310385704041,0.0598550923168659,0.2532057762146
21694,0.100353516638279,0.372738480567932,0.113145805895329,0.413762241601944
21695,0.406748563051224,0.341596901416779,0.122680224478245,0.128974378108978
21696,0.563016414642334,0.125813618302345,0.0758309364318848,0.235339015722275
21697,0.554688930511475,0.133277133107185,0.114260777831078,0.197773143649101
21698,0.101484097540379,0.0757304504513741,0.718244016170502,0.104541443288326
21699,0.154138252139092,0.65676885843277,0.0449993275105953,0.144093543291092
21700,0.283697217702866,0.275481462478638,0.197173997759819,0.243647351861
21701,0.524413824081421,0.137932941317558,0.0851733013987541,0.252479940652847
21702,0.0695221126079559,0.65084171295166,0.0716899633407593,0.20794615149498
21703,0.0767825171351433,0.364778459072113,0.0671946331858635,0.491244316101074
21704,0.0755154266953468,0.191712245345116,0.451360464096069,0.281411916017532
21705,0.151373714208603,0.0516866706311703,0.327574670314789,0.469365030527115
21706,0.0723920091986656,0.426185846328735,0.0626484751701355,0.438773691654205
21707,0.0835866257548332,0.481450468301773,0.174357399344444,0.26060551404953
21708,0.0644271299242973,0.498188465833664,0.107603341341019,0.329781085252762
21709,0.281057387590408,0.128489211201668,0.0503497011959553,0.540103673934937
21710,0.311417520046234,0.0858593881130219,0.0813586860895157,0.521364450454712
21711,0.0441796742379665,0.559773027896881,0.127538770437241,0.268508493900299
21712,0.0549778863787651,0.327740252017975,0.0530908592045307,0.564190983772278
21713,0.6434685587883,0.0995909497141838,0.0726387202739716,0.184301778674126
21714,0.0665569305419922,0.678993344306946,0.0451732017099857,0.20927657186985
21715,0.600462257862091,0.0974426940083504,0.129331558942795,0.172763481736183
21716,0.0847703441977501,0.119473040103912,0.155850529670715,0.639906108379364
21717,0.235733881592751,0.0449157021939755,0.349945336580277,0.369405120611191
21718,0.303112864494324,0.465045183897018,0.0508765205740929,0.180965453386307
21719,0.205131709575653,0.145853012800217,0.238517612218857,0.410497695207596
21720,0.386491268873215,0.302244901657105,0.0527136586606503,0.258550196886063
21721,0.155400589108467,0.201026201248169,0.438360512256622,0.205212667584419
21722,0.620665967464447,0.185599222779274,0.0542268492281437,0.139507979154587
21723,0.0557570233941078,0.314610958099365,0.212248757481575,0.417383223772049
21724,0.325376391410828,0.192543372511864,0.188062235713005,0.294017970561981
21725,0.0673139989376068,0.152669668197632,0.313891857862473,0.466124415397644
21726,0.0488363914191723,0.347888737916946,0.371371984481812,0.231902912259102
21727,0.176704630255699,0.0757878497242928,0.628654539585114,0.118852943181992
21728,0.094505287706852,0.133886948227882,0.365446388721466,0.406161308288574
21729,0.249358206987381,0.22646264731884,0.154671549797058,0.369507640600204
21730,0.483822196722031,0.0589111633598805,0.0729415267705917,0.38432514667511
21731,0.176245972514153,0.196400418877602,0.417989134788513,0.209364518523216
21732,0.345428019762039,0.196964219212532,0.0770767107605934,0.380531072616577
21733,0.500065982341766,0.314191609621048,0.0807313919067383,0.105011023581028
21734,0.0432459153234959,0.673714876174927,0.146298408508301,0.136740803718567
21735,0.181442111730576,0.374844998121262,0.0574684105813503,0.386244505643845
21736,0.713113725185394,0.110031835734844,0.0789531618356705,0.0979012623429298
21737,0.313834637403488,0.262459546327591,0.314402490854263,0.109303317964077
21738,0.340671300888062,0.285009562969208,0.265376895666122,0.108942218124866
21739,0.199002891778946,0.344096451997757,0.360575377941132,0.0963252633810043
21740,0.147737085819244,0.502620458602905,0.260304898023605,0.0893375352025032
21741,0.243914559483528,0.309625595808029,0.182797595858574,0.263662278652191
21742,0.240295365452766,0.2250667065382,0.360541254281998,0.174096703529358
21743,0.312805473804474,0.445655256509781,0.078116774559021,0.163422510027885
21744,0.266434878110886,0.254740953445435,0.377958327531815,0.100865855813026
21745,0.208632156252861,0.159300357103348,0.39462211728096,0.237445399165154
21746,0.298645198345184,0.362576067447662,0.220535174012184,0.11824356764555
21747,0.552200973033905,0.163341730833054,0.190483942627907,0.0939733013510704
21748,0.306683152914047,0.462765991687775,0.12284591794014,0.1077049523592
21749,0.14320795238018,0.385545313358307,0.332663387060165,0.138583347201347
21750,0.144585609436035,0.199505433440208,0.443046271800995,0.212862685322762
21751,0.568767130374908,0.10975020378828,0.226594477891922,0.0948882028460503
21752,0.430883795022965,0.112525835633278,0.216652691364288,0.239937663078308
21753,0.282625764608383,0.225659802556038,0.193766757845879,0.2979476749897
21754,0.142720520496368,0.490277349948883,0.12385718524456,0.24314495921135
21755,0.186195522546768,0.335701107978821,0.233503639698029,0.244599774479866
21756,0.0732088163495064,0.40258264541626,0.139598563313484,0.384609937667847
21757,0.105632543563843,0.601018607616425,0.0422159507870674,0.251132905483246
21758,0.204355627298355,0.247771739959717,0.20268914103508,0.345183461904526
21759,0.386578500270844,0.263880908489227,0.208506628870964,0.141033962368965
21760,0.0979675427079201,0.0571056380867958,0.445583045482636,0.39934378862381
21761,0.124409921467304,0.195934906601906,0.440541595220566,0.239113613963127
21762,0.0601869486272335,0.71018397808075,0.0454628244042397,0.184166222810745
21763,0.534460306167603,0.0567370094358921,0.0352121666073799,0.373590528964996
21764,0.195172592997551,0.0905260592699051,0.518946647644043,0.195354729890823
21765,0.441177248954773,0.123720057308674,0.0784930735826492,0.356609582901001
21766,0.0446674264967442,0.359794765710831,0.0278385877609253,0.567699193954468
21767,0.0681317299604416,0.126456916332245,0.371474295854569,0.433937042951584
21768,0.202226936817169,0.327514499425888,0.257363677024841,0.212894842028618
21769,0.153785362839699,0.150376439094543,0.0582509152591229,0.637587308883667
21770,0.0784432515501976,0.436533749103546,0.161914572119713,0.323108404874802
21771,0.0375497899949551,0.0876624584197998,0.351383417844772,0.52340430021286
21772,0.122155278921127,0.38177502155304,0.14665986597538,0.349409878253937
21773,0.175921961665154,0.472551465034485,0.048875093460083,0.302651464939117
21774,0.0438570491969585,0.121594965457916,0.559059798717499,0.275488168001175
21775,0.185580685734749,0.286400228738785,0.24868431687355,0.279334753751755
21776,0.339361637830734,0.334859192371368,0.122361794114113,0.203417345881462
21777,0.0622132457792759,0.0563588812947273,0.636999666690826,0.244428217411041
21778,0.334200352430344,0.128447145223618,0.0854665488004684,0.451885968446732
21779,0.242242574691772,0.257275819778442,0.165651142597198,0.334830492734909
21780,0.137614145874977,0.120712541043758,0.449268192052841,0.292405158281326
21781,0.111912041902542,0.0933785289525986,0.597241163253784,0.197468280792236
21782,0.550460755825043,0.0634409785270691,0.279741168022156,0.106357105076313
21783,0.236030429601669,0.0738590732216835,0.179152816534042,0.510957717895508
21784,0.631029307842255,0.180364236235619,0.0924942269921303,0.0961122214794159
21785,0.123329788446426,0.632936418056488,0.171431675553322,0.0723020806908608
21786,0.0619372613728046,0.06040995195508,0.240859732031822,0.636793076992035
21787,0.0623555220663548,0.699608266353607,0.0790752992033958,0.158960938453674
21788,0.270692199468613,0.361040025949478,0.0592617429792881,0.309006094932556
21789,0.0809371918439865,0.282774060964584,0.22224472463131,0.414043962955475
21790,0.599159061908722,0.102452255785465,0.0603671446442604,0.23802150785923
21791,0.314337611198425,0.128939762711525,0.141145676374435,0.415576934814453
21792,0.0839522033929825,0.338507950305939,0.38818234205246,0.189357474446297
21793,0.139190047979355,0.263334512710571,0.494794815778732,0.102680556476116
21794,0.0454342663288117,0.597993016242981,0.205257311463356,0.151315405964851
21795,0.188975095748901,0.0528775975108147,0.595515549182892,0.162631705403328
21796,0.224358588457108,0.272006660699844,0.214221000671387,0.289413750171661
21797,0.267625957727432,0.420503526926041,0.117596618831158,0.194273933768272
21798,0.459302842617035,0.0653116330504417,0.254822909832001,0.220562562346458
21799,0.0516666099429131,0.0581348836421967,0.193676710128784,0.696521759033203
21800,0.0754651874303818,0.0765388906002045,0.239765197038651,0.608230710029602
21801,0.153498187661171,0.152079179883003,0.194206640124321,0.500216007232666
21802,0.0422382652759552,0.163608357310295,0.367887735366821,0.426265597343445
21803,0.0674988627433777,0.100187830626965,0.594998300075531,0.237315014004707
21804,0.155541464686394,0.518665432929993,0.115934014320374,0.209859058260918
21805,0.537232577800751,0.0583502538502216,0.0890354067087174,0.315381765365601
21806,0.0859245806932449,0.380160361528397,0.159308180212975,0.374606847763062
21807,0.13689212501049,0.402340441942215,0.134907603263855,0.325859874486923
21808,0.282597184181213,0.10026741027832,0.141954720020294,0.475180625915527
21809,0.607612550258637,0.0557006634771824,0.0511246807873249,0.285562098026276
21810,0.72801399230957,0.0624750182032585,0.0901825502514839,0.11932847648859
21811,0.288447558879852,0.461415976285934,0.149148121476173,0.100988380610943
21812,0.128134414553642,0.0537427105009556,0.49071729183197,0.327405571937561
21813,0.273734271526337,0.437591940164566,0.227895170450211,0.0607785619795322
21814,0.242729514837265,0.383446395397186,0.30206710100174,0.0717569589614868
21815,0.373370319604874,0.109580464661121,0.347110241651535,0.169938951730728
21816,0.305553704500198,0.418377190828323,0.213322207331657,0.0627468749880791
21817,0.140869632363319,0.188305452466011,0.620365262031555,0.0504595898091793
21818,0.0806626603007317,0.0916043221950531,0.504598617553711,0.323134362697601
21819,0.288219422101975,0.205038443207741,0.184716507792473,0.32202559709549
21820,0.617754638195038,0.139859050512314,0.182958707213402,0.0594276338815689
21821,0.17060574889183,0.168867170810699,0.600857675075531,0.0596694126725197
21822,0.324535191059113,0.404715240001678,0.219819784164429,0.0509297624230385
21823,0.202180773019791,0.499685138463974,0.206807821989059,0.0913263186812401
21824,0.177765935659409,0.489661574363709,0.270701050758362,0.0618714317679405
21825,0.105087466537952,0.529500186443329,0.163495033979416,0.201917305588722
21826,0.182311296463013,0.390227019786835,0.36794924736023,0.0595124550163746
21827,0.0950502380728722,0.133471235632896,0.69910591840744,0.0723726376891136
21828,0.15712533891201,0.508298695087433,0.229128420352936,0.105447560548782
21829,0.157251983880997,0.270765990018845,0.49330934882164,0.0786726474761963
21830,0.15692375600338,0.101698689162731,0.624166071414948,0.117211446166039
21831,0.245880588889122,0.360304594039917,0.202587604522705,0.191227212548256
21832,0.238352745771408,0.431871771812439,0.0652473643422127,0.264528185129166
21833,0.521673262119293,0.115520142018795,0.242248252034187,0.120558336377144
21834,0.645783662796021,0.152777120471001,0.102637358009815,0.0988018661737442
21835,0.15193222463131,0.384656399488449,0.117428168654442,0.345983266830444
21836,0.0655013397336006,0.132942974567413,0.553989887237549,0.247565776109695
21837,0.0801970958709717,0.055287417024374,0.545344591140747,0.319170951843262
21838,0.234896600246429,0.0962454453110695,0.521686553955078,0.147171348333359
21839,0.120387002825737,0.462701410055161,0.185289427638054,0.231622219085693
21840,0.613523066043854,0.0846359431743622,0.187734022736549,0.114106997847557
21841,0.554837465286255,0.127469271421433,0.0842967852950096,0.233396470546722
21842,0.0479000359773636,0.28875920176506,0.484666347503662,0.178674459457397
21843,0.550789535045624,0.0875106081366539,0.0713222697377205,0.290377646684647
21844,0.0433230213820934,0.572650611400604,0.110632561147213,0.273393839597702
21845,0.254277318716049,0.110937044024467,0.294467598199844,0.340317994356155
21846,0.0813594609498978,0.453942567110062,0.147895574569702,0.316802442073822
21847,0.298465102910996,0.128497704863548,0.352478116750717,0.220559075474739
21848,0.0887689664959908,0.174105525016785,0.065815806388855,0.67130970954895
21849,0.636193931102753,0.172606885433197,0.0600772276520729,0.131121963262558
21850,0.518228828907013,0.102798290550709,0.0737331882119179,0.305239737033844
21851,0.143237859010696,0.610148370265961,0.113739788532257,0.132873982191086
21852,0.351969599723816,0.12548503279686,0.258120894432068,0.264424473047256
21853,0.141316309571266,0.222899094223976,0.428698688745499,0.207085937261581
21854,0.324645072221756,0.174962967634201,0.195547476410866,0.304844468832016
21855,0.134837925434113,0.394204825162888,0.188293635845184,0.282663613557816
21856,0.392900854349136,0.213287368416786,0.275497138500214,0.118314608931541
21857,0.108722016215324,0.620639801025391,0.0966001003980637,0.17403806746006
21858,0.514174103736877,0.107478693127632,0.0814671516418457,0.296880006790161
21859,0.437195211648941,0.0903393179178238,0.149718567728996,0.322746932506561
21860,0.504336059093475,0.247541874647141,0.142797708511353,0.105324313044548
21861,0.283321261405945,0.190566718578339,0.399956047534943,0.126155957579613
21862,0.0669977217912674,0.404976576566696,0.384141057729721,0.143884658813477
21863,0.0713972300291061,0.3225037753582,0.199995324015617,0.406103670597076
21864,0.226729422807694,0.571915149688721,0.0805668830871582,0.120788566768169
21865,0.138303726911545,0.29904642701149,0.441383481025696,0.121266417205334
21866,0.210607588291168,0.275326907634735,0.374467700719833,0.139597862958908
21867,0.1284469217062,0.181107297539711,0.270750552415848,0.419695258140564
21868,0.146048814058304,0.109738424420357,0.529538869857788,0.214673936367035
21869,0.358839273452759,0.126052305102348,0.144073262810707,0.371035158634186
21870,0.279414296150208,0.265351206064224,0.266755223274231,0.188479259610176
21871,0.47271791100502,0.341601490974426,0.0922745615243912,0.0934060215950012
21872,0.0935575887560844,0.38004145026207,0.423534244298935,0.102866739034653
21873,0.306955248117447,0.380802750587463,0.211492970585823,0.100749015808105
21874,0.123648375272751,0.636229991912842,0.145430162549019,0.0946914255619049
21875,0.308958768844605,0.434467673301697,0.101945392787457,0.154628217220306
21876,0.448212921619415,0.18578864634037,0.259562104940414,0.106436349451542
21877,0.139201611280441,0.312993764877319,0.301012188196182,0.246792420744896
21878,0.289639830589294,0.453269600868225,0.165577590465546,0.0915129408240318
21879,0.387815207242966,0.244468346238136,0.10374216735363,0.263974249362946
21880,0.290252596139908,0.251992762088776,0.349807351827621,0.107947282493114
21881,0.141246184706688,0.300762623548508,0.302104145288467,0.255887061357498
21882,0.201288774609566,0.269523441791534,0.235597923398018,0.293589890003204
21883,0.115257233381271,0.312877118587494,0.304731100797653,0.267134547233582
21884,0.195782646536827,0.55262678861618,0.0784202441573143,0.173170357942581
21885,0.145919889211655,0.431606590747833,0.155358880758286,0.267114639282227
21886,0.194979265332222,0.316496789455414,0.165461242198944,0.323062688112259
21887,0.303527563810349,0.172598868608475,0.278642445802689,0.245231091976166
21888,0.132234558463097,0.469875276088715,0.27032008767128,0.127570047974586
21889,0.145779803395271,0.337276160717011,0.314426243305206,0.202517792582512
21890,0.16729611158371,0.277896702289581,0.230689898133278,0.324117302894592
21891,0.471640706062317,0.0919297933578491,0.357250690460205,0.0791788473725319
21892,0.078183226287365,0.440636068582535,0.136935368180275,0.344245314598084
21893,0.126181334257126,0.413986444473267,0.162540808320045,0.297291457653046
21894,0.197960197925568,0.187048003077507,0.174001976847649,0.440989822149277
21895,0.0556361712515354,0.0992862805724144,0.742511034011841,0.102566547691822
21896,0.381420761346817,0.235498920083046,0.265922695398331,0.117157682776451
21897,0.311438143253326,0.332529246807098,0.266298890113831,0.089733712375164
21898,0.231561362743378,0.348567456007004,0.278345942497253,0.141525223851204
21899,0.284307658672333,0.204051077365875,0.438291490077972,0.0733497515320778
21900,0.071634978055954,0.124429076910019,0.194221034646034,0.609714865684509
21901,0.147133350372314,0.697633385658264,0.0549983493983746,0.100234903395176
21902,0.0884144976735115,0.182526916265488,0.606029868125916,0.123028688132763
21903,0.0802076160907745,0.137434035539627,0.651167333126068,0.131191030144691
21904,0.287280589342117,0.12127610296011,0.224955588579178,0.36648765206337
21905,0.070853665471077,0.471071094274521,0.305238038301468,0.152837157249451
21906,0.140067353844643,0.204571947455406,0.141497731208801,0.513863027095795
21907,0.0789545103907585,0.446275681257248,0.160908460617065,0.31386137008667
21908,0.277482211589813,0.237914457917213,0.277050644159317,0.207552716135979
21909,0.274737477302551,0.182657957077026,0.343516081571579,0.19908843934536
21910,0.459555715322495,0.149175360798836,0.219325050711632,0.171943873167038
21911,0.192286312580109,0.547184407711029,0.171564474701881,0.0889648497104645
21912,0.140161037445068,0.606890201568604,0.0755748674273491,0.177373871207237
21913,0.101401053369045,0.514589071273804,0.180270850658417,0.203738987445831
21914,0.211128950119019,0.12772873044014,0.282085478305817,0.37905690073967
21915,0.340225905179977,0.105875946581364,0.31228706240654,0.241611048579216
21916,0.0659407749772072,0.106008894741535,0.402319848537445,0.425730526447296
21917,0.182311147451401,0.203523993492126,0.26583856344223,0.348326325416565
21918,0.115981087088585,0.115180507302284,0.683222353458405,0.0856160596013069
21919,0.174374580383301,0.120326668024063,0.603772103786469,0.101526640355587
21920,0.344066917896271,0.135532379150391,0.178539678454399,0.341861039400101
21921,0.13033664226532,0.606330454349518,0.151646092534065,0.111686825752258
21922,0.485425561666489,0.229794532060623,0.0874203816056252,0.19735948741436
21923,0.250661283731461,0.112063318490982,0.253152936697006,0.384122401475906
21924,0.252572685480118,0.124849669635296,0.251620560884476,0.370957046747208
21925,0.546946227550507,0.134264707565308,0.172112226486206,0.146676898002625
21926,0.470464199781418,0.126914784312248,0.129915520548821,0.272705525159836
21927,0.124400682747364,0.162274315953255,0.505750060081482,0.207574903964996
21928,0.125489607453346,0.607425510883331,0.0503634437918663,0.216721385717392
21929,0.0976679846644402,0.0983763635158539,0.183713912963867,0.620241761207581
21930,0.038560513406992,0.323706090450287,0.18743397295475,0.450299471616745
21931,0.107742100954056,0.366667091846466,0.0501359924674034,0.475454807281494
21932,0.0766160041093826,0.0502295903861523,0.462108165025711,0.411046266555786
21933,0.060821820050478,0.432341247797012,0.040786474943161,0.466050446033478
21934,0.0637054219841957,0.318884491920471,0.131430462002754,0.485979557037354
21935,0.105504758656025,0.161093711853027,0.0930224731564522,0.640379011631012
21936,0.112582981586456,0.290649920701981,0.128551453351974,0.468215614557266
21937,0.0678975433111191,0.121164858341217,0.511990427970886,0.298947155475616
21938,0.0321266949176788,0.387368261814117,0.117520920932293,0.46298411488533
21939,0.0536530911922455,0.294353932142258,0.0591302141547203,0.592862725257874
21940,0.44130277633667,0.17560501396656,0.0677790567278862,0.315313100814819
21941,0.114172242581844,0.071823924779892,0.176101014018059,0.637902796268463
21942,0.0835085436701775,0.666579782962799,0.0666826292872429,0.183229044079781
21943,0.0590200126171112,0.294329404830933,0.0524145215749741,0.594236016273499
21944,0.0616654790937901,0.29868358373642,0.358073741197586,0.281577199697495
21945,0.113963253796101,0.236728623509407,0.0518681332468987,0.597440004348755
21946,0.524734497070313,0.131218492984772,0.100702323019505,0.243344664573669
21947,0.469106018543243,0.168771877884865,0.169982522726059,0.192139610648155
21948,0.100167021155357,0.446679800748825,0.276904046535492,0.176249176263809
21949,0.162492781877518,0.38412407040596,0.160709053277969,0.292674094438553
21950,0.146641656756401,0.461277693510056,0.108333326876163,0.283747285604477
21951,0.126334175467491,0.201104983687401,0.349551945924759,0.323008865118027
21952,0.358619540929794,0.0725043714046478,0.0948715209960938,0.474004536867142
21953,0.46711739897728,0.19277922809124,0.0653519108891487,0.274751484394074
21954,0.177256509661675,0.0860173255205154,0.14515195786953,0.591574192047119
21955,0.414253175258636,0.088181659579277,0.21250969171524,0.285055488348007
21956,0.0481950156390667,0.140889868140221,0.189143940806389,0.621771156787872
21957,0.474129050970078,0.113772377371788,0.18517678976059,0.226921811699867
21958,0.0552095249295235,0.720898032188416,0.0877820700407028,0.136110380291939
21959,0.0823379009962082,0.100881718099117,0.0829645767807961,0.733815789222717
21960,0.10961639136076,0.572087705135346,0.056238517165184,0.262057363986969
21961,0.1802788823843,0.165610700845718,0.334863275289536,0.319247186183929
21962,0.711126983165741,0.115382455289364,0.0725952684879303,0.100895278155804
21963,0.117015741765499,0.403484463691711,0.372637778520584,0.10686206817627
21964,0.13896931707859,0.0579223595559597,0.657147884368897,0.145960405468941
21965,0.131529420614243,0.0889047011733055,0.447827875614166,0.331737965345383
21966,0.133578523993492,0.0578833557665348,0.443569958209991,0.364968180656433
21967,0.496398240327835,0.0515960864722729,0.212225422263145,0.239780232310295
21968,0.168933063745499,0.565860271453857,0.0566348135471344,0.208571836352348
21969,0.0387039743363857,0.165661603212357,0.244933232665062,0.550701200962067
21970,0.12980292737484,0.211131766438484,0.147318959236145,0.511746287345886
21971,0.317196220159531,0.256138890981674,0.274058759212494,0.152606159448624
21972,0.378055304288864,0.162176907062531,0.163754940032959,0.296012789011002
21973,0.412022650241852,0.159847572445869,0.0512837693095207,0.376845955848694
21974,0.469387650489807,0.163329869508743,0.0637321323156357,0.303550332784653
21975,0.0479678437113762,0.0791327208280563,0.331434577703476,0.541464865207672
21976,0.354906380176544,0.285979509353638,0.221327409148216,0.137786686420441
21977,0.150281384587288,0.337829113006592,0.191470041871071,0.320419460535049
21978,0.201137483119965,0.0552272126078606,0.306182324886322,0.43745294213295
21979,0.31247541308403,0.183840826153755,0.048585269600153,0.455098509788513
21980,0.070607528090477,0.577134370803833,0.0644001886248589,0.287857949733734
21981,0.139044582843781,0.454638481140137,0.189142107963562,0.217174887657166
21982,0.152825400233269,0.231294438242912,0.211960345506668,0.403919845819473
21983,0.0476307161152363,0.0634777024388313,0.247183591127396,0.641708016395569
21984,0.144300803542137,0.327163487672806,0.228531196713448,0.300004482269287
21985,0.0629125088453293,0.601738274097443,0.119783222675323,0.215565949678421
21986,0.146677702665329,0.164882078766823,0.566023170948029,0.122417002916336
21987,0.0520835481584072,0.415033727884293,0.18707463145256,0.345808118581772
21988,0.296493232250214,0.242668807506561,0.177025079727173,0.283812880516052
21989,0.0809049606323242,0.281556755304337,0.361272424459457,0.276265829801559
21990,0.0465674363076687,0.394121557474136,0.298481345176697,0.260829627513886
21991,0.260890066623688,0.239186033606529,0.244270712137222,0.2556531727314
21992,0.272149533033371,0.154554978013039,0.0684284940361977,0.504867017269135
21993,0.144066601991653,0.481753885746002,0.109985023736954,0.264194488525391
21994,0.116958737373352,0.456367671489716,0.337646126747131,0.0890274569392204
21995,0.0509816594421864,0.193741768598557,0.526440918445587,0.228835627436638
21996,0.368063539266586,0.169747814536095,0.0577625967562199,0.404426038265228
21997,0.3774773478508,0.108785264194012,0.237690016627312,0.27604740858078
21998,0.373611658811569,0.112014345824718,0.0940232649445534,0.420350760221481
21999,0.0713325813412666,0.654348909854889,0.126608237624168,0.147710278630257
22000,0.498140305280685,0.0755547508597374,0.285153061151505,0.141151919960976
22001,0.150480061769485,0.553823709487915,0.19315180182457,0.102544419467449
22002,0.149417489767075,0.506188631057739,0.0812525302171707,0.263141363859177
22003,0.0627764984965324,0.175436466932297,0.564386487007141,0.197400540113449
22004,0.597190141677856,0.120048001408577,0.090531662106514,0.192230224609375
22005,0.329809933900833,0.0987044051289558,0.226862460374832,0.344623208045959
22006,0.0564733296632767,0.264943689107895,0.231067091226578,0.447515904903412
22007,0.169824302196503,0.456582129001617,0.165383383631706,0.208210229873657
22008,0.046550028026104,0.124459706246853,0.548031806945801,0.280958443880081
22009,0.381141692399979,0.121844947338104,0.152297094464302,0.344716250896454
22010,0.0914382785558701,0.533640325069428,0.0561058521270752,0.318815559148788
22011,0.0717377066612244,0.411923170089722,0.18001401424408,0.336325109004974
22012,0.287384420633316,0.128506317734718,0.151599735021591,0.432509541511536
22013,0.31063437461853,0.101795256137848,0.352954715490341,0.234615623950958
22014,0.104737900197506,0.0831640064716339,0.645068287849426,0.167029783129692
22015,0.0672181844711304,0.0732247158885002,0.439885020256043,0.419672071933746
22016,0.0469552986323834,0.426703929901123,0.0497459545731545,0.476594805717468
22017,0.0714151114225388,0.727615892887116,0.043771680444479,0.157197311520576
22018,0.224922135472298,0.146299764513969,0.315810799598694,0.312967330217361
22019,0.20632766187191,0.128452762961388,0.230896905064583,0.434322625398636
22020,0.121924035251141,0.112013585865498,0.378583967685699,0.387478470802307
22021,0.047514084726572,0.318946808576584,0.299441695213318,0.334097415208817
22022,0.505447685718536,0.072048082947731,0.170895054936409,0.251609146595001
22023,0.402749717235565,0.056824553757906,0.282245695590973,0.258180022239685
22024,0.256638377904892,0.0659229457378388,0.130438268184662,0.547000408172607
22025,0.502388298511505,0.170496210455894,0.0656932070851326,0.261422276496887
22026,0.611806273460388,0.083433985710144,0.0847587212920189,0.220001041889191
22027,0.262549966573715,0.280590265989304,0.0783786177635193,0.37848111987114
22028,0.378453135490418,0.106932982802391,0.0590989403426647,0.455514967441559
22029,0.0608829669654369,0.101372443139553,0.0807619243860245,0.756982684135437
22030,0.47722926735878,0.0680125951766968,0.267137378454208,0.187620744109154
22031,0.152015924453735,0.181272283196449,0.0833476856350899,0.583364129066467
22032,0.0823265388607979,0.208836406469345,0.0778103098273277,0.631026744842529
22033,0.0525305718183518,0.12726004421711,0.636186242103577,0.184023141860962
22034,0.652111291885376,0.0933844596147537,0.060636393725872,0.193867862224579
22035,0.14125369489193,0.14306677877903,0.104377381503582,0.611302137374878
22036,0.51538610458374,0.179034784436226,0.0608261190354824,0.2447529733181
22037,0.134329050779343,0.141100108623505,0.0562877357006073,0.668283104896545
22038,0.095692478120327,0.286730766296387,0.0785011425614357,0.539075613021851
22039,0.310212939977646,0.417218655347824,0.0551217831671238,0.217446625232697
22040,0.139786630868912,0.402256697416306,0.139716893434525,0.318239748477936
22041,0.145697012543678,0.0686282962560654,0.584953010082245,0.20072166621685
22042,0.253685235977173,0.24785952270031,0.256364494562149,0.24209076166153
22043,0.147880628705025,0.593845963478088,0.0816213116049767,0.17665208876133
22044,0.0581270679831505,0.138839542865753,0.346631914377213,0.456401467323303
22045,0.0932163372635841,0.364005357027054,0.0804079845547676,0.462370365858078
22046,0.166310325264931,0.275339424610138,0.215119600296021,0.343230694532394
22047,0.165111422538757,0.434603631496429,0.0536718331277371,0.346613079309464
22048,0.103489749133587,0.731229603290558,0.055060476064682,0.110220186412334
22049,0.123089365661144,0.597351312637329,0.0567812137305737,0.222778096795082
22050,0.203209206461906,0.317977368831635,0.383584529161453,0.0952289253473282
22051,0.0705559924244881,0.0944278165698051,0.642134785652161,0.192881435155869
22052,0.154348060488701,0.460670441389084,0.176313117146492,0.208668425679207
22053,0.0482521094381809,0.731350243091583,0.122260995209217,0.0981366485357285
22054,0.076673336327076,0.10106934607029,0.663952708244324,0.158304661512375
22055,0.155056998133659,0.139557629823685,0.565918028354645,0.139467373490334
22056,0.222432538866997,0.102744922041893,0.51472544670105,0.160097122192383
22057,0.283435016870499,0.249213844537735,0.160585194826126,0.30676594376564
22058,0.286954075098038,0.554072856903076,0.0679255053400993,0.0910475850105286
22059,0.148463577032089,0.543975412845612,0.0952547043561935,0.212306320667267
22060,0.233608618378639,0.233339175581932,0.090909980237484,0.442142218351364
22061,0.107567757368088,0.180753573775291,0.463880330324173,0.247798353433609
22062,0.118277423083782,0.292029947042465,0.402983695268631,0.186708927154541
22063,0.0465250164270401,0.653095662593842,0.171985894441605,0.128393426537514
22064,0.448557049036026,0.206411868333817,0.0806480646133423,0.26438295841217
22065,0.102319985628128,0.123760856688023,0.445532411336899,0.328386813402176
22066,0.459999054670334,0.110944963991642,0.114611223340034,0.314444810152054
22067,0.371860951185226,0.207503780722618,0.0451040528714657,0.375531226396561
22068,0.115924395620823,0.715508043766022,0.0378516912460327,0.13071583211422
22069,0.0459913089871407,0.560342252254486,0.051518939435482,0.342147499322891
22070,0.370032161474228,0.0653601735830307,0.0923549979925156,0.472252666950226
22071,0.369952827692032,0.133890122175217,0.0882300734519959,0.407926946878433
22072,0.0513456054031849,0.57992285490036,0.228319853544235,0.140411704778671
22073,0.168552681803703,0.133069515228271,0.227844819426537,0.470533013343811
22074,0.0445972867310047,0.712749183177948,0.0788245499134064,0.163828998804092
22075,0.0684341117739677,0.295842826366425,0.158370688557625,0.477352380752564
22076,0.686637222766876,0.112262614071369,0.0513686649501324,0.149731457233429
22077,0.203810319304466,0.0907309129834175,0.0737284943461418,0.631730258464813
22078,0.386320680379868,0.129877179861069,0.0810527950525284,0.402749329805374
22079,0.475615590810776,0.0664721950888634,0.0795240253210068,0.378388226032257
22080,0.0972590744495392,0.0619793422520161,0.550461292266846,0.290300309658051
22081,0.130411967635155,0.580908477306366,0.0917112901806831,0.196968212723732
22082,0.61725926399231,0.117081001400948,0.0933163017034531,0.17234343290329
22083,0.0456466265022755,0.560230374336243,0.0758245065808296,0.31829845905304
22084,0.194408684968948,0.150651440024376,0.0618883706629276,0.593051493167877
22085,0.283372014760971,0.0959819331765175,0.171567916870117,0.449078172445297
22086,0.0686861798167229,0.402284204959869,0.0450831055641174,0.483946472406387
22087,0.0359797328710556,0.0484334193170071,0.459635049104691,0.455951809883118
22088,0.0885974764823914,0.122144319117069,0.188061386346817,0.601196825504303
22089,0.044966995716095,0.559306919574738,0.14517305791378,0.250553011894226
22090,0.12443969398737,0.198420166969299,0.194637194275856,0.482502996921539
22091,0.0496426746249199,0.104992844164371,0.653500020503998,0.191864490509033
22092,0.647889733314514,0.13798163831234,0.0449525117874146,0.169176131486893
22093,0.0652739554643631,0.0979055389761925,0.525516390800476,0.311304152011871
22094,0.112784259021282,0.0808911547064781,0.308639138936996,0.49768540263176
22095,0.0639619752764702,0.247561365365982,0.16192652285099,0.526550114154816
22096,0.131535559892654,0.0492640659213066,0.59796679019928,0.221233636140823
22097,0.520764768123627,0.0528849065303803,0.0591791234910488,0.367171227931976
22098,0.18979699909687,0.067934051156044,0.572596907615662,0.169672057032585
22099,0.0790450945496559,0.280882328748703,0.185691758990288,0.454380840063095
22100,0.0541946031153202,0.117795795202255,0.649069428443909,0.178940191864967
22101,0.522161960601807,0.204152256250381,0.0618468262255192,0.211838960647583
22102,0.0705486759543419,0.340816855430603,0.106605641543865,0.482028841972351
22103,0.280257165431976,0.232533410191536,0.182560637593269,0.304648756980896
22104,0.352839171886444,0.260170459747314,0.0635983571410179,0.323392003774643
22105,0.0450299121439457,0.217586889863014,0.318057179450989,0.419326037168503
22106,0.649497985839844,0.100860275328159,0.0773442685604096,0.17229750752449
22107,0.0735786780714989,0.0677232891321182,0.557062149047852,0.301635950803757
22108,0.26952537894249,0.0981069430708885,0.256036043167114,0.376331657171249
22109,0.244086474180222,0.459742903709412,0.0795418992638588,0.216628760099411
22110,0.059564121067524,0.0710426196455956,0.105121605098248,0.76427161693573
22111,0.379519462585449,0.123765729367733,0.0994694456458092,0.397245407104492
22112,0.0475932471454144,0.2126155346632,0.427392601966858,0.312398642301559
22113,0.0575133040547371,0.446565210819244,0.159489259123802,0.336432278156281
22114,0.142618373036385,0.0870730578899384,0.167294278740883,0.603014290332794
22115,0.106482110917568,0.142710849642754,0.061994343996048,0.688812732696533
22116,0.0512765385210514,0.199387282133102,0.439443081617355,0.309893131256104
22117,0.208193242549896,0.101439580321312,0.585902392864227,0.104464776813984
22118,0.683008253574371,0.082732580602169,0.0788073986768723,0.155451714992523
22119,0.0778941661119461,0.64644992351532,0.0786138251423836,0.197042092680931
22120,0.170624628663063,0.112996503710747,0.474429219961166,0.24194960296154
22121,0.0687958002090454,0.315358489751816,0.174401789903641,0.441443920135498
22122,0.108919382095337,0.32549124956131,0.472731918096542,0.0928574725985527
22123,0.0866142213344574,0.418731987476349,0.24958336353302,0.245070397853851
22124,0.0611423365771771,0.411820858716965,0.246364995837212,0.280671834945679
22125,0.310442745685577,0.182176023721695,0.132148742675781,0.375232458114624
22126,0.221795216202736,0.133080363273621,0.27743798494339,0.367686480283737
22127,0.554425954818726,0.138316780328751,0.145684540271759,0.161572769284248
22128,0.363589525222778,0.257887274026871,0.205820769071579,0.17270240187645
22129,0.0592116750776768,0.126990899443626,0.158813163638115,0.65498423576355
22130,0.0847253203392029,0.293116390705109,0.469090461730957,0.153067767620087
22131,0.645513772964478,0.131118610501289,0.113152757287025,0.110214918851852
22132,0.0747170746326447,0.207603976130486,0.462292402982712,0.255386561155319
22133,0.0507253557443619,0.105157822370529,0.631491124629974,0.212625682353973
22134,0.391215831041336,0.128974542021751,0.163767367601395,0.316042214632034
22135,0.67415714263916,0.0762256160378456,0.0534796714782715,0.196137607097626
22136,0.327220737934113,0.140984758734703,0.0564539767801762,0.475340515375137
22137,0.303229987621307,0.0842408388853073,0.220430627465248,0.39209857583046
22138,0.245409697294235,0.246900841593742,0.199527144432068,0.308162331581116
22139,0.153766363859177,0.435268610715866,0.14995713531971,0.261007934808731
22140,0.0435109920799732,0.0644318833947182,0.471868485212326,0.420188665390015
22141,0.0477683618664742,0.279446303844452,0.192341700196266,0.480443686246872
22142,0.129997953772545,0.0493294820189476,0.644376516342163,0.176296085119247
22143,0.26972958445549,0.119411915540695,0.257882118225098,0.352976411581039
22144,0.0450052805244923,0.180947467684746,0.612330138683319,0.161717161536217
22145,0.0687972381711006,0.129664093255997,0.358816713094711,0.442721962928772
22146,0.227460011839867,0.0575424171984196,0.327880322933197,0.387117236852646
22147,0.400395482778549,0.0525885187089443,0.151334032416344,0.395681947469711
22148,0.270955175161362,0.0992472916841507,0.123020976781845,0.506776511669159
22149,0.0862691402435303,0.296860128641129,0.0437675677239895,0.573103189468384
22150,0.056901853531599,0.0736092627048492,0.679716944694519,0.18977190554142
22151,0.182578444480896,0.0548878572881222,0.348750472068787,0.413783222436905
22152,0.128058612346649,0.0871681720018387,0.0563473328948021,0.728425920009613
22153,0.0489057824015617,0.30337119102478,0.444264322519302,0.203458651900291
22154,0.0762658044695854,0.467071861028671,0.111074417829514,0.345587879419327
22155,0.0859567299485207,0.191833987832069,0.361813575029373,0.360395699739456
22156,0.0539814084768295,0.479490637779236,0.0505864731967449,0.415941476821899
22157,0.0909009054303169,0.278271913528442,0.388640731573105,0.242186442017555
22158,0.0621168427169323,0.351606637239456,0.102264210581779,0.484012305736542
22159,0.0861965641379356,0.21537122130394,0.504317343235016,0.194114923477173
22160,0.138123527169228,0.230898320674896,0.0720674023032188,0.558910727500916
22161,0.0472679324448109,0.219056025147438,0.129448011517525,0.604228079319
22162,0.0694310590624809,0.251292377710342,0.163127839565277,0.516148746013641
22163,0.37187471985817,0.0530616044998169,0.0452487990260124,0.529814839363098
22164,0.0336044542491436,0.041969109326601,0.412949740886688,0.511476695537567
22165,0.0474158748984337,0.4209204018116,0.0595285072922707,0.472135245800018
22166,0.428527563810349,0.40577757358551,0.0528576485812664,0.112837232649326
22167,0.340240716934204,0.205996558070183,0.158139780163765,0.295622944831848
22168,0.120684884488583,0.124415092170239,0.232203006744385,0.522697031497955
22169,0.247872605919838,0.0422813259065151,0.120914161205292,0.588931858539581
22170,0.0685821771621704,0.167373582720757,0.573639750480652,0.190404519438744
22171,0.0687351450324059,0.229663640260696,0.310866713523865,0.39073446393013
22172,0.0499747134745121,0.104960463941097,0.0649387463927269,0.780126035213471
22173,0.097723163664341,0.529797315597534,0.0478522218763828,0.324627280235291
22174,0.570915162563324,0.1124177724123,0.0630560517311096,0.253610998392105
22175,0.069416768848896,0.382306754589081,0.169198825955391,0.379077613353729
22176,0.216163590550423,0.081172987818718,0.327293068170548,0.37537032365799
22177,0.110693566501141,0.113955922424793,0.190748155117035,0.584602355957031
22178,0.203795537352562,0.409652203321457,0.142955124378204,0.243597164750099
22179,0.0353775881230831,0.349797934293747,0.0489033795893192,0.565921068191528
22180,0.220174565911293,0.0904872715473175,0.531711280345917,0.157626897096634
22181,0.119312152266502,0.534080684185028,0.0826359614729881,0.26397117972374
22182,0.30129012465477,0.0719128549098969,0.249551236629486,0.377245754003525
22183,0.179936975240707,0.509289562702179,0.0731029510498047,0.23767052590847
22184,0.263643562793732,0.0505505725741386,0.0689480006694794,0.616857886314392
22185,0.117063276469708,0.273161560297012,0.0382287390530109,0.57154643535614
22186,0.0461053997278214,0.426064252853394,0.0784132853150368,0.449417024850845
22187,0.0862333551049233,0.181627869606018,0.0716786906123161,0.660460114479065
22188,0.205205634236336,0.150047436356545,0.338084876537323,0.306662082672119
22189,0.138862743973732,0.0438906140625477,0.452014833688736,0.365231841802597
22190,0.0430310480296612,0.385267347097397,0.118047945201397,0.453653633594513
22191,0.256494760513306,0.120846427977085,0.462564587593079,0.160094261169434
22192,0.094224214553833,0.136325538158417,0.172627344727516,0.596822857856751
22193,0.0958850830793381,0.16016648709774,0.112118922173977,0.631829500198364
22194,0.297727882862091,0.320799708366394,0.0530025288462639,0.328469902276993
22195,0.208476811647415,0.473905771970749,0.198011860251427,0.119605503976345
22196,0.309352546930313,0.0595894977450371,0.0974100381135941,0.533647894859314
22197,0.13725546002388,0.459983974695206,0.0557665005326271,0.346994042396545
22198,0.0604652687907219,0.0702087804675102,0.0935300961136818,0.775795817375183
22199,0.617627024650574,0.0874745771288872,0.0849686115980148,0.209929808974266
22200,0.467415034770966,0.076191321015358,0.11853051930666,0.337863117456436
22201,0.216462373733521,0.409258097410202,0.176314011216164,0.197965562343597
22202,0.550293624401093,0.194583296775818,0.0489918105304241,0.206131249666214
22203,0.468254774808884,0.316525608301163,0.0561405941843987,0.15907908976078
22204,0.113366007804871,0.238324210047722,0.0412105955183506,0.607099175453186
22205,0.290711104869843,0.30190235376358,0.105916641652584,0.301469892263413
22206,0.0532862059772015,0.134181901812553,0.498671323060989,0.313860595226288
22207,0.0794613286852837,0.0594755858182907,0.34534364938736,0.515719473361969
22208,0.170385152101517,0.482080906629562,0.0597784221172333,0.287755519151688
22209,0.0999525040388107,0.117843672633171,0.0585445798933506,0.723659217357636
22210,0.159951284527779,0.168590396642685,0.14463309943676,0.526825189590454
22211,0.0828713551163673,0.375088423490524,0.0390160940587521,0.503024160861969
22212,0.046301256865263,0.296055614948273,0.384343504905701,0.273299664258957
22213,0.0889177545905113,0.25465527176857,0.235755324363709,0.420671582221985
22214,0.0451399385929108,0.175044134259224,0.419010132551193,0.360805809497833
22215,0.0530052557587624,0.0893259942531586,0.653170108795166,0.204498648643494
22216,0.504299998283386,0.134875178337097,0.0888432264328003,0.271981626749039
22217,0.0793386399745941,0.070019505918026,0.470922887325287,0.379718989133835
22218,0.0785779058933258,0.331255108118057,0.0501091368496418,0.540057837963104
22219,0.36246845126152,0.0488189421594143,0.0807584598660469,0.507954120635986
22220,0.670950472354889,0.0580025501549244,0.0656429752707481,0.205403983592987
22221,0.049896027892828,0.172260910272598,0.091306634247303,0.686536431312561
22222,0.65727823972702,0.0848377421498299,0.07390296459198,0.183981075882912
22223,0.135271549224854,0.403968155384064,0.0568255744874477,0.403934687376022
22224,0.219223663210869,0.0855392068624497,0.11631391197443,0.578923225402832
22225,0.632253766059876,0.147749945521355,0.0879267379641533,0.132069498300552
22226,0.0711701437830925,0.051437322050333,0.566142022609711,0.311250507831574
22227,0.570063471794128,0.139020934700966,0.143532603979111,0.147382959723473
22228,0.0439702346920967,0.605274677276611,0.0657618567347527,0.284993201494217
22229,0.18489907681942,0.405563116073608,0.0629418790340424,0.346595972776413
22230,0.0772614106535912,0.0623470544815064,0.6912562251091,0.169135332107544
22231,0.563703536987305,0.14815516769886,0.164130479097366,0.124010793864727
22232,0.323905169963837,0.296334207057953,0.0608464814722538,0.318914115428925
22233,0.104833334684372,0.0831779316067696,0.348855823278427,0.463132858276367
22234,0.200449451804161,0.498687744140625,0.0759499967098236,0.224912866950035
22235,0.193653374910355,0.078763835132122,0.152575671672821,0.575007140636444
22236,0.658718407154083,0.109295643866062,0.0663538202643395,0.165632128715515
22237,0.305954217910767,0.0646800547838211,0.260440409183502,0.368925303220749
22238,0.0484392903745174,0.202527195215225,0.438136011362076,0.310897469520569
22239,0.135220378637314,0.489155441522598,0.173845738172531,0.201778382062912
22240,0.152293652296066,0.179580077528954,0.239927172660828,0.428199112415314
22241,0.33226403594017,0.116687022149563,0.109261281788349,0.44178768992424
22242,0.478857696056366,0.124364711344242,0.0528651401400566,0.34391251206398
22243,0.0511265583336353,0.606555342674255,0.0587762147188187,0.283541828393936
22244,0.233818352222443,0.4667127430439,0.132903665304184,0.166565269231796
22245,0.501216948032379,0.0972521156072617,0.061628483235836,0.339902490377426
22246,0.158005774021149,0.459428578615189,0.0709568560123444,0.311608821153641
22247,0.0722188055515289,0.0739990547299385,0.569636940956116,0.28414523601532
22248,0.580128371715546,0.122843071818352,0.183958783745766,0.113069765269756
22249,0.0751417204737663,0.156119540333748,0.172305420041084,0.596433341503143
22250,0.431886076927185,0.0848827734589577,0.26118877530098,0.222042322158813
22251,0.142754569649696,0.181899130344391,0.477297633886337,0.198048621416092
22252,0.154074981808662,0.0877199470996857,0.542489886283875,0.215715244412422
22253,0.20433846116066,0.512398302555084,0.0724881365895271,0.210775107145309
22254,0.161432102322578,0.257921725511551,0.284061700105667,0.296584516763687
22255,0.069858230650425,0.0514885261654854,0.431776762008667,0.446876466274261
22256,0.264090418815613,0.0574848204851151,0.290906637907028,0.387518137693405
22257,0.562453925609589,0.0846102759242058,0.22374302148819,0.129192799329758
22258,0.0773663595318794,0.53682541847229,0.178568840026855,0.207239434123039
22259,0.261059761047363,0.0925852209329605,0.162514075636864,0.483840942382813
22260,0.0500320568680763,0.064624734222889,0.530223190784454,0.355120033025742
22261,0.406011253595352,0.091679260134697,0.253172069787979,0.249137476086617
22262,0.434544742107391,0.232555210590363,0.131183266639709,0.201716735959053
22263,0.128032490611076,0.453297466039658,0.0485528334975243,0.370117157697678
22264,0.423029094934464,0.225166574120522,0.134368315339088,0.217435956001282
22265,0.230543941259384,0.234090954065323,0.394424736499786,0.14094041287899
22266,0.129487484693527,0.0781816095113754,0.426577925682068,0.365752995014191
22267,0.0628235414624214,0.0561222098767757,0.576107442378998,0.30494686961174
22268,0.370531588792801,0.184117928147316,0.139019146561623,0.306331306695938
22269,0.2776018679142,0.566255390644074,0.0586493797600269,0.0974933281540871
22270,0.111742809414864,0.250470757484436,0.405101239681244,0.232685208320618
22271,0.149364814162254,0.300814062356949,0.396780550479889,0.153040587902069
22272,0.204852759838104,0.44726300239563,0.151730582118034,0.19615364074707
22273,0.223101407289505,0.238478824496269,0.274907350540161,0.263512432575226
22274,0.141054436564446,0.562537789344788,0.0721928477287293,0.224214896559715
22275,0.154800280928612,0.471164554357529,0.191561207175255,0.182473972439766
22276,0.0603491105139256,0.0985547229647636,0.5521200299263,0.28897613286972
22277,0.270372331142426,0.176246091723442,0.44932147860527,0.104060098528862
22278,0.113793738186359,0.351599812507629,0.304516792297363,0.230089694261551
22279,0.338951468467712,0.230260908603668,0.169186607003212,0.261601001024246
22280,0.212135300040245,0.0817013680934906,0.344621449708939,0.361541867256165
22281,0.680174708366394,0.0919151827692986,0.126633554697037,0.101276583969593
22282,0.097293458878994,0.304730415344238,0.510144412517548,0.0878316834568977
22283,0.129177629947662,0.409690827131271,0.132690995931625,0.328440606594086
22284,0.362399458885193,0.179771989583969,0.341750264167786,0.116078332066536
22285,0.101483762264252,0.352892935276032,0.220459923148155,0.325163394212723
22286,0.130846172571182,0.0613529309630394,0.582475364208221,0.225325539708138
22287,0.346844345331192,0.288781821727753,0.0892734229564667,0.275100409984589
22288,0.326027601957321,0.262487709522247,0.143961727619171,0.26752296090126
22289,0.143829509615898,0.36694061756134,0.29579758644104,0.19343227148056
22290,0.451797693967819,0.101732261478901,0.324163764715195,0.122306264936924
22291,0.648676335811615,0.0828676447272301,0.0757849141955376,0.192671105265617
22292,0.247662872076035,0.203045010566711,0.243970796465874,0.305321305990219
22293,0.202777341008186,0.394045561552048,0.0886702090501785,0.314506888389587
22294,0.290073812007904,0.153693869709969,0.0806095749139786,0.475622713565826
22295,0.0726982206106186,0.285266637802124,0.445456117391586,0.196578979492188
22296,0.242409393191338,0.0618084855377674,0.146451279520988,0.549330830574036
22297,0.177266880869865,0.171630516648293,0.336570769548416,0.314531832933426
22298,0.0967453941702843,0.149183422327042,0.51900053024292,0.235070645809174
22299,0.0606633387506008,0.644748866558075,0.0536333844065666,0.240954414010048
22300,0.630885422229767,0.166557416319847,0.0709543898701668,0.131602838635445
22301,0.0742612108588219,0.215450540184975,0.593502461910248,0.116785809397697
22302,0.101089149713516,0.491308480501175,0.133474424481392,0.274127900600433
22303,0.452319443225861,0.104754433035851,0.112408451735973,0.330517649650574
22304,0.217006698250771,0.396961987018585,0.046702791005373,0.339328527450562
22305,0.17766959965229,0.253503382205963,0.348705977201462,0.220121055841446
22306,0.185377568006516,0.163995668292046,0.517554342746735,0.133072435855865
22307,0.130440175533295,0.343684375286102,0.0844556540250778,0.441419810056686
22308,0.216147884726524,0.278136998414993,0.22313629090786,0.2825787961483
22309,0.495493799448013,0.138169959187508,0.0624108016490936,0.303925424814224
22310,0.343197822570801,0.0736837685108185,0.22401724755764,0.359101116657257
22311,0.188637301325798,0.321793466806412,0.188315942883492,0.301253318786621
22312,0.600880444049835,0.118785418570042,0.0736409947276115,0.206693142652512
22313,0.45341944694519,0.212073147296906,0.0685011744499207,0.266006201505661
22314,0.355189710855484,0.231151565909386,0.182780370116234,0.230878368020058
22315,0.168690800666809,0.313465982675552,0.187412783503532,0.330430418252945
22316,0.0533651411533356,0.393992632627487,0.179638102650642,0.373004138469696
22317,0.0962041616439819,0.465983241796494,0.11018680781126,0.327625781297684
22318,0.165921315550804,0.0530180744826794,0.54444146156311,0.236619099974632
22319,0.341872960329056,0.269566357135773,0.0659416317939758,0.322618991136551
22320,0.172613501548767,0.40488862991333,0.23376627266407,0.188731625676155
22321,0.257790148258209,0.172817692160606,0.161937087774277,0.407455056905746
22322,0.0708206593990326,0.0998390093445778,0.540351271629334,0.288989037275314
22323,0.0553617142140865,0.362875759601593,0.137137025594711,0.444625467061996
22324,0.0772849023342133,0.404294192790985,0.314907521009445,0.203513398766518
22325,0.256026834249496,0.229124739766121,0.0827712491154671,0.432077199220657
22326,0.438495814800262,0.10814917832613,0.203972145915031,0.249382898211479
22327,0.337470769882202,0.207876235246658,0.367495149374008,0.0871578678488731
22328,0.371182173490524,0.158247485756874,0.200729951262474,0.26984041929245
22329,0.24900433421135,0.234838500618935,0.198585584759712,0.317571580410004
22330,0.156581535935402,0.186797529459,0.377129197120667,0.279491692781448
22331,0.245749831199646,0.316726207733154,0.0470603518188,0.390463590621948
22332,0.187986105680466,0.160845577716827,0.207667216658592,0.443501055240631
22333,0.568109750747681,0.074891485273838,0.274351984262466,0.0826467648148537
22334,0.174204796552658,0.227124556899071,0.290768325328827,0.307902276515961
22335,0.294090360403061,0.439885884523392,0.0952686220407486,0.170755133032799
22336,0.541669070720673,0.117568992078304,0.187687262892723,0.153074726462364
22337,0.138826131820679,0.299251168966293,0.397415727376938,0.164506956934929
22338,0.0736362338066101,0.321950495243073,0.189815163612366,0.414598107337952
22339,0.135817587375641,0.102273695170879,0.647960901260376,0.113947838544846
22340,0.0621292255818844,0.473251968622208,0.0677100494503975,0.396908700466156
22341,0.214495748281479,0.141070440411568,0.213579908013344,0.430853873491287
22342,0.221138134598732,0.266109257936478,0.407856047153473,0.104896582663059
22343,0.116963326931,0.708268344402313,0.0731970742344856,0.101571202278137
22344,0.133224070072174,0.332517892122269,0.445032685995102,0.0892253145575523
22345,0.655578792095184,0.0919593051075935,0.126402124762535,0.126059725880623
22346,0.417347639799118,0.133919581770897,0.0745017006993294,0.37423112988472
22347,0.151837572455406,0.275830805301666,0.43517479300499,0.137156799435616
22348,0.0667717605829239,0.283056199550629,0.545865714550018,0.104306317865849
22349,0.178575426340103,0.29319953918457,0.394812643527985,0.13341236114502
22350,0.208478853106499,0.380622774362564,0.303003072738647,0.107895277440548
22351,0.184683576226234,0.280135035514832,0.440794557332993,0.0943868607282639
22352,0.562512576580048,0.0956552103161812,0.231509611010551,0.11032260209322
22353,0.153370141983032,0.118222258985043,0.365871220827103,0.362536370754242
22354,0.237536609172821,0.31855708360672,0.251352459192276,0.192553848028183
22355,0.133236229419708,0.269617348909378,0.306374579668045,0.290771871805191
22356,0.138698592782021,0.0895844623446465,0.428661227226257,0.343055695295334
22357,0.15613155066967,0.482996612787247,0.120069041848183,0.240802809596062
22358,0.667264521121979,0.107608333230019,0.134073510766029,0.0910536050796509
22359,0.143070086836815,0.268443733453751,0.499662101268768,0.0888240784406662
22360,0.199941843748093,0.450739830732346,0.0474873781204224,0.301830947399139
22361,0.226231724023819,0.206805318593979,0.0934825018048286,0.473480463027954
22362,0.117262102663517,0.26267746090889,0.327468693256378,0.292591720819473
22363,0.0548391193151474,0.0995592847466469,0.32944455742836,0.516157031059265
22364,0.263839393854141,0.305375844240189,0.189050942659378,0.241733819246292
22365,0.249144196510315,0.258197426795959,0.258237153291702,0.234421208500862
22366,0.193825393915176,0.467531591653824,0.23339556157589,0.105247430503368
22367,0.466598838567734,0.122076265513897,0.241825014352798,0.169499889016151
22368,0.216481223702431,0.417476624250412,0.164022162556648,0.202019959688187
22369,0.124700047075748,0.602409720420837,0.173458486795425,0.0994317755103111
22370,0.136877954006195,0.405713737010956,0.196361497044563,0.261046767234802
22371,0.449615240097046,0.0887876525521278,0.211383610963821,0.250213503837585
22372,0.334611922502518,0.42060974240303,0.127098962664604,0.117679372429848
22373,0.253076881170273,0.0950609371066093,0.316521674394608,0.33534049987793
22374,0.231233060359955,0.531178176403046,0.139897108078003,0.0976916253566742
22375,0.141115233302116,0.483942121267319,0.186969012022018,0.187973603606224
22376,0.248755753040314,0.134500980377197,0.256022214889526,0.360720992088318
22377,0.418880611658096,0.271219700574875,0.100581914186478,0.209317803382874
22378,0.128007471561432,0.153166502714157,0.619910955429077,0.0989150255918503
22379,0.473075658082962,0.253970116376877,0.0821187496185303,0.190835505723953
22380,0.129951894283295,0.252692490816116,0.233386024832726,0.383969604969025
22381,0.141924023628235,0.389035165309906,0.195128753781319,0.273912012577057
22382,0.0790286809206009,0.496461987495422,0.155946254730225,0.268563061952591
22383,0.236130282282829,0.107724837958813,0.3662129342556,0.289931982755661
22384,0.148170337080956,0.654174208641052,0.105046801269054,0.0926086232066154
22385,0.342643707990646,0.269337922334671,0.290227174758911,0.0977912098169327
22386,0.241815254092217,0.390481948852539,0.277864336967468,0.0898384302854538
22387,0.274691998958588,0.150388076901436,0.246339693665504,0.328580230474472
22388,0.501274585723877,0.169760599732399,0.203138530254364,0.125826239585876
22389,0.196039155125618,0.260229229927063,0.369919747114182,0.173811867833138
22390,0.251233965158463,0.143878668546677,0.253232568502426,0.351654827594757
22391,0.29954406619072,0.206330314278603,0.179308578372002,0.314817041158676
22392,0.241530850529671,0.330125063657761,0.214487135410309,0.213856935501099
22393,0.13418136537075,0.163943707942963,0.608603358268738,0.0932715684175491
22394,0.151932522654533,0.339382976293564,0.179015696048737,0.329668819904327
22395,0.447613298892975,0.216482847929001,0.222510948777199,0.113392859697342
22396,0.0796670317649841,0.107997544109821,0.388858586549759,0.423476904630661
22397,0.390654772520065,0.28864261507988,0.16522017121315,0.155482470989227
22398,0.419981926679611,0.154061004519463,0.26653715968132,0.159419968724251
22399,0.091202013194561,0.237721055746079,0.597315728664398,0.0737611949443817
22400,0.108575634658337,0.116937771439552,0.691502571105957,0.082984022796154
22401,0.644260823726654,0.0935522615909576,0.126917138695717,0.135269805788994
22402,0.158341586589813,0.360002189874649,0.328058302402496,0.153597965836525
22403,0.178887113928795,0.358586698770523,0.251485168933868,0.211041048169136
22404,0.422663152217865,0.107001163065434,0.410627067089081,0.0597086437046528
22405,0.130722656846046,0.461648225784302,0.199868351221085,0.20776079595089
22406,0.148436442017555,0.481533914804459,0.207269102334976,0.16276054084301
22407,0.296355664730072,0.197042286396027,0.234272450208664,0.272329568862915
22408,0.100626513361931,0.127438008785248,0.688360571861267,0.0835748910903931
22409,0.393164753913879,0.260047495365143,0.269820511341095,0.0769671872258186
22410,0.306768983602524,0.373676687479019,0.248117014765739,0.0714373290538788
22411,0.270620405673981,0.39115309715271,0.251741260290146,0.086485281586647
22412,0.326799631118774,0.205942615866661,0.389241248369217,0.0780164822936058
22413,0.0941322296857834,0.133326977491379,0.210692465305328,0.561848342418671
22414,0.165102660655975,0.705924808979034,0.0636401101946831,0.0653324127197266
22415,0.106171026825905,0.221255719661713,0.598144173622131,0.0744290798902512
22416,0.116126351058483,0.164412930607796,0.640310764312744,0.0791499763727188
22417,0.394231528043747,0.168908849358559,0.234536066651344,0.202323600649834
22418,0.0850228071212769,0.501106023788452,0.343523442745209,0.0703476890921593
22419,0.182346656918526,0.268200069665909,0.18267397582531,0.366779267787933
22420,0.131730258464813,0.5135138630867,0.171320915222168,0.183435007929802
22421,0.195727810263634,0.0891512185335159,0.613604068756104,0.101516902446747
22422,0.0604714788496494,0.305433511734009,0.28326427936554,0.35083070397377
22423,0.0699861943721771,0.20721110701561,0.638278424739838,0.0845242440700531
22424,0.486077576875687,0.232799708843231,0.0901172608137131,0.191005453467369
22425,0.145020231604576,0.331376552581787,0.173650160431862,0.349953025579453
22426,0.291357100009918,0.242266952991486,0.214091271162033,0.252284675836563
22427,0.379442155361176,0.277084350585938,0.0937631353735924,0.249710366129875
22428,0.0429808162152767,0.221194997429848,0.375945746898651,0.359878450632095
22429,0.66155356168747,0.132063388824463,0.108695782721043,0.0976873263716698
22430,0.130198001861572,0.0772277414798737,0.579969465732575,0.212604731321335
22431,0.261942058801651,0.109452977776527,0.313485860824585,0.315119087696075
22432,0.244303420186043,0.466766595840454,0.146744802594185,0.142185121774673
22433,0.0797818079590797,0.101707823574543,0.183851197361946,0.634659230709076
22434,0.397665053606033,0.142346173524857,0.147047504782677,0.312941253185272
22435,0.0455235503613949,0.2633216381073,0.456566363573074,0.234588384628296
22436,0.0757093727588654,0.459782987833023,0.210289090871811,0.254218578338623
22437,0.227812334895134,0.17613910138607,0.16753001511097,0.428518503904343
22438,0.188688531517982,0.226381108164787,0.0721209943294525,0.5128093957901
22439,0.0728772506117821,0.239738166332245,0.477707952260971,0.209676638245583
22440,0.162300750613213,0.431648373603821,0.204544425010681,0.201506495475769
22441,0.331247806549072,0.216406419873238,0.35783714056015,0.0945086255669594
22442,0.137654140591621,0.267240852117538,0.506438434123993,0.088666595518589
22443,0.108868502080441,0.701226770877838,0.101360283792019,0.0885444283485413
22444,0.336497396230698,0.315723419189453,0.246200859546661,0.101578384637833
22445,0.141367882490158,0.445639282464981,0.282064080238342,0.130928710103035
22446,0.102620229125023,0.420661985874176,0.407112210988998,0.0696055591106415
22447,0.288982719182968,0.444170415401459,0.18254067003727,0.0843062400817871
22448,0.184557482600212,0.512686252593994,0.21160888671875,0.0911474004387856
22449,0.211068943142891,0.482546418905258,0.208429381251335,0.0979552268981934
22450,0.121012605726719,0.222479894757271,0.337979167699814,0.318528294563293
22451,0.106157965958118,0.567462980747223,0.204174682497978,0.122204326093197
22452,0.128949970006943,0.636575281620026,0.150289088487625,0.0841856747865677
22453,0.247160390019417,0.189912706613541,0.236398175358772,0.32652872800827
22454,0.232984393835068,0.541545867919922,0.143202409148216,0.0822673439979553
22455,0.504630267620087,0.239250361919403,0.153791353106499,0.102327980101109
22456,0.401219606399536,0.126688033342361,0.216605305671692,0.255487024784088
22457,0.25784707069397,0.372496336698532,0.266166478395462,0.103490114212036
22458,0.12751966714859,0.412402600049973,0.288384705781937,0.171693041920662
22459,0.171382531523705,0.337400496006012,0.406754702329636,0.0844623148441315
22460,0.144840091466904,0.199122935533524,0.571984529495239,0.0840524584054947
22461,0.321820348501205,0.285228252410889,0.269136697053909,0.123814657330513
22462,0.462349861860275,0.203931093215942,0.207445159554482,0.12627387046814
22463,0.128071025013924,0.400533884763718,0.160420671105385,0.310974419116974
22464,0.214858457446098,0.36984720826149,0.222643315792084,0.192650988698006
22465,0.303242146968842,0.433427780866623,0.176282718777657,0.0870473980903626
22466,0.253349900245667,0.254441112279892,0.148939430713654,0.343269556760788
22467,0.168227046728134,0.543844103813171,0.192235544323921,0.0956933498382568
22468,0.18455021083355,0.40456548333168,0.186924040317535,0.223960280418396
22469,0.373182058334351,0.236722320318222,0.276229828596115,0.11386577039957
22470,0.149033814668655,0.624398350715637,0.106287240982056,0.12028057128191
22471,0.458920001983643,0.282227367162704,0.158670842647553,0.10018178075552
22472,0.147754907608032,0.469927757978439,0.253266423940659,0.12905091047287
22473,0.580582618713379,0.17068538069725,0.155743688344955,0.0929882973432541
22474,0.550949811935425,0.127014487981796,0.226548328995705,0.0954873561859131
22475,0.263821005821228,0.493121385574341,0.154374927282333,0.0886826440691948
22476,0.210024937987328,0.229196056723595,0.299359619617462,0.261419415473938
22477,0.143438428640366,0.251918315887451,0.462434589862824,0.142208695411682
22478,0.0940175428986549,0.063251256942749,0.582364022731781,0.260367214679718
22479,0.252861201763153,0.0686086118221283,0.13228252530098,0.546247661113739
22480,0.0502592287957668,0.194185435771942,0.476011395454407,0.279543906450272
22481,0.179304495453835,0.33744615316391,0.0582507662475109,0.424998551607132
22482,0.211807951331139,0.21421705186367,0.0607874877750874,0.513187527656555
22483,0.105917565524578,0.284064292907715,0.0594762302935123,0.550541877746582
22484,0.272237896919251,0.338739007711411,0.0557566992938519,0.333266347646713
22485,0.0601639710366726,0.282364368438721,0.198955908417702,0.458515763282776
22486,0.0509417057037354,0.194753661751747,0.44622865319252,0.308076024055481
22487,0.0581656023859978,0.0436447523534298,0.396427184343338,0.501762449741364
22488,0.074319027364254,0.104681715369225,0.509406864643097,0.31159234046936
22489,0.283659875392914,0.0508580394089222,0.33898863196373,0.326493471860886
22490,0.0734743624925613,0.553058743476868,0.0595967434346676,0.313870161771774
22491,0.0620509684085846,0.538425803184509,0.0564642883837223,0.343058943748474
22492,0.0452509038150311,0.19682003557682,0.478466182947159,0.279462933540344
22493,0.148843541741371,0.295471101999283,0.362526565790176,0.193158760666847
22494,0.151999086141586,0.102354176342487,0.428898245096207,0.316748529672623
22495,0.0726750195026398,0.248087719082832,0.365856200456619,0.313381046056747
22496,0.265461713075638,0.0539884157478809,0.210961982607842,0.46958789229393
22497,0.154232531785965,0.445685505867004,0.31766539812088,0.0824165865778923
22498,0.0964588671922684,0.201933845877647,0.252372592687607,0.449234753847122
22499,0.459491938352585,0.160101920366287,0.163154855370522,0.217251315712929
22500,0.594555854797363,0.145293265581131,0.0981888398528099,0.16196197271347
22501,0.351313233375549,0.188146367669106,0.195375755429268,0.265164613723755
22502,0.269769847393036,0.206124737858772,0.236122071743011,0.287983328104019
22503,0.237272843718529,0.234027564525604,0.0939593240618706,0.434740215539932
22504,0.147507205605507,0.431667357683182,0.132675051689148,0.288150429725647
22505,0.252233892679215,0.126529589295387,0.210240304470062,0.410996168851852
22506,0.175594657659531,0.327587634325027,0.314652174711227,0.182165533304214
22507,0.0467131845653057,0.481010854244232,0.141795873641968,0.330480068922043
22508,0.129373610019684,0.688169002532959,0.0549080930650234,0.127549350261688
22509,0.608265936374664,0.0668250769376755,0.0993433967232704,0.22556559741497
22510,0.0829576849937439,0.746581256389618,0.0749196857213974,0.095541350543499
22511,0.217996865510941,0.098380409181118,0.585533142089844,0.0980895906686783
22512,0.131029710173607,0.161832556128502,0.343140482902527,0.36399719119072
22513,0.164684504270554,0.071845293045044,0.314478993415833,0.448991179466248
22514,0.173574551939964,0.572242736816406,0.10066331923008,0.153519436717033
22515,0.0574573464691639,0.0651284083724022,0.487443327903748,0.389970868825913
22516,0.0818907096982002,0.483369678258896,0.227959543466568,0.206780061125755
22517,0.204383969306946,0.148860514163971,0.419054925441742,0.22770057618618
22518,0.164896696805954,0.241223946213722,0.331461399793625,0.262418001890183
22519,0.229800939559937,0.41886180639267,0.0735368803143501,0.27780032157898
22520,0.365241169929504,0.301442474126816,0.196604162454605,0.136712163686752
22521,0.0715716630220413,0.35881906747818,0.415580332279205,0.154028937220573
22522,0.0430594570934773,0.102919861674309,0.63532418012619,0.218696475028992
22523,0.0452407374978066,0.703692972660065,0.167689830064774,0.083376444876194
22524,0.102005802094936,0.0830973461270332,0.377492964267731,0.437403947114944
22525,0.232692390680313,0.10807853937149,0.581186354160309,0.0780427157878876
22526,0.462391585111618,0.332900881767273,0.0687612220644951,0.135946273803711
22527,0.144935622811317,0.357358008623123,0.1910270601511,0.306679338216782
22528,0.128992348909378,0.0786484628915787,0.5942422747612,0.198116928339005
22529,0.226412624120712,0.362874299287796,0.182837650179863,0.22787544131279
22530,0.216990008950233,0.0585951842367649,0.13893786072731,0.585476934909821
22531,0.108928814530373,0.0836621969938278,0.681702613830566,0.125706404447556
22532,0.328004062175751,0.207104548811913,0.0703082829713821,0.394583076238632
22533,0.0777173116803169,0.479359149932861,0.0837676227092743,0.359155893325806
22534,0.192249581217766,0.380400061607361,0.128775000572205,0.298575311899185
22535,0.149375051259995,0.253886073827744,0.427451699972153,0.169287160038948
22536,0.144619449973106,0.463868528604507,0.153494834899902,0.238017156720161
22537,0.150796115398407,0.330257385969162,0.422675758600235,0.0962708070874214
22538,0.108831703662872,0.422217041254044,0.189527153968811,0.279424160718918
22539,0.144862249493599,0.271769732236862,0.48469015955925,0.0986778289079666
22540,0.190638020634651,0.266777485609055,0.158480107784271,0.384104371070862
22541,0.151151940226555,0.279978632926941,0.25334620475769,0.315523207187653
22542,0.148749679327011,0.377727210521698,0.234803780913353,0.238719299435616
22543,0.492481410503388,0.126317217946053,0.14326710999012,0.23793426156044
22544,0.118861749768257,0.0625622123479843,0.613118767738342,0.205457255244255
22545,0.132207646965981,0.472015738487244,0.1671082675457,0.228668361902237
22546,0.44272780418396,0.346265226602554,0.137211248278618,0.0737957432866097
22547,0.368615537881851,0.278261691331863,0.24015685915947,0.112965889275074
22548,0.190128862857819,0.300697505474091,0.272896945476532,0.236276671290398
22549,0.410783052444458,0.0734428688883781,0.186476230621338,0.329297870397568
22550,0.126605466008186,0.269573956727982,0.505319893360138,0.0985007137060165
22551,0.126166164875031,0.289972603321075,0.379136860370636,0.204724386334419
22552,0.0674892365932465,0.175751492381096,0.127072423696518,0.629686832427979
22553,0.193025395274162,0.52477091550827,0.123274862766266,0.158928871154785
22554,0.417852461338043,0.148751810193062,0.265805453062058,0.167590260505676
22555,0.1736129373312,0.440396577119827,0.253147453069687,0.132843017578125
22556,0.351666212081909,0.371375679969788,0.195857793092728,0.0811003223061562
22557,0.114475913345814,0.473701864480972,0.187845572829247,0.223976626992226
22558,0.162833124399185,0.213697090744972,0.551157593727112,0.0723122134804726
22559,0.167945370078087,0.283159136772156,0.183294802904129,0.365600734949112
22560,0.212226167321205,0.256966471672058,0.389021009206772,0.141786321997643
22561,0.126538813114166,0.345605343580246,0.450279355049133,0.0775765404105187
22562,0.192680507898331,0.514656901359558,0.218565940856934,0.0740966647863388
22563,0.437086790800095,0.184697434306145,0.28247207403183,0.0957437008619308
22564,0.492993056774139,0.118907406926155,0.274992108345032,0.113107457756996
22565,0.152329549193382,0.219470962882042,0.423682779073715,0.204516753554344
22566,0.170755565166473,0.523952960968018,0.219434931874275,0.085856556892395
22567,0.291924089193344,0.104268155992031,0.33573517203331,0.268072605133057
22568,0.287220656871796,0.224826961755753,0.190416589379311,0.29753577709198
22569,0.266001522541046,0.292510479688644,0.358442038297653,0.0830459296703339
22570,0.3502117395401,0.246938496828079,0.206039294600487,0.196810409426689
22571,0.241649284958839,0.481647878885269,0.160860493779182,0.115842364728451
22572,0.198249518871307,0.20240131020546,0.318069964647293,0.28127920627594
22573,0.273497521877289,0.304361015558243,0.264619290828705,0.157522216439247
22574,0.278812080621719,0.0876508131623268,0.251630485057831,0.381906658411026
22575,0.148195534944534,0.417074650526047,0.261450052261353,0.17327980697155
22576,0.294201403856277,0.371520519256592,0.205893725156784,0.128384321928024
22577,0.35596638917923,0.347915381193161,0.213122293353081,0.0829958915710449
22578,0.109305687248707,0.438211679458618,0.367615640163422,0.0848670303821564
22579,0.122491881251335,0.260005116462708,0.273393779993057,0.344109177589417
22580,0.454911828041077,0.267938554286957,0.195262983441353,0.0818866118788719
22581,0.152971148490906,0.241725191473961,0.372458219528198,0.232845410704613
22582,0.382170647382736,0.26266822218895,0.269509762525558,0.0856514126062393
22583,0.274880975484848,0.27162167429924,0.343428462743759,0.110068947076797
22584,0.153839021921158,0.357922792434692,0.334273308515549,0.153964847326279
22585,0.171638935804367,0.488692432641983,0.244650781154633,0.0950178802013397
22586,0.125313863158226,0.626181185245514,0.1546600908041,0.0938448756933212
22587,0.327321738004684,0.132330626249313,0.122032426297665,0.418315172195435
22588,0.275059551000595,0.155058830976486,0.365560233592987,0.204321354627609
22589,0.297350287437439,0.489918202161789,0.135998278856277,0.0767332538962364
22590,0.14964684844017,0.155377298593521,0.409601122140884,0.285374790430069
22591,0.315358310937881,0.132331863045692,0.459408283233643,0.0929015129804611
22592,0.220868915319443,0.462425023317337,0.220319852232933,0.0963862389326096
22593,0.288384884595871,0.371602892875671,0.177682414650917,0.162329822778702
22594,0.155106082558632,0.0939137786626816,0.57747495174408,0.173505201935768
22595,0.177289128303528,0.210648775100708,0.296960085630417,0.31510204076767
22596,0.280507117509842,0.476930052042007,0.142414763569832,0.100148051977158
22597,0.119513437151909,0.21876722574234,0.56778484582901,0.0939345061779022
22598,0.154137715697289,0.467960566282272,0.130182653665543,0.247719019651413
22599,0.196147352457047,0.198844239115715,0.119812816381454,0.4851955473423
22600,0.143973961472511,0.227848649024963,0.212143212556839,0.41603422164917
22601,0.404399335384369,0.0700531005859375,0.162576496601105,0.362971097230911
22602,0.648820221424103,0.119727358222008,0.136259958148003,0.095192514359951
22603,0.320311695337296,0.0911343544721603,0.263473182916641,0.325080752372742
22604,0.0990651398897171,0.377427607774735,0.322168678045273,0.201338604092598
22605,0.595140039920807,0.0968402475118637,0.0908200889825821,0.217199608683586
22606,0.183540940284729,0.106462001800537,0.582776129245758,0.127220973372459
22607,0.140233784914017,0.127795934677124,0.438633322715759,0.2933369576931
22608,0.157168090343475,0.548921287059784,0.167977079749107,0.125933527946472
22609,0.32339608669281,0.308536469936371,0.0757509246468544,0.292316496372223
22610,0.0717118978500366,0.675508499145508,0.158283516764641,0.0944960936903954
22611,0.15037439763546,0.232210025191307,0.393799155950546,0.223616436123848
22612,0.151286125183105,0.167447686195374,0.43953150510788,0.241734653711319
22613,0.51815402507782,0.247299402952194,0.110734865069389,0.123811721801758
22614,0.33884471654892,0.289878517389298,0.214589864015579,0.156686872243881
22615,0.165218144655228,0.441550731658936,0.324370682239532,0.0688604563474655
22616,0.554423213005066,0.109734483063221,0.264338880777359,0.0715033933520317
22617,0.150384366512299,0.161222249269485,0.559141755104065,0.12925161421299
22618,0.48430660367012,0.113923162221909,0.208636179566383,0.193134009838104
22619,0.13232895731926,0.442851781845093,0.19316178560257,0.231657430529594
22620,0.139800623059273,0.699482977390289,0.0898083969950676,0.0709080100059509
22621,0.101481147110462,0.116215214133263,0.603787481784821,0.17851610481739
22622,0.246759057044983,0.155212432146072,0.272006452083588,0.326022088527679
22623,0.133339121937752,0.61993932723999,0.116002306342125,0.130719229578972
22624,0.226650789380074,0.388865202665329,0.129404723644257,0.255079239606857
22625,0.280597537755966,0.22899204492569,0.156869828701019,0.333540558815002
22626,0.324215173721314,0.178918600082397,0.15852963924408,0.338336557149887
22627,0.248690083622932,0.127184167504311,0.431398332118988,0.192727446556091
22628,0.121941104531288,0.365534096956253,0.432252198457718,0.0802726224064827
22629,0.169269844889641,0.331654757261276,0.2457594871521,0.253315925598145
22630,0.284404814243317,0.432119011878967,0.204584464430809,0.0788916721940041
22631,0.390294402837753,0.322488576173782,0.160267874598503,0.126949101686478
22632,0.193069934844971,0.47901251912117,0.14719058573246,0.180726960301399
22633,0.202816724777222,0.219471514225006,0.284181296825409,0.293530464172363
22634,0.0738602131605148,0.459739744663239,0.266073018312454,0.200327038764954
22635,0.107702895998955,0.560247659683228,0.147256195545197,0.184793248772621
22636,0.0751288235187531,0.635805726051331,0.180869191884995,0.10819623619318
22637,0.556865453720093,0.12052895873785,0.136199042201042,0.186406567692757
22638,0.176352143287659,0.32848060131073,0.20354725420475,0.291620045900345
22639,0.118956968188286,0.288213312625885,0.144397929310799,0.448431819677353
22640,0.089947834610939,0.192015945911407,0.530289530754089,0.187746629118919
22641,0.133349701762199,0.567775189876556,0.203706070780754,0.0951690226793289
22642,0.144871294498444,0.296825081110001,0.154068142175674,0.404235482215881
22643,0.197465255856514,0.170462504029274,0.435645699501038,0.196426570415497
22644,0.0864944756031036,0.236341044306755,0.600381672382355,0.076782800257206
22645,0.264078080654144,0.113694936037064,0.199573457241058,0.422653526067734
22646,0.256435453891754,0.349520862102509,0.171416416764259,0.222627222537994
22647,0.528982520103455,0.238511994481087,0.152142211794853,0.0803632885217667
22648,0.618175148963928,0.151065945625305,0.142767190933228,0.0879917144775391
22649,0.147065445780754,0.242347151041031,0.282799303531647,0.327788084745407
22650,0.163348823785782,0.270421832799912,0.149358242750168,0.416871130466461
22651,0.157157644629478,0.136904910206795,0.394564360380173,0.311373114585876
22652,0.0811872929334641,0.16832959651947,0.269727766513824,0.480755299329758
22653,0.0857771635055542,0.248750790953636,0.538246870040894,0.127225190401077
22654,0.0637558996677399,0.247064352035522,0.178099289536476,0.5110804438591
22655,0.155499517917633,0.405734270811081,0.119710333645344,0.319055885076523
22656,0.194496974349022,0.169186562299728,0.513246893882752,0.123069606721401
22657,0.272538810968399,0.216303110122681,0.141009822487831,0.37014827132225
22658,0.171737611293793,0.0676677003502846,0.169446855783463,0.591147840023041
22659,0.146183177828789,0.296662241220474,0.423932015895844,0.133222609758377
22660,0.506465911865234,0.237032637000084,0.106015250086784,0.150486201047897
22661,0.400797933340073,0.167126879096031,0.266969442367554,0.16510571539402
22662,0.171679124236107,0.199176147580147,0.490914642810822,0.138230040669441
22663,0.215728580951691,0.555274665355682,0.121645048260689,0.107351653277874
22664,0.15250001847744,0.412333250045776,0.0878259241580963,0.347340792417526
22665,0.305929929018021,0.335332810878754,0.241545930504799,0.117191314697266
22666,0.364781588315964,0.177235975861549,0.080666571855545,0.377315878868103
22667,0.0834383368492127,0.18627567589283,0.609706401824951,0.120579622685909
22668,0.141478031873703,0.265390068292618,0.0627933740615845,0.530338525772095
22669,0.0946165770292282,0.0907455533742905,0.126110002398491,0.688527882099152
22670,0.161040633916855,0.347014456987381,0.0835495665669441,0.408395320177078
22671,0.192336022853851,0.129558652639389,0.4712855219841,0.206819802522659
22672,0.376816093921661,0.109476551413536,0.156839415431023,0.35686793923378
22673,0.322228342294693,0.219491794705391,0.136823907494545,0.321455925703049
22674,0.1434166431427,0.188952773809433,0.459834098815918,0.207796484231949
22675,0.0722909420728684,0.42002272605896,0.176452025771141,0.331234306097031
22676,0.149005129933357,0.489130854606628,0.0845409780740738,0.277322977781296
22677,0.434873461723328,0.100825943052769,0.181813806295395,0.282486766576767
22678,0.202497765421867,0.123835407197475,0.0936478674411774,0.580018937587738
22679,0.0475057549774647,0.487386226654053,0.0765148922801018,0.388593137264252
22680,0.0689578056335449,0.152869924902916,0.348124951124191,0.430047363042831
22681,0.107064589858055,0.295766830444336,0.109822526574135,0.487346023321152
22682,0.270796746015549,0.529314279556274,0.0614796839654446,0.138409301638603
22683,0.0521209165453911,0.0482456833124161,0.596032321453095,0.303601115942001
22684,0.14295169711113,0.636400640010834,0.114224046468735,0.106423608958721
22685,0.250151097774506,0.127508163452148,0.1445602029562,0.477780550718308
22686,0.684903919696808,0.0706169456243515,0.0550624877214432,0.189416632056236
22687,0.113668747246265,0.461193054914475,0.192108795046806,0.233029425144196
22688,0.390522748231888,0.303470194339752,0.221549078822136,0.0844580382108688
22689,0.262592136859894,0.384613037109375,0.224769741296768,0.128025129437447
22690,0.0896365940570831,0.273110747337341,0.562792301177979,0.0744603723287582
22691,0.160505056381226,0.456493556499481,0.311138093471527,0.0718632861971855
22692,0.210102796554565,0.230822831392288,0.249869033694267,0.309205323457718
22693,0.263975709676743,0.291717201471329,0.184467315673828,0.259839773178101
22694,0.46497318148613,0.158849358558655,0.285871595144272,0.0903058648109436
22695,0.211351722478867,0.206421747803688,0.460338175296783,0.121888399124146
22696,0.145169764757156,0.384029686450958,0.168513000011444,0.302287489175797
22697,0.0714222565293312,0.432232648134232,0.20098702609539,0.295358031988144
22698,0.328480392694473,0.347363829612732,0.134627446532249,0.189528286457062
22699,0.444853365421295,0.131130993366241,0.201766759157181,0.222248837351799
22700,0.274360090494156,0.182315811514854,0.188089802861214,0.355234265327454
22701,0.185854017734528,0.399559140205383,0.0831048563122749,0.331481993198395
22702,0.102065786719322,0.191699832677841,0.503469347953796,0.202765062451363
22703,0.294693022966385,0.222999766469002,0.38230973482132,0.099997453391552
22704,0.154370039701462,0.350972861051559,0.273474723100662,0.221182331442833
22705,0.122554704546928,0.272839814424515,0.382682591676712,0.221922934055328
22706,0.202784657478333,0.205614179372787,0.378890007734299,0.212711155414581
22707,0.0902882367372513,0.591543436050415,0.201514914631844,0.116653375327587
22708,0.172623619437218,0.168140172958374,0.457539498806,0.201696664094925
22709,0.157218873500824,0.607792437076569,0.0940397530794144,0.140948891639709
22710,0.159096226096153,0.42395007610321,0.196655139327049,0.220298588275909
22711,0.526082992553711,0.177468106150627,0.176588654518127,0.119860231876373
22712,0.283712029457092,0.357260942459106,0.0878367498517036,0.271190285682678
22713,0.162352621555328,0.179608538746834,0.444845676422119,0.213193118572235
22714,0.146554186940193,0.203511103987694,0.524887382984161,0.125047355890274
22715,0.251068264245987,0.254186809062958,0.173760697245598,0.320984214544296
22716,0.145319238305092,0.335946470499039,0.217283621430397,0.301450699567795
22717,0.142879217863083,0.140938028693199,0.503214299678803,0.212968423962593
22718,0.457182466983795,0.135548457503319,0.134788274765015,0.272480756044388
22719,0.523353278636932,0.215238273143768,0.14024817943573,0.121160253882408
22720,0.103214167058468,0.426475793123245,0.22441577911377,0.245894327759743
22721,0.363732367753983,0.360090494155884,0.135466814041138,0.140710279345512
22722,0.183792933821678,0.259625434875488,0.212238475680351,0.344343155622482
22723,0.198382467031479,0.493489682674408,0.0810933485627174,0.227034449577332
22724,0.134597718715668,0.207566753029823,0.544815957546234,0.113019578158855
22725,0.124493844807148,0.341525256633759,0.244984522461891,0.288996368646622
22726,0.0661938041448593,0.655008971691132,0.111773192882538,0.167024046182632
22727,0.142850175499916,0.18215112388134,0.556074917316437,0.118923768401146
22728,0.0538005158305168,0.477824956178665,0.200945749878883,0.267428815364838
22729,0.335439413785934,0.239140257239342,0.188813254237175,0.236607044935226
22730,0.0853859260678291,0.316099405288696,0.349287331104279,0.249227344989777
22731,0.0576669350266457,0.43828758597374,0.291238129138947,0.212807297706604
22732,0.277263432741165,0.262540102005005,0.240191340446472,0.220005109906197
22733,0.349924921989441,0.217472463846207,0.091001532971859,0.341601073741913
22734,0.139995381236076,0.4932821393013,0.113350883126259,0.253371596336365
22735,0.117637418210506,0.472591191530228,0.319260120391846,0.0905112773180008
22736,0.0670703649520874,0.194236695766449,0.53477954864502,0.203913390636444
22737,0.401071667671204,0.179427444934845,0.0689136609435082,0.350587248802185
22738,0.423638671636581,0.146350637078285,0.236145481467247,0.193865180015564
22739,0.428716093301773,0.123314887285233,0.105193272233009,0.342775791883469
22740,0.093186117708683,0.649121642112732,0.137727633118629,0.119964584708214
22741,0.45134174823761,0.123436011373997,0.292668461799622,0.132553771138191
22742,0.138149425387383,0.547993719577789,0.210101172327995,0.103755682706833
22743,0.143734350800514,0.499003738164902,0.073766715824604,0.283495217561722
22744,0.220485612750053,0.417804807424545,0.237864390015602,0.123845167458057
22745,0.286840707063675,0.233743697404861,0.204222232103348,0.275193423032761
22746,0.238168984651566,0.347628712654114,0.286808043718338,0.127394273877144
22747,0.506814479827881,0.18086077272892,0.169979318976402,0.142345443367958
22748,0.515743613243103,0.186439454555511,0.203282460570335,0.0945344716310501
22749,0.151862382888794,0.230578392744064,0.496352285146713,0.121206872165203
22750,0.155467346310616,0.172920823097229,0.578406095504761,0.0932057499885559
22751,0.13149619102478,0.378723055124283,0.397949784994125,0.0918310061097145
22752,0.357352316379547,0.178763076663017,0.271419495344162,0.192465081810951
22753,0.290679514408112,0.428984612226486,0.172158047556877,0.108177788555622
22754,0.29217392206192,0.424263536930084,0.190733045339584,0.092829555273056
22755,0.221875697374344,0.115292385220528,0.44855809211731,0.21427384018898
22756,0.286388874053955,0.185325190424919,0.26522433757782,0.263061583042145
22757,0.395977377891541,0.171630710363388,0.125329285860062,0.307062596082687
22758,0.26212015748024,0.245992928743362,0.379402756690979,0.112484164535999
22759,0.332103401422501,0.435095846652985,0.0807910785079002,0.152009651064873
22760,0.139526471495628,0.167912870645523,0.54828417301178,0.144276484847069
22761,0.200188666582108,0.439997881650925,0.164571985602379,0.19524148106575
22762,0.159117475152016,0.447444260120392,0.275362014770508,0.118076212704182
22763,0.139172494411469,0.385663717985153,0.281917035579681,0.193246766924858
22764,0.157175704836845,0.630832850933075,0.0643128529191017,0.147678598761559
22765,0.224578708410263,0.321560561656952,0.299016147851944,0.154844626784325
22766,0.357698410749435,0.31083419919014,0.227545201778412,0.103922180831432
22767,0.124523185193539,0.197788819670677,0.439759105443954,0.237928912043571
22768,0.176821827888489,0.208636164665222,0.489925533533096,0.124616466462612
22769,0.122478447854519,0.718806624412537,0.0722041204571724,0.0865108221769333
22770,0.648733973503113,0.125196039676666,0.0705480501055718,0.155521884560585
22771,0.318493843078613,0.180645957589149,0.398989826440811,0.101870335638523
22772,0.466648608446121,0.233569458127022,0.188079953193665,0.11170195043087
22773,0.116738490760326,0.417034506797791,0.133171811699867,0.333055168390274
22774,0.125739693641663,0.264255404472351,0.40654993057251,0.203454986214638
22775,0.283963739871979,0.420258730649948,0.191855207085609,0.103922285139561
22776,0.229492619633675,0.281476378440857,0.123938746750355,0.365092247724533
22777,0.118359699845314,0.415815562009811,0.341857582330704,0.123967200517654
22778,0.0667381584644318,0.217515885829926,0.425055891275406,0.290690034627914
22779,0.226971223950386,0.471379548311234,0.173263549804688,0.128385663032532
22780,0.32768052816391,0.354777425527573,0.123093634843826,0.194448456168175
22781,0.102987296879292,0.220576584339142,0.564616620540619,0.111819498240948
22782,0.0734441205859184,0.082790806889534,0.555254101753235,0.288510948419571
22783,0.201385423541069,0.177099406719208,0.471201509237289,0.150313660502434
22784,0.105239152908325,0.546360790729523,0.101630225777626,0.246769800782204
22785,0.17352719604969,0.436127871274948,0.26814791560173,0.122197061777115
22786,0.266643285751343,0.0908670723438263,0.376606285572052,0.265883356332779
22787,0.30694904923439,0.240804970264435,0.1776172965765,0.274628669023514
22788,0.455743134021759,0.0573137924075127,0.256512582302094,0.230430454015732
22789,0.392475068569183,0.27542445063591,0.149256870150566,0.182843595743179
22790,0.0786948725581169,0.212147638201714,0.605636119842529,0.103521391749382
22791,0.151880487799644,0.218652874231339,0.159473434090614,0.469993144273758
22792,0.144305616617203,0.123318918049335,0.639457643032074,0.0929178148508072
22793,0.59382438659668,0.12592838704586,0.187026053667068,0.0932211801409721
22794,0.139153063297272,0.240916833281517,0.456268906593323,0.163661241531372
22795,0.207198828458786,0.449516624212265,0.117229737341404,0.226054847240448
22796,0.588699996471405,0.104501090943813,0.153812572360039,0.152986332774162
22797,0.0686055570840836,0.0846883058547974,0.740766227245331,0.105939917266369
22798,0.0981461554765701,0.226735293865204,0.26310870051384,0.412009805440903
22799,0.497883677482605,0.13354317843914,0.136349692940712,0.232223480939865
22800,0.263312309980392,0.189086198806763,0.274742186069489,0.272859275341034
22801,0.133095890283585,0.256781488656998,0.243978723883629,0.366143882274628
22802,0.109433390200138,0.422053128480911,0.220033705234528,0.248479753732681
22803,0.419870138168335,0.418057769536972,0.073419101536274,0.0886529684066773
22804,0.300784975290298,0.0940569192171097,0.37935209274292,0.225806072354317
22805,0.159439384937286,0.248320072889328,0.294468104839325,0.297772377729416
22806,0.152378156781197,0.531655013561249,0.0885081812739372,0.227458670735359
22807,0.424578160047531,0.0676859766244888,0.410098880529404,0.097636990249157
22808,0.0813601762056351,0.429930210113525,0.233097940683365,0.255611658096314
22809,0.0988663136959076,0.227625280618668,0.560916364192963,0.112592056393623
22810,0.135041445493698,0.569759249687195,0.175066515803337,0.120132803916931
22811,0.17180036008358,0.149627387523651,0.27828323841095,0.400288969278336
22812,0.178044751286507,0.403116673231125,0.179062128067017,0.239776462316513
22813,0.436592876911163,0.108502127230167,0.294902145862579,0.160002872347832
22814,0.218707025051117,0.56114387512207,0.102181315422058,0.117967829108238
22815,0.17596298456192,0.479562073945999,0.154197469353676,0.190277457237244
22816,0.158221498131752,0.166069239377975,0.114401586353779,0.561307668685913
22817,0.511642515659332,0.138740420341492,0.117856375873089,0.231760665774345
22818,0.106271103024483,0.568758189678192,0.193580478429794,0.131390184164047
22819,0.16999252140522,0.127541735768318,0.431449800729752,0.271015971899033
22820,0.0679010599851608,0.243037208914757,0.528260469436646,0.16080130636692
22821,0.0702318623661995,0.139024958014488,0.473839372396469,0.316903829574585
22822,0.270964592695236,0.0771296471357346,0.437261939048767,0.214643806219101
22823,0.0542784780263901,0.494861543178558,0.0580098032951355,0.392850160598755
22824,0.0476377382874489,0.564960062503815,0.0793568193912506,0.308045417070389
22825,0.11241277307272,0.0700685083866119,0.69995242357254,0.117566242814064
22826,0.114188067615032,0.140935242176056,0.36879363656044,0.376083076000214
22827,0.546024680137634,0.0705930218100548,0.134269550442696,0.249112755060196
22828,0.0786249190568924,0.324003607034683,0.472002625465393,0.125368818640709
22829,0.0758102238178253,0.452221721410751,0.318731009960175,0.15323705971241
22830,0.0531250052154064,0.0620044060051441,0.724316895008087,0.160553708672524
22831,0.0759270414710045,0.606945276260376,0.0520262978971005,0.265101402997971
22832,0.0885704457759857,0.0892029702663422,0.632379412651062,0.189847111701965
22833,0.152102202177048,0.589491963386536,0.0654377639293671,0.192968085408211
22834,0.04159015417099,0.131184831261635,0.285932868719101,0.541292130947113
22835,0.213912174105644,0.210758879780769,0.0873390138149262,0.487989962100983
22836,0.200674891471863,0.435195297002792,0.0470436401665211,0.317086189985275
22837,0.0428767539560795,0.434512227773666,0.074576161801815,0.448034822940826
22838,0.347719222307205,0.162897571921349,0.0507021620869637,0.438681036233902
22839,0.121226131916046,0.263576507568359,0.325254499912262,0.289942890405655
22840,0.508168458938599,0.0536216124892235,0.17799000442028,0.260219901800156
22841,0.183480679988861,0.0968183577060699,0.0981979891657829,0.621502995491028
22842,0.336208760738373,0.0651084706187248,0.203338339924812,0.395344465970993
22843,0.37286365032196,0.083802156150341,0.219456762075424,0.323877483606339
22844,0.559585511684418,0.0937969237565994,0.195258378982544,0.151359155774117
22845,0.545115411281586,0.174075186252594,0.147602945566177,0.133206441998482
22846,0.0785919278860092,0.606223940849304,0.0410994552075863,0.274084717035294
22847,0.227205276489258,0.44878762960434,0.0923339501023293,0.231673181056976
22848,0.197779357433319,0.211832195520401,0.0818992555141449,0.508489191532135
22849,0.348384320735931,0.0576955750584602,0.461988717317581,0.131931453943253
22850,0.491354763507843,0.0877687409520149,0.218300297856331,0.202576249837875
22851,0.129718095064163,0.437977463006973,0.0671257078647614,0.365178763866425
22852,0.541951775550842,0.0874752998352051,0.0456810332834721,0.324891924858093
22853,0.53928142786026,0.116085827350616,0.194435954093933,0.150196820497513
22854,0.0894702672958374,0.110173285007477,0.0580576397478581,0.742298781871796
22855,0.416885614395142,0.136562168598175,0.0450336821377277,0.40151858329773
22856,0.0384497605264187,0.064899817109108,0.458312571048737,0.438337832689285
22857,0.0350066795945168,0.103773280978203,0.233322590589523,0.627897441387177
22858,0.252789467573166,0.309887319803238,0.309788733720779,0.127534493803978
22859,0.16535185277462,0.664460122585297,0.0992358773946762,0.0709521472454071
22860,0.170261904597282,0.322793066501617,0.230691149830818,0.276253908872604
22861,0.189253941178322,0.37734267115593,0.319600135087967,0.11380323022604
22862,0.13284669816494,0.183447510004044,0.325843185186386,0.357862651348114
22863,0.145475655794144,0.560309588909149,0.208440840244293,0.0857739523053169
22864,0.0679257288575172,0.424164682626724,0.185861721634865,0.322047889232636
22865,0.265567749738693,0.28314396739006,0.196827068924904,0.254461228847504
22866,0.208312749862671,0.0776070207357407,0.535192251205444,0.178888007998467
22867,0.175012290477753,0.103766158223152,0.537507653236389,0.18371394276619
22868,0.153353378176689,0.200822964310646,0.331323742866516,0.314499914646149
22869,0.331423401832581,0.172452196478844,0.183727234601974,0.312397181987762
22870,0.330088526010513,0.269700884819031,0.225913688540459,0.174296855926514
22871,0.202289015054703,0.504982709884644,0.155745625495911,0.136982604861259
22872,0.134275063872337,0.677398025989533,0.0644638910889626,0.12386304885149
22873,0.0800147578120232,0.268178731203079,0.386253446340561,0.265553116798401
22874,0.147638142108917,0.537604212760925,0.129685431718826,0.185072183609009
22875,0.0734712705016136,0.632423400878906,0.0997249707579613,0.194380402565002
22876,0.238014236092567,0.433732241392136,0.171668753027916,0.15658475458622
22877,0.309241384267807,0.113336317241192,0.11582313477993,0.461599141359329
22878,0.123809359967709,0.0593120418488979,0.445843786001205,0.371034801006317
22879,0.168980076909065,0.134574115276337,0.532435476779938,0.16401033103466
22880,0.144023090600967,0.197421193122864,0.52732914686203,0.131226569414139
22881,0.272240996360779,0.171737596392632,0.237604543566704,0.318416833877564
22882,0.0945038124918938,0.673430860042572,0.0380120649933815,0.194053277373314
22883,0.139021337032318,0.0833876878023148,0.398840844631195,0.378750145435333
22884,0.0655695050954819,0.239471018314362,0.290351629257202,0.404607832431793
22885,0.374387413263321,0.113578677177429,0.034336868673563,0.4776970744133
22886,0.191395506262779,0.0438181273639202,0.122634448111057,0.642151892185211
22887,0.132467895746231,0.514811038970947,0.100621849298477,0.252099245786667
22888,0.505067765712738,0.270392239093781,0.0472456365823746,0.177294388413429
22889,0.0477562993764877,0.0912680327892303,0.601111829280853,0.25986385345459
22890,0.25019297003746,0.51567554473877,0.0749237909913063,0.159207701683044
22891,0.157757610082626,0.322115629911423,0.251357436180115,0.268769353628159
22892,0.192551791667938,0.0809816643595696,0.495316684246063,0.231149882078171
22893,0.426433593034744,0.250525772571564,0.136316910386086,0.186723709106445
22894,0.0655540898442268,0.0790157020092011,0.0407959818840027,0.814634203910828
22895,0.322798609733582,0.18059504032135,0.155607536435127,0.340998828411102
22896,0.406372725963593,0.443970829248428,0.0454269610345364,0.104229487478733
22897,0.0871061757206917,0.220947369933128,0.487932175397873,0.204014241695404
22898,0.0745248794555664,0.114038750529289,0.538030326366425,0.273406058549881
22899,0.551957488059998,0.139723464846611,0.0885520428419113,0.219767034053803
22900,0.386880487203598,0.0964109525084496,0.0782204642891884,0.438488066196442
22901,0.223757296800613,0.272575169801712,0.168070524930954,0.335596978664398
22902,0.131735399365425,0.325328141450882,0.166786342859268,0.376150101423264
22903,0.159772917628288,0.213383838534355,0.461379379034042,0.165463894605637
22904,0.612926423549652,0.109045870602131,0.150883361697197,0.127144351601601
22905,0.415739178657532,0.27353698015213,0.0687049776315689,0.242018863558769
22906,0.667004585266113,0.165016546845436,0.0411297380924225,0.126849114894867
22907,0.178982004523277,0.153195023536682,0.474347621202469,0.193475320935249
22908,0.154257327318192,0.324285387992859,0.253668576478958,0.267788708209991
22909,0.152330875396729,0.685885846614838,0.043072372674942,0.11871088296175
22910,0.17508889734745,0.281660109758377,0.135164469480515,0.408086478710175
22911,0.121591158211231,0.163963228464127,0.262345731258392,0.452099859714508
22912,0.215211316943169,0.519203066825867,0.147575244307518,0.118010357022285
22913,0.183258086442947,0.109935909509659,0.588429510593414,0.118376471102238
22914,0.0844714865088463,0.409751683473587,0.124040327966213,0.38173645734787
22915,0.600423812866211,0.0663502663373947,0.0913678631186485,0.241858035326004
22916,0.142985180020332,0.389647722244263,0.0850557759404182,0.382311373949051
22917,0.283001720905304,0.163287132978439,0.0717683359980583,0.481942772865295
22918,0.511121213436127,0.13512809574604,0.0651391446590424,0.288611531257629
22919,0.142216607928276,0.655066967010498,0.0583810657262802,0.144335359334946
22920,0.155354112386704,0.112810425460339,0.489294558763504,0.242540940642357
22921,0.348059237003326,0.122143998742104,0.0824871435761452,0.447309583425522
22922,0.143103927373886,0.427265822887421,0.16268202662468,0.266948193311691
22923,0.0450456961989403,0.422842442989349,0.169282659888268,0.362829178571701
22924,0.580153703689575,0.122723378241062,0.174847185611725,0.122275732457638
22925,0.16477806866169,0.289840906858444,0.0593325272202492,0.486048430204392
22926,0.447323471307755,0.0855659320950508,0.17581057548523,0.291300058364868
22927,0.0648420229554176,0.105865098536015,0.362378895282745,0.466914027929306
22928,0.612726807594299,0.137897431850433,0.0659735128283501,0.183402240276337
22929,0.12698358297348,0.626766443252564,0.0854189172387123,0.160831034183502
22930,0.0802006870508194,0.108096018433571,0.509001076221466,0.302702188491821
22931,0.0756574347615242,0.296524167060852,0.486584961414337,0.141233488917351
22932,0.173022627830505,0.158613741397858,0.0863454416394234,0.582018196582794
22933,0.457960844039917,0.115132667124271,0.0940157696604729,0.332890748977661
22934,0.165216788649559,0.0935834124684334,0.280650049448013,0.460549741983414
22935,0.118283115327358,0.559941828250885,0.16847787797451,0.153297200798988
22936,0.497551083564758,0.10601731389761,0.234610885381699,0.161820709705353
22937,0.399680614471436,0.182821348309517,0.158860683441162,0.258637368679047
22938,0.499818503856659,0.192242354154587,0.158565863966942,0.149373292922974
22939,0.123915858566761,0.238949984312058,0.185903415083885,0.451230764389038
22940,0.135700911283493,0.0552938356995583,0.589609265327454,0.219396024942398
22941,0.224839314818382,0.0802929028868675,0.423605501651764,0.271262228488922
22942,0.0823124870657921,0.233017385005951,0.598118543624878,0.0865515395998955
22943,0.109774060547352,0.226585492491722,0.154363557696342,0.509276926517487
22944,0.122614279389381,0.37771075963974,0.0781666487455368,0.421508312225342
22945,0.142510533332825,0.253294914960861,0.134601384401321,0.46959313750267
22946,0.100140169262886,0.209373578429222,0.184941232204437,0.505545020103455
22947,0.220374494791031,0.599485993385315,0.0848917737603188,0.0952477231621742
22948,0.196043416857719,0.182209849357605,0.124613501131535,0.49713322520256
22949,0.0784865990281105,0.300129890441895,0.363727062940598,0.257656455039978
22950,0.164981707930565,0.214730054140091,0.121007367968559,0.499280840158463
22951,0.141491636633873,0.461606055498123,0.143813580274582,0.253088772296906
22952,0.199595347046852,0.241046890616417,0.0703765600919724,0.488981187343597
22953,0.38725021481514,0.271286696195602,0.243229240179062,0.0982337966561317
22954,0.198240727186203,0.229306936264038,0.262872070074081,0.309580236673355
22955,0.195727214217186,0.57014387845993,0.160309016704559,0.0738199278712273
22956,0.329190135002136,0.25686702132225,0.190671324729919,0.223271518945694
22957,0.189045459032059,0.216546699404717,0.394114762544632,0.200293064117432
22958,0.586334764957428,0.217175781726837,0.123961925506592,0.0725275874137878
22959,0.112993694841862,0.197112306952477,0.511608719825745,0.178285270929337
22960,0.423756271600723,0.327415257692337,0.17714786529541,0.0716806426644325
22961,0.186414539813995,0.305741161108017,0.388573914766312,0.119270406663418
22962,0.176023319363594,0.166195437312126,0.586806237697601,0.0709750205278397
22963,0.0716691836714745,0.350620985031128,0.096056193113327,0.481653600931168
22964,0.14220242202282,0.126690596342087,0.550340175628662,0.180766835808754
22965,0.291182219982147,0.418904215097427,0.115586012601852,0.174327567219734
22966,0.150747776031494,0.202156186103821,0.546011209487915,0.101084791123867
22967,0.101399473845959,0.469574689865112,0.369204103946686,0.0598217137157917
22968,0.209091499447823,0.319851815700531,0.382686614990234,0.0883700624108315
22969,0.400965452194214,0.245831772685051,0.250527948141098,0.102674774825573
22970,0.491582363843918,0.238434240221977,0.169232368469238,0.10075106471777
22971,0.179555490612984,0.267563045024872,0.478375107049942,0.0745063796639442
22972,0.280768930912018,0.555161714553833,0.082934632897377,0.081134706735611
22973,0.0764030665159226,0.437202602624893,0.0760812982916832,0.410312980413437
22974,0.0756723806262016,0.156480312347412,0.505788385868073,0.262058913707733
22975,0.248772203922272,0.198475658893585,0.453943341970444,0.0988087505102158
22976,0.0613392367959023,0.247320786118507,0.445334672927856,0.246005281805992
22977,0.0790589302778244,0.314128637313843,0.488712072372437,0.118100315332413
22978,0.0506436824798584,0.222241759300232,0.580557942390442,0.146556556224823
22979,0.0726158693432808,0.306410431861877,0.423820495605469,0.197153195738792
22980,0.366493165493011,0.461306929588318,0.0841921046376228,0.0880077555775642
22981,0.152820393443108,0.578470528125763,0.181379690766335,0.0873293355107307
22982,0.162782460451126,0.0834176391363144,0.235677689313889,0.51812219619751
22983,0.50136125087738,0.345448136329651,0.0694473907351494,0.0837432742118835
22984,0.0414652489125729,0.384640395641327,0.361175626516342,0.212718725204468
22985,0.405654072761536,0.0709225013852119,0.126379266381264,0.397044152021408
22986,0.311130195856094,0.359349697828293,0.0822708457708359,0.247249305248261
22987,0.0737614557147026,0.159533008933067,0.436946630477905,0.329758882522583
22988,0.145786732435226,0.0870490074157715,0.62455427646637,0.142610013484955
22989,0.582582116127014,0.10069352388382,0.154399871826172,0.162324458360672
22990,0.139377072453499,0.425239205360413,0.104805201292038,0.330578505992889
22991,0.637986242771149,0.101225167512894,0.0533499680459499,0.207438603043556
22992,0.201303079724312,0.467687845230103,0.230067059397697,0.100941985845566
22993,0.138474524021149,0.174116551876068,0.622044682502747,0.065364234149456
22994,0.669019341468811,0.18031419813633,0.096047542989254,0.0546189211308956
22995,0.163363978266716,0.378420621156693,0.276863634586334,0.181351780891418
22996,0.504409193992615,0.288294702768326,0.152015507221222,0.0552806332707405
22997,0.296897202730179,0.350421726703644,0.193589612841606,0.159091427922249
22998,0.194137752056122,0.18170864880085,0.157180100679398,0.466973543167114
22999,0.449101835489273,0.254257529973984,0.21721063554287,0.0794299617409706
23000,0.179762184619904,0.270611464977264,0.477664589881897,0.0719617381691933
23001,0.226391851902008,0.485893547534943,0.192513987421989,0.0952006280422211
23002,0.126890748739243,0.466179221868515,0.213224515318871,0.193705573678017
23003,0.679509222507477,0.139551281929016,0.121891379356384,0.0590480715036392
23004,0.148069977760315,0.340927213430405,0.417970418930054,0.0930323898792267
23005,0.27340579032898,0.502484083175659,0.158544689416885,0.065565437078476
23006,0.137839019298553,0.162484511733055,0.61590713262558,0.083769328892231
23007,0.0847556367516518,0.390966951847076,0.467780530452728,0.0564969033002853
23008,0.114636495709419,0.473852723836899,0.281582593917847,0.129928231239319
23009,0.308300256729126,0.169561833143234,0.373215198516846,0.148922741413116
23010,0.372562289237976,0.301183462142944,0.218836948275566,0.107417285442352
23011,0.324177086353302,0.217651456594467,0.25481241941452,0.203359022736549
23012,0.265543758869171,0.1361093968153,0.45287099480629,0.145475924015045
23013,0.317827016115189,0.155299827456474,0.312998384237289,0.213874742388725
23014,0.170156717300415,0.244647175073624,0.405504912137985,0.179691225290298
23015,0.212571009993553,0.174442052841187,0.466407150030136,0.146579802036285
23016,0.457802444696426,0.238095730543137,0.220209300518036,0.0838925167918205
23017,0.255864858627319,0.150336742401123,0.429724812507629,0.164073556661606
23018,0.437944769859314,0.230601876974106,0.201957702636719,0.129495590925217
23019,0.151584818959236,0.206750229001045,0.564748167991638,0.0769167989492416
23020,0.333738565444946,0.112297296524048,0.19229020178318,0.361673891544342
23021,0.464743763208389,0.229307577013969,0.0858011543750763,0.220147520303726
23022,0.200588464736938,0.225975155830383,0.116973698139191,0.45646271109581
23023,0.465466618537903,0.236363843083382,0.156365171074867,0.141804412007332
23024,0.430066853761673,0.273313939571381,0.117239117622376,0.179380029439926
23025,0.160107910633087,0.408390432596207,0.19969142973423,0.231810197234154
23026,0.631258428096771,0.155023172497749,0.138855114579201,0.0748633220791817
23027,0.213993921875954,0.296701282262802,0.232925295829773,0.256379544734955
23028,0.201727688312531,0.505720853805542,0.123314045369625,0.169237449765205
23029,0.0589441508054733,0.0671675875782967,0.641576588153839,0.232311651110649
23030,0.419511198997498,0.265852570533752,0.0688309296965599,0.245805248618126
23031,0.0772567316889763,0.250519096851349,0.293067693710327,0.379156440496445
23032,0.16365972161293,0.486614376306534,0.166344478726387,0.183381408452988
23033,0.422177374362946,0.157522886991501,0.0695455521345139,0.350754141807556
23034,0.135213866829872,0.369522511959076,0.096442699432373,0.39882093667984
23035,0.365281373262405,0.304732292890549,0.0574824139475822,0.272503882646561
23036,0.0531165413558483,0.527147591114044,0.0790095925331116,0.340726315975189
23037,0.591031968593597,0.141858264803886,0.140630304813385,0.126479491591454
23038,0.300579249858856,0.513168036937714,0.078837975859642,0.107414737343788
23039,0.593616843223572,0.104110613465309,0.0787183195352554,0.223554208874702
23040,0.0742201581597328,0.122990928590298,0.136689692735672,0.66609925031662
23041,0.21678914129734,0.0884273871779442,0.436929374933243,0.257854044437408
23042,0.399277776479721,0.132720172405243,0.0821896120905876,0.38581246137619
23043,0.17557181417942,0.18207573890686,0.171527490019798,0.470824956893921
23044,0.0879516527056694,0.15959632396698,0.551963329315186,0.200488746166229
23045,0.567501127719879,0.0841717198491097,0.103649646043777,0.244677543640137
23046,0.707114696502686,0.0669064670801163,0.0653307214379311,0.160648092627525
23047,0.0655223950743675,0.211582466959953,0.610698759555817,0.112196356058121
23048,0.51117330789566,0.167346656322479,0.212832018733025,0.10864794999361
23049,0.38742595911026,0.275994300842285,0.202733725309372,0.133846014738083
23050,0.264192581176758,0.49898973107338,0.148693755269051,0.0881239026784897
23051,0.416522145271301,0.26212614774704,0.208956494927406,0.112395256757736
23052,0.119583532214165,0.634371221065521,0.177070558071136,0.0689747035503388
23053,0.532039880752564,0.0990229845046997,0.24281744658947,0.126119732856751
23054,0.482515335083008,0.0924067199230194,0.338287562131882,0.086790457367897
23055,0.582600295543671,0.198108956217766,0.147938653826714,0.0713520795106888
23056,0.21517787873745,0.221126928925514,0.17423914372921,0.389456033706665
23057,0.199395194649696,0.527427732944489,0.073811411857605,0.19936566054821
23058,0.0622452795505524,0.419847816228867,0.396470248699188,0.121436633169651
23059,0.376176863908768,0.152507752180099,0.130482032895088,0.340833306312561
23060,0.479877829551697,0.134474441409111,0.0604797601699829,0.325167953968048
23061,0.458811461925507,0.151093125343323,0.304656177759171,0.0854392424225807
23062,0.241561830043793,0.238632887601852,0.0801051780581474,0.439700096845627
23063,0.120625331997871,0.0972704142332077,0.693914949893951,0.0881893336772919
23064,0.181863516569138,0.0907020792365074,0.592418730258942,0.135015651583672
23065,0.165237441658974,0.314758211374283,0.366859644651413,0.153144761919975
23066,0.150907725095749,0.628774702548981,0.0795783400535584,0.140739232301712
23067,0.188199400901794,0.206186443567276,0.238215118646622,0.367399007081985
23068,0.607212662696838,0.194722473621368,0.109031975269318,0.0890328586101532
23069,0.0880313664674759,0.425923734903336,0.236159190535545,0.249885678291321
23070,0.243975624442101,0.31950855255127,0.16621632874012,0.270299524068832
23071,0.0672128349542618,0.500277519226074,0.317785233259201,0.114724434912205
23072,0.19594669342041,0.169290900230408,0.462970316410065,0.171792089939117
23073,0.143955916166306,0.0761168524622917,0.513946712017059,0.265980511903763
23074,0.415737807750702,0.118428267538548,0.141282081604004,0.324551820755005
23075,0.295371890068054,0.19141760468483,0.206403478980064,0.306806981563568
23076,0.457494646310806,0.0659097358584404,0.12522591650486,0.351369738578796
23077,0.685309946537018,0.0924601703882217,0.121766783297062,0.100463107228279
23078,0.146363943815231,0.246073633432388,0.48494216799736,0.122620239853859
23079,0.52805483341217,0.132762089371681,0.235693320631981,0.103489764034748
23080,0.252215266227722,0.359659105539322,0.122646406292915,0.265479177236557
23081,0.0836419835686684,0.119990341365337,0.645021438598633,0.1513462215662
23082,0.249309226870537,0.585833609104157,0.0735975056886673,0.0912596508860588
23083,0.232221454381943,0.424129456281662,0.174249544739723,0.169399589300156
23084,0.10339467227459,0.316374480724335,0.480392158031464,0.0998386591672897
23085,0.11951469630003,0.0874118283390999,0.252666085958481,0.540407419204712
23086,0.282094746828079,0.352695554494858,0.214012488722801,0.151197239756584
23087,0.201637923717499,0.311343789100647,0.328263193368912,0.158755093812943
23088,0.274450600147247,0.269674122333527,0.328478187322617,0.12739709019661
23089,0.435659915208817,0.248209834098816,0.185292214155197,0.130838081240654
23090,0.0728986114263535,0.165048152208328,0.455480098724365,0.306573122739792
23091,0.301758646965027,0.258895426988602,0.237313851714134,0.202032074332237
23092,0.268524914979935,0.16181805729866,0.333518952131271,0.236138060688972
23093,0.287569105625153,0.113459579646587,0.156547665596008,0.442423701286316
23094,0.495668888092041,0.191808879375458,0.172915920615196,0.139606341719627
23095,0.306587815284729,0.126317799091339,0.137107357382774,0.429987013339996
23096,0.298035740852356,0.201897010207176,0.243258357048035,0.256808906793594
23097,0.558014333248138,0.106659412384033,0.20321498811245,0.132111296057701
23098,0.458207845687866,0.137819990515709,0.203185588121414,0.200786575675011
23099,0.434043109416962,0.189865052700043,0.187027022242546,0.189064785838127
23100,0.126416951417923,0.246722191572189,0.506258726119995,0.120602153241634
23101,0.16487854719162,0.489603281021118,0.12029229849577,0.225225821137428
23102,0.300382733345032,0.180084019899368,0.26680588722229,0.252727389335632
23103,0.198852807283402,0.354777961969376,0.300664782524109,0.145704418420792
23104,0.169479683041573,0.326192319393158,0.223883464932442,0.28044456243515
23105,0.145740732550621,0.321398437023163,0.414798140525818,0.118062674999237
23106,0.307082295417786,0.269653260707855,0.256291717290878,0.166972771286964
23107,0.193968802690506,0.196123227477074,0.530626118183136,0.0792818367481232
23108,0.227834179997444,0.268971294164658,0.26389867067337,0.239295870065689
23109,0.132830142974854,0.351333916187286,0.417436510324478,0.0983994603157043
23110,0.505972981452942,0.116717837750912,0.26786208152771,0.109447076916695
23111,0.134221687912941,0.437473773956299,0.351752102375031,0.0765524581074715
23112,0.149457573890686,0.19012887775898,0.581910789012909,0.0785027891397476
23113,0.201186910271645,0.378835171461105,0.25384846329689,0.16612945497036
23114,0.136938780546188,0.331731766462326,0.450977355241776,0.0803521275520325
23115,0.162551432847977,0.347900390625,0.363101780414581,0.126446381211281
23116,0.138616696000099,0.608627200126648,0.0448515303432941,0.207904577255249
23117,0.232089251279831,0.172961264848709,0.505767285823822,0.0891822353005409
23118,0.0692464113235474,0.118457570672035,0.59289425611496,0.219401717185974
23119,0.0523007214069367,0.368110597133636,0.17934750020504,0.400241166353226
23120,0.530371129512787,0.235847815871239,0.118121616542339,0.115659460425377
23121,0.303278058767319,0.375580072402954,0.15410004556179,0.167041808366776
23122,0.264604538679123,0.185237526893616,0.274440854787827,0.275717079639435
23123,0.0828164890408516,0.508641123771668,0.21767783164978,0.190864562988281
23124,0.239519953727722,0.390951126813889,0.211974248290062,0.157554656267166
23125,0.281043410301209,0.333056509494782,0.249952852725983,0.13594725728035
23126,0.317201137542725,0.324627786874771,0.229923352599144,0.128247737884521
23127,0.237927347421646,0.20113630592823,0.46699470281601,0.0939416885375977
23128,0.461291044950485,0.250405818223953,0.198765471577644,0.0895376279950142
23129,0.366546392440796,0.279206216335297,0.183940723538399,0.170306697487831
23130,0.17256011068821,0.445576220750809,0.199497863650322,0.182365819811821
23131,0.239160850644112,0.206517815589905,0.438936233520508,0.115385070443153
23132,0.352886080741882,0.293698996305466,0.233616948127747,0.119797997176647
23133,0.199536487460136,0.227157741785049,0.469143152236939,0.10416267067194
23134,0.131602883338928,0.213692218065262,0.439469456672668,0.215235471725464
23135,0.144364014267921,0.416340559720993,0.315475404262543,0.123820044100285
23136,0.187909170985222,0.108468391001225,0.58576762676239,0.117854848504066
23137,0.141122207045555,0.284642398357391,0.121116943657398,0.453118443489075
23138,0.134212255477905,0.188609629869461,0.576600074768066,0.100578054785728
23139,0.38551664352417,0.289328992366791,0.166874870657921,0.15827950835228
23140,0.169025048613548,0.498168647289276,0.140032321214676,0.192773923277855
23141,0.152787372469902,0.465278774499893,0.146619886159897,0.235313907265663
23142,0.231940433382988,0.139183863997459,0.528059720993042,0.100815996527672
23143,0.192168012261391,0.310016959905624,0.409003704786301,0.0888112857937813
23144,0.162534281611443,0.33660089969635,0.411328732967377,0.0895360931754112
23145,0.197896957397461,0.400697022676468,0.274016529321671,0.127389505505562
23146,0.18578314781189,0.51887309551239,0.217160403728485,0.0781833454966545
23147,0.248003512620926,0.207031652331352,0.363276571035385,0.181688234210014
23148,0.195481166243553,0.469823151826859,0.226170301437378,0.10852538049221
23149,0.441061645746231,0.3132563829422,0.094189815223217,0.151492178440094
23150,0.17258732020855,0.398472964763641,0.163134127855301,0.265805602073669
23151,0.259148746728897,0.181915193796158,0.46959912776947,0.0893369615077972
23152,0.250031977891922,0.188702881336212,0.463986217975617,0.0972789749503136
23153,0.379644006490707,0.265652388334274,0.230198711156845,0.124504886567593
23154,0.259932518005371,0.322657495737076,0.244458481669426,0.172951489686966
23155,0.506297409534454,0.256247967481613,0.148575887084007,0.088878720998764
23156,0.40686970949173,0.247860237956047,0.241097018122673,0.104173049330711
23157,0.130418747663498,0.618651330471039,0.150847494602203,0.100082390010357
23158,0.411370903253555,0.249763235449791,0.245775982737541,0.0930898934602737
23159,0.297806531190872,0.247189149260521,0.326472580432892,0.128531739115715
23160,0.134359210729599,0.185216918587685,0.409081906080246,0.271341979503632
23161,0.348909884691238,0.263887226581574,0.290582090616226,0.0966208055615425
23162,0.213159263134003,0.339809358119965,0.139026701450348,0.308004707098007
23163,0.139693349599838,0.705956995487213,0.0542384125292301,0.100111283361912
23164,0.22594328224659,0.467685014009476,0.203183576464653,0.103188060224056
23165,0.0599977150559425,0.218615859746933,0.401994198560715,0.319392204284668
23166,0.536366760730743,0.160097017884254,0.0935956016182899,0.209940627217293
23167,0.308266699314117,0.213928252458572,0.190101101994514,0.287703990936279
23168,0.261012673377991,0.0545351803302765,0.212969422340393,0.471482753753662
23169,0.21061384677887,0.397726684808731,0.28913688659668,0.102522552013397
23170,0.13268119096756,0.10030771791935,0.159071624279022,0.60793948173523
23171,0.269181787967682,0.198833659291267,0.235045298933983,0.29693928360939
23172,0.277879476547241,0.441668182611465,0.177461668848991,0.10299064964056
23173,0.0567572042346001,0.138809114694595,0.279798835515976,0.524634838104248
23174,0.711724102497101,0.124683603644371,0.061506275087595,0.102086000144482
23175,0.365986496210098,0.133880600333214,0.196375370025635,0.30375748872757
23176,0.0568788386881352,0.585623502731323,0.127221494913101,0.230276182293892
23177,0.362546235322952,0.260300874710083,0.283087730407715,0.0940651819109917
23178,0.228050112724304,0.4852414727211,0.168422117829323,0.11828625202179
23179,0.152153789997101,0.587978065013886,0.103277042508125,0.156591087579727
23180,0.0588119886815548,0.199310317635536,0.602388679981232,0.139489039778709
23181,0.203519150614738,0.415699452161789,0.191052913665771,0.18972846865654
23182,0.381213337182999,0.375814378261566,0.159618899226189,0.0833533853292465
23183,0.148916438221931,0.388102293014526,0.191298022866249,0.271683245897293
23184,0.302146106958389,0.310064613819122,0.263389319181442,0.124399989843369
23185,0.256518572568893,0.235420107841492,0.18973483145237,0.318326503038406
23186,0.224247679114342,0.422496169805527,0.0615419559180737,0.291714161634445
23187,0.132626295089722,0.296614855527878,0.464023172855377,0.106735683977604
23188,0.498052060604096,0.268992513418198,0.154968768358231,0.0779867023229599
23189,0.19823582470417,0.165577292442322,0.164982080459595,0.471204787492752
23190,0.136901423335075,0.283339560031891,0.34656822681427,0.233190804719925
23191,0.303622931241989,0.40504178404808,0.171640694141388,0.119694642722607
23192,0.19185782968998,0.380575478076935,0.0640506446361542,0.363516092300415
23193,0.232760444283485,0.214153215289116,0.120764032006264,0.432322353124619
23194,0.359936416149139,0.392498344182968,0.159281849861145,0.088283434510231
23195,0.481885671615601,0.223704993724823,0.171396970748901,0.123012311756611
23196,0.261792063713074,0.439951449632645,0.152281805872917,0.145974710583687
23197,0.425186961889267,0.0891451984643936,0.177857130765915,0.307810753583908
23198,0.529627084732056,0.131938025355339,0.180550068616867,0.157884851098061
23199,0.392237633466721,0.453648269176483,0.0563212744891644,0.0977927669882774
23200,0.324179798364639,0.245796844363213,0.316087454557419,0.113935947418213
23201,0.356032282114029,0.28052631020546,0.25621286034584,0.10722853988409
23202,0.210437968373299,0.386034190654755,0.300658762454987,0.102869093418121
23203,0.126331731677055,0.511021792888641,0.270423740148544,0.0922227278351784
23204,0.262447327375412,0.286742389202118,0.185382172465324,0.265428125858307
23205,0.242648452520371,0.269394814968109,0.292895287275314,0.195061460137367
23206,0.322121858596802,0.413206040859222,0.073591835796833,0.191080302000046
23207,0.251339465379715,0.296965181827545,0.35654428601265,0.0951510891318321
23208,0.221896454691887,0.153481990098953,0.35325887799263,0.271362692117691
23209,0.303255528211594,0.375212997198105,0.174385368824005,0.147146075963974
23210,0.553417682647705,0.164512827992439,0.185688778758049,0.0963807255029678
23211,0.292532831430435,0.455528825521469,0.146397441625595,0.105540908873081
23212,0.142919287085533,0.364725589752197,0.300732851028442,0.191622242331505
23213,0.147855684161186,0.206741541624069,0.449346601963043,0.196056142449379
23214,0.562638521194458,0.12450348585844,0.215361252427101,0.0974967628717422
23215,0.418193459510803,0.0910693407058716,0.198186963796616,0.292550206184387
23216,0.302248924970627,0.206427946686745,0.209461778402329,0.281861335039139
23217,0.172002017498016,0.500141859054565,0.115446791052818,0.212409362196922
23218,0.188848748803139,0.339433640241623,0.225849181413651,0.245868474245071
23219,0.262429505586624,0.142481192946434,0.094558984041214,0.500530302524567
23220,0.550204455852509,0.186959788203239,0.0840511918067932,0.178784593939781
23221,0.651234805583954,0.071669913828373,0.0768793523311615,0.200215935707092
23222,0.0935421660542488,0.116095826029778,0.554352223873138,0.236009806394577
23223,0.146104142069817,0.431908488273621,0.100527554750443,0.321459800004959
23224,0.0684241279959679,0.257040023803711,0.181552365422249,0.492983430624008
23225,0.240408435463905,0.527418911457062,0.0550639964640141,0.17710867524147
23226,0.0946203917264938,0.156893149018288,0.251674622297287,0.496811836957932
23227,0.581505179405212,0.135294258594513,0.0611695870757103,0.2220309227705
23228,0.0864750072360039,0.103519812226295,0.104811988770962,0.705193221569061
23229,0.122072882950306,0.111309252679348,0.393175005912781,0.373442888259888
23230,0.0830259993672371,0.302100658416748,0.057648129761219,0.557225227355957
23231,0.0524183660745621,0.284624099731445,0.0953758805990219,0.567581653594971
23232,0.222968518733978,0.282281816005707,0.123248130083084,0.371501505374908
23233,0.0988554432988167,0.110497646033764,0.276737093925476,0.513909876346588
23234,0.213662356138229,0.0599570386111736,0.102958731353283,0.623421907424927
23235,0.0775273442268372,0.0438199043273926,0.444778263568878,0.433874487876892
23236,0.426966995000839,0.0650880113244057,0.263038754463196,0.244906261563301
23237,0.0472374856472015,0.141950666904449,0.385221362113953,0.425590485334396
23238,0.137628629803658,0.290268421173096,0.261477679014206,0.31062525510788
23239,0.19757467508316,0.471218764781952,0.0557835251092911,0.275423109531403
23240,0.142596885561943,0.60572212934494,0.0557343512773514,0.195946648716927
23241,0.411827057600021,0.118636585772038,0.206975907087326,0.262560427188873
23242,0.620597124099731,0.133432909846306,0.0528179928660393,0.193151965737343
23243,0.271085530519485,0.0669278055429459,0.301967263221741,0.360019415616989
23244,0.160512998700142,0.449816197156906,0.138936221599579,0.250734567642212
23245,0.516548752784729,0.0454221107065678,0.146721124649048,0.291308015584946
23246,0.314969718456268,0.26307687163353,0.0808345749974251,0.341118842363358
23247,0.106871746480465,0.0751515403389931,0.21928559243679,0.59869110584259
23248,0.088114894926548,0.458358824253082,0.188577085733414,0.264949202537537
23249,0.265036642551422,0.222867205739021,0.170714884996414,0.341381251811981
23250,0.228822931647301,0.102930538356304,0.529867172241211,0.138379380106926
23251,0.0766115933656693,0.659461975097656,0.0961997285485268,0.167726680636406
23252,0.163375526666641,0.288271993398666,0.169652968645096,0.378699481487274
23253,0.0732311010360718,0.18050092458725,0.601922392845154,0.144345581531525
23254,0.533844828605652,0.118252195417881,0.233571037650108,0.114331975579262
23255,0.336357086896896,0.243322804570198,0.0436598844826221,0.376660257577896
23256,0.577171504497528,0.0645325034856796,0.135885342955589,0.222410649061203
23257,0.245621785521507,0.556091964244843,0.0575313940644264,0.140754863619804
23258,0.590468525886536,0.116731531918049,0.166835248470306,0.125964686274529
23259,0.0913215950131416,0.234971061348915,0.413725584745407,0.259981751441956
23260,0.153173446655273,0.0697511211037636,0.586012363433838,0.191063031554222
23261,0.140788733959198,0.483867138624191,0.118550069630146,0.256794095039368
23262,0.566686630249023,0.101006127893925,0.149513423442841,0.182793870568275
23263,0.467877745628357,0.211020886898041,0.233455672860146,0.0876457542181015
23264,0.0506087504327297,0.36869004368782,0.389036774635315,0.191664427518845
23265,0.635612487792969,0.138110086321831,0.099410779774189,0.126866668462753
23266,0.247853472828865,0.149221420288086,0.239145398139954,0.363779753446579
23267,0.235541298985481,0.244477614760399,0.346174836158752,0.173806309700012
23268,0.214264899492264,0.204779908061028,0.0756141543388367,0.505341053009033
23269,0.274998843669891,0.383355438709259,0.0453890226781368,0.296256750822067
23270,0.183816149830818,0.26266485452652,0.465663313865662,0.0878557115793228
23271,0.377983897924423,0.118502035737038,0.0993267893791199,0.404187232255936
23272,0.144402056932449,0.268122911453247,0.481774419546127,0.105700619518757
23273,0.136239320039749,0.483317375183106,0.104160040616989,0.276283264160156
23274,0.431866705417633,0.139461383223534,0.121107496321201,0.307564496994019
23275,0.118248887360096,0.232524901628494,0.315790355205536,0.333435833454132
23276,0.238873720169067,0.411855190992355,0.223464369773865,0.125806704163551
23277,0.439176023006439,0.347374945878983,0.113076359033585,0.1003727465868
23278,0.213248416781425,0.189031228423119,0.344020396471024,0.253699958324432
23279,0.292685806751251,0.400311470031738,0.161660104990006,0.145342603325844
23280,0.290651202201843,0.204915508627892,0.304448693990707,0.199984550476074
23281,0.162832885980606,0.520872235298157,0.182615503668785,0.133679330348969
23282,0.273062497377396,0.410022020339966,0.182937800884247,0.133977651596069
23283,0.227598085999489,0.369325131177902,0.26539945602417,0.137677311897278
23284,0.172581493854523,0.385840475559235,0.243572488427162,0.198005571961403
23285,0.397394508123398,0.211077064275742,0.194757431745529,0.196770966053009
23286,0.238242164254189,0.139574944972992,0.516984045505524,0.105198815464973
23287,0.210811227560043,0.276091158390045,0.308497875928879,0.204599738121033
23288,0.592925846576691,0.162944197654724,0.162901550531387,0.0812283828854561
23289,0.24401767551899,0.485689967870712,0.170312225818634,0.0999800935387611
23290,0.208202287554741,0.365964531898499,0.14215250313282,0.283680647611618
23291,0.372378081083298,0.22902275621891,0.202103540301323,0.196495622396469
23292,0.191411882638931,0.261779427528381,0.449613869190216,0.0971948429942131
23293,0.502592623233795,0.318617731332779,0.106897123157978,0.0718924850225449
23294,0.280492961406708,0.254581898450851,0.146869793534279,0.318055331707001
23295,0.266122967004776,0.0658976659178734,0.506228387355804,0.161750972270966
23296,0.174205750226974,0.22870808839798,0.501143276691437,0.095942884683609
23297,0.0955072045326233,0.0882401019334793,0.562044560909271,0.25420817732811
23298,0.309393227100372,0.066094882786274,0.353359967470169,0.271151930093765
23299,0.3487349152565,0.168863624334335,0.0904814377427101,0.39191997051239
23300,0.41315233707428,0.201502844691277,0.259511470794678,0.125833317637444
23301,0.361542075872421,0.0816993936896324,0.181225001811981,0.375533580780029
23302,0.249584749341011,0.234964936971664,0.411885559558868,0.103564724326134
23303,0.158307895064354,0.169143825769424,0.428820788860321,0.243727490305901
23304,0.0529443994164467,0.334181785583496,0.0726258680224419,0.540247917175293
23305,0.289113193750381,0.0553936213254929,0.0679291561245918,0.587563991546631
23306,0.407011657953262,0.367563098669052,0.0833369866013527,0.142088308930397
23307,0.15510281920433,0.304245591163635,0.157994583249092,0.382656991481781
23308,0.272220849990845,0.080823265016079,0.525003373622894,0.121952548623085
23309,0.130594879388809,0.139588892459869,0.0652325749397278,0.664583623409271
23310,0.128929376602173,0.0740981623530388,0.535520434379578,0.26145201921463
23311,0.166468217968941,0.0772681310772896,0.146461680531502,0.609802007675171
23312,0.299147725105286,0.183654963970184,0.425843745470047,0.0913535580039024
23313,0.137617349624634,0.289672166109085,0.239381477236748,0.333329051733017
23314,0.545354306697846,0.0850304812192917,0.108168937265873,0.261446297168732
23315,0.374444395303726,0.158788025379181,0.355635941028595,0.111131608486176
23316,0.338775724172592,0.147211015224457,0.259981602430344,0.25403168797493
23317,0.285852164030075,0.223583206534386,0.232137650251389,0.25842696428299
23318,0.0825081244111061,0.092325285077095,0.476374864578247,0.348791658878326
23319,0.288443773984909,0.137006133794785,0.0515830032527447,0.522967100143433
23320,0.178519234061241,0.082926020026207,0.221343860030174,0.517210900783539
23321,0.575510978698731,0.0745635181665421,0.218678802251816,0.131246685981751
23322,0.161912769079208,0.0774002745747566,0.443380028009415,0.317306965589523
23323,0.315015763044357,0.40952268242836,0.0575952008366585,0.217866390943527
23324,0.558594465255737,0.0734527111053467,0.149259939789772,0.218692898750305
23325,0.151091411709785,0.290012419223785,0.354413956403732,0.204482197761536
23326,0.0739167109131813,0.142218187451363,0.0970409736037254,0.686824083328247
23327,0.0691468566656113,0.0614009164273739,0.699039816856384,0.170412436127663
23328,0.0519602969288826,0.507660090923309,0.0596391670405865,0.380740493535996
23329,0.273818910121918,0.0848636701703072,0.17550066113472,0.465816795825958
23330,0.150403127074242,0.0730631723999977,0.591830909252167,0.184702768921852
23331,0.0887540355324745,0.729619801044464,0.0502351336181164,0.131391048431396
23332,0.131879702210426,0.239537343382835,0.506536364555359,0.122046612203121
23333,0.516984164714813,0.100881360471249,0.246452763676643,0.135681733489037
23334,0.297875046730042,0.208008125424385,0.213367342948914,0.280749499797821
23335,0.396644085645676,0.250281155109406,0.205809280276299,0.147265493869782
23336,0.0811363011598587,0.287999182939529,0.374600142240524,0.256264328956604
23337,0.576363146305084,0.105629578232765,0.194544538855553,0.123462729156017
23338,0.125221967697144,0.122520789504051,0.64712131023407,0.105135954916477
23339,0.13440902531147,0.0576480329036713,0.519439041614533,0.288503915071487
23340,0.137644022703171,0.0571156032383442,0.547909498214722,0.257330864667892
23341,0.0813258215785027,0.0756509527564049,0.652920842170715,0.190102398395538
23342,0.333773910999298,0.146078675985336,0.293167561292648,0.226979821920395
23343,0.135818257927895,0.415789037942886,0.139399722218514,0.308992952108383
23344,0.277848571538925,0.14964359998703,0.224462315440178,0.348045498132706
23345,0.162118881940842,0.231979161500931,0.193985298275948,0.411916673183441
23346,0.208411708474159,0.43789941072464,0.0964021533727646,0.257286757230759
23347,0.28202560544014,0.2523472905159,0.149958729743958,0.315668374300003
23348,0.124296128749847,0.313025772571564,0.305337309837341,0.257340788841248
23349,0.224734678864479,0.443398475646973,0.204195857048035,0.127670988440514
23350,0.170438274741173,0.568699777126312,0.0574899055063725,0.203372091054916
23351,0.129944458603859,0.177145808935165,0.430612713098526,0.262297064065933
23352,0.165465787053108,0.190015554428101,0.401336044073105,0.243182584643364
23353,0.104335241019726,0.352459490299225,0.239080339670181,0.304124921560288
23354,0.102464087307453,0.565501689910889,0.0914178714156151,0.240616366267204
23355,0.201220452785492,0.438529402017593,0.0910198241472244,0.269230365753174
23356,0.288892775774002,0.109494149684906,0.443764686584473,0.157848447561264
23357,0.152642831206322,0.431549519300461,0.0874441117048264,0.328363478183746
23358,0.225417524576187,0.127056926488876,0.275748670101166,0.371776938438416
23359,0.298378229141235,0.128111019730568,0.309355914592743,0.264154821634293
23360,0.330795556306839,0.410211265087128,0.144565537571907,0.114427655935287
23361,0.0782217904925346,0.100646428763866,0.515732288360596,0.305399507284164
23362,0.14984367787838,0.274795979261398,0.224947690963745,0.350412666797638
23363,0.181367680430412,0.386458307504654,0.185371264815331,0.246802777051926
23364,0.148067608475685,0.174780994653702,0.285943299531937,0.391208052635193
23365,0.292780697345734,0.267296701669693,0.2198116928339,0.220110908150673
23366,0.167493537068367,0.0555654354393482,0.477117419242859,0.299823552370071
23367,0.170936435461044,0.196974560618401,0.47964158654213,0.152447417378426
23368,0.104214757680893,0.270547688007355,0.422755837440491,0.202481761574745
23369,0.358467042446136,0.227235272526741,0.145703002810478,0.268594652414322
23370,0.172631591558456,0.116611428558826,0.510783195495606,0.199973747134209
23371,0.675835847854614,0.0699585676193237,0.0630077496170998,0.191197782754898
23372,0.458609491586685,0.0974504351615906,0.0421243235468864,0.40181577205658
23373,0.108113832771778,0.274242043495178,0.436602234840393,0.181041851639748
23374,0.0639281943440437,0.246300905942917,0.549109041690826,0.140661850571632
23375,0.158703833818436,0.261175960302353,0.431314051151276,0.148806169629097
23376,0.219570249319077,0.333038777112961,0.312722116708756,0.134668871760368
23377,0.169755503535271,0.23166136443615,0.466710805892944,0.131872251629829
23378,0.568048357963562,0.0664678439497948,0.178025931119919,0.187457859516144
23379,0.147840172052383,0.110128179192543,0.347127169370651,0.394904494285584
23380,0.203972831368446,0.329216450452805,0.184052124619484,0.282758623361588
23381,0.115653045475483,0.272684425115585,0.249098435044289,0.362564116716385
23382,0.108308725059032,0.0581949427723885,0.434818863868713,0.398677527904511
23383,0.0705794543027878,0.575352728366852,0.0926062911748886,0.261461526155472
23384,0.637199521064758,0.0836964845657349,0.110598400235176,0.16850557923317
23385,0.141901284456253,0.272867679595947,0.465066850185394,0.120164163410664
23386,0.137936756014824,0.496150553226471,0.038785133510828,0.327127516269684
23387,0.248541086912155,0.220772340893745,0.0816677883267403,0.449018746614456
23388,0.0873091667890549,0.243361189961433,0.309339255094528,0.359990417957306
23389,0.0517444126307964,0.0699318647384644,0.425613701343536,0.452710032463074
23390,0.251424133777618,0.390093415975571,0.255331069231033,0.1031514108181
23391,0.244297087192535,0.409622997045517,0.262450307607651,0.0836295932531357
23392,0.295523673295975,0.340249300003052,0.281539529561996,0.0826874971389771
23393,0.189449533820152,0.463468313217163,0.279301077127457,0.067781075835228
23394,0.291230022907257,0.445996016263962,0.183963477611542,0.0788104757666588
23395,0.172174170613289,0.332573354244232,0.41546231508255,0.0797901898622513
23396,0.496077805757523,0.246443405747414,0.179539754986763,0.0779390186071396
23397,0.416081070899963,0.316024422645569,0.179374262690544,0.0885202661156654
23398,0.204733207821846,0.585947334766388,0.139246135950089,0.0700733065605164
23399,0.186568930745125,0.589757323265076,0.154510319232941,0.0691634491086006
23400,0.482710391283035,0.165901809930801,0.243592470884323,0.107795335352421
23401,0.35795122385025,0.354083091020584,0.193385988473892,0.0945796966552734
23402,0.23713131248951,0.509515941143036,0.175659000873566,0.0776937827467918
23403,0.277938216924667,0.281200110912323,0.327629536390305,0.113232120871544
23404,0.22745169699192,0.424341768026352,0.270866185426712,0.077340304851532
23405,0.168249294161797,0.495359897613525,0.234076201915741,0.102314583957195
23406,0.465352714061737,0.316863924264908,0.14219169318676,0.075591653585434
23407,0.298449337482452,0.354969322681427,0.199267372488976,0.147313997149467
23408,0.375468909740448,0.369347661733627,0.158214807510376,0.0969685763120651
23409,0.271207928657532,0.362809926271439,0.254266798496246,0.111715383827686
23410,0.211732238531113,0.391288876533508,0.227444171905518,0.169534727931023
23411,0.195136860013008,0.323779582977295,0.343359917402267,0.137723669409752
23412,0.166184410452843,0.469397485256195,0.228834003210068,0.135584160685539
23413,0.216101258993149,0.290303260087967,0.362645536661148,0.130949929356575
23414,0.273106932640076,0.3023841381073,0.238127648830414,0.18638126552105
23415,0.275888025760651,0.404287874698639,0.219170540571213,0.100653514266014
23416,0.171497836709023,0.545874238014221,0.184133395552635,0.0984944924712181
23417,0.381236523389816,0.216801509261131,0.280775189399719,0.121186725795269
23418,0.155249327421188,0.23235122859478,0.25309431552887,0.359305113554001
23419,0.170492306351662,0.419479727745056,0.176470741629601,0.233557194471359
23420,0.208020612597466,0.260745942592621,0.42469510436058,0.106538377702236
23421,0.31768125295639,0.296283960342407,0.173510864377022,0.212523907423019
23422,0.216265752911568,0.164742693305016,0.38795879483223,0.231032758951187
23423,0.51995575428009,0.158418819308281,0.227008804678917,0.09461659938097
23424,0.346608757972717,0.224366575479507,0.184819549322128,0.244205102324486
23425,0.376242190599442,0.296315729618073,0.148853287100792,0.178588792681694
23426,0.250344663858414,0.440136015415192,0.167079448699951,0.14243982732296
23427,0.428525060415268,0.171996206045151,0.300831943750381,0.0986467823386192
23428,0.350863546133041,0.198927119374275,0.261323988437653,0.188885346055031
23429,0.251175731420517,0.447976052761078,0.21903195977211,0.081816203892231
23430,0.303982317447662,0.329659968614578,0.286595433950424,0.0797622427344322
23431,0.230939537286758,0.381673365831375,0.309037744998932,0.0783493295311928
23432,0.244775131344795,0.251455843448639,0.304159462451935,0.199609562754631
23433,0.426069676876068,0.28783705830574,0.200936540961266,0.0851567015051842
23434,0.20599539577961,0.317090958356857,0.377868384122849,0.0990452989935875
23435,0.275694608688355,0.173653304576874,0.351874202489853,0.198777839541435
23436,0.28411865234375,0.357714742422104,0.194917693734169,0.163248971104622
23437,0.215100705623627,0.319216936826706,0.338381946086884,0.127300456166267
23438,0.142858251929283,0.217919364571571,0.562223970890045,0.0769984126091003
23439,0.254889279603958,0.316276103258133,0.263613849878311,0.165220752358437
23440,0.379262626171112,0.263041436672211,0.259720355272293,0.0979756116867065
23441,0.101797603070736,0.177540838718414,0.368245393037796,0.352416217327118
23442,0.297790348529816,0.334233164787293,0.25706073641777,0.110915757715702
23443,0.445143342018127,0.231777131557465,0.21721351146698,0.105866014957428
23444,0.173560842871666,0.368138581514359,0.370139062404633,0.0881615579128265
23445,0.145162701606751,0.291690796613693,0.462507367134094,0.100639156997204
23446,0.402135968208313,0.277142465114594,0.225970610976219,0.0947509929537773
23447,0.246027231216431,0.102439276874065,0.377722203731537,0.273811310529709
23448,0.149247616529465,0.350165367126465,0.104902543127537,0.395684510469437
23449,0.513744413852692,0.0536685883998871,0.169210389256477,0.263376593589783
23450,0.0585936978459358,0.131918922066689,0.495506793260574,0.313980579376221
23451,0.149568364024162,0.243985742330551,0.300210446119308,0.306235462427139
23452,0.093237392604351,0.545759737491608,0.0528612695634365,0.308141559362412
23453,0.462787210941315,0.105088002979755,0.159512251615524,0.272612541913986
23454,0.193828701972961,0.145365059375763,0.0619043223559856,0.598901927471161
23455,0.335491567850113,0.0772929787635803,0.0875093638896942,0.499706089496613
23456,0.0920348912477493,0.633338570594788,0.0555858425796032,0.21904069185257
23457,0.0964217558503151,0.0662835016846657,0.218642294406891,0.618652403354645
23458,0.0480375103652477,0.392493396997452,0.26480558514595,0.294663488864899
23459,0.237750664353371,0.413256257772446,0.0493401400744915,0.299652963876724
23460,0.171248972415924,0.58225154876709,0.0719242915511131,0.174575194716454
23461,0.0469702072441578,0.273800134658814,0.411779016256332,0.267450630664825
23462,0.588245034217835,0.15946289896965,0.053048387169838,0.199243679642677
23463,0.049542173743248,0.100913926959038,0.487332493066788,0.362211465835571
23464,0.0606841742992401,0.0488738156855106,0.562459766864777,0.327982276678085
23465,0.240111768245697,0.376348614692688,0.065738283097744,0.317801356315613
23466,0.309524446725845,0.157418772578239,0.159128740429878,0.373928070068359
23467,0.0455247610807419,0.624073326587677,0.077911876142025,0.252490073442459
23468,0.470438331365585,0.113168984651566,0.08690345287323,0.329489201307297
23469,0.0951471626758575,0.0934089943766594,0.675930798053742,0.135513037443161
23470,0.446106314659119,0.244727596640587,0.191705927252769,0.117460176348686
23471,0.108099207282066,0.289523124694824,0.477453827857971,0.124923869967461
23472,0.259835302829742,0.260106712579727,0.244924917817116,0.235133036971092
23473,0.128586009144783,0.0971895679831505,0.462264358997345,0.31196004152298
23474,0.221486836671829,0.122497223317623,0.283686250448227,0.372329711914063
23475,0.103140383958817,0.495249897241592,0.0799912363290787,0.321618497371674
23476,0.129178553819656,0.59934663772583,0.0790765136480331,0.192398324608803
23477,0.295794159173965,0.0941911935806274,0.277686893939972,0.332327723503113
23478,0.212568566203117,0.415019124746323,0.155589208006859,0.216823145747185
23479,0.0596618764102459,0.166450276970863,0.259602338075638,0.514285504817963
23480,0.0899024903774262,0.437593966722488,0.348477065563202,0.124026440083981
23481,0.268265157938004,0.518467605113983,0.090297631919384,0.122969619929791
23482,0.650566339492798,0.10294197499752,0.0906729623675346,0.155818745493889
23483,0.112564533948898,0.298413038253784,0.170067429542542,0.418954998254776
23484,0.0585697032511234,0.259129017591476,0.565374076366425,0.116927169263363
23485,0.199840813875198,0.471817195415497,0.066835954785347,0.261505991220474
23486,0.0470506884157658,0.40069916844368,0.196733355522156,0.355516850948334
23487,0.216893225908279,0.456865191459656,0.0542081817984581,0.272033423185349
23488,0.164356216788292,0.492671132087708,0.0669864863157272,0.275986105203629
23489,0.251743614673615,0.0646956041455269,0.195041686296463,0.488519132137299
23490,0.141368135809898,0.0601573772728443,0.241325080394745,0.557149469852448
23491,0.0552338138222694,0.100328609347343,0.376407206058502,0.468030393123627
23492,0.055815227329731,0.326606124639511,0.368146181106567,0.249432504177094
23493,0.0953374430537224,0.133577510714531,0.102701641619205,0.668383479118347
23494,0.154554635286331,0.484177142381668,0.0657186731696129,0.295549511909485
23495,0.0754119977355003,0.723175466060638,0.0542399175465107,0.147172689437866
23496,0.0856882110238075,0.429286777973175,0.0423279739916325,0.442697018384933
23497,0.107201434671879,0.637716054916382,0.0690682902932167,0.186014205217361
23498,0.152475640177727,0.0564605742692947,0.34858700633049,0.442476749420166
23499,0.0503776147961617,0.0802760422229767,0.283422350883484,0.585923969745636
23500,0.0498246178030968,0.15506999194622,0.480851054191589,0.314254313707352
23501,0.457373917102814,0.0525830015540123,0.176937997341156,0.313105076551437
23502,0.142892390489578,0.0590162537992001,0.445813357830048,0.352277994155884
23503,0.54529219865799,0.0640762373805046,0.0520641319453716,0.338567465543747
23504,0.309306979179382,0.263662099838257,0.209850236773491,0.217180714011192
23505,0.0481995865702629,0.27972486615181,0.417581140995026,0.254494428634644
23506,0.417794942855835,0.0578910782933235,0.362320244312286,0.161993727087975
23507,0.631490647792816,0.138723015785217,0.0771016329526901,0.15268474817276
23508,0.051672924309969,0.0970439836382866,0.364780813455582,0.486502289772034
23509,0.300526976585388,0.218753382563591,0.0766809433698654,0.404038667678833
23510,0.319675743579865,0.0576715804636478,0.18951241672039,0.433140277862549
23511,0.217615649104118,0.058471754193306,0.0515810139477253,0.672331511974335
23512,0.607654929161072,0.171174794435501,0.0537210032343864,0.167449250817299
23513,0.117028921842575,0.131543383002281,0.0418030209839344,0.709624648094177
23514,0.265955060720444,0.082393653690815,0.209604516625404,0.442046791315079
23515,0.608230590820313,0.0591199547052383,0.174566015601158,0.158083409070969
23516,0.25780063867569,0.0817218795418739,0.281086444854736,0.379391014575958
23517,0.500348567962647,0.0986315757036209,0.0511167496442795,0.349903076887131
23518,0.0707614719867706,0.0539465844631195,0.698238015174866,0.177053943276405
23519,0.0542526096105576,0.355702191591263,0.0470291562378407,0.543016076087952
23520,0.289949238300324,0.0684618353843689,0.101624228060246,0.53996467590332
23521,0.140082195401192,0.487700581550598,0.196850910782814,0.175366282463074
23522,0.0899255275726318,0.249084368348122,0.145052209496498,0.515937924385071
23523,0.151489913463593,0.59769207239151,0.17300571501255,0.0778122842311859
23524,0.10037774592638,0.655615627765656,0.0922322794795036,0.151774317026138
23525,0.227676630020142,0.200880751013756,0.194426760077477,0.377015829086304
23526,0.154934510588646,0.277760118246079,0.467608124017716,0.0996972844004631
23527,0.1421008259058,0.255001753568649,0.362588822841644,0.240308612585068
23528,0.119193956255913,0.631105720996857,0.150165691971779,0.0995345860719681
23529,0.199200466275215,0.482674181461334,0.0723844394087791,0.245740950107574
23530,0.108181931078434,0.0751153156161308,0.681354999542236,0.135347738862038
23531,0.497938096523285,0.0535685643553734,0.0800741091370583,0.368419229984283
23532,0.189569801092148,0.222184583544731,0.121017836034298,0.467227816581726
23533,0.304668337106705,0.164005056023598,0.184926852583885,0.34639972448349
23534,0.161120489239693,0.0734011977910996,0.313661575317383,0.451816707849503
23535,0.193286538124084,0.0819427743554115,0.137335419654846,0.587435245513916
23536,0.213341638445854,0.0902154147624969,0.244767501950264,0.451675474643707
23537,0.239868193864822,0.257035791873932,0.0781151130795479,0.424980849027634
23538,0.49757719039917,0.141012668609619,0.0409605577588081,0.320449620485306
23539,0.0703100115060806,0.157950565218925,0.148662760853767,0.623076617717743
23540,0.0657579451799393,0.0504332706332207,0.404508739709854,0.479299992322922
23541,0.159358218312264,0.266718357801437,0.0527231618762016,0.521200299263001
23542,0.0523032881319523,0.197772219777107,0.537800967693329,0.212123513221741
23543,0.30073007941246,0.327532708644867,0.144918575882912,0.226818606257439
23544,0.062877930700779,0.151355162262917,0.675555765628815,0.110211096704006
23545,0.318210631608963,0.107723355293274,0.105170480906963,0.468895614147186
23546,0.0507285259664059,0.128507986664772,0.660410881042481,0.16035258769989
23547,0.301176935434341,0.405674457550049,0.0547833442687988,0.23836524784565
23548,0.327860206365585,0.133449196815491,0.0798168480396271,0.458873778581619
23549,0.267606765031815,0.109974421560764,0.189519226551056,0.432899653911591
23550,0.0904383286833763,0.24570906162262,0.150154903531075,0.513697743415833
23551,0.476211190223694,0.143957421183586,0.21654537320137,0.163285970687866
23552,0.106948658823967,0.437000155448914,0.376087844371796,0.0799633637070656
23553,0.0735364928841591,0.699427306652069,0.0864630937576294,0.140573129057884
23554,0.629938125610352,0.152112081646919,0.0864729136228561,0.131476908922195
23555,0.0503118932247162,0.158028706908226,0.658967256546021,0.13269217312336
23556,0.388356119394302,0.151083558797836,0.142037034034729,0.31852325797081
23557,0.0632811635732651,0.0729092732071877,0.595945477485657,0.267864108085632
23558,0.192954435944557,0.155188590288162,0.416638255119324,0.235218688845634
23559,0.200483232736588,0.0798925682902336,0.396221578121185,0.323402643203735
23560,0.0801490172743797,0.0786525458097458,0.513172686100006,0.328025758266449
23561,0.369307160377502,0.325242698192596,0.217052266001701,0.0883978307247162
23562,0.481168389320374,0.158584833145142,0.0895588919520378,0.270687907934189
23563,0.150738075375557,0.391917258501053,0.308993667364121,0.148351028561592
23564,0.110349655151367,0.482035249471664,0.244251042604446,0.163364037871361
23565,0.0988357067108154,0.0889163464307785,0.665560603141785,0.146687373518944
23566,0.416165381669998,0.278841733932495,0.106338210403919,0.19865471124649
23567,0.228402510285378,0.449563235044479,0.166237935423851,0.155796334147453
23568,0.283931642770767,0.515375912189484,0.0793449282646179,0.121347554028034
23569,0.576379179954529,0.138366907835007,0.18895298242569,0.0963009297847748
23570,0.12517112493515,0.679306089878082,0.113979063928127,0.0815437808632851
23571,0.160061374306679,0.0578904189169407,0.39933779835701,0.3827103972435
23572,0.376643061637878,0.406555742025375,0.0553022958338261,0.161498919129372
23573,0.16035558283329,0.0997101664543152,0.192354500293732,0.547579705715179
23574,0.105179615318775,0.506653487682343,0.2308579236269,0.15730893611908
23575,0.0667174980044365,0.267294049263001,0.325768828392029,0.340219646692276
23576,0.183397755026817,0.167477652430534,0.212197825312614,0.436926752328873
23577,0.688664019107819,0.0942551419138908,0.113615095615387,0.103465713560581
23578,0.230896174907684,0.212173849344254,0.0750685408711433,0.481861382722855
23579,0.0882234871387482,0.461952686309815,0.157203525304794,0.292620331048965
23580,0.165720328688622,0.620442152023315,0.043508630245924,0.17032890021801
23581,0.170049577951431,0.319846510887146,0.26816400885582,0.241939917206764
23582,0.113809704780579,0.217202842235565,0.57857209444046,0.090415321290493
23583,0.614636778831482,0.0875244587659836,0.139277949929237,0.158560857176781
23584,0.502067804336548,0.152794972062111,0.138358771800995,0.206778481602669
23585,0.598034262657166,0.215226590633392,0.097853846848011,0.0888853222131729
23586,0.273167997598648,0.232265427708626,0.335751533508301,0.158815026283264
23587,0.141000807285309,0.123384684324265,0.429477900266647,0.306136608123779
23588,0.381066113710403,0.0543044582009316,0.223584845662117,0.341044574975967
23589,0.659037053585053,0.0656735673546791,0.0627263858914375,0.212562993168831
23590,0.257600247859955,0.120524823665619,0.236761376261711,0.385113507509232
23591,0.586779296398163,0.0719137191772461,0.149475961923599,0.191830992698669
23592,0.41165030002594,0.0985681489109993,0.0698269307613373,0.419954597949982
23593,0.0695011913776398,0.46352830529213,0.140759170055389,0.326211363077164
23594,0.639032363891602,0.0836226344108582,0.189200580120087,0.088144414126873
23595,0.197297349572182,0.110100872814655,0.595593214035034,0.0970085710287094
23596,0.0704304426908493,0.281288266181946,0.263863503932953,0.384417831897736
23597,0.338223725557327,0.0671553760766983,0.276631504297256,0.317989349365234
23598,0.616419911384583,0.0717928111553192,0.0422723889350891,0.269514828920364
23599,0.213116988539696,0.357414901256561,0.227095127105713,0.202372968196869
23600,0.199020653963089,0.465035706758499,0.219946727156639,0.115996927022934
23601,0.202135890722275,0.454587012529373,0.237246289849281,0.106030784547329
23602,0.230080172419548,0.490751504898071,0.204129755496979,0.0750385969877243
23603,0.149850532412529,0.275189340114594,0.466195076704025,0.108765058219433
23604,0.271724611520767,0.49472239613533,0.147831216454506,0.085721842944622
23605,0.459859102964401,0.105675384402275,0.182958915829659,0.251506626605988
23606,0.245181813836098,0.389303088188171,0.16431488096714,0.20120020210743
23607,0.197471350431442,0.266765296459198,0.237684801220894,0.298078536987305
23608,0.451423734426498,0.15964050590992,0.179346218705177,0.20958948135376
23609,0.316203027963638,0.274618327617645,0.287315040826798,0.121863663196564
23610,0.182193204760551,0.474757134914398,0.241554737091064,0.101494960486889
23611,0.14355543255806,0.203024953603745,0.528809726238251,0.124609880149364
23612,0.192901000380516,0.358896613121033,0.200602367520332,0.247600018978119
23613,0.390301316976547,0.208765476942062,0.318357020616531,0.0825761929154396
23614,0.228451684117317,0.542503714561462,0.152359694242477,0.07668486982584
23615,0.296443581581116,0.235445037484169,0.151083052158356,0.317028284072876
23616,0.275894552469254,0.418847918510437,0.229733154177666,0.0755244046449661
23617,0.241345852613449,0.462371855974197,0.183694794774055,0.112587563693523
23618,0.314746618270874,0.0527639724314213,0.334012925624847,0.298476457595825
23619,0.063434362411499,0.331268459558487,0.211463242769241,0.393833935260773
23620,0.102754503488541,0.299333155155182,0.0544874891638756,0.543424904346466
23621,0.347730308771133,0.138219818472862,0.100295305252075,0.413754552602768
23622,0.168923869729042,0.398124992847443,0.0488713942468166,0.38407975435257
23623,0.0606246329843998,0.185901924967766,0.0700595825910568,0.683413803577423
23624,0.0582149140536785,0.707517325878143,0.0695660039782524,0.164701700210571
23625,0.133302047848701,0.122800827026367,0.191107183694839,0.552789926528931
23626,0.0444284379482269,0.482895642518997,0.0689230710268021,0.403752833604813
23627,0.12896965444088,0.0499802455306053,0.528735756874085,0.292314380407333
23628,0.303000032901764,0.111037515103817,0.046607431024313,0.539355039596558
23629,0.170360118150711,0.190271034836769,0.163316279649735,0.476052582263947
23630,0.380994826555252,0.32772171497345,0.0678988993167877,0.223384499549866
23631,0.0418614633381367,0.158402651548386,0.468174070119858,0.331561833620071
23632,0.042912133038044,0.048414558172226,0.365022212266922,0.543651103973389
23633,0.129385620355606,0.490394324064255,0.0754906609654427,0.304729402065277
23634,0.666000068187714,0.0770590305328369,0.045865748077631,0.211075142025948
23635,0.0435714535415173,0.30612576007843,0.0756602138280869,0.574642539024353
23636,0.0502167940139771,0.441418707370758,0.164984941482544,0.343379527330399
23637,0.353099077939987,0.431009590625763,0.103037104010582,0.112854234874249
23638,0.392613589763641,0.373999983072281,0.170603588223457,0.062782809138298
23639,0.213740080595016,0.255011081695557,0.437260538339615,0.093988336622715
23640,0.287631750106812,0.135160714387894,0.474230051040649,0.102977529168129
23641,0.14261981844902,0.429921418428421,0.24133825302124,0.18612052500248
23642,0.318904966115952,0.20038703083992,0.309434056282043,0.171273961663246
23643,0.30005955696106,0.43794909119606,0.181343093514442,0.0806483402848244
23644,0.27832642197609,0.402273088693619,0.173006266355515,0.146394222974777
23645,0.128482490777969,0.391402840614319,0.272119611501694,0.20799508690834
23646,0.261503040790558,0.355593800544739,0.216371580958366,0.166531533002853
23647,0.128446236252785,0.614185750484467,0.167691871523857,0.0896761417388916
23648,0.275053977966309,0.505001902580261,0.114627696573734,0.105316422879696
23649,0.294393718242645,0.304982841014862,0.201646238565445,0.198977217078209
23650,0.345638394355774,0.233831122517586,0.139519289135933,0.281011164188385
23651,0.222727581858635,0.506871461868286,0.16565278172493,0.104748129844666
23652,0.116394154727459,0.39963111281395,0.390938401222229,0.0930363163352013
23653,0.163989350199699,0.272000044584274,0.452750146389008,0.111260436475277
23654,0.143848553299904,0.211730048060417,0.540191948413849,0.104229442775249
23655,0.270037919282913,0.448487222194672,0.171318426728249,0.110156394541264
23656,0.143625840544701,0.168030261993408,0.298286259174347,0.390057623386383
23657,0.483325511217117,0.257987320423126,0.0913393422961235,0.167347803711891
23658,0.339572191238403,0.0912368521094322,0.291909247636795,0.277281671762466
23659,0.543505787849426,0.244040742516518,0.105939835309982,0.106513656675816
23660,0.309786081314087,0.170732244849205,0.0667077377438545,0.452773928642273
23661,0.265810072422028,0.0976067334413528,0.127418354153633,0.509164810180664
23662,0.124657660722733,0.414483457803726,0.143553763628006,0.31730517745018
23663,0.237364277243614,0.138388276100159,0.272472620010376,0.351774841547012
23664,0.0711358115077019,0.346039205789566,0.157056540250778,0.425768464803696
23665,0.322981327772141,0.29432275891304,0.0561572872102261,0.326538652181625
23666,0.324538499116898,0.11359166353941,0.240218162536621,0.321651697158814
23667,0.29290908575058,0.0995911210775375,0.448860585689545,0.158639162778854
23668,0.527927577495575,0.0787064582109451,0.117233537137508,0.276132434606552
23669,0.242393836379051,0.318529903888702,0.0964944437146187,0.34258183836937
23670,0.207451954483986,0.137411847710609,0.470313102006912,0.184823080897331
23671,0.0684900656342506,0.270101934671402,0.494722455739975,0.166685521602631
23672,0.198975712060928,0.172525405883789,0.303398102521896,0.325100719928741
23673,0.299921631813049,0.509974896907806,0.0808805003762245,0.10922297090292
23674,0.0591082833707333,0.29192465543747,0.553435385227203,0.0955316498875618
23675,0.130231857299805,0.553281486034393,0.0695329308509827,0.246953725814819
23676,0.208214074373245,0.138728767633438,0.0908664986491203,0.562190711498261
23677,0.185197532176971,0.258491665124893,0.262714356184006,0.293596476316452
23678,0.569526314735413,0.109812937676907,0.0502871423959732,0.270373612642288
23679,0.498232305049896,0.113432109355927,0.244718790054321,0.143616795539856
23680,0.049209151417017,0.0894901230931282,0.594892144203186,0.266408562660217
23681,0.0803332775831223,0.129120245575905,0.637661874294281,0.152884587645531
23682,0.0589199736714363,0.342701554298401,0.399240702390671,0.199137732386589
23683,0.365546196699142,0.087418831884861,0.193157747387886,0.35387721657753
23684,0.0904673486948013,0.626517295837402,0.0773797184228897,0.205635666847229
23685,0.308950126171112,0.317060321569443,0.221104487776756,0.15288507938385
23686,0.0594761557877064,0.0574138052761555,0.515132665634155,0.367977380752564
23687,0.140295594930649,0.101010166108608,0.282487004995346,0.476207196712494
23688,0.261357218027115,0.0727184414863586,0.0397179834544659,0.626206398010254
23689,0.145898655056953,0.165044829249382,0.506023287773132,0.18303319811821
23690,0.324839800596237,0.262144148349762,0.0381877832114697,0.37482824921608
23691,0.0795041546225548,0.101776592433453,0.518705904483795,0.300013363361359
23692,0.0544602312147617,0.4692742228508,0.0799397826194763,0.39632573723793
23693,0.0743863731622696,0.334175914525986,0.358828186988831,0.232609495520592
23694,0.153347760438919,0.292795807123184,0.2760029733181,0.277853488922119
23695,0.114834636449814,0.437597036361694,0.240832701325417,0.206735596060753
23696,0.476877063512802,0.373331755399704,0.0727505758404732,0.0770406275987625
23697,0.328083038330078,0.110387548804283,0.319244921207428,0.242284461855888
23698,0.176602706313133,0.263871759176254,0.333436369895935,0.226089149713516
23699,0.15721307694912,0.621526062488556,0.0865426585078239,0.13471819460392
23700,0.438454926013947,0.0800581499934197,0.398394346237183,0.0830925703048706
23701,0.0873463004827499,0.491651505231857,0.244717210531235,0.176285028457642
23702,0.115727066993713,0.20296548306942,0.590854287147522,0.0904531925916672
23703,0.145400956273079,0.57582414150238,0.181752547621727,0.0970223546028137
23704,0.205419197678566,0.175801157951355,0.320598810911179,0.298180788755417
23705,0.187397390604019,0.464338928461075,0.188362658023834,0.159901008009911
23706,0.499495416879654,0.116090469062328,0.256857812404633,0.127556279301643
23707,0.219297811388969,0.584497272968292,0.109049521386623,0.0871553495526314
23708,0.183915436267853,0.536653399467468,0.169546440243721,0.109884738922119
23709,0.198994889855385,0.214646443724632,0.148728311061859,0.437630295753479
23710,0.536524474620819,0.121518664062023,0.131937846541405,0.210019081830978
23711,0.0915005505084991,0.621776938438416,0.187946274876595,0.0987761989235878
23712,0.172748059034348,0.152098521590233,0.448087275028229,0.227066144347191
23713,0.0814859792590141,0.3348668217659,0.349395275115967,0.234251901507378
23714,0.211812689900398,0.188225254416466,0.481624394655228,0.118337638676167
23715,0.290052205324173,0.119134455919266,0.359125852584839,0.231687471270561
23716,0.364432781934738,0.181115910410881,0.211083918809891,0.24336738884449
23717,0.254802376031876,0.480121105909348,0.0685015097260475,0.196575045585632
23718,0.159846767783165,0.189586982131004,0.395473301410675,0.255092978477478
23719,0.29994997382164,0.378463327884674,0.0816555321216583,0.239931210875511
23720,0.130218923091888,0.103026300668716,0.563850104808807,0.202904686331749
23721,0.509551584720612,0.200555428862572,0.199225902557373,0.0906670913100243
23722,0.0995731949806213,0.255467742681503,0.305453509092331,0.339505583047867
23723,0.135307356715202,0.425261706113815,0.313736915588379,0.125693991780281
23724,0.222935289144516,0.422436833381653,0.0872831717133522,0.267344653606415
23725,0.227431491017342,0.0955872386693954,0.560240387916565,0.116740852594376
23726,0.254791706800461,0.35618007183075,0.212469905614853,0.176558345556259
23727,0.191105931997299,0.158085271716118,0.294306486845017,0.356502294540405
23728,0.169414967298508,0.242134809494019,0.129557400941849,0.458892792463303
23729,0.120987012982368,0.664501130580902,0.132046639919281,0.0824652463197708
23730,0.253190368413925,0.320415109395981,0.210094422101974,0.216300129890442
23731,0.142396315932274,0.191254287958145,0.284508049488068,0.381841361522675
23732,0.473160952329636,0.258175373077393,0.104747086763382,0.163916558027267
23733,0.577063024044037,0.120975643396378,0.11647029966116,0.185490995645523
23734,0.0707766190171242,0.102654732763767,0.581483542919159,0.245085060596466
23735,0.524704992771149,0.0840329006314278,0.221645027399063,0.169617086648941
23736,0.16793566942215,0.182233840227127,0.325272232294083,0.324558258056641
23737,0.136467501521111,0.547791600227356,0.22673200070858,0.0890088677406311
23738,0.402930647134781,0.176937133073807,0.181093811988831,0.239038437604904
23739,0.196896731853485,0.224757552146912,0.164629593491554,0.413716077804565
23740,0.114585503935814,0.107352219521999,0.692736446857452,0.0853258222341538
23741,0.0693795755505562,0.143564283847809,0.487572282552719,0.299483835697174
23742,0.169679537415504,0.271749436855316,0.136186763644218,0.422384202480316
23743,0.129666104912758,0.709969460964203,0.085200272500515,0.0751641690731049
23744,0.0689113661646843,0.714940249919891,0.139164283871651,0.0769840702414513
23745,0.565608859062195,0.116928838193417,0.130337566137314,0.187124744057655
23746,0.551084458827972,0.220534846186638,0.0761082544922829,0.152272447943687
23747,0.142703145742416,0.272545397281647,0.453107714653015,0.131643712520599
23748,0.23411551117897,0.475613951683044,0.083753228187561,0.206517308950424
23749,0.599593341350555,0.227095678448677,0.0832958221435547,0.0900151208043098
23750,0.216649994254112,0.183550029993057,0.496362060308456,0.103437982499599
23751,0.303029865026474,0.242674678564072,0.355822414159775,0.0984730273485184
23752,0.300711184740067,0.291451632976532,0.215685471892357,0.192151665687561
23753,0.223819494247437,0.232558235526085,0.248144283890724,0.295478016138077
23754,0.321416437625885,0.241296336054802,0.239481255412102,0.197806015610695
23755,0.3631372153759,0.27299827337265,0.268779784440994,0.0950847268104553
23756,0.181519135832787,0.326984763145447,0.24095094203949,0.250545203685761
23757,0.307825207710266,0.396749764680862,0.198140949010849,0.0972841158509254
23758,0.492165178060532,0.172424808144569,0.0996394753456116,0.235770538449287
23759,0.166886210441589,0.398035258054733,0.258142590522766,0.176935955882072
23760,0.296781599521637,0.106463514268398,0.511872351169586,0.084882527589798
23761,0.266875892877579,0.178922578692436,0.357987612485886,0.196213930845261
23762,0.274547517299652,0.304470002651215,0.263056010007858,0.157926455140114
23763,0.508593797683716,0.238988980650902,0.132026076316834,0.120391152799129
23764,0.522552490234375,0.0790469497442246,0.183466792106628,0.214933753013611
23765,0.112151220440865,0.0851984545588493,0.511076271533966,0.291574001312256
23766,0.125623434782028,0.114069014787674,0.686261355876923,0.0740462467074394
23767,0.318595737218857,0.290560990571976,0.23704406619072,0.153799161314964
23768,0.117308683693409,0.0811404138803482,0.309255510568619,0.492295384407044
23769,0.207056954503059,0.148153603076935,0.421675443649292,0.223114028573036
23770,0.172772228717804,0.0634777173399925,0.5650275349617,0.198722526431084
23771,0.0758084207773209,0.476648300886154,0.0817734003067017,0.365769863128662
23772,0.0703615248203278,0.214054986834526,0.102277383208275,0.613306105136871
23773,0.0771033242344856,0.267757594585419,0.469341695308685,0.185797333717346
23774,0.150041788816452,0.30746591091156,0.141112595796585,0.401379704475403
23775,0.467233955860138,0.151347413659096,0.062363289296627,0.319055408239365
23776,0.239731013774872,0.0657634362578392,0.250761717557907,0.443743884563446
23777,0.272006511688232,0.299467027187347,0.286191910505295,0.142334535717964
23778,0.0781626850366592,0.438366800546646,0.0600106678903103,0.423459887504578
23779,0.467000663280487,0.231665432453156,0.110341966152191,0.190991923213005
23780,0.431876391172409,0.254960954189301,0.0517959371209145,0.261366695165634
23781,0.548584520816803,0.126916274428368,0.0691648274660111,0.255334347486496
23782,0.124846421182156,0.251418739557266,0.307562738656998,0.316172093153
23783,0.349569439888001,0.0524889416992664,0.231407836079597,0.366533786058426
23784,0.0889626517891884,0.0548474863171578,0.493891090154648,0.362298786640167
23785,0.573796391487122,0.14625084400177,0.0436207167804241,0.236332058906555
23786,0.24406573176384,0.287144690752029,0.0767205059528351,0.392069071531296
23787,0.539098262786865,0.128229930996895,0.104546472430229,0.228125333786011
23788,0.11659986525774,0.471499502658844,0.0934121385216713,0.318488478660584
23789,0.624443769454956,0.0929457396268845,0.123243592679501,0.159366920590401
23790,0.0517898909747601,0.149363949894905,0.62640106678009,0.172445103526115
23791,0.182829976081848,0.0734656006097794,0.610850095748901,0.132854327559471
23792,0.196609795093536,0.593744575977325,0.112642571330071,0.0970030725002289
23793,0.244877934455872,0.116157680749893,0.268445909023285,0.370518445968628
23794,0.298803627490997,0.194945499300957,0.183003276586533,0.323247611522675
23795,0.29450985789299,0.312222629785538,0.071536123752594,0.321731358766556
23796,0.189591571688652,0.244239374995232,0.187295153737068,0.378873884677887
23797,0.391723036766052,0.189549282193184,0.331233590841293,0.0874941274523735
23798,0.289906561374664,0.0605700872838497,0.25282695889473,0.396696448326111
23799,0.600777208805084,0.0807621702551842,0.0842365399003029,0.234224110841751
23800,0.162589505314827,0.68224447965622,0.070961244404316,0.0842047780752182
23801,0.0502563826739788,0.134389638900757,0.726550281047821,0.0888037011027336
23802,0.117231607437134,0.675167381763458,0.0945478454232216,0.11305321007967
23803,0.305934995412827,0.212968915700912,0.0784640982747078,0.402631998062134
23804,0.301019459962845,0.0885603204369545,0.335467636585236,0.274952590465546
23805,0.269526243209839,0.0923420637845993,0.49206879734993,0.14606286585331
23806,0.152102187275887,0.298987954854965,0.169182732701302,0.379727154970169
23807,0.480006843805313,0.120326451957226,0.0941663235425949,0.305500358343124
23808,0.222550600767136,0.455883979797363,0.212682873010635,0.108882591128349
23809,0.300169408321381,0.383671432733536,0.214546903967857,0.10161230713129
23810,0.168478220701218,0.519908666610718,0.225873127579689,0.0857400074601173
23811,0.436935216188431,0.258878231048584,0.2120191603899,0.0921674072742462
23812,0.299314051866531,0.310375720262527,0.28237396478653,0.107936270534992
23813,0.518968343734741,0.25926798582077,0.108293823897839,0.113469809293747
23814,0.307967692613602,0.310489386320114,0.277380496263504,0.104162454605103
23815,0.162522077560425,0.135958448052406,0.384443193674088,0.317076295614243
23816,0.377391844987869,0.318186461925507,0.204317927360535,0.100103728473186
23817,0.219348773360252,0.326367408037186,0.324054539203644,0.130229249596596
23818,0.219288840889931,0.265971004962921,0.312410324811935,0.202329859137535
23819,0.153570339083672,0.534426689147949,0.202692061662674,0.109310917556286
23820,0.279639273881912,0.267145067453384,0.33888977766037,0.114325903356075
23821,0.08440151065588,0.26344496011734,0.186963737010956,0.465189754962921
23822,0.169472143054008,0.35693821310997,0.128252506256104,0.345337122678757
23823,0.134846061468124,0.170952290296555,0.386272609233856,0.30792909860611
23824,0.158016547560692,0.559155523777008,0.159411698579788,0.12341620028019
23825,0.473461717367172,0.238802969455719,0.161774590611458,0.125960677862167
23826,0.0942083746194839,0.611413300037384,0.124541245400906,0.169837102293968
23827,0.346576541662216,0.299341112375259,0.11287759244442,0.241204768419266
23828,0.0523265264928341,0.276405483484268,0.418117046356201,0.253150939941406
23829,0.299619734287262,0.212861776351929,0.19912514090538,0.288393348455429
23830,0.0811062827706337,0.592796087265015,0.151940122246742,0.17415751516819
23831,0.182521164417267,0.199415266513824,0.488430321216583,0.129633218050003
23832,0.135945662856102,0.205218955874443,0.458114355802536,0.200720995664597
23833,0.284666627645493,0.106535971164703,0.359003692865372,0.249793663620949
23834,0.472547799348831,0.142138347029686,0.269246011972427,0.116067804396153
23835,0.222344368696213,0.359689921140671,0.195419535040855,0.222546219825745
23836,0.369558393955231,0.108531072735786,0.164949804544449,0.356960713863373
23837,0.0511820055544376,0.119102604687214,0.176332786679268,0.65338259935379
23838,0.590127050876617,0.15523973107338,0.107266172766685,0.14736707508564
23839,0.660035848617554,0.119248934090137,0.0883256271481514,0.132389575242996
23840,0.26594078540802,0.107962004840374,0.496582895517349,0.129514247179031
23841,0.452285557985306,0.105003453791142,0.1507977694273,0.291913270950317
23842,0.603255331516266,0.0872016251087189,0.0801569893956184,0.229386076331139
23843,0.321967869997025,0.12446665763855,0.294058591127396,0.259506911039352
23844,0.548234462738037,0.121574610471725,0.0734463110566139,0.256744593381882
23845,0.102297253906727,0.0960502550005913,0.316417783498764,0.485234677791596
23846,0.473553448915482,0.249997824430466,0.202196761965752,0.0742520093917847
23847,0.170945361256599,0.53814172744751,0.217765003442764,0.0731479153037071
23848,0.0729997456073761,0.188364550471306,0.597935438156128,0.140700235962868
23849,0.268977016210556,0.248630821704865,0.286471724510193,0.195920407772064
23850,0.101968564093113,0.208244070410728,0.582493126392365,0.107294216752052
23851,0.491495549678803,0.243256062269211,0.195214211940765,0.0700342059135437
23852,0.28080889582634,0.292105734348297,0.192052379250526,0.235032960772514
23853,0.14134792983532,0.262979388237,0.494354277849197,0.101318389177322
23854,0.507023632526398,0.217595249414444,0.1740393191576,0.101341746747494
23855,0.272602319717407,0.24788162112236,0.171202301979065,0.30831378698349
23856,0.246880680322647,0.44401627779007,0.148434981703758,0.160668104887009
23857,0.389320939779282,0.357845097780228,0.179156363010407,0.073677584528923
23858,0.488094240427017,0.154275894165039,0.215414732694626,0.142215177416801
23859,0.632130205631256,0.105756513774395,0.155295729637146,0.106817558407784
23860,0.182883396744728,0.289941132068634,0.314192473888397,0.212982982397079
23861,0.19063726067543,0.126300245523453,0.595770299434662,0.0872921869158745
23862,0.12606081366539,0.154705315828323,0.623605132102966,0.0956287905573845
23863,0.395963162183762,0.0976949334144592,0.3416448533535,0.164697006344795
23864,0.262091040611267,0.495752364397049,0.0731717199087143,0.168984889984131
23865,0.0814327225089073,0.184953674674034,0.457210540771484,0.276403069496155
23866,0.329402983188629,0.314256191253662,0.176512181758881,0.179828688502312
23867,0.0780382454395294,0.335564434528351,0.191184535622597,0.395212799310684
23868,0.0482080280780792,0.134339079260826,0.49951171875,0.317941129207611
23869,0.273920208215714,0.125556588172913,0.19872111082077,0.401802062988281
23870,0.139326691627502,0.0803459733724594,0.625170826911926,0.155156493186951
23871,0.0502833127975464,0.150040939450264,0.584910273551941,0.214765504002571
23872,0.0471964664757252,0.14652007818222,0.647847235202789,0.158436223864555
23873,0.126552700996399,0.292883217334747,0.41587570309639,0.164688348770142
23874,0.546651482582092,0.281194865703583,0.0730409547686577,0.0991127341985703
23875,0.079631008207798,0.521495997905731,0.305053293704987,0.0938197076320648
23876,0.208926528692245,0.313645392656326,0.136101484298706,0.341326624155045
23877,0.26008927822113,0.256625533103943,0.053385853767395,0.429899305105209
23878,0.159691736102104,0.313058376312256,0.128615945577621,0.398633897304535
23879,0.14756840467453,0.536926209926605,0.220211625099182,0.095293790102005
23880,0.520873725414276,0.226613774895668,0.0847144275903702,0.167798087000847
23881,0.580918610095978,0.109510876238346,0.209261700510979,0.10030884295702
23882,0.11585308611393,0.704799771308899,0.0561630576848984,0.123184055089951
23883,0.349476635456085,0.11823358386755,0.402283430099487,0.130006387829781
23884,0.210377842187881,0.445947974920273,0.257090359926224,0.0865838155150414
23885,0.378749698400497,0.270888417959213,0.064764142036438,0.285597801208496
23886,0.288331896066666,0.175965532660484,0.323750525712967,0.211952015757561
23887,0.348356068134308,0.234388008713722,0.207586720585823,0.209669187664986
23888,0.235023662447929,0.304410725831985,0.368046343326569,0.0925192832946777
23889,0.58326131105423,0.190252751111984,0.153165891766548,0.0733200609683991
23890,0.176657423377037,0.643620610237122,0.0712217167019844,0.108500257134438
23891,0.527118682861328,0.0737038105726242,0.171263203024864,0.227914333343506
23892,0.129967346787453,0.409710198640823,0.225324228405952,0.23499821126461
23893,0.206900075078011,0.465780913829804,0.0622121058404446,0.265106946229935
23894,0.17730912566185,0.364873677492142,0.170771762728691,0.287045389413834
23895,0.0997095182538033,0.277209877967834,0.526428878307343,0.0966517552733421
23896,0.142743363976479,0.190743371844292,0.456702142953873,0.209811136126518
23897,0.229335218667984,0.281425625085831,0.135059967637062,0.354179233312607
23898,0.124998331069946,0.619930565357208,0.116207145154476,0.138863980770111
23899,0.203759372234344,0.302794694900513,0.126989617943764,0.36645632982254
23900,0.165337979793549,0.330207824707031,0.155116140842438,0.349338054656982
23901,0.211642265319824,0.534198820590973,0.13783872127533,0.116320192813873
23902,0.114341303706169,0.366495609283447,0.404735833406448,0.114427208900452
23903,0.316435426473618,0.240897834300995,0.190092280507088,0.252574443817139
23904,0.148194625973701,0.339652538299561,0.30536812543869,0.206784650683403
23905,0.489067316055298,0.0879807770252228,0.309835016727448,0.113116919994354
23906,0.665917336940765,0.0804757624864578,0.10006370395422,0.153543159365654
23907,0.191728577017784,0.242884323000908,0.296572983264923,0.268814086914063
23908,0.217241406440735,0.308997094631195,0.128140062093735,0.345621466636658
23909,0.296739608049393,0.186673939228058,0.0814100280404091,0.435176432132721
23910,0.0688590854406357,0.269298553466797,0.435249000787735,0.226593345403671
23911,0.21025051176548,0.0677879601716995,0.181928962469101,0.54003256559372
23912,0.200190305709839,0.174738168716431,0.350824445486069,0.274247109889984
23913,0.124595679342747,0.138558343052864,0.500782907009125,0.236063078045845
23914,0.0424688830971718,0.638921797275543,0.0768121182918549,0.241797208786011
23915,0.656062781810761,0.155309498310089,0.0790041163563728,0.1096236333251
23916,0.105234503746033,0.211983695626259,0.568328261375427,0.114453576505184
23917,0.121014714241028,0.443201094865799,0.150219902396202,0.285564333200455
23918,0.432534515857697,0.100487470626831,0.139597207307816,0.327380836009979
23919,0.269441813230515,0.373508900403976,0.0542413555085659,0.302807956933975
23920,0.202013865113258,0.256063938140869,0.330240607261658,0.211681574583054
23921,0.179798007011414,0.193686634302139,0.497688889503479,0.128826528787613
23922,0.139214187860489,0.249069213867188,0.512135624885559,0.0995809882879257
23923,0.449923723936081,0.344471424818039,0.112573273479939,0.0930316001176834
23924,0.207680225372314,0.539968729019165,0.160216435790062,0.0921346098184586
23925,0.2807956635952,0.276895642280579,0.19660995900631,0.245698750019074
23926,0.374438911676407,0.385814189910889,0.14839506149292,0.0913518071174622
23927,0.197007864713669,0.215619072318077,0.345784991979599,0.241588100790978
23928,0.12494283914566,0.33922803401947,0.346316456794739,0.189512670040131
23929,0.0679404363036156,0.43391752243042,0.176221653819084,0.321920335292816
23930,0.163209557533264,0.269114822149277,0.249666884541512,0.318008720874786
23931,0.155936822295189,0.5550776720047,0.188688948750496,0.100296556949615
23932,0.393101423978806,0.330988943576813,0.0853129699826241,0.190596714615822
23933,0.107994183897972,0.551999866962433,0.241457656025887,0.0985483005642891
23934,0.0810391008853912,0.665693879127502,0.164862856268883,0.0884041860699654
23935,0.302114963531494,0.203461185097694,0.231451883912087,0.262971937656403
23936,0.521640300750732,0.133128389716148,0.156803324818611,0.188427999615669
23937,0.125842049717903,0.2355937063694,0.452192068099976,0.18637216091156
23938,0.536101400852203,0.132017180323601,0.055339764803648,0.27654168009758
23939,0.388869524002075,0.185376212000847,0.239897519350052,0.185856759548187
23940,0.323429107666016,0.11031299829483,0.248361065983772,0.317896842956543
23941,0.145833015441895,0.228777065873146,0.518435835838318,0.106954090297222
23942,0.54949164390564,0.124088525772095,0.229309216141701,0.0971105769276619
23943,0.155606761574745,0.441151559352875,0.257035613059998,0.146206110715866
23944,0.291260361671448,0.195592135190964,0.43253418803215,0.0806133225560188
23945,0.0991268381476402,0.15106201171875,0.53914350271225,0.210667654871941
23946,0.275384664535522,0.488271117210388,0.150446325540543,0.0858978852629662
23947,0.219164088368416,0.376608550548553,0.252471446990967,0.151755884289742
23948,0.204857021570206,0.196645617485046,0.463870793581009,0.134626552462578
23949,0.223754063248634,0.298491925001144,0.182898730039597,0.294855296611786
23950,0.0958749130368233,0.657273530960083,0.170712992548943,0.0761385411024094
23951,0.451386839151382,0.152088344097137,0.27676847577095,0.119756318628788
23952,0.289283692836761,0.270631521940231,0.258496046066284,0.181588694453239
23953,0.659255981445313,0.115424007177353,0.123909048736095,0.101410947740078
23954,0.313063442707062,0.330502718687058,0.256140649318695,0.100293174386024
23955,0.178881481289864,0.29318979382515,0.214267000555992,0.313661694526672
23956,0.186622262001038,0.416810125112534,0.270693570375443,0.125873997807503
23957,0.150915235280991,0.424728453159332,0.136832490563393,0.287523865699768
23958,0.180455639958382,0.547242164611816,0.120801582932472,0.15150061249733
23959,0.315931499004364,0.260375380516052,0.224644929170609,0.199048191308975
23960,0.213485330343246,0.208465248346329,0.2775599360466,0.300489485263824
23961,0.575877487659454,0.244978457689285,0.106189720332623,0.0729543343186379
23962,0.0934494286775589,0.442488849163055,0.25197634100914,0.212085351347923
23963,0.251973837614059,0.37672233581543,0.132157206535339,0.239146649837494
23964,0.0619705617427826,0.494902938604355,0.331162720918655,0.111963726580143
23965,0.203414842486382,0.175694212317467,0.457436859607697,0.163454115390778
23966,0.142435431480408,0.0790662243962288,0.532668113708496,0.245830237865448
23967,0.478629380464554,0.128443196415901,0.133669689297676,0.259257763624191
23968,0.34151217341423,0.206737518310547,0.217397317290306,0.234353005886078
23969,0.519056916236877,0.0856742784380913,0.103927724063396,0.291341066360474
23970,0.711570680141449,0.10382816940546,0.1011056676507,0.0834954977035523
23971,0.100730992853642,0.272533416748047,0.487747550010681,0.138988092541695
23972,0.533415794372559,0.147618606686592,0.236204609274864,0.0827610194683075
23973,0.250402957201004,0.370289385318756,0.12722934782505,0.252078324556351
23974,0.0727730467915535,0.110028617084026,0.670888781547546,0.146309569478035
23975,0.2552669942379,0.59288215637207,0.0730786696076393,0.0787721797823906
23976,0.211200907826424,0.43300074338913,0.181270286440849,0.174528062343597
23977,0.0915730968117714,0.317189574241638,0.493866264820099,0.0973710641264915
23978,0.124485835433006,0.105632334947586,0.190376698970795,0.579505145549774
23979,0.30897644162178,0.19947338104248,0.174414604902267,0.317135542631149
23980,0.10493703186512,0.527581930160523,0.13968500494957,0.227796033024788
23981,0.0721126869320869,0.281659513711929,0.52696681022644,0.119261004030705
23982,0.176708981394768,0.0860258862376213,0.621742367744446,0.115522801876068
23983,0.21180821955204,0.264042139053345,0.194335073232651,0.329814583063126
23984,0.199297741055489,0.403647065162659,0.168253317475319,0.22880183160305
23985,0.203097850084305,0.0891792550683022,0.199821248650551,0.507901608943939
23986,0.45112344622612,0.319448113441467,0.116859771311283,0.112568691372871
23987,0.196727052330971,0.386849701404572,0.13757985830307,0.278843373060226
23988,0.254991918802261,0.326486051082611,0.310902297496796,0.107619717717171
23989,0.134394228458405,0.196200802922249,0.533965945243835,0.135438993573189
23990,0.144641548395157,0.481460630893707,0.188047990202904,0.185849875211716
23991,0.0673052668571472,0.171169087290764,0.334000170230866,0.42752543091774
23992,0.139974847435951,0.525723040103912,0.180288434028626,0.154013678431511
23993,0.147201985120773,0.253939092159271,0.464487075805664,0.134371846914291
23994,0.143121346831322,0.370837092399597,0.172702372074127,0.313339173793793
23995,0.0603142231702805,0.231410473585129,0.442148327827454,0.266126960515976
23996,0.107256256043911,0.21825984120369,0.582115650177002,0.0923682898283005
23997,0.362418919801712,0.18570750951767,0.285279184579849,0.166594341397285
23998,0.169974192976952,0.264260083436966,0.344088464975357,0.221677273511887
23999,0.480145424604416,0.189950972795486,0.193694606423378,0.136208981275558
24000,0.310062855482101,0.471979081630707,0.10239240527153,0.115565598011017
24001,0.487498670816422,0.300504922866821,0.147464707493782,0.0645317286252976
24002,0.316347986459732,0.43842676281929,0.0739076733589172,0.171317562460899
24003,0.171372950077057,0.615045130252838,0.0596111081540585,0.153970792889595
24004,0.175645500421524,0.124547049403191,0.50452333688736,0.195284098386765
24005,0.136771440505981,0.698388874530792,0.0832567811012268,0.0815829336643219
24006,0.142700850963593,0.30591157078743,0.477001637220383,0.0743859335780144
24007,0.144720479846001,0.356445670127869,0.17433662712574,0.324497222900391
24008,0.0719150453805924,0.760071873664856,0.0741244405508041,0.0938886255025864
24009,0.401452869176865,0.131666705012321,0.229300901293755,0.237579479813576
24010,0.64048045873642,0.151382893323898,0.134810194373131,0.07332643866539
24011,0.0840128734707832,0.743918418884277,0.0879523977637291,0.0841163098812103
24012,0.129354417324066,0.130176767706871,0.568536341190338,0.171932473778725
24013,0.0843608528375626,0.180748760700226,0.550313234329224,0.184577152132988
24014,0.178930297493935,0.162468731403351,0.587687790393829,0.0709131881594658
24015,0.0720502883195877,0.566775321960449,0.168387860059738,0.192786514759064
24016,0.214176461100578,0.49791032075882,0.0730217471718788,0.214891493320465
24017,0.37206295132637,0.295946687459946,0.206557929515839,0.125432416796684
24018,0.49985483288765,0.113421648740768,0.0678860992193222,0.318837344646454
24019,0.114587940275669,0.38509526848793,0.305713057518005,0.194603785872459
24020,0.0731294900178909,0.473528474569321,0.216973394155502,0.236368596553803
24021,0.0731789544224739,0.112332060933113,0.63515043258667,0.179338604211807
24022,0.400790244340897,0.227623000741005,0.0641750395298004,0.307411700487137
24023,0.20898762345314,0.512304067611694,0.094572477042675,0.184135869145393
24024,0.292709201574326,0.46663361787796,0.0537934564054012,0.186863720417023
24025,0.571685969829559,0.125147238373756,0.171556204557419,0.131610587239265
24026,0.143074482679367,0.663650214672089,0.0569974556565285,0.13627777993679
24027,0.148992046713829,0.0853208303451538,0.341478288173676,0.42420881986618
24028,0.262505203485489,0.445539981126785,0.0427537895739079,0.249201059341431
24029,0.105490803718567,0.0974923893809319,0.146364599466324,0.650652229785919
24030,0.112206734716892,0.46911895275116,0.196212187409401,0.222462147474289
24031,0.0549542531371117,0.313676923513413,0.233071595430374,0.398297250270844
24032,0.201541185379028,0.120721057057381,0.194882318377495,0.482855379581451
24033,0.71801632642746,0.0652159377932549,0.0675047561526299,0.149262994527817
24034,0.258417755365372,0.143182709813118,0.0542413406074047,0.544158160686493
24035,0.0671282485127449,0.484188973903656,0.0836495608091354,0.365033149719238
24036,0.294533729553223,0.150671392679214,0.484209388494492,0.0705854594707489
24037,0.220610573887825,0.535155296325684,0.180887967348099,0.0633461773395538
24038,0.221423089504242,0.207415103912354,0.418503075838089,0.152658760547638
24039,0.425595194101334,0.419480264186859,0.0641758590936661,0.0907487347722054
24040,0.141816914081573,0.241174712777138,0.551203966140747,0.0658044070005417
24041,0.247313722968102,0.429429888725281,0.173877134919167,0.14937923848629
24042,0.114336580038071,0.43527889251709,0.369269967079163,0.0811145380139351
24043,0.327816039323807,0.349520921707153,0.165423527359962,0.157239496707916
24044,0.256545335054398,0.440659195184708,0.227764114737511,0.0750313326716423
24045,0.441194444894791,0.159133091568947,0.263394743204117,0.136277735233307
24046,0.148665085434914,0.394746005535126,0.396936684846878,0.0596521981060505
24047,0.363856166601181,0.0939998477697372,0.479190170764923,0.0629538595676422
24048,0.202867716550827,0.319224625825882,0.397224545478821,0.0806830748915672
24049,0.476079702377319,0.20146955549717,0.248793229460716,0.0736574828624725
24050,0.163930103182793,0.117751009762287,0.422675460577011,0.295643478631973
24051,0.151532545685768,0.50312727689743,0.153955742716789,0.19138440489769
24052,0.657178819179535,0.1346335709095,0.147528052330017,0.0606595613062382
24053,0.389254838228226,0.103851743042469,0.416710644960403,0.090182825922966
24054,0.405023634433746,0.211816415190697,0.171435490250587,0.211724445223808
24055,0.316555768251419,0.356755346059799,0.196681663393974,0.130007281899452
24056,0.247741192579269,0.426489055156708,0.186487793922424,0.139281958341599
24057,0.17123356461525,0.199192598462105,0.222318574786186,0.407255291938782
24058,0.0720803663134575,0.233335688710213,0.31287232041359,0.381711632013321
24059,0.256027430295944,0.449017137289047,0.0797823518514633,0.215173035860062
24060,0.325293660163879,0.191472083330154,0.112716972827911,0.370517253875732
24061,0.141840219497681,0.351309359073639,0.244469568133354,0.262380838394165
24062,0.348983317613602,0.174999505281448,0.330856531858444,0.145160645246506
24063,0.136568784713745,0.442596763372421,0.338419497013092,0.082414947450161
24064,0.512557566165924,0.109582133591175,0.192218124866486,0.185642182826996
24065,0.158812522888184,0.215078577399254,0.509663462638855,0.116445444524288
24066,0.310390383005142,0.432461738586426,0.136670082807541,0.12047778069973
24067,0.191851317882538,0.294549435377121,0.143186837434769,0.37041237950325
24068,0.534215807914734,0.150217637419701,0.21421006321907,0.101356528699398
24069,0.238643810153008,0.0963418260216713,0.168316602706909,0.496697753667831
24070,0.514231503009796,0.276086091995239,0.12258942425251,0.087092936038971
24071,0.123144634068012,0.0821133404970169,0.307307481765747,0.487434536218643
24072,0.074009120464325,0.243342891335487,0.134477689862251,0.548170328140259
24073,0.328674048185349,0.184685945510864,0.212994858622551,0.27364519238472
24074,0.453213185071945,0.155754938721657,0.156307876110077,0.234723940491676
24075,0.317532598972321,0.0643404126167297,0.30725958943367,0.310867369174957
24076,0.114310815930367,0.433975160121918,0.200411379337311,0.251302629709244
24077,0.45803827047348,0.233867138624191,0.0908927395939827,0.217201799154282
24078,0.377015888690949,0.236425310373306,0.0834926962852478,0.303066164255142
24079,0.295666754245758,0.279070019721985,0.049921702593565,0.375341504812241
24080,0.496853440999985,0.108705095946789,0.0587640143930912,0.335677474737167
24081,0.12332833558321,0.149535194039345,0.149073958396912,0.578062474727631
24082,0.140860468149185,0.364707559347153,0.348756700754166,0.145675227046013
24083,0.293823689222336,0.265385121107101,0.041723046451807,0.399068146944046
24084,0.402922451496124,0.288310825824738,0.0811546072363854,0.227612093091011
24085,0.371663212776184,0.0809741318225861,0.0356009900569916,0.511761665344238
24086,0.261570155620575,0.226921454071999,0.157113626599312,0.354394763708115
24087,0.213103249669075,0.26266610622406,0.154045909643173,0.370184749364853
24088,0.0459120869636536,0.0595851838588715,0.609487652778626,0.285015046596527
24089,0.193948492407799,0.482824265956879,0.0507264100015163,0.272500872612
24090,0.057682428508997,0.063357450067997,0.235810548067093,0.643149554729462
24091,0.173186153173447,0.196650311350822,0.466748952865601,0.16341458261013
24092,0.403085738420486,0.0755320712924004,0.0745875313878059,0.44679468870163
24093,0.356224626302719,0.305118232965469,0.161064669489861,0.177592471241951
24094,0.155263021588326,0.587876677513123,0.179745495319366,0.0771148428320885
24095,0.233538314700127,0.110533393919468,0.479111284017563,0.176816999912262
24096,0.188930973410606,0.468647688627243,0.0917450115084648,0.250676304101944
24097,0.103591084480286,0.158805206418037,0.596610486507416,0.1409932076931
24098,0.593793988227844,0.163999736309052,0.0846497789025307,0.157556474208832
24099,0.175635859370232,0.40319162607193,0.176979064941406,0.24419341981411
24100,0.446364611387253,0.345634549856186,0.0821266770362854,0.125874102115631
24101,0.151703134179115,0.285075783729553,0.188940599560738,0.374280452728272
24102,0.188771158456802,0.144892632961273,0.418631315231323,0.247704908251762
24103,0.134096577763557,0.49747371673584,0.217160135507584,0.151269599795342
24104,0.478070974349976,0.126498118042946,0.170186698436737,0.225244268774986
24105,0.546014547348023,0.134242564439774,0.135943681001663,0.183799177408218
24106,0.115248262882233,0.70198792219162,0.0929287374019623,0.0898350849747658
24107,0.234309151768684,0.130721241235733,0.241332620382309,0.393636971712112
24108,0.14622737467289,0.119806028902531,0.565965473651886,0.168001160025597
24109,0.414893954992294,0.211200416088104,0.09949791431427,0.274407684803009
24110,0.308735370635986,0.227139562368393,0.145214274525642,0.318910747766495
24111,0.177073702216148,0.2959343791008,0.085728794336319,0.441263139247894
24112,0.229914635419846,0.10518554598093,0.193433910608292,0.471465855836868
24113,0.10357478260994,0.528086066246033,0.263427883386612,0.104911237955093
24114,0.157436683773994,0.129383787512779,0.423117369413376,0.290062218904495
24115,0.0715645402669907,0.632402896881104,0.204637289047241,0.0913952440023422
24116,0.252633631229401,0.11213356256485,0.529524922370911,0.105707883834839
24117,0.541623413562775,0.194019675254822,0.0907263457775116,0.173630565404892
24118,0.104867577552795,0.25491851568222,0.430542975664139,0.209670916199684
24119,0.125156089663506,0.702932476997376,0.0701582282781601,0.10175321996212
24120,0.0864898264408112,0.684873640537262,0.0965791270136833,0.132057353854179
24121,0.608946681022644,0.133785232901573,0.162351444363594,0.0949166193604469
24122,0.0736534744501114,0.269895642995834,0.54325658082962,0.113194286823273
24123,0.151142328977585,0.0735304728150368,0.120783314108849,0.654543936252594
24124,0.188246980309486,0.522069156169891,0.117137379944325,0.17254650592804
24125,0.0674727484583855,0.0754756480455399,0.6302490234375,0.226802617311478
24126,0.0801085606217384,0.444670855998993,0.321966916322708,0.153253689408302
24127,0.314206391572952,0.369482696056366,0.154380947351456,0.161929994821548
24128,0.272398561239243,0.109765850007534,0.0467847995460033,0.571050763130188
24129,0.309043526649475,0.236721694469452,0.148679301142693,0.305555492639542
24130,0.263897240161896,0.257969826459885,0.0472732558846474,0.43085965514183
24131,0.144139558076859,0.358611166477203,0.374839156866074,0.122410118579865
24132,0.151201397180557,0.63318258523941,0.110325455665588,0.105290591716766
24133,0.202568292617798,0.324395895004272,0.340782016515732,0.132253795862198
24134,0.338122993707657,0.316227912902832,0.247978761792183,0.0976703613996506
24135,0.155545026063919,0.208167999982834,0.432390838861465,0.203896164894104
24136,0.196674719452858,0.209482833743095,0.479692488908768,0.114149928092957
24137,0.136213809251785,0.640206933021545,0.146528199315071,0.07705108076334
24138,0.590911388397217,0.146609291434288,0.155676737427711,0.106802560389042
24139,0.294291198253632,0.318138420581818,0.287049233913422,0.100521139800549
24140,0.405784428119659,0.26729953289032,0.203677341341972,0.123238682746887
24141,0.157652989029884,0.470014810562134,0.20518060028553,0.167151570320129
24142,0.161254867911339,0.296314507722855,0.41603621840477,0.126394480466843
24143,0.276473969221115,0.455359727144241,0.169920697808266,0.0982456430792809
24144,0.270939022302628,0.334478169679642,0.130081206560135,0.264501541852951
24145,0.119649104773998,0.413052618503571,0.356226980686188,0.111071325838566
24146,0.109798312187195,0.259442269802094,0.451974958181381,0.178784444928169
24147,0.258989900350571,0.453977257013321,0.172550693154335,0.114482216536999
24148,0.486100763082504,0.259573400020599,0.147423624992371,0.106902174651623
24149,0.143641516566277,0.276744455099106,0.471655637025833,0.10795833915472
24150,0.377567052841187,0.266714096069336,0.146140038967133,0.209578767418861
24151,0.20292529463768,0.327360808849335,0.293968111276627,0.175745815038681
24152,0.0572395995259285,0.554078459739685,0.197660639882088,0.191021293401718
24153,0.0816416218876839,0.103843629360199,0.590817749500275,0.223696976900101
24154,0.141175791621208,0.135502398014069,0.559697568416596,0.163624256849289
24155,0.0655233263969421,0.196014374494553,0.528485834598541,0.209976449608803
24156,0.0526379533112049,0.303991109132767,0.432157069444656,0.211213871836662
24157,0.0971599146723747,0.247053727507591,0.109236545860767,0.54654985666275
24158,0.558034598827362,0.134685963392258,0.189972072839737,0.11730732023716
24159,0.134995564818382,0.2172781676054,0.1534643471241,0.494261890649796
24160,0.283293724060059,0.158445507287979,0.11336574703455,0.444894999265671
24161,0.144499108195305,0.543473124504089,0.188102230429649,0.123925521969795
24162,0.399392545223236,0.236544147133827,0.0603508502244949,0.303712457418442
24163,0.144488990306854,0.351007372140884,0.326006174087524,0.178497433662415
24164,0.264138072729111,0.404485166072845,0.229454532265663,0.101922243833542
24165,0.0833848789334297,0.162802621722221,0.111020997166634,0.642791509628296
24166,0.048096489161253,0.164143189787865,0.288709312677383,0.499051064252853
24167,0.048536729067564,0.377254843711853,0.467374116182327,0.106834277510643
24168,0.560573518276215,0.0695671290159226,0.137824460864067,0.232034876942635
24169,0.240764036774635,0.249778971076012,0.352673262357712,0.156783729791641
24170,0.13264574110508,0.220268860459328,0.546140193939209,0.100945204496384
24171,0.156699001789093,0.413498401641846,0.349140584468842,0.0806619822978973
24172,0.214649394154549,0.307418972253799,0.344912499189377,0.133019149303436
24173,0.166119337081909,0.472996056079865,0.232212886214256,0.128671675920486
24174,0.133172303438187,0.602908790111542,0.176584139466286,0.0873347744345665
24175,0.34565395116806,0.314844071865082,0.221040308475494,0.118461661040783
24176,0.181930020451546,0.162077233195305,0.474482297897339,0.181510463356972
24177,0.46491014957428,0.301908642053604,0.148765504360199,0.0844156444072723
24178,0.274919003248215,0.144950702786446,0.223961487412453,0.356168776750565
24179,0.135233893990517,0.476214677095413,0.301288217306137,0.0872632563114166
24180,0.420743554830551,0.0959957093000412,0.163479119539261,0.319781601428986
24181,0.136570230126381,0.429960340261459,0.189524531364441,0.243944928050041
24182,0.142007768154144,0.347886830568314,0.414079904556274,0.0960255116224289
24183,0.343622326850891,0.378031015396118,0.180108070373535,0.0982386320829391
24184,0.159352585673332,0.559356212615967,0.187375769019127,0.0939154624938965
24185,0.148579761385918,0.39068990945816,0.348816186189652,0.111914120614529
24186,0.161470219492912,0.468421220779419,0.171659842133522,0.198448747396469
24187,0.391917258501053,0.3033247590065,0.164897829294205,0.139860153198242
24188,0.152872979640961,0.396923363208771,0.346994668245316,0.103209003806114
24189,0.134254992008209,0.258446961641312,0.429409146308899,0.177888870239258
24190,0.129968658089638,0.210152745246887,0.502687275409699,0.157191336154938
24191,0.138122603297234,0.242546424269676,0.53106153011322,0.0882694125175476
24192,0.338631302118301,0.294442266225815,0.258062243461609,0.108864188194275
24193,0.229011997580528,0.225684463977814,0.457779347896576,0.0875242277979851
24194,0.150761634111404,0.432154953479767,0.16010157763958,0.256981879472733
24195,0.436113893985748,0.10579214990139,0.266055077314377,0.192038834095001
24196,0.617247641086578,0.12052857875824,0.183035954833031,0.0791878327727318
24197,0.0689834654331207,0.312464833259583,0.254267811775208,0.364283919334412
24198,0.539998412132263,0.17998218536377,0.203251585364342,0.076767809689045
24199,0.281218230724335,0.414383322000504,0.187124758958817,0.117273703217506
24200,0.486259758472443,0.113943874835968,0.154626742005348,0.245169579982758
24201,0.519207119941711,0.260587096214294,0.147503733634949,0.0727020651102066
24202,0.147774308919907,0.226985886693001,0.52363908290863,0.101600758731365
24203,0.503472030162811,0.2657151222229,0.15056599676609,0.0802468508481979
24204,0.127206057310104,0.611481249332428,0.161909431219101,0.0994032397866249
24205,0.353934079408646,0.39047309756279,0.151440903544426,0.1041519343853
24206,0.121093086898327,0.299982368946075,0.506722092628479,0.0722024515271187
24207,0.550347626209259,0.0803135484457016,0.160817474126816,0.208521336317062
24208,0.200489521026611,0.461377441883087,0.0997042953968048,0.238428756594658
24209,0.173298686742783,0.266261249780655,0.388133674860001,0.172306403517723
24210,0.242290198802948,0.0885407254099846,0.341373711824417,0.327795386314392
24211,0.0957717522978783,0.101065956056118,0.407411009073257,0.395751267671585
24212,0.398843675851822,0.0726189091801643,0.0961461216211319,0.432391285896301
24213,0.0698988735675812,0.11316791921854,0.574545204639435,0.242388039827347
24214,0.194197073578835,0.0618572123348713,0.344206541776657,0.39973920583725
24215,0.0864948704838753,0.101631037890911,0.554949343204498,0.256924748420715
24216,0.156068786978722,0.142749026417732,0.351836711168289,0.349345475435257
24217,0.178229928016663,0.42485722899437,0.0565808825194836,0.340332001447678
24218,0.124063357710838,0.0651093497872353,0.366651564836502,0.444175779819489
24219,0.296597391366959,0.0932353660464287,0.31188440322876,0.298282861709595
24220,0.241877928376198,0.286320269107819,0.122395426034927,0.349406361579895
24221,0.257614135742188,0.481528133153915,0.141245111823082,0.119612604379654
24222,0.599597990512848,0.127448260784149,0.118123486638069,0.154830247163773
24223,0.449945956468582,0.106977261602879,0.109201677143574,0.333875060081482
24224,0.116641111671925,0.0916250944137573,0.400963813066483,0.390769988298416
24225,0.273552387952805,0.270659953355789,0.117644175887108,0.338143527507782
24226,0.315052807331085,0.265663325786591,0.290988624095917,0.128295227885246
24227,0.296219617128372,0.307022362947464,0.298718392848969,0.0980396494269371
24228,0.269087344408035,0.364730477333069,0.216120332479477,0.150061815977097
24229,0.220106795430183,0.470450729131699,0.210877954959869,0.0985645204782486
24230,0.151116237044334,0.420873582363129,0.18102340400219,0.246986746788025
24231,0.307111769914627,0.298592776060104,0.283247083425522,0.11104840785265
24232,0.202499493956566,0.344514280557632,0.341933906078339,0.111052341759205
24233,0.312591582536697,0.290822625160217,0.167842730879784,0.228743061423302
24234,0.314397364854813,0.290247470140457,0.285440385341644,0.109914802014828
24235,0.508669495582581,0.245027959346771,0.175701111555099,0.0706014111638069
24236,0.163311079144478,0.292189508676529,0.469108313322067,0.0753911137580872
24237,0.517602980136871,0.0815849676728249,0.220618352293968,0.180193677544594
24238,0.079219862818718,0.267423063516617,0.499345928430557,0.15401117503643
24239,0.306232631206512,0.36548325419426,0.217096850275993,0.111187256872654
24240,0.208402737975121,0.486418038606644,0.198306277394295,0.106872968375683
24241,0.116620302200317,0.199516251683235,0.366381257772446,0.317482203245163
24242,0.308765769004822,0.281241327524185,0.320071488618851,0.0899214446544647
24243,0.222499296069145,0.482321798801422,0.172435507178307,0.122743435204029
24244,0.312776803970337,0.258520036935806,0.336908608675003,0.0917944982647896
24245,0.184340804815292,0.396573513746262,0.33028843998909,0.0887972787022591
24246,0.153480768203735,0.326377362012863,0.397094786167145,0.12304712086916
24247,0.203495070338249,0.484744042158127,0.241899326443672,0.0698615610599518
24248,0.264377474784851,0.117718607187271,0.367007791996002,0.250896155834198
24249,0.32586020231247,0.349705904722214,0.210551336407661,0.113882571458817
24250,0.208266034722328,0.374872535467148,0.196285054087639,0.220576420426369
24251,0.255881458520889,0.350707560777664,0.221838071942329,0.171572908759117
24252,0.15643484890461,0.398018300533295,0.164032071828842,0.28151473402977
24253,0.141220927238464,0.279917359352112,0.478574723005295,0.100287035107613
24254,0.149036973714829,0.29459622502327,0.439613848924637,0.116752974689007
24255,0.126350685954094,0.370104551315308,0.306526690721512,0.197018086910248
24256,0.235142573714256,0.301483362913132,0.170578747987747,0.292795270681381
24257,0.271253228187561,0.293536901473999,0.327505111694336,0.107704743742943
24258,0.276446223258972,0.472729951143265,0.111513525247574,0.139310285449028
24259,0.198147937655449,0.220813244581223,0.287552177906036,0.293486595153809
24260,0.158054441213608,0.391450256109238,0.307423204183579,0.14307214319706
24261,0.454121708869934,0.110989771783352,0.142309293150902,0.292579233646393
24262,0.365735232830048,0.23543918132782,0.27548748254776,0.12333807349205
24263,0.288227707147598,0.287629365921021,0.287640601396561,0.136502355337143
24264,0.290421098470688,0.423454284667969,0.201589912176132,0.084534727036953
24265,0.418325185775757,0.273030370473862,0.218021094799042,0.0906233489513397
24266,0.288323163986206,0.304643899202347,0.284813344478607,0.122219599783421
24267,0.321889579296112,0.376943618059158,0.195737645030022,0.10542918741703
24268,0.286516070365906,0.292139410972595,0.312253773212433,0.109090723097324
24269,0.173109009861946,0.542677700519562,0.181945353746414,0.1022679656744
24270,0.286160290241241,0.447102457284927,0.171509683132172,0.0952275544404984
24271,0.270074129104614,0.398633897304535,0.231418892741203,0.0998730435967445
24272,0.196216061711311,0.43110466003418,0.242476895451546,0.130202323198318
24273,0.332648783922195,0.318368881940842,0.251398891210556,0.0975834876298904
24274,0.223457291722298,0.244150698184967,0.437495589256287,0.0948964133858681
24275,0.235194697976112,0.36138266324997,0.240434482693672,0.162988141179085
24276,0.55740487575531,0.204268634319305,0.152792453765869,0.085534080862999
24277,0.282598167657852,0.465233981609345,0.164656430482864,0.087511345744133
24278,0.270088911056519,0.468480169773102,0.14687342941761,0.114557489752769
24279,0.355263322591782,0.308786660432816,0.214927867054939,0.121022202074528
24280,0.211357623338699,0.342985779047012,0.362333029508591,0.0833235383033752
24281,0.453437983989716,0.31351900100708,0.151578858494759,0.0814641192555428
24282,0.307702243328095,0.389904469251633,0.157384544610977,0.145008742809296
24283,0.164149925112724,0.426981121301651,0.159278079867363,0.249590843915939
24284,0.143754854798317,0.164399862289429,0.610551953315735,0.0812933743000031
24285,0.056215725839138,0.576686322689056,0.162857890129089,0.204240083694458
24286,0.121121026575565,0.0816474258899689,0.666781961917877,0.130449548363686
24287,0.17023991048336,0.511681258678436,0.0560828857123852,0.261995911598206
24288,0.145359024405479,0.604748785495758,0.157148331403732,0.0927438586950302
24289,0.107532076537609,0.500568389892578,0.310122787952423,0.0817767381668091
24290,0.171446427702904,0.283807426691055,0.193194523453712,0.351551592350006
24291,0.312249898910522,0.137466162443161,0.272506475448608,0.277777463197708
24292,0.108147829771042,0.0748016759753227,0.526700735092163,0.290349751710892
24293,0.32856422662735,0.306660085916519,0.284587234258652,0.080188475549221
24294,0.186569049954414,0.534339129924774,0.0910734310746193,0.188018381595612
24295,0.138532400131226,0.268736809492111,0.305282860994339,0.287447929382324
24296,0.29378616809845,0.31377112865448,0.0627377182245255,0.329704970121384
24297,0.443338572978973,0.150927990674973,0.081060566008091,0.324672818183899
24298,0.295255571603775,0.380862474441528,0.141852483153343,0.182029470801353
24299,0.247494608163834,0.16997230052948,0.12453804910183,0.457995057106018
24300,0.292498886585236,0.177903696894646,0.192552804946899,0.337044626474381
24301,0.23303510248661,0.082392618060112,0.272186398506165,0.412385851144791
24302,0.525843143463135,0.190540313720703,0.199780538678169,0.0838360413908958
24303,0.345983266830444,0.297809451818466,0.0732423663139343,0.282964885234833
24304,0.193706586956978,0.0956771969795227,0.362820208072662,0.347796022891998
24305,0.217188388109207,0.507120728492737,0.0984336733818054,0.177257210016251
24306,0.218869164586067,0.104648821055889,0.189945533871651,0.486536473035812
24307,0.62141627073288,0.147699162364006,0.134035706520081,0.0968488156795502
24308,0.3192138671875,0.0886515825986862,0.32676887512207,0.265365719795227
24309,0.051759909838438,0.232840240001678,0.470168650150299,0.245231226086617
24310,0.145482033491135,0.523929476737976,0.209163010120392,0.121425479650497
24311,0.193261310458183,0.207396224141121,0.284082114696503,0.315260380506516
24312,0.370591640472412,0.112427711486816,0.166200757026672,0.350779891014099
24313,0.506937026977539,0.182901933789253,0.074477881193161,0.235683172941208
24314,0.0446957647800446,0.673660635948181,0.0688160061836243,0.212827578186989
24315,0.288836568593979,0.434502422809601,0.160488441586494,0.116172514855862
24316,0.502370536327362,0.127590358257294,0.071320079267025,0.298719018697739
24317,0.177332937717438,0.514326214790344,0.0778099745512009,0.230530843138695
24318,0.0817417353391647,0.101919665932655,0.625609874725342,0.190728768706322
24319,0.582572221755981,0.139756336808205,0.184010595083237,0.0936608090996742
24320,0.111816771328449,0.192065089941025,0.234585866332054,0.461532235145569
24321,0.5731440782547,0.1499013453722,0.0688467845320702,0.208107799291611
24322,0.543338537216187,0.192349687218666,0.0849901810288429,0.179321572184563
24323,0.0819338336586952,0.0620382502675057,0.658087849617004,0.197940021753311
24324,0.133563935756683,0.0744293853640556,0.346148461103439,0.445858210325241
24325,0.325963169336319,0.162690624594688,0.0590774454176426,0.452268719673157
24326,0.0871927365660667,0.104422114789486,0.420829862356186,0.387555301189423
24327,0.134168788790703,0.317998200654984,0.167352169752121,0.380480796098709
24328,0.0442475900053978,0.0570593327283859,0.382372736930847,0.51632034778595
24329,0.149620786309242,0.609073340892792,0.0472683161497116,0.194037601351738
24330,0.529425501823425,0.122245363891125,0.184071078896523,0.164258047938347
24331,0.0664192065596581,0.100904807448387,0.348683893680573,0.483992099761963
24332,0.469092041254044,0.148030653595924,0.254330694675446,0.128546640276909
24333,0.490292012691498,0.136764019727707,0.0894725248217583,0.283471465110779
24334,0.323428630828857,0.248805060982704,0.134594351053238,0.293171942234039
24335,0.0519713349640369,0.43919363617897,0.0389938838779926,0.469841152429581
24336,0.124628141522408,0.183123543858528,0.129484057426453,0.562764286994934
24337,0.573891997337341,0.0746197700500488,0.226579546928406,0.124908685684204
24338,0.586256265640259,0.0560351200401783,0.126198872923851,0.231509730219841
24339,0.466217994689941,0.335964292287827,0.0486424155533314,0.149175330996513
24340,0.220570743083954,0.400742024183273,0.0559769719839096,0.322710275650024
24341,0.539649963378906,0.0622719414532185,0.211514994502068,0.186563149094582
24342,0.676420271396637,0.124179974198341,0.0690793693065643,0.130320399999619
24343,0.0776577666401863,0.362055391073227,0.0909241363406181,0.469362646341324
24344,0.0433804541826248,0.111514091491699,0.549838781356812,0.295266687870026
24345,0.0581641383469105,0.0831341296434403,0.434848755598068,0.423852980136871
24346,0.181374818086624,0.0655471310019493,0.516556143760681,0.236521929502487
24347,0.086710549890995,0.441553831100464,0.163661614060402,0.308073967695236
24348,0.65471363067627,0.0528341308236122,0.120467558503151,0.171984672546387
24349,0.497736364603043,0.108430251479149,0.0662574470043182,0.327575951814652
24350,0.0460738278925419,0.192223206162453,0.533097565174103,0.228605404496193
24351,0.537968099117279,0.062872089445591,0.0502878092229366,0.348871976137161
24352,0.0430868677794933,0.58020281791687,0.0682009533047676,0.308509409427643
24353,0.261781543493271,0.103118993341923,0.224549248814583,0.410550236701965
24354,0.0658421143889427,0.436121642589569,0.109688602387905,0.388347625732422
24355,0.275992035865784,0.0769405066967011,0.329060941934586,0.318006485700607
24356,0.0799126401543617,0.1211943551898,0.0615169405937195,0.737376034259796
24357,0.616272687911987,0.151413917541504,0.0485465601086617,0.183766797184944
24358,0.466634601354599,0.0561627298593521,0.0493991337716579,0.427803575992584
24359,0.167789801955223,0.696586132049561,0.0516406446695328,0.0839833840727806
24360,0.0932657718658447,0.319653481245041,0.419760346412659,0.167320474982262
24361,0.251615941524506,0.417081922292709,0.075311079621315,0.255991041660309
24362,0.533193349838257,0.101339995861053,0.302063643932343,0.0634030103683472
24363,0.0625756233930588,0.163169264793396,0.643177688121796,0.131077453494072
24364,0.0548604354262352,0.663905501365662,0.176578015089035,0.104656048119068
24365,0.365502387285233,0.168537586927414,0.20377841591835,0.262181639671326
24366,0.123512253165245,0.458457559347153,0.204747781157494,0.213282436132431
24367,0.15000718832016,0.200504988431931,0.134055286645889,0.51543253660202
24368,0.0646519735455513,0.253657132387161,0.531432330608368,0.150258630514145
24369,0.392600029706955,0.309980988502502,0.201136231422424,0.0962827876210213
24370,0.0945612341165543,0.417374670505524,0.409120976924896,0.0789431184530258
24371,0.288541972637177,0.210229426622391,0.396971732378006,0.104256890714169
24372,0.072819821536541,0.0695000365376473,0.586558759212494,0.271121382713318
24373,0.296616733074188,0.434806197881699,0.2073994576931,0.0611776374280453
24374,0.376892358064652,0.243690565228462,0.209287121891975,0.170129984617233
24375,0.186047494411469,0.0917930155992508,0.47955384850502,0.242605611681938
24376,0.133601650595665,0.19294099509716,0.615745723247528,0.0577116571366787
24377,0.117606423795223,0.57093757390976,0.228391736745834,0.0830642133951187
24378,0.0974936559796333,0.614238262176514,0.110034227371216,0.178233847022057
24379,0.0833742171525955,0.505836129188538,0.224759459495544,0.186030209064484
24380,0.119012467563152,0.45269700884819,0.121861770749092,0.306428790092468
24381,0.566219031810761,0.126839905977249,0.095344066619873,0.211596980690956
24382,0.479936420917511,0.158409640192986,0.296695411205292,0.0649584978818893
24383,0.130998864769936,0.100061051547527,0.691319286823273,0.0776207968592644
24384,0.141702622175217,0.197862684726715,0.570312976837158,0.0901217237114906
24385,0.554358243942261,0.11037153750658,0.230247974395752,0.105022251605988
24386,0.0736036598682404,0.113647066056728,0.656963288784027,0.155786007642746
24387,0.566118597984314,0.0783360153436661,0.154276356101036,0.201269030570984
24388,0.48612117767334,0.0633594170212746,0.210966646671295,0.239552795886993
24389,0.428957462310791,0.152071788907051,0.220968052744865,0.198002740740776
24390,0.235683560371399,0.136835783720016,0.535301268100739,0.0921793803572655
24391,0.213918566703796,0.218401700258255,0.099210113286972,0.468469619750977
24392,0.0822419822216034,0.467592060565949,0.256742626428604,0.19342328608036
24393,0.064495861530304,0.142463177442551,0.689807116985321,0.10323378443718
24394,0.169605746865273,0.589573621749878,0.167077720165253,0.0737428963184357
24395,0.240260422229767,0.25998792052269,0.426379233598709,0.0733724683523178
24396,0.599345326423645,0.201600477099419,0.0701782032847405,0.128876015543938
24397,0.160743117332459,0.25647097826004,0.430289447307587,0.152496412396431
24398,0.314777463674545,0.306973308324814,0.276317149400711,0.10193208605051
24399,0.0870417356491089,0.317533254623413,0.326371312141418,0.269053727388382
24400,0.122986033558846,0.264787763357163,0.484760284423828,0.127465933561325
24401,0.270650058984756,0.212451294064522,0.265413194894791,0.251485407352448
24402,0.225943505764008,0.235262021422386,0.454815298318863,0.0839791223406792
24403,0.085304781794548,0.253710269927979,0.576513826847076,0.0844711139798164
24404,0.0933484211564064,0.251427263021469,0.568247675895691,0.0869766622781754
24405,0.21597495675087,0.334923356771469,0.35375913977623,0.0953425243496895
24406,0.37627974152565,0.345009207725525,0.188850164413452,0.0898608639836311
24407,0.157048434019089,0.470336675643921,0.315833419561386,0.0567814595997334
24408,0.226538226008415,0.393112301826477,0.229309484362602,0.151039943099022
24409,0.280166208744049,0.360625565052032,0.099153496325016,0.260054707527161
24410,0.218116194009781,0.310276597738266,0.290179818868637,0.181427389383316
24411,0.182657778263092,0.480482369661331,0.265666723251343,0.0711931362748146
24412,0.471007138490677,0.273147255182266,0.158742591738701,0.0971029922366142
24413,0.426244825124741,0.224795579910278,0.268061965703964,0.0808975994586945
24414,0.267013400793076,0.492244362831116,0.158662691712379,0.0820794701576233
24415,0.404182404279709,0.156043291091919,0.349720686674118,0.0900536328554153
24416,0.577656626701355,0.0973708480596542,0.154574602842331,0.170397892594337
24417,0.186070933938026,0.0771111696958542,0.32202285528183,0.414795011281967
24418,0.156319558620453,0.164371639490128,0.110762812197208,0.568545997142792
24419,0.284257262945175,0.364331215620041,0.224427580833435,0.126983940601349
24420,0.133177623152733,0.448292881250381,0.17060087621212,0.247928589582443
24421,0.234172105789185,0.0859265774488449,0.0670156702399254,0.612885653972626
24422,0.449651896953583,0.121689110994339,0.0434824600815773,0.385176479816437
24423,0.0751013457775116,0.529847502708435,0.0514842979609966,0.343566834926605
24424,0.121344678103924,0.269713789224625,0.221921965479851,0.387019574642181
24425,0.0961306691169739,0.0665738806128502,0.212222903966904,0.625072538852692
24426,0.463681310415268,0.168885245919228,0.0552034713327885,0.312229961156845
24427,0.0725976005196571,0.0874344781041145,0.638838171958923,0.201129704713821
24428,0.228537648916245,0.567042410373688,0.048674788326025,0.15574511885643
24429,0.107305116951466,0.723695337772369,0.0443240143358707,0.124675542116165
24430,0.151812613010407,0.111778385937214,0.0858485400676727,0.65056049823761
24431,0.143085509538651,0.555333197116852,0.145564883947372,0.156016424298286
24432,0.0498532764613628,0.414174437522888,0.141347482800484,0.394624769687653
24433,0.119206666946411,0.127859234809876,0.160128861665726,0.59280526638031
24434,0.346601694822311,0.210265442728996,0.259832590818405,0.183300316333771
24435,0.32824495434761,0.251495033502579,0.191859200596809,0.228400766849518
24436,0.219695314764977,0.0970287993550301,0.340390264987946,0.342885583639145
24437,0.31672340631485,0.243214681744576,0.108527317643166,0.331534564495087
24438,0.537993967533112,0.134877473115921,0.195908859372139,0.131219685077667
24439,0.0994933769106865,0.0535034276545048,0.576779007911682,0.270224153995514
24440,0.059371791779995,0.586323499679565,0.0431970879435539,0.311107605695725
24441,0.586790978908539,0.0946129634976387,0.0504131689667702,0.268182903528214
24442,0.60576856136322,0.126798942685127,0.132265716791153,0.1351667791605
24443,0.330855816602707,0.154009193181992,0.371888250112534,0.143246755003929
24444,0.0667799338698387,0.185703754425049,0.43274050951004,0.314775824546814
24445,0.270940631628037,0.150198087096214,0.19448333978653,0.384377986192703
24446,0.258530259132385,0.0760835036635399,0.0662638694047928,0.59912234544754
24447,0.109106078743935,0.718273818492889,0.047987312078476,0.124632745981216
24448,0.143715009093285,0.455555498600006,0.0737835839390755,0.326945871114731
24449,0.372753769159317,0.0584964081645012,0.162297427654266,0.406452417373657
24450,0.089346244931221,0.10417877882719,0.238919496536255,0.56755542755127
24451,0.0444828495383263,0.0597478598356247,0.442513704299927,0.453255593776703
24452,0.132080301642418,0.0655607059597969,0.378896325826645,0.42346265912056
24453,0.308400452136993,0.0749295130372047,0.347703009843826,0.268967002630234
24454,0.282898098230362,0.364177733659744,0.156534105539322,0.196390107274055
24455,0.155525147914886,0.0649295970797539,0.583857536315918,0.195687755942345
24456,0.176557585597038,0.156115144491196,0.367918312549591,0.299408912658691
24457,0.272562652826309,0.0942249745130539,0.273405313491821,0.359807103872299
24458,0.0958814024925232,0.318388104438782,0.138811826705933,0.446918725967407
24459,0.140950500965118,0.210302993655205,0.470969319343567,0.17777718603611
24460,0.0556897483766079,0.228880226612091,0.324879676103592,0.390550345182419
24461,0.0531541705131531,0.0699716508388519,0.523181796073914,0.353692382574081
24462,0.15377189218998,0.285028845071793,0.170791029930115,0.390408277511597
24463,0.301566451787949,0.471316933631897,0.153270646929741,0.0738459378480911
24464,0.160680338740349,0.180625557899475,0.337842673063278,0.320851445198059
24465,0.144584164023399,0.602386295795441,0.0895780250430107,0.163451537489891
24466,0.335600286722183,0.413105696439743,0.0579106323421001,0.193383365869522
24467,0.161890491843224,0.425242364406586,0.0415675975382328,0.371299594640732
24468,0.053848996758461,0.508215069770813,0.21379391849041,0.224142044782639
24469,0.135683953762054,0.441930592060089,0.0584043897688389,0.363981068134308
24470,0.190444856882095,0.135287821292877,0.105388656258583,0.568878710269928
24471,0.139108702540398,0.647997677326202,0.0765329599380493,0.136360645294189
24472,0.53970730304718,0.0844160094857216,0.235138490796089,0.140738233923912
24473,0.220713660120964,0.216723948717117,0.285525441169739,0.277036994695663
24474,0.591687142848969,0.231464833021164,0.0980350151658058,0.0788129940629005
24475,0.0900279656052589,0.448923349380493,0.286333858966827,0.174714863300323
24476,0.266792118549347,0.309350371360779,0.203308522701263,0.220549002289772
24477,0.0760729312896729,0.485666573047638,0.333432495594025,0.104827992618084
24478,0.186959490180016,0.196163237094879,0.467613488435745,0.149263828992844
24479,0.150936797261238,0.0836401358246803,0.497177541255951,0.26824551820755
24480,0.444390118122101,0.14502215385437,0.158632323145866,0.251955449581146
24481,0.317827343940735,0.228655204176903,0.227807596325874,0.225709870457649
24482,0.499640852212906,0.0765891671180725,0.156213760375977,0.267556190490723
24483,0.684315741062164,0.0972121581435204,0.127679839730263,0.0907922461628914
24484,0.15061941742897,0.256140559911728,0.497880667448044,0.0953593403100967
24485,0.508001089096069,0.168923452496529,0.231711477041245,0.0913640037178993
24486,0.258177757263184,0.346046507358551,0.130730718374252,0.265045076608658
24487,0.0822628140449524,0.146017462015152,0.672450244426727,0.0992694720625877
24488,0.251243084669113,0.5792116522789,0.0832756981253624,0.0862695947289467
24489,0.228866934776306,0.419478356838226,0.178869590163231,0.172785118222237
24490,0.133445158600807,0.308335870504379,0.462237477302551,0.0959815457463264
24491,0.118667282164097,0.0867920368909836,0.257964998483658,0.536575675010681
24492,0.163300856947899,0.0599565766751766,0.611328363418579,0.165414184331894
24493,0.0745379477739334,0.213636994361877,0.590378820896149,0.121446192264557
24494,0.0661911815404892,0.470247834920883,0.338174104690552,0.125386878848076
24495,0.117385618388653,0.57499223947525,0.0677376613020897,0.239884436130524
24496,0.101251326501369,0.200008153915405,0.350708395242691,0.348032176494598
24497,0.136758610606194,0.0704662874341011,0.634129762649536,0.158645331859589
24498,0.351473063230515,0.253629475831985,0.273506313562393,0.121391147375107
24499,0.526797533035278,0.0694363340735436,0.242277309298515,0.161488831043243
24500,0.070857360959053,0.630681931972504,0.0693177804350853,0.229142934083939
24501,0.24838051199913,0.387068003416061,0.0802020281553268,0.28434944152832
24502,0.54663896560669,0.111482970416546,0.0996795296669006,0.242198541760445
24503,0.0941566079854965,0.10135543346405,0.229505136609077,0.574982821941376
24504,0.0529571771621704,0.526127099990845,0.0644227340817452,0.35649299621582
24505,0.133844316005707,0.308774203062058,0.139304876327515,0.418076574802399
24506,0.105513580143452,0.068787083029747,0.63187712430954,0.19382219016552
24507,0.088186077773571,0.196324586868286,0.177983522415161,0.537505805492401
24508,0.489056259393692,0.122110478579998,0.210276409983635,0.17855678498745
24509,0.166063979268074,0.0714462995529175,0.466546088457108,0.295943647623062
24510,0.0776405781507492,0.12142164260149,0.606323480606079,0.19461427628994
24511,0.256843447685242,0.538016974925995,0.0825968310236931,0.12254273891449
24512,0.318771719932556,0.105693332850933,0.246050283312798,0.329484671354294
24513,0.568009793758392,0.0875885859131813,0.0978665873408318,0.246535032987595
24514,0.324986308813095,0.346576780080795,0.0787999406456947,0.249637007713318
24515,0.212459802627563,0.237865090370178,0.237689226865768,0.31198588013649
24516,0.378492027521133,0.104328908026218,0.155017971992493,0.362161129713058
24517,0.456559956073761,0.222016096115112,0.154972314834595,0.16645160317421
24518,0.0667857527732849,0.151056483387947,0.105404227972031,0.676753580570221
24519,0.0814758315682411,0.15960904955864,0.641294777393341,0.117620341479778
24520,0.0494991913437843,0.277269393205643,0.333592921495438,0.339638501405716
24521,0.113460242748261,0.400664180517197,0.067913681268692,0.417961835861206
24522,0.0443039312958717,0.117144450545311,0.644947648048401,0.193603917956352
24523,0.0768833756446838,0.198124676942825,0.419108033180237,0.305883973836899
24524,0.0981519594788551,0.10269857198,0.50292032957077,0.296229124069214
24525,0.133615478873253,0.139614954590797,0.076826922595501,0.649942636489868
24526,0.560945510864258,0.123814985156059,0.190776363015175,0.124463185667992
24527,0.152257904410362,0.0529318898916245,0.454525113105774,0.340285032987595
24528,0.649543762207031,0.151034563779831,0.0608633160591126,0.138558343052864
24529,0.171873614192009,0.0983992218971252,0.18183296918869,0.547894239425659
24530,0.316139727830887,0.213158115744591,0.199117183685303,0.271585017442703
24531,0.126524388790131,0.450785130262375,0.268775820732117,0.1539146900177
24532,0.149414464831352,0.272147059440613,0.431664228439331,0.146774262189865
24533,0.267440229654312,0.320932149887085,0.0898758322000504,0.321751773357391
24534,0.0829499289393425,0.421751976013184,0.0728002190589905,0.422497898340225
24535,0.658815562725067,0.0729279890656471,0.0672067701816559,0.201049700379372
24536,0.141734048724175,0.175884664058685,0.323505491018295,0.358875751495361
24537,0.327439337968826,0.182141020894051,0.0696193352341652,0.4208003282547
24538,0.205529808998108,0.58117413520813,0.0577202700078487,0.15557573735714
24539,0.310849249362946,0.1711435765028,0.160857409238815,0.3571497797966
24540,0.425394862890244,0.103137768805027,0.25599616765976,0.215471252799034
24541,0.481586337089539,0.105359427630901,0.213045850396156,0.200008422136307
24542,0.139143005013466,0.47749787569046,0.071319192647934,0.312039971351624
24543,0.0538938269019127,0.151717156171799,0.685941219329834,0.108447805047035
24544,0.139625713229179,0.50173032283783,0.203344881534576,0.155299112200737
24545,0.253000199794769,0.101042069494724,0.497798353433609,0.148159444332123
24546,0.0764173716306686,0.579437136650085,0.114454217255116,0.229691222310066
24547,0.30702206492424,0.413578063249588,0.0437368005514145,0.235663056373596
24548,0.056193869560957,0.273623466491699,0.384676784276962,0.285505920648575
24549,0.51218456029892,0.24836653470993,0.141689628362656,0.0977592617273331
24550,0.178113400936127,0.446615487337112,0.278873652219772,0.0963974595069885
24551,0.0872076451778412,0.443396925926209,0.239565908908844,0.229829549789429
24552,0.0794564709067345,0.408595591783524,0.129124090075493,0.38282385468483
24553,0.431258887052536,0.174903512001038,0.173392996191978,0.220444560050964
24554,0.258125185966492,0.166351869702339,0.295989990234375,0.279532909393311
24555,0.12911494076252,0.664530158042908,0.103649079799652,0.102705806493759
24556,0.536694526672363,0.222045615315437,0.0493976138532162,0.191862300038338
24557,0.133090049028397,0.305155813694,0.319291025400162,0.242463082075119
24558,0.120726577937603,0.588437736034393,0.0635929554700851,0.227242693305016
24559,0.0762498155236244,0.65836375951767,0.176810100674629,0.0885763093829155
24560,0.0782969072461128,0.411009877920151,0.179210141301155,0.331483036279678
24561,0.235343262553215,0.236275732517242,0.153692856431007,0.374688178300858
24562,0.397828578948975,0.308945268392563,0.170874491333961,0.122351676225662
24563,0.0466865822672844,0.562573373317719,0.143485084176064,0.247254937887192
24564,0.120935015380383,0.417934209108353,0.0947242677211761,0.36640653014183
24565,0.0756820812821388,0.279315620660782,0.403488725423813,0.241513550281525
24566,0.127148017287254,0.704035341739655,0.0776967406272888,0.0911199152469635
24567,0.165985435247421,0.428413420915604,0.287475109100342,0.118126079440117
24568,0.393849968910217,0.286287128925324,0.0741375386714935,0.245725333690643
24569,0.241436764597893,0.141993969678879,0.279163092374802,0.337406158447266
24570,0.088590681552887,0.500499784946442,0.106983058154583,0.303926438093185
24571,0.0605018623173237,0.221154034137726,0.43814754486084,0.28019654750824
24572,0.244637116789818,0.129004523158073,0.271712839603424,0.354645490646362
24573,0.152068853378296,0.119018882513046,0.493089079856873,0.235823139548302
24574,0.066829115152359,0.227853566408157,0.490394681692123,0.214922681450844
24575,0.23244035243988,0.117379374802113,0.110027223825455,0.540153086185455
24576,0.0576071925461292,0.187698096036911,0.555679678916931,0.199015066027641
24577,0.0879047736525536,0.138662770390511,0.418258935213089,0.35517355799675
24578,0.250087827444077,0.120045654475689,0.247207075357437,0.382659435272217
24579,0.329294085502625,0.409561693668366,0.0952594503760338,0.165884718298912
24580,0.117062762379646,0.08111722022295,0.436258912086487,0.365561068058014
24581,0.209353744983673,0.0549992881715298,0.542668521404266,0.19297844171524
24582,0.0731333494186401,0.153864234685898,0.599410951137543,0.173591494560242
24583,0.0510666556656361,0.114396460354328,0.518160223960877,0.316376656293869
24584,0.0611116401851177,0.0843689516186714,0.688650548458099,0.165868893265724
24585,0.109240233898163,0.227345421910286,0.046155296266079,0.617259025573731
24586,0.0800694823265076,0.104144886136055,0.43292248249054,0.382863163948059
24587,0.461307376623154,0.208126023411751,0.219924479722977,0.110642150044441
24588,0.243014857172966,0.380740702152252,0.267105907201767,0.109138555824757
24589,0.163083955645561,0.440382301807404,0.258052736520767,0.138481050729752
24590,0.385103106498718,0.258563429117203,0.23077304661274,0.125560417771339
24591,0.305627226829529,0.242876023054123,0.313666850328445,0.137829914689064
24592,0.299057960510254,0.307935118675232,0.177541345357895,0.215465575456619
24593,0.359297513961792,0.250342458486557,0.209416270256042,0.180943742394447
24594,0.256298273801804,0.275082141160965,0.202349230647087,0.266270369291306
24595,0.219816699624062,0.35768261551857,0.328135907649994,0.094364807009697
24596,0.478636056184769,0.220141187310219,0.115920521318913,0.185302257537842
24597,0.341803938150406,0.381507396697998,0.179609924554825,0.09707872569561
24598,0.471199125051498,0.123965717852116,0.162946373224258,0.241888836026192
24599,0.374246865510941,0.288575828075409,0.15545542538166,0.18172188103199
24600,0.326932996511459,0.289521992206574,0.18674373626709,0.196801275014877
24601,0.146982163190842,0.119903519749641,0.61504477262497,0.118069559335709
24602,0.180722460150719,0.552637279033661,0.146686583757401,0.119953699409962
24603,0.218185901641846,0.22146600484848,0.274205535650253,0.286142587661743
24604,0.270465731620789,0.329039335250855,0.288804322481155,0.111690640449524
24605,0.405833840370178,0.172559380531311,0.183969631791115,0.237637206912041
24606,0.0579824894666672,0.383390158414841,0.478945463895798,0.0796819627285004
24607,0.51859587430954,0.205999284982681,0.183218747377396,0.0921861231327057
24608,0.166142269968987,0.463861048221588,0.0722611248493195,0.297735542058945
24609,0.497055321931839,0.173176795244217,0.21728540956974,0.112482480704784
24610,0.0713840201497078,0.216914892196655,0.187163099646568,0.524537980556488
24611,0.145031109452248,0.215999320149422,0.168378472328186,0.470591098070145
24612,0.100400984287262,0.654376089572907,0.0749798864126205,0.170243069529533
24613,0.0522975474596024,0.208677038550377,0.653789222240448,0.0852361619472504
24614,0.0657024383544922,0.104322105646133,0.664589166641235,0.165386274456978
24615,0.434367835521698,0.207594275474548,0.056731179356575,0.301306754350662
24616,0.161114603281021,0.100748002529144,0.476721078157425,0.261416345834732
24617,0.221698239445686,0.195918872952461,0.501365423202515,0.0810174643993378
24618,0.276223957538605,0.113653764128685,0.496035665273666,0.114086620509624
24619,0.0959556102752686,0.526312947273254,0.282655507326126,0.0950759798288345
24620,0.220051988959312,0.187848597764969,0.0755973383784294,0.51650208234787
24621,0.133836567401886,0.142604351043701,0.408584088087082,0.314975023269653
24622,0.0587231740355492,0.285102307796478,0.317879021167755,0.338295519351959
24623,0.195740550756454,0.0917386189103127,0.28346574306488,0.429055094718933
24624,0.231388211250305,0.150356531143188,0.477392762899399,0.14086252450943
24625,0.432478815317154,0.0551825985312462,0.262558668851852,0.249779939651489
24626,0.392287194728851,0.16818605363369,0.122656174004078,0.316870599985123
24627,0.21987372636795,0.221266552805901,0.0838622152805328,0.474997520446777
24628,0.614593684673309,0.0723717212677002,0.0699616000056267,0.243072926998138
24629,0.0772608071565628,0.506518125534058,0.085689976811409,0.330531120300293
24630,0.162895172834396,0.143975481390953,0.281492561101913,0.411636799573898
24631,0.265306830406189,0.133883818984032,0.124442107975483,0.476367175579071
24632,0.166306003928185,0.178148508071899,0.204729303717613,0.450816214084625
24633,0.209700807929039,0.0482835024595261,0.472881197929382,0.269134432077408
24634,0.130929365754128,0.0478017069399357,0.537896394729614,0.283372491598129
24635,0.301285237073898,0.121384806931019,0.168208345770836,0.409121632575989
24636,0.245587691664696,0.405609995126724,0.107215523719788,0.24158675968647
24637,0.178677603602409,0.0779673159122467,0.559921085834503,0.18343397974968
24638,0.0749844163656235,0.56363582611084,0.0677716955542564,0.293608099222183
24639,0.329674243927002,0.167865499854088,0.121175497770309,0.38128474354744
24640,0.615842342376709,0.10071536898613,0.123812846839428,0.159629464149475
24641,0.0771855786442757,0.716499865055084,0.047367125749588,0.158947378396988
24642,0.154774487018585,0.064894549548626,0.391437023878098,0.388893932104111
24643,0.0433687418699265,0.0660295337438583,0.427522987127304,0.463078707456589
24644,0.098182201385498,0.452260911464691,0.205542549490929,0.244014367461205
24645,0.15741291642189,0.62664395570755,0.0420410223305225,0.173902079463005
24646,0.224817425012589,0.287145853042603,0.248973697423935,0.239063039422035
24647,0.356229513883591,0.306474596261978,0.234134376049042,0.10316152125597
24648,0.131291896104813,0.072838731110096,0.468864321708679,0.327005058526993
24649,0.146615445613861,0.209557861089706,0.482810586690903,0.161016091704369
24650,0.0975220873951912,0.733869731426239,0.0507286489009857,0.117879562079906
24651,0.599476397037506,0.103730633854866,0.0493724942207336,0.247420445084572
24652,0.284468203783035,0.100498117506504,0.516530990600586,0.0985026806592941
24653,0.490967005491257,0.199133425951004,0.139660313725472,0.170239314436913
24654,0.0891507416963577,0.402068078517914,0.0566848963499069,0.452096313238144
24655,0.0947490036487579,0.188956663012505,0.427009344100952,0.289285004138947
24656,0.266315817832947,0.385669380426407,0.241605639457703,0.106409169733524
24657,0.228547215461731,0.223813533782959,0.105425290763378,0.442213922739029
24658,0.0907596945762634,0.491540879011154,0.24201662838459,0.175682857632637
24659,0.0409845262765884,0.13740099966526,0.440949290990829,0.380665123462677
24660,0.159461453557014,0.478391438722611,0.172733694314957,0.189413413405418
24661,0.230533286929131,0.443489611148834,0.0888785570859909,0.237098515033722
24662,0.0610883943736553,0.151428520679474,0.629619181156158,0.157863944768906
24663,0.12116713821888,0.283114284276962,0.526527345180512,0.0691911950707436
24664,0.163720712065697,0.211472615599632,0.425107270479202,0.19969941675663
24665,0.254550933837891,0.132101327180862,0.457386285066605,0.155961439013481
24666,0.166210502386093,0.525704085826874,0.0976680442690849,0.210417374968529
24667,0.0904112830758095,0.504222452640533,0.218136787414551,0.187229484319687
24668,0.114101372659206,0.146331012248993,0.652895390987396,0.086672268807888
24669,0.159769549965858,0.233684435486794,0.382761746644974,0.223784253001213
24670,0.564190208911896,0.106193393468857,0.20052881538868,0.129087552428246
24671,0.0917798280715942,0.396071821451187,0.444739699363709,0.0674086138606072
24672,0.112469024956226,0.49914875626564,0.317218422889709,0.0711638033390045
24673,0.111838571727276,0.116738379001617,0.68484103679657,0.0865820050239563
24674,0.117623291909695,0.690101861953735,0.0783129706978798,0.113961845636368
24675,0.135398522019386,0.139420062303543,0.633705973625183,0.0914754644036293
24676,0.184415519237518,0.610017478466034,0.127930611371994,0.0776364207267761
24677,0.0736890509724617,0.232497125864029,0.38164609670639,0.3121677339077
24678,0.224519610404968,0.347327530384064,0.145928472280502,0.282224357128143
24679,0.25182169675827,0.468955278396606,0.105886898934841,0.173336133360863
24680,0.0776492357254028,0.498719155788422,0.189582407474518,0.234049156308174
24681,0.402623951435089,0.270241647958756,0.0835836678743362,0.243550702929497
24682,0.416957676410675,0.436098158359528,0.0546292066574097,0.0923149809241295
24683,0.10249487310648,0.233276858925819,0.476947516202927,0.18728081882
24684,0.0733133256435394,0.145282492041588,0.561602652072907,0.219801515340805
24685,0.560506820678711,0.163532897830009,0.119352452456951,0.156607821583748
24686,0.41331622004509,0.153303191065788,0.0923425853252411,0.34103798866272
24687,0.262178063392639,0.264720350503922,0.178083837032318,0.295017778873444
24688,0.141770035028458,0.345086544752121,0.182799056172371,0.330344349145889
24689,0.18387559056282,0.240050867199898,0.453435659408569,0.122637875378132
24690,0.592261672019959,0.123149119317532,0.192885786294937,0.0917034298181534
24691,0.418992012739182,0.321723490953445,0.0995469018816948,0.159737572073936
24692,0.622036039829254,0.20819503068924,0.0621396824717522,0.107629284262657
24693,0.20337125658989,0.159946128726006,0.484613865613937,0.152068719267845
24694,0.178881585597992,0.350898087024689,0.262086510658264,0.208133816719055
24695,0.141387224197388,0.709486186504364,0.061540812253952,0.0875857248902321
24696,0.193531274795532,0.299961656332016,0.151112973690033,0.355394124984741
24697,0.15046027302742,0.167275473475456,0.295775085687637,0.386489182710648
24698,0.220238998532295,0.531332492828369,0.151022836565971,0.0974056571722031
24699,0.193909898400307,0.120209597051144,0.58531129360199,0.100569218397141
24700,0.109084978699684,0.410759031772614,0.146117553114891,0.334038436412811
24701,0.135775044560432,0.122164703905582,0.631480813026428,0.110579423606396
24702,0.17707459628582,0.553947329521179,0.203782513737679,0.0651955455541611
24703,0.231061175465584,0.415636301040649,0.273417115211487,0.079885445535183
24704,0.130229309201241,0.459851682186127,0.331710249185562,0.0782088041305542
24705,0.488736808300018,0.27283450961113,0.176810786128044,0.0616179518401623
24706,0.219431683421135,0.415218889713287,0.277491986751556,0.0878574028611183
24707,0.289992541074753,0.197989448904991,0.28773558139801,0.224282428622246
24708,0.615541696548462,0.0856902971863747,0.220482632517815,0.0782853662967682
24709,0.137845769524574,0.35823518037796,0.417224943637848,0.086694099009037
24710,0.378740906715393,0.312983989715576,0.232876554131508,0.0753985419869423
24711,0.377009332180023,0.263665318489075,0.268823653459549,0.0905017033219337
24712,0.331422507762909,0.444533228874207,0.157429918646812,0.0666143000125885
24713,0.148491129279137,0.51910525560379,0.239879593253136,0.0925240516662598
24714,0.345021486282349,0.343362301588058,0.207338869571686,0.104277320206165
24715,0.199075534939766,0.450172513723373,0.154992118477821,0.195759817957878
24716,0.428229629993439,0.334119021892548,0.14772829413414,0.0899230986833572
24717,0.321741938591003,0.422071516513824,0.18897171318531,0.0672148615121841
24718,0.241544052958488,0.515499353408814,0.15682777762413,0.0861288458108902
24719,0.232144147157669,0.258894950151444,0.28399720788002,0.224963694810867
24720,0.219011843204498,0.448225110769272,0.2111005038023,0.121662557125092
24721,0.283585757017136,0.381060570478439,0.219964399933815,0.115389309823513
24722,0.161756172776222,0.54481053352356,0.210561007261276,0.0828722789883614
24723,0.427661180496216,0.264447510242462,0.203835844993591,0.104055434465408
24724,0.28485095500946,0.326459974050522,0.269575715065002,0.119113355875015
24725,0.502931296825409,0.25715970993042,0.116832844913006,0.123076185584068
24726,0.304068326950073,0.31111678481102,0.268043369054794,0.116771504282951
24727,0.149616986513138,0.144060611724854,0.409307718276978,0.297014683485031
24728,0.366823196411133,0.313478022813797,0.206389531493187,0.113309256732464
24729,0.226514145731926,0.223119258880615,0.380524635314941,0.16984198987484
24730,0.217776507139206,0.27816715836525,0.298418819904327,0.205637529492378
24731,0.143585339188576,0.529366910457611,0.209811255335808,0.117236472666264
24732,0.261419475078583,0.269214987754822,0.329623550176621,0.139741986989975
24733,0.104718223214149,0.289753675460815,0.224909827113152,0.380618274211884
24734,0.162237837910652,0.377797335386276,0.137141838669777,0.322823047637939
24735,0.125238463282585,0.180842965841293,0.409340053796768,0.284578531980515
24736,0.157502561807632,0.55764901638031,0.159634798765183,0.125213608145714
24737,0.463505864143372,0.235162228345871,0.16069595515728,0.140635922551155
24738,0.0947083756327629,0.550689160823822,0.140257611870766,0.214344814419746
24739,0.398021727800369,0.0630071014165878,0.249436676502228,0.289534509181976
24740,0.157308831810951,0.464423418045044,0.145764842629433,0.232502892613411
24741,0.0893434286117554,0.230279862880707,0.573506534099579,0.106870152056217
24742,0.283953249454498,0.370418459177017,0.0679773092269898,0.277651011943817
24743,0.155178889632225,0.322416096925735,0.0736394375562668,0.448765575885773
24744,0.454079121351242,0.0638851374387741,0.223188579082489,0.258847147226334
24745,0.141701206564903,0.108487278223038,0.376065760850906,0.373745709657669
24746,0.167995303869247,0.308941036462784,0.0497936345636845,0.473270088434219
24747,0.0468247644603252,0.374311923980713,0.309915989637375,0.268947333097458
24748,0.0445905029773712,0.0784232690930367,0.509134411811829,0.367851793766022
24749,0.107633858919144,0.401120454072952,0.248561650514603,0.242684081196785
24750,0.31580650806427,0.165804505348206,0.289562463760376,0.228826522827148
24751,0.498253494501114,0.0813779234886169,0.0525833144783974,0.367785274982452
24752,0.0662463381886482,0.405369341373444,0.0572016276419163,0.471182703971863
24753,0.192676573991776,0.0558120273053646,0.567927420139313,0.183583974838257
24754,0.281842559576035,0.283057153224945,0.120325408875942,0.314774870872498
24755,0.0648819506168366,0.339763998985291,0.3587406873703,0.236613303422928
24756,0.130559161305428,0.370575070381165,0.184541940689087,0.314323782920837
24757,0.212074816226959,0.0952947735786438,0.16152311861515,0.531107306480408
24758,0.163291841745377,0.0628471896052361,0.543413639068604,0.230447351932526
24759,0.178321063518524,0.28521341085434,0.278148084878922,0.25831738114357
24760,0.308346062898636,0.410807996988297,0.145038351416588,0.135807603597641
24761,0.27529901266098,0.120798282325268,0.436020314693451,0.16788238286972
24762,0.155316904187202,0.447602212429047,0.110771328210831,0.286309510469437
24763,0.0983845368027687,0.690411448478699,0.106118001043797,0.105086050927639
24764,0.606712520122528,0.0990801155567169,0.0884272009134293,0.205780193209648
24765,0.194550842046738,0.313118666410446,0.356534898281097,0.13579560816288
24766,0.0678723379969597,0.455126017332077,0.249264925718308,0.22773677110672
24767,0.210617482662201,0.185489043593407,0.223257452249527,0.380636006593704
24768,0.185552880167961,0.423130512237549,0.158764347434044,0.232552245259285
24769,0.209083497524261,0.161559075117111,0.541066348552704,0.0882910862565041
24770,0.229203164577484,0.280901700258255,0.0903464555740356,0.399548649787903
24771,0.153511166572571,0.108436971902847,0.497380584478378,0.240671306848526
24772,0.217926144599915,0.43528139591217,0.104860410094261,0.241932108998299
24773,0.134106576442719,0.36724266409874,0.42672523856163,0.0719254836440086
24774,0.350865542888641,0.251506626605988,0.160154849290848,0.237472966313362
24775,0.176354169845581,0.527850329875946,0.0854673981666565,0.210328072309494
24776,0.636799454689026,0.102819114923477,0.166548013687134,0.0938334465026855
24777,0.259821623563767,0.330178618431091,0.23467943072319,0.175320357084274
24778,0.427625894546509,0.253482282161713,0.0786082446575165,0.240283608436584
24779,0.0512781068682671,0.448050528764725,0.220371261239052,0.280300080776215
24780,0.521879374980927,0.132526218891144,0.221773073077202,0.123821347951889
24781,0.0628748461604118,0.151381239295006,0.662493526935577,0.123250439763069
24782,0.589242875576019,0.0599506497383118,0.0593419931828976,0.291464507579803
24783,0.0456181764602661,0.146478995680809,0.504135489463806,0.30376735329628
24784,0.385524183511734,0.0758028924465179,0.128708377480507,0.409964561462402
24785,0.0631417036056519,0.321189224720001,0.19817042350769,0.417498648166657
24786,0.0820968896150589,0.13328056037426,0.494970589876175,0.289651989936829
24787,0.220914378762245,0.272568613290787,0.172211647033691,0.334305346012116
24788,0.0814844593405724,0.15434093773365,0.458545088768005,0.305629521608353
24789,0.350569188594818,0.302103191614151,0.060663603246212,0.286664009094238
24790,0.079058825969696,0.111183725297451,0.466224610805512,0.343532860279083
24791,0.180063486099243,0.0825377628207207,0.434199959039688,0.303198724985123
24792,0.24246720969677,0.11624002456665,0.248353242874146,0.392939507961273
24793,0.114900402724743,0.0489373430609703,0.531101703643799,0.305060505867004
24794,0.0723015740513802,0.694451808929443,0.0590256676077843,0.174220904707909
24795,0.194711208343506,0.131610214710236,0.0655651688575745,0.608113408088684
24796,0.520754992961884,0.221493139863014,0.164204463362694,0.0935473814606667
24797,0.125001683831215,0.564329028129578,0.175543263554573,0.135126024484634
24798,0.0459360517561436,0.0802504643797875,0.606832146644592,0.266981303691864
24799,0.282771646976471,0.100609138607979,0.275614529848099,0.34100466966629
24800,0.0454842634499073,0.114635460078716,0.571534633636475,0.268345654010773
24801,0.552834272384644,0.187325850129128,0.167609721422195,0.0922301635146141
24802,0.182716146111488,0.25762265920639,0.16901595890522,0.390645205974579
24803,0.0594729222357273,0.0856981724500656,0.668077945709229,0.186750948429108
24804,0.550261855125427,0.109162889420986,0.123129099607468,0.217446133494377
24805,0.164493754506111,0.217186391353607,0.0649458393454552,0.553373992443085
24806,0.180200740695,0.405857235193253,0.061543669551611,0.35239839553833
24807,0.452462464570999,0.400556772947311,0.054140567779541,0.0928402245044708
24808,0.414975345134735,0.10961839556694,0.176214635372162,0.29919159412384
24809,0.622799754142761,0.0613217800855637,0.05866414681077,0.257214307785034
24810,0.135477900505066,0.266606479883194,0.161920756101608,0.435994803905487
24811,0.148565456271172,0.0565780252218247,0.673243999481201,0.121612511575222
24812,0.0731744840741158,0.0825583413243294,0.732635855674744,0.111631326377392
24813,0.214938506484032,0.0514958202838898,0.39009752869606,0.343468099832535
24814,0.173178017139435,0.412515729665756,0.0457252338528633,0.368581056594849
24815,0.522869527339935,0.14209757745266,0.16613931953907,0.168893545866013
24816,0.238536268472672,0.130562081933022,0.348168790340424,0.282732844352722
24817,0.188616707921028,0.206669732928276,0.134416222572327,0.470297336578369
24818,0.274912625551224,0.367725104093552,0.242336213588715,0.115026026964188
24819,0.141262292861938,0.414797842502594,0.1823391020298,0.261600703001022
24820,0.297343552112579,0.142933085560799,0.0798247084021568,0.479898691177368
24821,0.49382621049881,0.13219627737999,0.0684470906853676,0.305530369281769
24822,0.0761074796319008,0.562816619873047,0.0577341541647911,0.303341746330261
24823,0.129029259085655,0.324993938207626,0.243092507123947,0.30288428068161
24824,0.114543005824089,0.10896572470665,0.249603241682053,0.526888012886047
24825,0.473946511745453,0.168318077921867,0.0686860382556915,0.289049327373505
24826,0.095091737806797,0.0946296900510788,0.622598111629486,0.187680467963219
24827,0.227608904242516,0.575450897216797,0.0598493628203869,0.137090876698494
24828,0.108792826533318,0.704351544380188,0.0548469088971615,0.13200868666172
24829,0.163374096155167,0.137839213013649,0.090860903263092,0.607925772666931
24830,0.148583382368088,0.53443318605423,0.159887239336967,0.157096162438393
24831,0.0660908073186874,0.441452473402023,0.161534488201141,0.330922245979309
24832,0.14421583712101,0.183155924081802,0.198586404323578,0.474041879177094
24833,0.333586424589157,0.238012954592705,0.275422126054764,0.152978464961052
24834,0.134980440139771,0.0867657735943794,0.213974595069885,0.564279198646545
24835,0.201300591230392,0.306800216436386,0.216303557157516,0.275595635175705
24836,0.148233160376549,0.221111536026001,0.270874708890915,0.359780609607697
24837,0.654154241085053,0.0646254196763039,0.0662752017378807,0.214945107698441
24838,0.111534014344215,0.242049992084503,0.0792458727955818,0.567170083522797
24839,0.521130919456482,0.158322468400002,0.12992924451828,0.190617352724075
24840,0.42756786942482,0.223989233374596,0.221078112721443,0.12736476957798
24841,0.0805937945842743,0.659218013286591,0.137733101844788,0.122455090284348
24842,0.129038140177727,0.266505390405655,0.114583663642406,0.48987278342247
24843,0.172149106860161,0.07405174523592,0.434604793787003,0.319194287061691
24844,0.643900513648987,0.0826199799776077,0.16332058608532,0.110158920288086
24845,0.644818961620331,0.0575324073433876,0.0520211793482304,0.245627477765083
24846,0.158673673868179,0.630750834941864,0.041446715593338,0.169128820300102
24847,0.0982249230146408,0.0895043089985848,0.522983968257904,0.289286762475967
24848,0.076480083167553,0.145403131842613,0.133740618824959,0.644376158714294
24849,0.394798040390015,0.126717031002045,0.106961794197559,0.37152311205864
24850,0.0914933010935783,0.506415605545044,0.0623719170689583,0.339719176292419
24851,0.263936787843704,0.125924035906792,0.175460383296013,0.434678763151169
24852,0.567897081375122,0.0870793014764786,0.0490251109004021,0.295998454093933
24853,0.448665976524353,0.0797300338745117,0.223296731710434,0.248307228088379
24854,0.326117068529129,0.0994400009512901,0.299553632736206,0.274889290332794
24855,0.156739801168442,0.159436106681824,0.431438237428665,0.252385854721069
24856,0.127361118793488,0.503912389278412,0.0960881635546684,0.272638380527496
24857,0.147630214691162,0.200629726052284,0.50163346529007,0.150106608867645
24858,0.0977593436837196,0.456279039382935,0.19148613512516,0.254475504159927
24859,0.165882408618927,0.275730788707733,0.076271265745163,0.482115536928177
24860,0.14665775001049,0.102710619568825,0.654729187488556,0.0959024876356125
24861,0.460492223501205,0.126717060804367,0.0907123610377312,0.322078377008438
24862,0.0874282494187355,0.503712892532349,0.0941801071166992,0.314678728580475
24863,0.273990631103516,0.107646100223064,0.21901598572731,0.399347215890884
24864,0.0979629456996918,0.092663511633873,0.47161740064621,0.337756097316742
24865,0.150729760527611,0.0566100962460041,0.478999346494675,0.313660860061646
24866,0.687794923782349,0.120842926204205,0.092832125723362,0.098530076444149
24867,0.520634591579437,0.113026991486549,0.128661438822746,0.237676948308945
24868,0.538324952125549,0.0724772065877914,0.0857532173395157,0.303444653749466
24869,0.295702278614044,0.094525933265686,0.183218389749527,0.42655336856842
24870,0.595013916492462,0.0694112032651901,0.148109436035156,0.187465459108353
24871,0.167320311069489,0.0732615366578102,0.391251921653748,0.368166267871857
24872,0.256393045186996,0.258579105138779,0.281553268432617,0.203474551439285
24873,0.48596864938736,0.266844481229782,0.17972669005394,0.0674602165818214
24874,0.143870577216148,0.438123792409897,0.312978625297546,0.105027057230473
24875,0.296970099210739,0.326668411493301,0.257710099220276,0.118651434779167
24876,0.1131571829319,0.48397433757782,0.319608062505722,0.0832604616880417
24877,0.223507136106491,0.266887873411179,0.424764811992645,0.0848401561379433
24878,0.184388339519501,0.177226588129997,0.513034641742706,0.125350445508957
24879,0.49201038479805,0.170555636286736,0.197213143110275,0.1402208507061
24880,0.32785239815712,0.281313091516495,0.282347053289413,0.108487449586391
24881,0.501706302165985,0.13241608440876,0.208669602870941,0.157208010554314
24882,0.529666304588318,0.225263684988022,0.176737368106842,0.0683325976133347
24883,0.174924656748772,0.36252573132515,0.371966183185577,0.0905833914875984
24884,0.343780994415283,0.306876093149185,0.262151271104813,0.0871916487812996
24885,0.290673673152924,0.42159178853035,0.143943175673485,0.143791377544403
24886,0.118138357996941,0.199467435479164,0.595146536827087,0.0872476771473885
24887,0.26848179101944,0.510585904121399,0.143264219164848,0.0776681303977966
24888,0.273361533880234,0.446987926959991,0.177467122673988,0.102183453738689
24889,0.1363705098629,0.439078748226166,0.334663689136505,0.0898871049284935
24890,0.146635979413986,0.164536863565445,0.305865675210953,0.382961481809616
24891,0.326210677623749,0.215075194835663,0.072601243853569,0.386112898588181
24892,0.328808665275574,0.0981791391968727,0.26814204454422,0.304870158433914
24893,0.273488372564316,0.256991744041443,0.209883093833923,0.25963681936264
24894,0.162044435739517,0.450768262147903,0.197421476244926,0.189765825867653
24895,0.0607199780642986,0.0796038657426834,0.522286474704742,0.337389677762985
24896,0.0778967142105103,0.31522610783577,0.251512110233307,0.355365097522736
24897,0.157104313373566,0.072706550359726,0.66700804233551,0.103181086480618
24898,0.337371796369553,0.146106213331223,0.26577615737915,0.250745862722397
24899,0.0441216230392456,0.221087947487831,0.628010034561157,0.106780335307121
24900,0.0806905627250671,0.19428163766861,0.384319931268692,0.340707898139954
24901,0.303489863872528,0.0871696993708611,0.343305081129074,0.266035377979279
24902,0.459060281515122,0.120362430810928,0.184829384088516,0.235747888684273
24903,0.336672902107239,0.132137820124626,0.16081839799881,0.370370864868164
24904,0.133457094430923,0.3831827044487,0.0425571575760841,0.440802991390228
24905,0.0771201699972153,0.0981665253639221,0.696456491947174,0.128256812691689
24906,0.202966839075089,0.0578910522162914,0.439167588949204,0.299974501132965
24907,0.244159281253815,0.172418311238289,0.049004390835762,0.534417986869812
24908,0.048409964889288,0.412091732025147,0.422975569963455,0.116522707045078
24909,0.143542647361755,0.46991291642189,0.148313879966736,0.238230541348457
24910,0.189100101590157,0.315014511346817,0.351504951715469,0.144380435347557
24911,0.14165635406971,0.683949649333954,0.107230983674526,0.0671630725264549
24912,0.0902053713798523,0.302165150642395,0.302916169166565,0.30471333861351
24913,0.141422137618065,0.596067130565643,0.173635959625244,0.0888747796416283
24914,0.246821701526642,0.423074424266815,0.23316878080368,0.0969351455569267
24915,0.0891751348972321,0.387246578931808,0.340511798858643,0.183066457509995
24916,0.504376292228699,0.185485661029816,0.204509168863297,0.105628930032253
24917,0.0904615819454193,0.1205183416605,0.460267603397369,0.328752458095551
24918,0.273063659667969,0.110024802386761,0.210724145174027,0.406187355518341
24919,0.147593170404434,0.402517527341843,0.294276058673859,0.155613198876381
24920,0.107279859483242,0.472294360399246,0.350763618946075,0.0696621537208557
24921,0.506485044956207,0.142029047012329,0.288150936365128,0.0633349567651749
24922,0.548666536808014,0.209551721811295,0.156357809901238,0.0854239612817764
24923,0.170070439577103,0.208835035562515,0.542324721813202,0.0787697955965996
24924,0.203440219163895,0.347129285335541,0.290552228689194,0.158878266811371
24925,0.241961404681206,0.513351082801819,0.164868757128716,0.0798187553882599
24926,0.323203265666962,0.237909346818924,0.349357604980469,0.0895297378301621
24927,0.271192938089371,0.350298672914505,0.141782835125923,0.236725553870201
24928,0.162570625543594,0.4879230260849,0.228371828794479,0.121134474873543
24929,0.304302394390106,0.381091415882111,0.218036755919456,0.0965694189071655
24930,0.280357748270035,0.395452827215195,0.211306795477867,0.112882629036903
24931,0.23032134771347,0.233775913715363,0.242148205637932,0.293754547834396
24932,0.143255010247231,0.26287117600441,0.383368343114853,0.210505455732346
24933,0.2629274725914,0.457917392253876,0.152812570333481,0.126342505216599
24934,0.333193749189377,0.277118176221848,0.178968101739883,0.210719987750053
24935,0.180342510342598,0.349629878997803,0.341546326875687,0.128481313586235
24936,0.351074069738388,0.2816421687603,0.269744277000427,0.0975394546985626
24937,0.131314113736153,0.482345789670944,0.306845188140869,0.0794949308037758
24938,0.492245703935623,0.174176350235939,0.248266696929932,0.0853112861514092
24939,0.221103519201279,0.328486293554306,0.364335894584656,0.0860742703080177
24940,0.267230868339539,0.470060378313065,0.173919886350632,0.0887889117002487
24941,0.234946474432945,0.338050723075867,0.218028977513313,0.208973839879036
24942,0.362271428108215,0.174316391348839,0.377554565668106,0.0858576148748398
24943,0.261685818433762,0.110038936138153,0.36941596865654,0.258859276771545
24944,0.392175614833832,0.344119310379028,0.176218822598457,0.0874862223863602
24945,0.14752222597599,0.154977723956108,0.409295827150345,0.288204282522202
24946,0.102968834340572,0.293315261602402,0.260984599590302,0.342731297016144
24947,0.362697899341583,0.28297370672226,0.239689067006111,0.114639364182949
24948,0.353812128305435,0.336758583784103,0.20845839381218,0.100970916450024
24949,0.240651205182076,0.432535260915756,0.235501945018768,0.0913116186857224
24950,0.151693418622017,0.321872651576996,0.386304974555969,0.140128910541534
24951,0.149009749293327,0.429929286241531,0.188222378492355,0.232838571071625
24952,0.373387575149536,0.28784242272377,0.210538566112518,0.128231436014175
24953,0.253237158060074,0.18378509581089,0.373830407857895,0.189147293567657
24954,0.137827664613724,0.59334796667099,0.177281498908997,0.0915428996086121
24955,0.446312665939331,0.263277679681778,0.162205338478088,0.128204271197319
24956,0.147641628980637,0.390576839447022,0.317312598228455,0.144468978047371
24957,0.174014955759048,0.483784824609757,0.196558341383934,0.145641937851906
24958,0.106530740857124,0.643067121505737,0.171270623803139,0.0791315361857414
24959,0.115205056965351,0.347023397684097,0.358792781829834,0.178978815674782
24960,0.257970184087753,0.255672663450241,0.221647337079048,0.264709830284119
24961,0.309461891651154,0.331724673509598,0.240646824240685,0.118166625499725
24962,0.0754423141479492,0.441873788833618,0.30660405755043,0.176079824566841
24963,0.242374897003174,0.338203638792038,0.198142766952515,0.221278741955757
24964,0.133943021297455,0.298997908830643,0.39162677526474,0.175432339310646
24965,0.182834550738335,0.572453022003174,0.151986837387085,0.0927255600690842
24966,0.190072759985924,0.509740233421326,0.198445379734039,0.101741686463356
24967,0.357927024364471,0.111039385199547,0.421800017356873,0.109233535826206
24968,0.167634814977646,0.438709944486618,0.240235179662704,0.153420105576515
24969,0.272736638784409,0.400542348623276,0.0641227662563324,0.262598276138306
24970,0.383537322282791,0.218396544456482,0.214548796415329,0.183517351746559
24971,0.278885900974274,0.430263847112656,0.081285797059536,0.209564507007599
24972,0.0856980830430985,0.387652367353439,0.185897469520569,0.34075203537941
24973,0.104448288679123,0.693218648433685,0.132153913378716,0.0701790899038315
24974,0.197138950228691,0.272216618061066,0.251119792461395,0.279524624347687
24975,0.145849749445915,0.481076240539551,0.208330139517784,0.16474387049675
24976,0.207645863294601,0.156778141856194,0.525096833705902,0.110479116439819
24977,0.340659260749817,0.229865968227386,0.178881525993347,0.250593215227127
24978,0.200757205486298,0.402871072292328,0.183271899819374,0.213099867105484
24979,0.353879272937775,0.33911406993866,0.198800802230835,0.10820583999157
24980,0.148200675845146,0.355569809675217,0.378917932510376,0.117311589419842
24981,0.219762995839119,0.153978660702705,0.366588205099106,0.25967013835907
24982,0.216214761137962,0.499522894620895,0.163072809576988,0.121189534664154
24983,0.598174214363098,0.196260869503021,0.131074085831642,0.0744908526539803
24984,0.0680150985717773,0.409622758626938,0.251987189054489,0.270374953746796
24985,0.129901766777039,0.411908000707626,0.324149250984192,0.134040951728821
24986,0.378511726856232,0.197751417756081,0.224405109882355,0.199331775307655
24987,0.148952975869179,0.432365387678146,0.340638369321823,0.0780432894825935
24988,0.235701709985733,0.283737033605576,0.210781946778297,0.26977926492691
24989,0.313850522041321,0.321613550186157,0.280012726783752,0.0845231860876083
24990,0.162836521863937,0.496049404144287,0.233970746397972,0.107143342494965
24991,0.226896464824677,0.102255016565323,0.496232330799103,0.174616202712059
24992,0.162354290485382,0.207046926021576,0.557363271713257,0.073235459625721
24993,0.584758043289185,0.153108894824982,0.18664163351059,0.075491413474083
24994,0.549872994422913,0.198332935571671,0.161359429359436,0.0904346480965614
24995,0.548259615898132,0.202228873968124,0.168766334652901,0.0807452201843262
24996,0.229271203279495,0.25020644068718,0.171147972345352,0.349374413490295
24997,0.301466941833496,0.391110450029373,0.182668745517731,0.124753884971142
24998,0.2257469445467,0.155024379491806,0.368672996759415,0.250555664300919
24999,0.202550336718559,0.478629320859909,0.112965002655983,0.205855280160904
25000,0.227044656872749,0.136541202664375,0.37280011177063,0.263614028692246
25001,0.272486060857773,0.480940520763397,0.122756272554398,0.123817101120949
25002,0.160035371780396,0.1358602643013,0.552696108818054,0.151408225297928
25003,0.224595293402672,0.166364714503288,0.378584742546082,0.230455234646797
25004,0.117848321795464,0.140631720423698,0.640356719493866,0.101163260638714
25005,0.223717257380486,0.387381017208099,0.254473626613617,0.134428083896637
25006,0.434906601905823,0.230020761489868,0.209550753235817,0.125521942973137
25007,0.335451424121857,0.410396814346314,0.105337895452976,0.148813903331757
25008,0.153375253081322,0.108032062649727,0.592373371124268,0.146219313144684
25009,0.390241175889969,0.102103531360626,0.268330633640289,0.239324688911438
25010,0.268888533115387,0.0677124485373497,0.441498816013336,0.221900254487991
25011,0.125354066491127,0.663666069507599,0.117085389792919,0.0938944891095161
25012,0.0685340166091919,0.380146116018295,0.191905871033669,0.359413981437683
25013,0.351941376924515,0.0792326107621193,0.261897653341293,0.306928336620331
25014,0.12237286567688,0.208152174949646,0.578161239624023,0.0913137048482895
25015,0.364668160676956,0.26196226477623,0.198675945401192,0.174693688750267
25016,0.131827250123024,0.270901620388031,0.128664091229439,0.468607008457184
25017,0.137663215398788,0.206888347864151,0.557302415370941,0.0981460288167
25018,0.552744269371033,0.189082384109497,0.153351664543152,0.104821726679802
25019,0.204510405659676,0.530669808387756,0.133279472589493,0.131540268659592
25020,0.181269213557243,0.170275285840034,0.148341611027718,0.500113844871521
25021,0.175890922546387,0.09559116512537,0.370704025030136,0.35781392455101
25022,0.111974462866783,0.214146554470062,0.337800562381744,0.336078464984894
25023,0.152548655867577,0.276885867118835,0.464059680700302,0.106505855917931
25024,0.507311046123505,0.116787880659103,0.267075687646866,0.108825415372849
25025,0.302562266588211,0.230733662843704,0.200243726372719,0.266460359096527
25026,0.394496738910675,0.290532767772675,0.204885169863701,0.110085286200047
25027,0.117715261876583,0.401384085416794,0.265794217586517,0.215106427669525
25028,0.551897704601288,0.152466714382172,0.207275614142418,0.0883599370718002
25029,0.11775391548872,0.193775340914726,0.600967347621918,0.0875034183263779
25030,0.169246226549149,0.0685161724686623,0.535001695156097,0.227235913276672
25031,0.163034617900848,0.0874414071440697,0.489834696054459,0.259689301252365
25032,0.128197103738785,0.0882110223174095,0.640257596969605,0.143334314227104
25033,0.349326848983765,0.173426657915115,0.325579792261124,0.15166674554348
25034,0.140978813171387,0.420854449272156,0.163584217429161,0.274582535028458
25035,0.22599820792675,0.158686369657516,0.283586710691452,0.331728756427765
25036,0.148797869682312,0.236656993627548,0.178344458341599,0.436200648546219
25037,0.207684323191643,0.481487542390823,0.145125478506088,0.165702670812607
25038,0.294935077428818,0.318377286195755,0.159948214888573,0.226739436388016
25039,0.157522857189178,0.380607187747955,0.259317338466644,0.202552691102028
25040,0.279801785945892,0.429903328418732,0.190070271492004,0.100224629044533
25041,0.212826400995255,0.538318455219269,0.10959281027317,0.139262348413467
25042,0.199190095067024,0.217669770121574,0.349546045064926,0.233594074845314
25043,0.160847246646881,0.409716904163361,0.176008924841881,0.253426969051361
25044,0.380314111709595,0.134344771504402,0.358800023794174,0.126541048288345
25045,0.0947626382112503,0.21447516977787,0.558866560459137,0.131895586848259
25046,0.0984386801719666,0.673655807971954,0.0533378943800926,0.174567639827728
25047,0.304213047027588,0.20515139400959,0.271412521600723,0.219223007559776
25048,0.0677449777722359,0.455263763666153,0.229477003216743,0.247514307498932
25049,0.0720763429999352,0.355198621749878,0.50401896238327,0.0687060654163361
25050,0.336063206195831,0.402628600597382,0.121330745518208,0.139977499842644
25051,0.160682693123817,0.404470533132553,0.282350778579712,0.152495965361595
25052,0.137816101312637,0.502144277095795,0.139788463711739,0.220251172780991
25053,0.109525546431541,0.205816969275475,0.337365716695786,0.347291767597199
25054,0.0607213824987412,0.527145028114319,0.193044766783714,0.219088807702065
25055,0.112277075648308,0.62434446811676,0.0692808479070664,0.194097593426704
25056,0.213218882679939,0.126931428909302,0.201273784041405,0.458575963973999
25057,0.201731458306313,0.594236493110657,0.110212780535221,0.0938192903995514
25058,0.514423787593842,0.22621051967144,0.131709337234497,0.127656385302544
25059,0.35591596364975,0.0764855816960335,0.185938209295273,0.381660282611847
25060,0.198159277439117,0.349612146615982,0.229188546538353,0.223040074110031
25061,0.0710544288158417,0.415098398923874,0.204447358846664,0.309399873018265
25062,0.23881296813488,0.49546891450882,0.0858727693557739,0.179845303297043
25063,0.060192309319973,0.352332651615143,0.313568323850632,0.273906707763672
25064,0.290378361940384,0.435508280992508,0.0612683705985546,0.212845012545586
25065,0.214775681495667,0.518223345279694,0.1091133877635,0.157887578010559
25066,0.312697887420654,0.0932149291038513,0.241395696997643,0.352691501379013
25067,0.178755387663841,0.0848231464624405,0.305269479751587,0.431151956319809
25068,0.0825231447815895,0.162292495369911,0.361412435770035,0.393771916627884
25069,0.079372338950634,0.328995853662491,0.432973861694336,0.158657923340797
25070,0.159196898341179,0.129329487681389,0.16981352865696,0.541660070419312
25071,0.188793197274208,0.553555905818939,0.10891168564558,0.148739203810692
25072,0.119639553129673,0.700943410396576,0.0916462689638138,0.0877707824110985
25073,0.117739543318748,0.521627187728882,0.0547889694571495,0.305844336748123
25074,0.131411120295525,0.610847234725952,0.135458573698998,0.122283093631268
25075,0.195679917931557,0.0764857903122902,0.384100884199142,0.34373340010643
25076,0.0662301853299141,0.148236826062202,0.339038699865341,0.446494340896606
25077,0.0636164247989655,0.194443255662918,0.526884436607361,0.215055838227272
25078,0.52354884147644,0.0794613137841225,0.227746516466141,0.169243320822716
25079,0.172287330031395,0.0832283347845078,0.454056710004807,0.290427595376968
25080,0.606957256793976,0.113436341285706,0.0746066570281982,0.204999729990959
25081,0.462870925664902,0.154795631766319,0.210093840956688,0.17223958671093
25082,0.155676960945129,0.399184286594391,0.312741458415985,0.132397323846817
25083,0.176345586776733,0.355077981948853,0.256035625934601,0.212540864944458
25084,0.435182392597199,0.204354748129845,0.298747897148132,0.0617149397730827
25085,0.250828504562378,0.50398451089859,0.178834304213524,0.0663526803255081
25086,0.554409205913544,0.186134710907936,0.189357712864876,0.0700983628630638
25087,0.133158758282661,0.364818692207336,0.430187970399857,0.0718345865607262
25088,0.470339119434357,0.221167042851448,0.241785198450089,0.0667087063193321
25089,0.139877244830132,0.124782457947731,0.651978611946106,0.0833616852760315
25090,0.517783164978027,0.251690864562988,0.167286038398743,0.0632399320602417
25091,0.330431312322617,0.160503923892975,0.348870396614075,0.160194337368011
25092,0.357966512441635,0.210419431328774,0.070083923637867,0.361530125141144
25093,0.557388365268707,0.115020737051964,0.180843770503998,0.14674711227417
25094,0.133715331554413,0.258403480052948,0.529215276241303,0.0786659643054009
25095,0.11745585501194,0.442202270030975,0.376778364181519,0.0635635405778885
25096,0.0936159044504166,0.219970643520355,0.326237767934799,0.36017569899559
25097,0.159827321767807,0.276862263679504,0.486966788768768,0.0763436406850815
25098,0.426610767841339,0.170021519064903,0.202094480395317,0.201273247599602
25099,0.111840456724167,0.395499855279923,0.407703578472137,0.084956131875515
25100,0.144381955265999,0.228697016835213,0.503160357475281,0.12376070022583
25101,0.360658943653107,0.227417305111885,0.270574361085892,0.141349360346794
25102,0.297425150871277,0.236270546913147,0.20027394592762,0.266030341386795
25103,0.282448321580887,0.400167793035507,0.185014635324478,0.132369220256805
25104,0.132585763931274,0.259302824735642,0.492054492235184,0.116056993603706
25105,0.134096726775169,0.300879567861557,0.430764943361282,0.13425874710083
25106,0.318539470434189,0.300116062164307,0.231250822544098,0.150093600153923
25107,0.14364267885685,0.426836222410202,0.17583030462265,0.253690809011459
25108,0.153534859418869,0.435398638248444,0.293681234121323,0.117385290563107
25109,0.207500234246254,0.449337065219879,0.19974011182785,0.143422588706017
25110,0.235097870230675,0.161840692162514,0.274806529283524,0.32825493812561
25111,0.217429339885712,0.170772835612297,0.298924714326859,0.312873095273972
25112,0.136523649096489,0.227330937981606,0.448917418718338,0.187227964401245
25113,0.380470007658005,0.319577306509018,0.159643083810806,0.140309602022171
25114,0.247273430228233,0.229309871792793,0.355853885412216,0.167562767863274
25115,0.129071980714798,0.407232165336609,0.305649042129517,0.158046871423721
25116,0.290371417999268,0.318503141403198,0.233617410063744,0.157508045434952
25117,0.499770283699036,0.216518476605415,0.1609837859869,0.122727453708649
25118,0.346535444259644,0.258665412664413,0.249977231025696,0.144821912050247
25119,0.0997270420193672,0.327099710702896,0.429453670978546,0.143719553947449
25120,0.351554691791534,0.276409327983856,0.0894998237490654,0.282536178827286
25121,0.378750503063202,0.179370254278183,0.2610744535923,0.180804789066315
25122,0.354556560516357,0.313204854726791,0.221806019544601,0.110432557761669
25123,0.412710249423981,0.166816458106041,0.335182905197144,0.0852904096245766
25124,0.113159410655499,0.16486981511116,0.584087133407593,0.137883603572845
25125,0.678362846374512,0.132849082350731,0.106777727603912,0.0820103138685226
25126,0.0729518458247185,0.451241433620453,0.342294484376907,0.133512198925018
25127,0.331520825624466,0.201360493898392,0.209875851869583,0.257242828607559
25128,0.270709663629532,0.173342227935791,0.173484891653061,0.382463186979294
25129,0.25597956776619,0.272386133670807,0.387900799512863,0.0837334543466568
25130,0.218558818101883,0.184960842132568,0.205961376428604,0.390518993139267
25131,0.261100739240646,0.395564615726471,0.0514964051544666,0.29183828830719
25132,0.46927285194397,0.230986133217812,0.13870595395565,0.161035090684891
25133,0.68048906326294,0.104511544108391,0.128439456224442,0.0865598917007446
25134,0.260034054517746,0.322213023900986,0.117282159626484,0.300470799207687
25135,0.0857417806982994,0.567479252815247,0.0944848731160164,0.25229412317276
25136,0.228386148810387,0.32175025343895,0.329184740781784,0.120678834617138
25137,0.104703538119793,0.515803873538971,0.123980402946472,0.255512148141861
25138,0.163143485784531,0.36347708106041,0.206969261169434,0.266410171985626
25139,0.206824108958244,0.301423370838165,0.219677090644836,0.27207538485527
25140,0.164403483271599,0.096786305308342,0.470717370510101,0.268092840909958
25141,0.246242165565491,0.392544120550156,0.191192880272865,0.17002084851265
25142,0.193718791007996,0.350136160850525,0.111459255218506,0.344685763120651
25143,0.17435996234417,0.279706329107285,0.159495145082474,0.386438578367233
25144,0.226158112287521,0.252101838588715,0.14227332174778,0.379466712474823
25145,0.338958650827408,0.179541140794754,0.16369640827179,0.317803740501404
25146,0.265594631433487,0.503712236881256,0.0867033302783966,0.143989816308022
25147,0.205477192997932,0.133086279034615,0.433866739273071,0.227569818496704
25148,0.303644806146622,0.297301977872849,0.0858652889728546,0.313187927007675
25149,0.15320648252964,0.565167725086212,0.189304813742638,0.0923210307955742
25150,0.131097093224525,0.140107467770576,0.502574145793915,0.226221308112144
25151,0.0765317380428314,0.478619277477264,0.170615628361702,0.274233371019363
25152,0.468976020812988,0.0928528159856796,0.131356790661812,0.30681437253952
25153,0.343849062919617,0.43443900346756,0.125882595777512,0.0958293527364731
25154,0.239958465099335,0.167946487665176,0.38873291015625,0.2033621519804
25155,0.0800652205944061,0.604526698589325,0.0606214813888073,0.254786550998688
25156,0.131475061178207,0.690301597118378,0.0949451178312302,0.083278238773346
25157,0.14517642557621,0.581896543502808,0.14820271730423,0.124724335968494
25158,0.496504724025726,0.322535634040833,0.107036493718624,0.0739232152700424
25159,0.15659686923027,0.408143669366837,0.197352558374405,0.237906947731972
25160,0.241922706365585,0.297200739383698,0.303958684206009,0.156917840242386
25161,0.348175317049027,0.135984241962433,0.188874989748001,0.326965481042862
25162,0.338689148426056,0.254756182432175,0.0824408531188965,0.324113816022873
25163,0.138664364814758,0.145041286945343,0.595281898975372,0.121012456715107
25164,0.505110204219818,0.328358769416809,0.0902978852391243,0.0762331336736679
25165,0.214602887630463,0.134021565318108,0.21054695546627,0.440828621387482
25166,0.152975037693977,0.165461972355843,0.402994006872177,0.278568983078003
25167,0.302382051944733,0.459890812635422,0.116607397794724,0.121119730174541
25168,0.201762050390244,0.425538241863251,0.0611571557819843,0.311542600393295
25169,0.280103117227554,0.237467125058174,0.108397908508778,0.374031841754913
25170,0.418116539716721,0.402517765760422,0.0941141024231911,0.0852515697479248
25171,0.514909029006958,0.159241676330566,0.146138221025467,0.179711103439331
25172,0.188928544521332,0.444782882928848,0.158536359667778,0.207752212882042
25173,0.459809929132462,0.0614404305815697,0.187650084495544,0.291099578142166
25174,0.522837102413178,0.109028153121471,0.189668610692024,0.178466081619263
25175,0.60704243183136,0.146108508110046,0.0780922695994377,0.168756753206253
25176,0.116506077349186,0.265413731336594,0.50625467300415,0.111825510859489
25177,0.235366448760033,0.253080010414124,0.268243730068207,0.243309840559959
25178,0.237954199314117,0.283073544502258,0.392966896295548,0.0860053449869156
25179,0.609063982963562,0.140844449400902,0.170603036880493,0.0794885084033012
25180,0.365089386701584,0.0876767635345459,0.356698095798492,0.190535739064217
25181,0.10311433672905,0.151040181517601,0.653691232204437,0.092154249548912
25182,0.286842674016953,0.202693417668343,0.175781980156899,0.334681928157806
25183,0.354453384876251,0.262509703636169,0.245790436863899,0.137246459722519
25184,0.151330426335335,0.189285323023796,0.448442816734314,0.210941404104233
25185,0.277711451053619,0.189353793859482,0.267021924257278,0.26591283082962
25186,0.164638057351112,0.654851973056793,0.0786040872335434,0.101905897259712
25187,0.274979025125504,0.218373671174049,0.16489452123642,0.341752797365189
25188,0.140236854553223,0.117138862609863,0.534133553504944,0.208490744233131
25189,0.437167376279831,0.191788703203201,0.19539076089859,0.175653174519539
25190,0.361345559358597,0.440567553043366,0.0785800591111183,0.119506858289242
25191,0.100827716290951,0.61822646856308,0.150900840759277,0.130044966936111
25192,0.165432587265968,0.309265285730362,0.250499129295349,0.274803012609482
25193,0.388683319091797,0.370516687631607,0.112501725554466,0.128298282623291
25194,0.216018244624138,0.40869265794754,0.248041361570358,0.127247735857964
25195,0.172173142433167,0.221251308917999,0.353213369846344,0.253362149000168
25196,0.140788570046425,0.298007547855377,0.230920195579529,0.330283671617508
25197,0.11490111798048,0.590357601642609,0.142185926437378,0.152555406093597
25198,0.224108144640923,0.411140382289886,0.0795521140098572,0.285199373960495
25199,0.288099378347397,0.112334780395031,0.444817095994949,0.154748782515526
25200,0.159355729818344,0.410883396863937,0.104534082114697,0.325226753950119
25201,0.241200625896454,0.131210014224052,0.260698705911636,0.366890639066696
25202,0.301172405481339,0.146312907338142,0.301090836524963,0.251423865556717
25203,0.33279299736023,0.386395633220673,0.141454756259918,0.139356583356857
25204,0.105705134570599,0.0970509424805641,0.47377622127533,0.323467701673508
25205,0.173857554793358,0.224886298179626,0.227477759122849,0.373778373003006
25206,0.203688353300095,0.421845346689224,0.182678773999214,0.191787570714951
25207,0.13906055688858,0.152796074748039,0.203992575407028,0.504150807857513
25208,0.312039703130722,0.286595195531845,0.233065217733383,0.16829988360405
25209,0.1730996966362,0.0561830326914787,0.457091897726059,0.313625395298004
25210,0.180428132414818,0.202016770839691,0.425286591053009,0.192268520593643
25211,0.102337099611759,0.313312202692032,0.387854188680649,0.196496456861496
25212,0.380993008613586,0.260818719863892,0.170568436384201,0.187619805335999
25213,0.175217062234879,0.126665130257607,0.486651539802551,0.211466237902641
25214,0.160886749625206,0.235979184508324,0.40018293261528,0.202951148152351
25215,0.398039102554321,0.252887338399887,0.223564296960831,0.125509276986122
25216,0.311317920684814,0.387302994728088,0.175701752305031,0.125677272677422
25217,0.494289577007294,0.318884015083313,0.119097709655762,0.0677286460995674
25218,0.323590070009232,0.410146415233612,0.0787177979946137,0.187545716762543
25219,0.232782751321793,0.544783055782318,0.0756568983197212,0.146777257323265
25220,0.201408624649048,0.177423983812332,0.441914111375809,0.17925326526165
25221,0.138120844960213,0.675301253795624,0.108795158565044,0.0777827426791191
25222,0.169063851237297,0.339053064584732,0.409011214971542,0.0828718543052673
25223,0.177673429250717,0.346698015928268,0.18191733956337,0.293711245059967
25224,0.0958767533302307,0.707190692424774,0.112654447555542,0.0842781290411949
25225,0.398009479045868,0.127530246973038,0.27279269695282,0.201667532324791
25226,0.607236623764038,0.176808565855026,0.146369069814682,0.0695857331156731
25227,0.0778306350111961,0.728479206562042,0.123411029577255,0.0702791213989258
25228,0.128532394766808,0.180635735392571,0.505930066108704,0.184901848435402
25229,0.0861131027340889,0.213095396757126,0.539296388626099,0.161495104432106
25230,0.183860793709755,0.175286769866943,0.566127419471741,0.074725054204464
25231,0.0809120833873749,0.497890174388886,0.21810694038868,0.203090831637383
25232,0.213588371872902,0.493625402450562,0.111358098685741,0.181428149342537
25233,0.18944488465786,0.379856020212173,0.307703942060471,0.122995145618916
25234,0.200968816876411,0.306085675954819,0.401954859495163,0.0909906327724457
25235,0.408433049917221,0.231507688760757,0.259658962488174,0.100400321185589
25236,0.295489639043808,0.321688026189804,0.270989567041397,0.11183276027441
25237,0.234572842717171,0.461919724941254,0.200969696044922,0.102537795901299
25238,0.282787889242172,0.334082692861557,0.250519663095474,0.132609710097313
25239,0.296418219804764,0.418339818716049,0.182112351059914,0.10312957316637
25240,0.178518429398537,0.241151928901672,0.473971337080002,0.106358274817467
25241,0.46865314245224,0.247905656695366,0.194055274128914,0.0893858969211578
25242,0.175246015191078,0.298435419797897,0.3451087474823,0.181209877133369
25243,0.158827066421509,0.452481359243393,0.296747982501984,0.091943621635437
25244,0.248544380068779,0.448409587144852,0.189239472150803,0.113806553184986
25245,0.216697931289673,0.195163920521736,0.491488218307495,0.0966499522328377
25246,0.242464512586594,0.351207286119461,0.300487637519836,0.105840548872948
25247,0.210154667496681,0.25638347864151,0.378945529460907,0.154516369104385
25248,0.156470075249672,0.273385375738144,0.325878620147705,0.244265913963318
25249,0.190668001770973,0.51704066991806,0.204875066876411,0.0874162688851357
25250,0.256754398345947,0.333027422428131,0.299780339002609,0.110437825322151
25251,0.178380444645882,0.229688510298729,0.407444000244141,0.184487015008926
25252,0.601094007492065,0.126347288489342,0.176720485091209,0.0958382114768028
25253,0.273200929164886,0.359097868204117,0.19973024725914,0.167970985174179
25254,0.429197788238525,0.246751114726067,0.0746075436472893,0.249443531036377
25255,0.502485752105713,0.247070327401161,0.105621762573719,0.144822165369988
25256,0.187153443694115,0.636804223060608,0.113184399902821,0.0628579333424568
25257,0.179842039942741,0.307644307613373,0.384968370199204,0.127545267343521
25258,0.436384409666061,0.134301245212555,0.165070578455925,0.264243811368942
25259,0.196712717413902,0.490730732679367,0.198246762156487,0.114309795200825
25260,0.0869121626019478,0.491280525922775,0.2108014523983,0.211005911231041
25261,0.501986443996429,0.212091162800789,0.214589983224869,0.0713324099779129
25262,0.244682982563972,0.361213952302933,0.12893882393837,0.265164226293564
25263,0.382325947284699,0.212488859891891,0.266873806715012,0.138311371207237
25264,0.168650105595589,0.149747014045715,0.414458096027374,0.267144769430161
25265,0.518293678760529,0.291887581348419,0.11474671959877,0.0750720202922821
25266,0.211131826043129,0.511734902858734,0.199548915028572,0.0775843560695648
25267,0.128696098923683,0.262328028678894,0.451173096895218,0.157802745699883
25268,0.137166634202003,0.372283607721329,0.413524240255356,0.077025517821312
25269,0.20243413746357,0.28293976187706,0.161222517490387,0.353403598070145
25270,0.445984125137329,0.161639794707298,0.18148635327816,0.210889771580696
25271,0.0563350431621075,0.245493516325951,0.601398766040802,0.0967726930975914
25272,0.163449108600616,0.260841101408005,0.315558969974518,0.260150820016861
25273,0.257910132408142,0.216790229082108,0.255819380283356,0.269480258226395
25274,0.266483545303345,0.216832891106606,0.248684540390968,0.267999023199081
25275,0.510686576366425,0.261734873056412,0.144296199083328,0.0832823216915131
25276,0.391357213258743,0.363859057426453,0.147149756550789,0.0976339876651764
25277,0.126171723008156,0.0777893140912056,0.552238643169403,0.243800282478333
25278,0.362093925476074,0.384677767753601,0.0951753109693527,0.15805296599865
25279,0.515807688236237,0.11875008046627,0.0552306324243546,0.310211598873138
25280,0.129052355885506,0.157084167003632,0.633519053459168,0.0803444385528565
25281,0.239768296480179,0.0971091166138649,0.575980961322784,0.0871416330337524
25282,0.492140740156174,0.10760111361742,0.171218872070313,0.229039296507835
25283,0.192079216241837,0.102723255753517,0.413485914468765,0.291711568832397
25284,0.192871451377869,0.525443434715271,0.144575297832489,0.137109830975533
25285,0.482556998729706,0.161322936415672,0.147938743233681,0.20818130671978
25286,0.519677579402924,0.141150489449501,0.126410469412804,0.212761461734772
25287,0.103455021977425,0.68257075548172,0.135949790477753,0.0780244097113609
25288,0.127812594175339,0.107973903417587,0.308855295181274,0.455358266830444
25289,0.0672641023993492,0.419159919023514,0.2040825933218,0.30949342250824
25290,0.226197183132172,0.398691892623901,0.195510625839233,0.179600283503532
25291,0.384017318487167,0.196589574217796,0.193184792995453,0.226208329200745
25292,0.213396921753883,0.169785991311073,0.298233330249786,0.318583786487579
25293,0.166529208421707,0.290261089801788,0.249319672584534,0.293890029191971
25294,0.155654177069664,0.454598069190979,0.100740313529968,0.28900745511055
25295,0.192116230726242,0.118259854614735,0.352655798196793,0.336968094110489
25296,0.133585557341576,0.692845284938812,0.104821674525738,0.0687474980950356
25297,0.094171404838562,0.599526703357697,0.161685675382614,0.144616261124611
25298,0.64393538236618,0.0975438058376312,0.166659280657768,0.0918615385890007
25299,0.517074525356293,0.128695234656334,0.25031504034996,0.103915177285671
25300,0.204620406031609,0.524093806743622,0.0785602554678917,0.19272555410862
25301,0.489057391881943,0.0835347473621368,0.194580346345902,0.232827514410019
25302,0.489727228879929,0.13333135843277,0.142697483301163,0.234243959188461
25303,0.142479375004768,0.554815948009491,0.195821925997734,0.106882721185684
25304,0.0691921785473824,0.137454837560654,0.55136650800705,0.241986468434334
25305,0.572254955768585,0.167724579572678,0.167813122272491,0.0922073274850845
25306,0.221527323126793,0.442960917949677,0.0869586393237114,0.248553141951561
25307,0.184544950723648,0.303277611732483,0.155959233641624,0.356218218803406
25308,0.159170463681221,0.659641623497009,0.106296613812447,0.0748912468552589
25309,0.119144968688488,0.230153262615204,0.369736284017563,0.280965447425842
25310,0.47576966881752,0.301324099302292,0.0826259404420853,0.140280246734619
25311,0.382339030504227,0.276718825101852,0.272219747304916,0.0687223896384239
25312,0.155420407652855,0.176006957888603,0.602200925350189,0.0663717016577721
25313,0.349696278572083,0.243951857089996,0.265859693288803,0.140492171049118
25314,0.487275183200836,0.196615681052208,0.116625919938087,0.199483200907707
25315,0.477441012859345,0.224596053361893,0.227729201316834,0.0702337026596069
25316,0.297563254833221,0.210497513413429,0.20516374707222,0.286775499582291
25317,0.267929971218109,0.253542095422745,0.332293480634689,0.146234452724457
25318,0.517758190631867,0.194073632359505,0.198999494314194,0.0891686677932739
25319,0.316323578357697,0.486290603876114,0.123502478003502,0.0738833844661713
25320,0.142862305045128,0.147784113883972,0.532727539539337,0.176626041531563
25321,0.118630819022655,0.276796489953995,0.522080063819885,0.0824926421046257
25322,0.411309212446213,0.208247765898705,0.306953996419907,0.0734890624880791
25323,0.429576754570007,0.170447900891304,0.312699407339096,0.0872759968042374
25324,0.285370022058487,0.40864884853363,0.142552986741066,0.1634281873703
25325,0.254354119300842,0.472977250814438,0.0553187690675259,0.217349857091904
25326,0.181542530655861,0.204489171504974,0.354911357164383,0.259056955575943
25327,0.141102805733681,0.43377423286438,0.175484508275986,0.249638423323631
25328,0.172834455966949,0.0901269242167473,0.572914779186249,0.164123862981796
25329,0.24904191493988,0.140787646174431,0.217356264591217,0.392814129590988
25330,0.151277288794518,0.211002945899963,0.453224062919617,0.184495687484741
25331,0.222501456737518,0.405111700296402,0.0625592991709709,0.309827595949173
25332,0.250006169080734,0.265855640172958,0.163418591022491,0.320719629526138
25333,0.13626916706562,0.409572958946228,0.101592451334,0.352565467357636
25334,0.279915660619736,0.446117520332336,0.0636555254459381,0.210311323404312
25335,0.149323984980583,0.265899389982224,0.336838781833649,0.247937858104706
25336,0.130994901061058,0.285479962825775,0.425300598144531,0.158224493265152
25337,0.150559410452843,0.0681681111454964,0.40910404920578,0.372168391942978
25338,0.152398869395256,0.180342242121696,0.459037125110626,0.208221703767777
25339,0.350129723548889,0.0986876413226128,0.361238360404968,0.189944237470627
25340,0.150740951299667,0.563537061214447,0.159948080778122,0.125773921608925
25341,0.124364383518696,0.612944424152374,0.107288643717766,0.155402526259422
25342,0.113667115569115,0.28768602013588,0.468205630779266,0.130441293120384
25343,0.197181150317192,0.32142361998558,0.399679720401764,0.0817155241966248
25344,0.176770433783531,0.178541153669357,0.445398092269897,0.199290320277214
25345,0.18708673119545,0.314738243818283,0.33030441403389,0.1678706407547
25346,0.291149199008942,0.0765990614891052,0.283322244882584,0.348929524421692
25347,0.436692833900452,0.260960340499878,0.200587421655655,0.101759426295757
25348,0.323882162570953,0.223928794264793,0.20007236301899,0.252116680145264
25349,0.141536474227905,0.250151872634888,0.517177879810333,0.091133750975132
25350,0.393659681081772,0.202427878975868,0.230241253972054,0.173671171069145
25351,0.262081056833267,0.194690465927124,0.363810271024704,0.179418176412582
25352,0.256911963224411,0.230218961834908,0.170664280653,0.34220477938652
25353,0.177866101264954,0.140362307429314,0.329912275075913,0.351859331130981
25354,0.470719516277313,0.16879115998745,0.27262806892395,0.0878612175583839
25355,0.125029757618904,0.396340250968933,0.151440516114235,0.327189475297928
25356,0.139925688505173,0.146911203861237,0.289971709251404,0.423191398382187
25357,0.174321860074997,0.364862859249115,0.354811519384384,0.106003776192665
25358,0.330362349748611,0.259194135665894,0.238799199461937,0.171644315123558
25359,0.466289967298508,0.150385543704033,0.279431879520416,0.103892661631107
25360,0.143084958195686,0.234747380018234,0.413185358047485,0.208982288837433
25361,0.305422514677048,0.167531698942184,0.391527086496353,0.135518699884415
25362,0.136445999145508,0.132966905832291,0.555324614048004,0.175262466073036
25363,0.143313929438591,0.315242737531662,0.172343552112579,0.369099795818329
25364,0.160860285162926,0.219453424215317,0.407555371522903,0.212130919098854
25365,0.419734507799149,0.0886611416935921,0.15560345351696,0.336000859737396
25366,0.192545339465141,0.326838850975037,0.277575552463532,0.203040212392807
25367,0.17338852584362,0.405622929334641,0.293961673974991,0.127026930451393
25368,0.292739987373352,0.433686763048172,0.206779465079308,0.066793754696846
25369,0.297417432069778,0.224448904395103,0.33761927485466,0.140514373779297
25370,0.183713540434837,0.294693142175674,0.388422697782517,0.133170634508133
25371,0.157289087772369,0.558816611766815,0.177764445543289,0.106129840016365
25372,0.433786511421204,0.110307842493057,0.377581655979157,0.0783239752054215
25373,0.172280848026276,0.449803948402405,0.269336432218552,0.108578756451607
25374,0.132926747202873,0.273127377033234,0.516099989414215,0.0778458714485169
25375,0.199627816677094,0.499134719371796,0.205922976136208,0.0953144654631615
25376,0.226696312427521,0.191802754998207,0.377184957265854,0.204315945506096
25377,0.205937638878822,0.454049050807953,0.223941668868065,0.116071611642838
25378,0.388201862573624,0.206568375229836,0.309152841567993,0.0960768908262253
25379,0.239213109016418,0.523418068885803,0.154643997550011,0.08272485435009
25380,0.212156936526299,0.507685840129852,0.180232107639313,0.0999251157045364
25381,0.210140660405159,0.285618484020233,0.203748166561127,0.30049267411232
25382,0.538403153419495,0.160921022295952,0.171092137694359,0.129583656787872
25383,0.132025554776192,0.588294506072998,0.186491400003433,0.0931885242462158
25384,0.180977880954742,0.228844717144966,0.437265485525131,0.152911871671677
25385,0.162366256117821,0.113312043249607,0.577808201313019,0.14651346206665
25386,0.278530478477478,0.216704353690147,0.169176355004311,0.335588783025742
25387,0.285948514938355,0.114544071257114,0.233730405569077,0.365776985883713
25388,0.228760436177254,0.315618485212326,0.373251706361771,0.0823693796992302
25389,0.24150125682354,0.426332473754883,0.20594634115696,0.126219943165779
25390,0.173693716526032,0.284733206033707,0.466652303934097,0.0749207362532616
25391,0.206695809960365,0.254028499126434,0.27497124671936,0.264304429292679
25392,0.204033717513084,0.103658430278301,0.585036277770996,0.107271559536457
25393,0.123460412025452,0.483803510665894,0.26922932267189,0.123506739735603
25394,0.180939674377441,0.227262899279594,0.529984056949616,0.0618133880198002
25395,0.17047031223774,0.266048789024353,0.347130358219147,0.216350510716438
25396,0.179868996143341,0.522199511528015,0.193761378526688,0.104170106351376
25397,0.176544100046158,0.199623063206673,0.527489423751831,0.0963434725999832
25398,0.266093462705612,0.168832942843437,0.301559865474701,0.263513743877411
25399,0.225235670804977,0.265632331371307,0.203516378998756,0.30561563372612
25400,0.143116310238838,0.397819370031357,0.307249337434769,0.151815012097359
25401,0.228798180818558,0.195182427763939,0.198856145143509,0.377163290977478
25402,0.427799254655838,0.204520851373672,0.213000804185867,0.1546790599823
25403,0.177020683884621,0.374857813119888,0.34856790304184,0.0995535999536514
25404,0.240648820996285,0.194410219788551,0.33351144194603,0.231429532170296
25405,0.373802751302719,0.295270383358002,0.230877622961998,0.100049234926701
25406,0.157386496663094,0.27065309882164,0.288769721984863,0.28319063782692
25407,0.177686646580696,0.118943691253662,0.422815978527069,0.280553668737412
25408,0.252140522003174,0.299899250268936,0.184770181775093,0.263190031051636
25409,0.227635189890862,0.138547703623772,0.53461354970932,0.0992035493254662
25410,0.0567588582634926,0.303005635738373,0.482648640871048,0.157586917281151
25411,0.135870218276978,0.198692753911018,0.195408165454865,0.470028817653656
25412,0.363297492265701,0.352206230163574,0.191132038831711,0.0933642387390137
25413,0.504302561283112,0.208727836608887,0.20420053601265,0.0827690437436104
25414,0.123509339988232,0.262218415737152,0.51250284910202,0.101769402623177
25415,0.123680800199509,0.165777802467346,0.460263460874558,0.250277936458588
25416,0.26478099822998,0.26976677775383,0.228687539696693,0.236764714121819
25417,0.138755053281784,0.307362794876099,0.463395982980728,0.0904861688613892
25418,0.138432383537292,0.507549226284027,0.157695740461349,0.196322664618492
25419,0.15889185667038,0.274929136037827,0.483136832714081,0.083042211830616
25420,0.166031554341316,0.311648488044739,0.289097487926483,0.233222469687462
25421,0.30231437087059,0.358000695705414,0.242900893092155,0.0967839956283569
25422,0.236975878477097,0.197095915675163,0.111967504024506,0.453960657119751
25423,0.423776566982269,0.100628592073917,0.294602066278458,0.180992782115936
25424,0.143298551440239,0.187873840332031,0.483527600765228,0.185300067067146
25425,0.161646857857704,0.0974469408392906,0.571909964084625,0.168996214866638
25426,0.198252841830254,0.518230378627777,0.0903549939393997,0.193161755800247
25427,0.191901281476021,0.263673335313797,0.281346946954727,0.263078391551971
25428,0.101601921021938,0.0579557977616787,0.527717590332031,0.312724649906158
25429,0.289008855819702,0.0863825306296349,0.301870942115784,0.322737693786621
25430,0.534819304943085,0.123656556010246,0.229272842407227,0.112251311540604
25431,0.0990928038954735,0.55366438627243,0.187665328383446,0.15957747399807
25432,0.302801042795181,0.15543806552887,0.187836840748787,0.353924065828323
25433,0.053481686860323,0.0849257931113243,0.578375697135925,0.283216804265976
25434,0.443928927183151,0.121498666703701,0.217961817979813,0.216610610485077
25435,0.431603342294693,0.255144685506821,0.13338640332222,0.179865598678589
25436,0.145328983664513,0.486482977867127,0.0535649247467518,0.314623087644577
25437,0.415205031633377,0.275623708963394,0.148449301719666,0.160721927881241
25438,0.231286853551865,0.266398966312408,0.386929899454117,0.11538428068161
25439,0.140162363648415,0.0951270386576653,0.449999302625656,0.314711302518845
25440,0.0743422582745552,0.0713850259780884,0.628436923027039,0.225835770368576
25441,0.398456782102585,0.196742445230484,0.1529600918293,0.251840710639954
25442,0.0755052193999291,0.0745478644967079,0.631684541702271,0.218262374401093
25443,0.416493654251099,0.270119577646256,0.103459842503071,0.209926903247833
25444,0.119873724877834,0.233924865722656,0.340433716773987,0.305767685174942
25445,0.188978374004364,0.485757410526276,0.174663349986076,0.150600895285606
25446,0.408470988273621,0.210895165801048,0.0988908261060715,0.28174301981926
25447,0.163614362478256,0.356792151927948,0.130968004465103,0.34862545132637
25448,0.364651948213577,0.308189868927002,0.075992725789547,0.251165449619293
25449,0.0749877393245697,0.519539296627045,0.115924440324307,0.289548546075821
25450,0.588134050369263,0.133898541331291,0.187314316630363,0.0906531065702438
25451,0.231386408209801,0.536458909511566,0.140330135822296,0.091824546456337
25452,0.600563704967499,0.143447443842888,0.060961090028286,0.195027768611908
25453,0.0994968190789223,0.132159620523453,0.211506053805351,0.556837499141693
25454,0.24524462223053,0.136358663439751,0.438723713159561,0.179673001170158
25455,0.388477802276611,0.172797456383705,0.129432439804077,0.309292286634445
25456,0.195499390363693,0.191236600279808,0.203819379210472,0.409444630146027
25457,0.0951798483729362,0.168129026889801,0.561460971832275,0.175230085849762
25458,0.550730645656586,0.138002127408981,0.136247381567955,0.175019830465317
25459,0.663695216178894,0.110286176204681,0.106357619166374,0.119660995900631
25460,0.100685678422451,0.266661137342453,0.548701286315918,0.0839519277215004
25461,0.0464363247156143,0.0981368571519852,0.358962059020996,0.496464759111404
25462,0.141436129808426,0.417772471904755,0.0565067604184151,0.384284675121307
25463,0.364633113145828,0.0746758356690407,0.180887401103973,0.379803657531738
25464,0.0603293403983116,0.446395546197891,0.222564414143562,0.270710647106171
25465,0.680120706558228,0.117313347756863,0.0525942370295525,0.14997173845768
25466,0.062319852411747,0.167733862996101,0.622947156429291,0.14699912071228
25467,0.188653185963631,0.175684928894043,0.0555700547993183,0.580091834068298
25468,0.0883264169096947,0.356953114271164,0.208564192056656,0.346156299114227
25469,0.12836629152298,0.549097001552582,0.0437079332768917,0.278828710317612
25470,0.129068970680237,0.166848331689835,0.555489838123322,0.148592874407768
25471,0.0422374084591866,0.293776988983154,0.0437681563198566,0.620217442512512
25472,0.156783655285835,0.176008865237236,0.141857296228409,0.525350213050842
25473,0.331534802913666,0.118364058434963,0.215616375207901,0.334484785795212
25474,0.141252383589745,0.470635503530502,0.0426323562860489,0.345479816198349
25475,0.0854823961853981,0.532694578170776,0.0917036011815071,0.29011943936348
25476,0.224914520978928,0.347393900156021,0.0404956266283989,0.387195944786072
25477,0.140519425272942,0.13176541030407,0.258300364017487,0.46941477060318
25478,0.0765845626592636,0.27117645740509,0.0424081012606621,0.609830856323242
25479,0.050470057874918,0.0678970813751221,0.679834187030792,0.201798662543297
25480,0.22481007874012,0.107329703867435,0.341519832611084,0.326340407133102
25481,0.150559976696968,0.625236332416534,0.0949912443757057,0.129212498664856
25482,0.346035271883011,0.25501760840416,0.299317061901093,0.0996300429105759
25483,0.21610552072525,0.46276393532753,0.239693909883499,0.0814366042613983
25484,0.274685502052307,0.124134726822376,0.24481475353241,0.356365025043488
25485,0.529713213443756,0.167073860764503,0.202757298946381,0.100455656647682
25486,0.188574731349945,0.224587619304657,0.353191792964935,0.233645901083946
25487,0.26876574754715,0.14664463698864,0.218634828925133,0.365954756736755
25488,0.303069770336151,0.189873293042183,0.180876970291138,0.326179921627045
25489,0.256097674369812,0.322181314229965,0.184244081377983,0.237476870417595
25490,0.135404214262962,0.153851374983788,0.614149808883667,0.0965946093201637
25491,0.129414215683937,0.34050440788269,0.172169521450996,0.357911854982376
25492,0.450795352458954,0.216812819242477,0.21507428586483,0.117317542433739
25493,0.0716686621308327,0.100113622844219,0.359225600957871,0.468992114067078
25494,0.387400656938553,0.270035266876221,0.13201268017292,0.210551381111145
25495,0.422536641359329,0.144156947731972,0.253447949886322,0.179858505725861
25496,0.0752523243427277,0.193739503622055,0.648692607879639,0.0823155492544174
25497,0.0808700174093247,0.12588332593441,0.70435643196106,0.0888902768492699
25498,0.59850287437439,0.0950086265802383,0.0891958475112915,0.217292636632919
25499,0.139932513237,0.197311714291573,0.510811388492584,0.151944354176521
25500,0.574314892292023,0.0854682549834251,0.226441755890846,0.113775089383125
25501,0.159740120172501,0.425393104553223,0.237301707267761,0.177565068006516
25502,0.364266127347946,0.139748245477676,0.394346505403519,0.101639144122601
25503,0.093684159219265,0.102687649428844,0.556298851966858,0.247329354286194
25504,0.246111765503883,0.540882527828217,0.129680052399635,0.0833256244659424
25505,0.168416917324066,0.35815504193306,0.254131227731705,0.219296813011169
25506,0.172621950507164,0.174605086445808,0.460663199424744,0.192109704017639
25507,0.231188461184502,0.219676852226257,0.171013057231903,0.378121644258499
25508,0.0947382152080536,0.620269238948822,0.204924270510674,0.0800682604312897
25509,0.388987600803375,0.162742018699646,0.293162703514099,0.155107706785202
25510,0.275194555521011,0.241438925266266,0.266648769378662,0.216717734932899
25511,0.612846612930298,0.118757627904415,0.0837400108575821,0.184655711054802
25512,0.357184946537018,0.244200810790062,0.260868787765503,0.137745425105095
25513,0.142470300197601,0.245834678411484,0.202201336622238,0.409493714570999
25514,0.161576598882675,0.325033724308014,0.361120700836182,0.15226899087429
25515,0.107881411910057,0.423217684030533,0.13287827372551,0.336022615432739
25516,0.162455216050148,0.517373323440552,0.0847234427928925,0.235448002815247
25517,0.30709770321846,0.24301141500473,0.216330826282501,0.233560040593147
25518,0.315686851739883,0.265473663806915,0.249448582530022,0.169390887022018
25519,0.212745323777199,0.456302255392075,0.208847105503082,0.122105307877064
25520,0.172242164611816,0.338278710842133,0.33304688334465,0.156432256102562
25521,0.271133154630661,0.343032509088516,0.150243490934372,0.235590815544128
25522,0.164101183414459,0.390573352575302,0.208104476332665,0.237221017479897
25523,0.557548761367798,0.0989512130618095,0.202118784189224,0.141381219029427
25524,0.217088133096695,0.247621104121208,0.364772498607636,0.1705182492733
25525,0.421906352043152,0.18029773235321,0.126213163137436,0.271582722663879
25526,0.20360179245472,0.451435744762421,0.190929383039474,0.154033049941063
25527,0.277526527643204,0.242893680930138,0.234110355377197,0.245469465851784
25528,0.390427052974701,0.149573534727097,0.295172572135925,0.164826840162277
25529,0.42664310336113,0.166951164603233,0.228490769863129,0.177914991974831
25530,0.181091263890266,0.459418803453445,0.161611959338188,0.1978779733181
25531,0.100835427641869,0.209909856319428,0.58015775680542,0.109096966683865
25532,0.129153802990913,0.48904550075531,0.225307896733284,0.156492829322815
25533,0.283936023712158,0.213230207562447,0.386541336774826,0.116292484104633
25534,0.132892891764641,0.427168399095535,0.273430168628693,0.166508600115776
25535,0.260077059268951,0.451326996088028,0.119309231638908,0.169286727905273
25536,0.0804639831185341,0.367438584566116,0.404518485069275,0.147578969597816
25537,0.149234443902969,0.355160713195801,0.29931628704071,0.196288570761681
25538,0.475868552923203,0.20527184009552,0.220060959458351,0.0987986475229263
25539,0.406711280345917,0.295179188251495,0.214029803872108,0.0840797200798988
25540,0.132074818015099,0.190479919314384,0.584702610969544,0.0927425995469093
25541,0.421039223670959,0.322956889867783,0.186052292585373,0.0699515715241432
25542,0.130907192826271,0.337246119976044,0.20133376121521,0.330512940883636
25543,0.250296831130981,0.199461922049522,0.449750512838364,0.100490763783455
25544,0.305446118116379,0.485152840614319,0.0757182016968727,0.133682787418365
25545,0.457670450210571,0.208408117294312,0.228927686810493,0.104993723332882
25546,0.228507876396179,0.519931972026825,0.171897053718567,0.0796630755066872
25547,0.136342033743858,0.247741311788559,0.529744207859039,0.0861724764108658
25548,0.209582030773163,0.248438313603401,0.260853290557861,0.281126350164413
25549,0.145219638943672,0.109611481428146,0.502268135547638,0.242900744080544
25550,0.269493579864502,0.18203429877758,0.142855361104012,0.405616730451584
25551,0.260168015956879,0.131826013326645,0.196161299943924,0.411844700574875
25552,0.224012970924377,0.420982778072357,0.237378761172295,0.117625497281551
25553,0.165355235338211,0.551571249961853,0.169119164347649,0.113954357802868
25554,0.109388142824173,0.653103351593018,0.144239336252213,0.0932692289352417
25555,0.475688606500626,0.103799261152744,0.0974231138825417,0.32308903336525
25556,0.248506128787994,0.454262018203735,0.152042075991631,0.145189791917801
25557,0.334163516759872,0.308243989944458,0.195993825793266,0.161598712205887
25558,0.432874441146851,0.171450167894363,0.174564123153687,0.221111312508583
25559,0.452702701091766,0.221183627843857,0.186390250921249,0.139723420143127
25560,0.258622586727142,0.378979831933975,0.102567404508591,0.259830206632614
25561,0.218431487679482,0.41166153550148,0.142096310853958,0.227810680866241
25562,0.160682246088982,0.232586458325386,0.341464012861252,0.265267282724381
25563,0.357472389936447,0.215091466903687,0.255711942911148,0.171724230051041
25564,0.103020392358303,0.154245674610138,0.589161932468414,0.153572022914886
25565,0.338283747434616,0.0988163724541664,0.24591076374054,0.316989094018936
25566,0.0968562141060829,0.363290041685104,0.216250509023666,0.323603242635727
25567,0.0814605876803398,0.35635644197464,0.290281057357788,0.271901905536652
25568,0.346286833286285,0.3532674908638,0.13807487487793,0.162370800971985
25569,0.242846176028252,0.291615724563599,0.315555363893509,0.14998272061348
25570,0.300305366516113,0.156923368573189,0.244424730539322,0.29834657907486
25571,0.281821012496948,0.188899576663971,0.19217349588871,0.337105959653854
25572,0.446636348962784,0.130064770579338,0.140900999307632,0.282397866249084
25573,0.126055330038071,0.614875674247742,0.121318437159061,0.137750536203384
25574,0.132231116294861,0.0889554023742676,0.555039882659912,0.223773568868637
25575,0.393228620290756,0.248681902885437,0.260184586048126,0.0979048907756805
25576,0.332897871732712,0.221397459506989,0.333474576473236,0.112230099737644
25577,0.317261606454849,0.136090502142906,0.268531441688538,0.278116434812546
25578,0.454232215881348,0.253861576318741,0.150721609592438,0.141184568405151
25579,0.549359917640686,0.184656530618668,0.184232100844383,0.0817514806985855
25580,0.248076528310776,0.389796614646912,0.195856466889381,0.16627037525177
25581,0.464701533317566,0.175553306937218,0.149598374962807,0.21014678478241
25582,0.0993680059909821,0.244400799274445,0.226184338331223,0.430046886205673
25583,0.437540054321289,0.140951573848724,0.337753921747208,0.0837543979287148
25584,0.21604135632515,0.295834690332413,0.184485271573067,0.303638726472855
25585,0.187099173665047,0.293466180562973,0.190524891018868,0.328909754753113
25586,0.130818322300911,0.201288819313049,0.594830334186554,0.0730625167489052
25587,0.544387578964233,0.213157922029495,0.154330298304558,0.0881242230534554
25588,0.273340791463852,0.200036227703094,0.202077597379684,0.324545413255692
25589,0.497283399105072,0.252472817897797,0.146249264478683,0.10399454087019
25590,0.226728171110153,0.269493848085403,0.154539942741394,0.349238038063049
25591,0.159550994634628,0.351916700601578,0.227176442742348,0.261355876922607
25592,0.343042880296707,0.45494282245636,0.0956360548734665,0.106378257274628
25593,0.149470329284668,0.451221883296967,0.292519986629486,0.106787785887718
25594,0.212481915950775,0.310200214385986,0.261410295963287,0.21590755879879
25595,0.342531979084015,0.373076349496841,0.175107464194298,0.109284184873104
25596,0.0854174047708511,0.072071798145771,0.669510304927826,0.173000499606133
25597,0.400088369846344,0.217704892158508,0.11071602255106,0.271490663290024
25598,0.265449166297913,0.320445656776428,0.177332028746605,0.236773133277893
25599,0.162379890680313,0.182377949357033,0.46143713593483,0.193804994225502
25600,0.163216322660446,0.119871892035007,0.612213134765625,0.104698650538921
25601,0.554884850978851,0.0785075053572655,0.279580682516098,0.0870269238948822
25602,0.314275294542313,0.0840075463056564,0.247366964817047,0.354350239038467
25603,0.553813576698303,0.222251683473587,0.154286339879036,0.0696483626961708
25604,0.116588585078716,0.639427840709686,0.176142573356628,0.0678409934043884
25605,0.111752577126026,0.0995881482958794,0.313902169466019,0.474757134914398
25606,0.132633343338966,0.619023621082306,0.142185971140862,0.10615711659193
25607,0.290152013301849,0.424385815858841,0.0861052498221397,0.199356898665428
25608,0.124407298862934,0.285296469926834,0.29052397608757,0.299772262573242
25609,0.650560677051544,0.129151120781899,0.0844151601195335,0.135873004794121
25610,0.352349311113358,0.163053050637245,0.156505167484283,0.328092455863953
25611,0.134630009531975,0.391306072473526,0.360834777355194,0.11322920024395
25612,0.144263133406639,0.295934319496155,0.472474187612534,0.0873284041881561
25613,0.440461099147797,0.202060148119926,0.251657843589783,0.105820894241333
25614,0.306713044643402,0.228023752570152,0.195705264806747,0.269557893276215
25615,0.338735967874527,0.361367344856262,0.197080820798874,0.102815836668015
25616,0.136729508638382,0.400066316127777,0.256708264350891,0.206495895981789
25617,0.490694671869278,0.181089237332344,0.236740112304688,0.0914759337902069
25618,0.121484257280827,0.227625414729118,0.570260763168335,0.0806295797228813
25619,0.172093376517296,0.112778790295124,0.492244362831116,0.222883433103561
25620,0.157881036400795,0.114068500697613,0.460008978843689,0.268041431903839
25621,0.143797814846039,0.0861812978982925,0.663355052471161,0.106665827333927
25622,0.311573356389999,0.209061220288277,0.35600158572197,0.123363882303238
25623,0.154205307364464,0.440153956413269,0.179868534207344,0.225772216916084
25624,0.211044549942017,0.148605138063431,0.265870690345764,0.374479591846466
25625,0.167056903243065,0.220828130841255,0.172183200716972,0.439931750297546
25626,0.217196047306061,0.476844966411591,0.151618093252182,0.154340907931328
25627,0.28566300868988,0.345430493354797,0.147575974464417,0.221330508589745
25628,0.168148368597031,0.402506142854691,0.268303632736206,0.161041870713234
25629,0.274596840143204,0.461809873580933,0.170661211013794,0.0929320976138115
25630,0.218820929527283,0.519814908504486,0.119503051042557,0.141861125826836
25631,0.236494615674019,0.2135990858078,0.349685877561569,0.200220420956612
25632,0.156537309288979,0.444443166255951,0.318812996149063,0.0802065581083298
25633,0.162015154957771,0.229562982916832,0.349960088729858,0.258461743593216
25634,0.450483232736588,0.165275067090988,0.215378195047379,0.168863520026207
25635,0.570403039455414,0.2075365036726,0.127828106284142,0.0942322984337807
25636,0.355021625757217,0.222995981574059,0.203062400221825,0.218919977545738
25637,0.252046823501587,0.203038439154625,0.323240846395493,0.221673876047134
25638,0.213746264576912,0.324572801589966,0.151150181889534,0.310530751943588
25639,0.175292462110519,0.431222349405289,0.182800590991974,0.210684597492218
25640,0.257037729024887,0.216760188341141,0.234606236219406,0.291595846414566
25641,0.182016596198082,0.344031423330307,0.32729110121727,0.146660849452019
25642,0.0726817101240158,0.494062602519989,0.194136783480644,0.23911888897419
25643,0.13430455327034,0.669832766056061,0.103758208453655,0.0921044275164604
25644,0.619524896144867,0.109404295682907,0.137941032648087,0.133129745721817
25645,0.131603211164474,0.697985470294952,0.0978549867868423,0.0725563019514084
25646,0.252410233020782,0.148722395300865,0.505966663360596,0.0929007008671761
25647,0.132253810763359,0.21891051530838,0.426282078027725,0.222553595900536
25648,0.173606738448143,0.128949835896492,0.405977159738541,0.291466236114502
25649,0.208467990159988,0.514164507389069,0.166200235486031,0.111167319118977
25650,0.102517507970333,0.134342029690743,0.52747505903244,0.235665395855904
25651,0.37046816945076,0.317352801561356,0.214628532528877,0.0975505337119102
25652,0.44831794500351,0.142073974013329,0.0833298787474632,0.326278239488602
25653,0.152164295315743,0.387782275676727,0.312999129295349,0.14705428481102
25654,0.102835915982723,0.481503963470459,0.239437773823738,0.176222383975983
25655,0.0916101112961769,0.0771244168281555,0.66400021314621,0.167265236377716
25656,0.39218345284462,0.261606186628342,0.0975485742092133,0.248661756515503
25657,0.221966698765755,0.435358822345734,0.174989640712738,0.16768479347229
25658,0.285570919513702,0.524868190288544,0.0793111473321915,0.110249757766724
25659,0.586103796958923,0.125210329890251,0.192140966653824,0.0965449213981628
25660,0.126072138547897,0.684195935726166,0.107223309576511,0.0825086534023285
25661,0.145798340439796,0.0650089606642723,0.336493730545044,0.452698975801468
25662,0.375348746776581,0.402015119791031,0.0506793707609177,0.171956777572632
25663,0.134813964366913,0.0864718407392502,0.160774171352386,0.617940068244934
25664,0.0972035899758339,0.497048795223236,0.24097341299057,0.164774239063263
25665,0.0598658323287964,0.281803518533707,0.30288890004158,0.355441749095917
25666,0.158083185553551,0.150996282696724,0.19087427854538,0.500046253204346
25667,0.697613537311554,0.078495092689991,0.115580216050148,0.108311161398888
25668,0.210331916809082,0.183480516076088,0.0617216192185879,0.544465959072113
25669,0.0869371220469475,0.461092263460159,0.141809791326523,0.310160785913467
25670,0.469963818788528,0.253187656402588,0.179276138544083,0.0975723341107368
25671,0.181301489472389,0.446704477071762,0.276768684387207,0.0952253788709641
25672,0.0966838449239731,0.392741024494171,0.226506486535072,0.284068644046783
25673,0.100826650857925,0.378779113292694,0.150504767894745,0.369889497756958
25674,0.424343407154083,0.195035815238953,0.190821468830109,0.189799278974533
25675,0.253961771726608,0.164131000638008,0.296144872903824,0.285762399435043
25676,0.161921322345734,0.608317017555237,0.113115474581718,0.116646125912666
25677,0.519875884056091,0.222112208604813,0.0658278167247772,0.192184075713158
25678,0.134112551808357,0.312395989894867,0.311866402626038,0.241625055670738
25679,0.120863303542137,0.58746063709259,0.0635685697197914,0.228107467293739
25680,0.0775582417845726,0.645232796669006,0.184566080570221,0.0926428958773613
25681,0.0772799551486969,0.365407884120941,0.192247584462166,0.365064591169357
25682,0.221610978245735,0.22267983853817,0.15400105714798,0.401708126068115
25683,0.389883697032928,0.313953876495361,0.165714859962463,0.130447551608086
25684,0.0462727397680283,0.570768594741821,0.133645474910736,0.249313160777092
25685,0.131283923983574,0.395196616649628,0.110148258507252,0.363371133804321
25686,0.0792368948459625,0.311189979314804,0.369296103715897,0.240277007222176
25687,0.125759467482567,0.680392384529114,0.0892508253455162,0.104597300291061
25688,0.164115056395531,0.448900401592255,0.279358357191086,0.107626236975193
25689,0.540806353092194,0.155324086546898,0.21218453347683,0.0916850417852402
25690,0.145481571555138,0.494001805782318,0.256316006183624,0.104200586676598
25691,0.141098529100418,0.263464212417603,0.50717705488205,0.088260181248188
25692,0.347716569900513,0.240735530853272,0.181535020470619,0.230012908577919
25693,0.140799447894096,0.359758853912354,0.39318510890007,0.106256559491158
25694,0.337669640779495,0.173307597637177,0.251203060150147,0.237819656729698
25695,0.325579851865768,0.357664614915848,0.191312447190285,0.125443115830421
25696,0.151381954550743,0.47246316075325,0.2707479596138,0.10540696978569
25697,0.0992899537086487,0.249509751796722,0.544953882694244,0.106246381998062
25698,0.141434550285339,0.320772260427475,0.308699935674667,0.22909326851368
25699,0.238598331809044,0.179240971803665,0.410492330789566,0.171668395400047
25700,0.245237216353416,0.218678176403046,0.430996537208557,0.105088032782078
25701,0.23471511900425,0.503343045711517,0.162039920687675,0.0999019369482994
25702,0.130731791257858,0.310617417097092,0.452794283628464,0.105856508016586
25703,0.264671862125397,0.325599670410156,0.177187517285347,0.232540965080261
25704,0.527562856674194,0.233010962605476,0.143493637442589,0.0959325134754181
25705,0.131201013922691,0.295253366231918,0.473592698574066,0.0999529585242271
25706,0.492460519075394,0.236368119716644,0.173310130834579,0.0978612899780273
25707,0.288779079914093,0.429008662700653,0.166612014174461,0.11560021340847
25708,0.26442950963974,0.105231732130051,0.550104975700378,0.0802337750792503
25709,0.241744011640549,0.3278668820858,0.34801509976387,0.0823740437626839
25710,0.164029836654663,0.27588677406311,0.453575849533081,0.106507480144501
25711,0.33801457285881,0.206305876374245,0.321566790342331,0.134112775325775
25712,0.402076154947281,0.227533638477325,0.220669791102409,0.149720385670662
25713,0.330711096525192,0.280666530132294,0.305019706487656,0.0836026892066002
25714,0.334702134132385,0.211292311549187,0.281711310148239,0.17229425907135
25715,0.298641353845596,0.314532727003098,0.293501198291779,0.0933247208595276
25716,0.264508008956909,0.269141227006912,0.357491254806519,0.108859553933144
25717,0.139837041497231,0.466759234666824,0.187125727534294,0.206278011202812
25718,0.386050194501877,0.169482454657555,0.168275102972984,0.276192277669907
25719,0.476254671812058,0.25007027387619,0.182979270815849,0.0906957238912582
25720,0.179662436246872,0.28072851896286,0.38008913397789,0.159519955515862
25721,0.249242469668388,0.33279424905777,0.350184887647629,0.0677784085273743
25722,0.15912289917469,0.307195276021957,0.174462422728539,0.359219372272491
25723,0.185712456703186,0.291767179965973,0.423586338758469,0.0989340022206306
25724,0.378133058547974,0.158566743135452,0.169551938772202,0.293748319149017
25725,0.257653474807739,0.296967178583145,0.36650151014328,0.0788778066635132
25726,0.287746697664261,0.358772218227386,0.18320794403553,0.170273184776306
25727,0.143512919545174,0.266017913818359,0.502131998538971,0.0883371531963348
25728,0.248370602726936,0.260288238525391,0.277611047029495,0.213730111718178
25729,0.271582365036011,0.223392426967621,0.413701713085175,0.0913234874606133
25730,0.557951807975769,0.160993233323097,0.196213364601135,0.0848415791988373
25731,0.335353016853333,0.116167791187763,0.381266295909882,0.167212903499603
25732,0.106700889766216,0.134056150913239,0.665433347225189,0.0938095971941948
25733,0.296009421348572,0.221373960375786,0.176568165421486,0.306048423051834
25734,0.357901126146317,0.272454738616943,0.260725975036621,0.108918197453022
25735,0.162145674228668,0.221457064151764,0.468049079179764,0.148348137736321
25736,0.285587191581726,0.193743035197258,0.302964866161346,0.21770490705967
25737,0.167070508003235,0.647301912307739,0.108342416584492,0.0772851556539536
25738,0.264296501874924,0.221610218286514,0.204179540276527,0.309913724660873
25739,0.141471832990646,0.141764119267464,0.516390860080719,0.200373187661171
25740,0.404995858669281,0.216089010238647,0.203201159834862,0.175713941454887
25741,0.409784287214279,0.421928226947784,0.0716573670506477,0.0966301709413528
25742,0.138977408409119,0.566374659538269,0.17783285677433,0.11681504547596
25743,0.175450965762138,0.330423563718796,0.243323042988777,0.250802397727966
25744,0.387252032756805,0.388911753892899,0.118359595537186,0.105476632714272
25745,0.21386493742466,0.460842937231064,0.230057373642921,0.095234788954258
25746,0.584012866020203,0.136290848255157,0.194365337491035,0.085330918431282
25747,0.473288714885712,0.236070811748505,0.19494055211544,0.0956999212503433
25748,0.0942815169692039,0.566691398620606,0.162039548158646,0.176987558603287
25749,0.43962299823761,0.215147510170937,0.192756116390228,0.152473375201225
25750,0.192532911896706,0.204195812344551,0.5038081407547,0.0994630753993988
25751,0.1581921428442,0.274341464042664,0.468541204929352,0.0989252328872681
25752,0.268381029367447,0.194936960935593,0.259542316198349,0.277139693498611
25753,0.345083296298981,0.16210862994194,0.359084874391556,0.133723244071007
25754,0.596894979476929,0.0882767289876938,0.21295790374279,0.101870402693748
25755,0.245631918311119,0.10325076431036,0.323961019515991,0.32715630531311
25756,0.274334877729416,0.504645884037018,0.130027890205383,0.090991385281086
25757,0.24324843287468,0.158541455864906,0.19824330508709,0.399966806173325
25758,0.189454078674316,0.0797028243541718,0.376269727945328,0.354573369026184
25759,0.288075894117355,0.477379113435745,0.110262788832188,0.124282188713551
25760,0.572545468807221,0.159362480044365,0.165431752800941,0.102660290896893
25761,0.145694702863693,0.348315119743347,0.13188548386097,0.374104678630829
25762,0.177228793501854,0.466113179922104,0.159416675567627,0.197241380810738
25763,0.336103886365891,0.251525908708572,0.239202380180359,0.173167824745178
25764,0.418695539236069,0.111610874533653,0.199959635734558,0.269733965396881
25765,0.32471439242363,0.174214020371437,0.309077978134155,0.191993579268456
25766,0.101802855730057,0.574990689754486,0.2132628262043,0.109943598508835
25767,0.47040331363678,0.242064282298088,0.0856233537197113,0.201909050345421
25768,0.308531761169434,0.213534191250801,0.184897005558014,0.29303702712059
25769,0.401258677244186,0.304538577795029,0.184960335493088,0.109242372214794
25770,0.201597943902016,0.167321875691414,0.298698365688324,0.332381814718246
25771,0.082891471683979,0.505414605140686,0.305592000484467,0.106101900339127
25772,0.124221242964268,0.320511281490326,0.203716024756432,0.351551413536072
25773,0.425664216279984,0.117939636111259,0.121897742152214,0.334498375654221
25774,0.2112697660923,0.271890819072723,0.417012423276901,0.0998269394040108
25775,0.298220425844193,0.128035888075829,0.482895582914352,0.0908480882644653
25776,0.287544637918472,0.0920935869216919,0.202424481511116,0.417937308549881
25777,0.132045060396194,0.152838408946991,0.612529158592224,0.102587386965752
25778,0.274561434984207,0.502366602420807,0.095041960477829,0.128029987215996
25779,0.288578897714615,0.370308876037598,0.0998644605278969,0.24124775826931
25780,0.145899757742882,0.275729298591614,0.327912449836731,0.250458478927612
25781,0.47152578830719,0.206339702010155,0.0574408583343029,0.264693677425385
25782,0.108197510242462,0.387210786342621,0.0331590287387371,0.471432626247406
25783,0.370083868503571,0.209059417247772,0.231831476092339,0.189025267958641
25784,0.22128264605999,0.264569044113159,0.324920684099197,0.189227640628815
25785,0.198197603225708,0.242177098989487,0.320774406194687,0.238850876688957
25786,0.314621120691299,0.313218533992767,0.218447923660278,0.153712391853333
25787,0.203653588891029,0.442685753107071,0.284197121858597,0.0694635212421417
25788,0.422594010829926,0.232184827327728,0.228751003742218,0.116470165550709
25789,0.483739614486694,0.151315912604332,0.232970505952835,0.131974026560783
25790,0.292092949151993,0.324245125055313,0.151141598820686,0.232520341873169
25791,0.15593546628952,0.51951664686203,0.244772329926491,0.0797755494713783
25792,0.267237812280655,0.169727757573128,0.404839426279068,0.158194988965988
25793,0.163188979029655,0.445818811655045,0.189792990684509,0.20119920372963
25794,0.3876793384552,0.236399441957474,0.175366207957268,0.200554981827736
25795,0.182289779186249,0.465595752000809,0.260889112949371,0.091225378215313
25796,0.301187217235565,0.198910042643547,0.405106365680695,0.0947963669896126
25797,0.23203507065773,0.428158789873123,0.158012017607689,0.181794092059135
25798,0.170029550790787,0.334945529699326,0.211476802825928,0.283548146486282
25799,0.252249777317047,0.193236038088799,0.467471659183502,0.0870425254106522
25800,0.329772055149078,0.241598039865494,0.14297904074192,0.285650849342346
25801,0.184726446866989,0.238997548818588,0.285989135503769,0.290286868810654
25802,0.31242972612381,0.219073921442032,0.150584250688553,0.317912131547928
25803,0.417555004358292,0.216247692704201,0.162397041916847,0.203800320625305
25804,0.170989647507668,0.258576512336731,0.460900813341141,0.10953301936388
25805,0.300035655498505,0.455580681562424,0.177629008889198,0.0667546540498734
25806,0.38152864575386,0.296384662389755,0.230562001466751,0.091524675488472
25807,0.144428670406342,0.580617785453796,0.178399920463562,0.0965536236763
25808,0.329730987548828,0.296494603157043,0.179194733500481,0.194579690694809
25809,0.130277916789055,0.173614993691444,0.43755766749382,0.258549451828003
25810,0.252239674329758,0.152410626411438,0.405912429094315,0.189437285065651
25811,0.193495318293571,0.554412245750427,0.178970128297806,0.0731223002076149
25812,0.211179882287979,0.186585634946823,0.502316117286682,0.0999183729290962
25813,0.565637230873108,0.188205003738403,0.174575105309486,0.0715827122330666
25814,0.130417183041573,0.400123566389084,0.211147159337997,0.258312046527863
25815,0.202132299542427,0.536175549030304,0.178446605801582,0.0832455605268478
25816,0.0808536782860756,0.3802570104599,0.304039895534515,0.234849363565445
25817,0.178075388073921,0.109106324613094,0.261380553245544,0.451437801122665
25818,0.179865539073944,0.488493859767914,0.17051874101162,0.161121815443039
25819,0.422353118658066,0.294252872467041,0.182302922010422,0.101091057062149
25820,0.159870564937592,0.187738582491875,0.304101884365082,0.348288953304291
25821,0.270437806844711,0.124064646661282,0.485087245702744,0.120410285890102
25822,0.181057438254356,0.259123861789703,0.436707228422165,0.12311152368784
25823,0.264071375131607,0.251460701227188,0.241213068366051,0.243254870176315
25824,0.402876228094101,0.212071120738983,0.255283564329147,0.129769042134285
25825,0.0652008429169655,0.399976670742035,0.416451781988144,0.118370741605759
25826,0.259372085332871,0.357309252023697,0.187199041247368,0.196119576692581
25827,0.178602039813995,0.197354227304459,0.209852233529091,0.414191544055939
25828,0.285208880901337,0.455648094415665,0.11032722890377,0.148815751075745
25829,0.211979866027832,0.445043534040451,0.0933664739131927,0.249610111117363
25830,0.145619988441467,0.399005174636841,0.356542110443115,0.0988327637314796
25831,0.1746796220541,0.140646740794182,0.291267812252045,0.393405824899673
25832,0.0939123183488846,0.365751415491104,0.317395180463791,0.222941040992737
25833,0.169644609093666,0.311889111995697,0.422628670930862,0.0958375856280327
25834,0.405426800251007,0.174325793981552,0.278764218091965,0.141483187675476
25835,0.189523011445999,0.091723695397377,0.469780951738358,0.248972356319428
25836,0.0858977064490318,0.166132852435112,0.540803372859955,0.207166060805321
25837,0.216977834701538,0.255553811788559,0.314802378416061,0.212665930390358
25838,0.231062188744545,0.47531595826149,0.0977582484483719,0.195863619446754
25839,0.566225707530975,0.231017276644707,0.091396875679493,0.111360169947147
25840,0.147379949688911,0.363524079322815,0.355322599411011,0.133773371577263
25841,0.169051557779312,0.194303885102272,0.420247852802277,0.216396734118462
25842,0.264568537473679,0.414893716573715,0.221151918172836,0.0993859022855759
25843,0.294867962598801,0.42290124297142,0.184840455651283,0.0973903834819794
25844,0.530626654624939,0.124589383602142,0.221420124173164,0.123363845050335
25845,0.14012898504734,0.427620261907578,0.330576598644257,0.101674161851406
25846,0.278935074806213,0.212341383099556,0.249845027923584,0.258878529071808
25847,0.438678205013275,0.125249072909355,0.174244090914726,0.261828720569611
25848,0.148231655359268,0.482073992490768,0.144913777709007,0.224780589342117
25849,0.273483157157898,0.240473389625549,0.361707240343094,0.124336205422878
25850,0.181937396526337,0.262495934963226,0.43282413482666,0.122742533683777
25851,0.499268651008606,0.238601982593536,0.166247576475143,0.0958817899227142
25852,0.223652049899101,0.326884806156158,0.266008645296097,0.183454513549805
25853,0.138639718294144,0.400588124990463,0.329160869121552,0.131611287593842
25854,0.345277339220047,0.236315965652466,0.1233174726367,0.295089274644852
25855,0.508222341537476,0.158785253763199,0.185447424650192,0.147544950246811
25856,0.520600557327271,0.242149755358696,0.102170996367931,0.135078683495522
25857,0.110753871500492,0.146111130714417,0.264717489480972,0.4784175157547
25858,0.159397527575493,0.346929877996445,0.2266705930233,0.267001986503601
25859,0.291270196437836,0.154121264815331,0.243317604064941,0.311290979385376
25860,0.345796436071396,0.190079152584076,0.205689743161201,0.258434683084488
25861,0.203480839729309,0.235016286373138,0.45357945561409,0.107923418283463
25862,0.240763753652573,0.110605351626873,0.526165723800659,0.122465185821056
25863,0.140382260084152,0.0971993207931519,0.682690322399139,0.0797281041741371
25864,0.459402859210968,0.155847817659378,0.182473659515381,0.202275693416595
25865,0.158021688461304,0.374057441949844,0.374077200889587,0.0938436388969421
25866,0.178964212536812,0.249323830008507,0.448493003845215,0.123218923807144
25867,0.134528458118439,0.440292060375214,0.232416227459908,0.192763313651085
25868,0.153145521879196,0.402957260608673,0.166458338499069,0.277438879013062
25869,0.071323074400425,0.358699232339859,0.33474013209343,0.235237509012222
25870,0.22624084353447,0.124398678541183,0.281300038099289,0.368060499429703
25871,0.0710984691977501,0.236251339316368,0.607507109642029,0.0851430743932724
25872,0.118834741413593,0.246650069952011,0.528382778167725,0.106132432818413
25873,0.0970050692558289,0.136830732226372,0.39535054564476,0.370813697576523
25874,0.542293727397919,0.11494218558073,0.230104833841324,0.112659275531769
25875,0.216944143176079,0.278242349624634,0.378244638442993,0.1265689432621
25876,0.57063227891922,0.0736988410353661,0.154418095946312,0.201250791549683
25877,0.554591238498688,0.0984636470675468,0.163153797388077,0.18379133939743
25878,0.288719654083252,0.137189820408821,0.254554837942123,0.319535672664642
25879,0.147573471069336,0.443893402814865,0.220396235585213,0.188136860728264
25880,0.136436730623245,0.666917264461517,0.128799423575401,0.0678466111421585
25881,0.323312312364578,0.374314785003662,0.213239729404449,0.0891331657767296
25882,0.325075417757034,0.306736707687378,0.26408177614212,0.104106120765209
25883,0.556737124919891,0.209084317088127,0.153479859232903,0.080698698759079
25884,0.24713496863842,0.379115521907806,0.269847542047501,0.103901952505112
25885,0.196939170360565,0.19001217186451,0.293108195066452,0.319940477609634
25886,0.113163493573666,0.560675323009491,0.244190156459808,0.0819710567593575
25887,0.324410557746887,0.191333591938019,0.267338246107101,0.216917589306831
25888,0.418093889951706,0.228371992707253,0.224127933382988,0.129406169056892
25889,0.265675991773605,0.253430306911469,0.352690309286118,0.12820340692997
25890,0.522781074047089,0.196323156356812,0.162495300173759,0.11840046942234
25891,0.169286012649536,0.174238070845604,0.560996294021606,0.0954795926809311
25892,0.20210474729538,0.289984196424484,0.289346128702164,0.218564987182617
25893,0.287708282470703,0.434060215950012,0.14957070350647,0.128660827875137
25894,0.443843960762024,0.362373977899551,0.108267590403557,0.0855144932866097
25895,0.35463085770607,0.158039510250092,0.248323321342468,0.239006265997887
25896,0.142237365245819,0.305332690477371,0.456788927316666,0.0956410616636276
25897,0.148262932896614,0.490544825792313,0.264250159263611,0.0969420969486237
25898,0.273626029491425,0.438124895095825,0.214343100786209,0.0739059671759605
25899,0.139456480741501,0.42535400390625,0.192783057689667,0.24240642786026
25900,0.149026170372963,0.385185152292252,0.352490425109863,0.113298244774342
25901,0.263469904661179,0.312521249055862,0.340493142604828,0.0835156738758087
25902,0.142423823475838,0.314884573221207,0.442972898483276,0.0997186750173569
25903,0.172998666763306,0.347690105438232,0.398362100124359,0.0809490755200386
25904,0.0874453485012054,0.336753785610199,0.480943113565445,0.09485774487257
25905,0.145968288183212,0.392609417438507,0.363070249557495,0.0983520448207855
25906,0.278417468070984,0.486758053302765,0.159625232219696,0.0751992464065552
25907,0.205602675676346,0.519241750240326,0.19768151640892,0.0774740502238274
25908,0.21397952735424,0.143651276826859,0.29423925280571,0.348129957914352
25909,0.43867889046669,0.354008734226227,0.133901923894882,0.0734104216098785
25910,0.0640110895037651,0.356002330780029,0.478805601596832,0.101180993020535
25911,0.362622380256653,0.224114149808884,0.236501201987267,0.176762267947197
25912,0.332133203744888,0.431287318468094,0.144023686647415,0.0925558358430862
25913,0.148236766457558,0.291693568229675,0.445859432220459,0.114210188388824
25914,0.198931336402893,0.256455361843109,0.442391812801361,0.102221511304379
25915,0.350519955158234,0.259435623884201,0.293932884931564,0.0961115583777428
25916,0.191188991069794,0.468377023935318,0.159929186105728,0.180504769086838
25917,0.285357177257538,0.532681345939636,0.117436803877354,0.0645247101783752
25918,0.208908662199974,0.334352374076843,0.332522600889206,0.124216333031654
25919,0.359962224960327,0.0819388329982758,0.356448382139206,0.201650530099869
25920,0.286379426717758,0.484408289194107,0.168251112103462,0.0609611794352531
25921,0.102616734802723,0.112889736890793,0.719932615756989,0.0645609050989151
25922,0.0607078894972801,0.0627834871411324,0.485693246126175,0.390815377235413
25923,0.28655943274498,0.155449315905571,0.163481459021568,0.394509762525558
25924,0.696895658969879,0.091348797082901,0.150470837950706,0.0612847618758678
25925,0.146163463592529,0.117355145514011,0.662505507469177,0.0739758759737015
25926,0.359255850315094,0.462593674659729,0.121278442442417,0.0568720251321793
25927,0.178917273879051,0.501294791698456,0.204319819808006,0.115468114614487
25928,0.150404140353203,0.515924513339996,0.266851127147675,0.0668201968073845
25929,0.0839607566595078,0.498075306415558,0.140342533588409,0.277621388435364
25930,0.227399557828903,0.369832098484039,0.339748322963715,0.0630199909210205
25931,0.0805027931928635,0.0888853743672371,0.754744648933411,0.0758671835064888
25932,0.117763578891754,0.534370005130768,0.166681557893753,0.181184858083725
25933,0.162539154291153,0.168548107147217,0.546466112136841,0.122446641325951
25934,0.0877050831913948,0.0793991535902023,0.670164287090302,0.162731468677521
25935,0.241287231445313,0.355139136314392,0.170622453093529,0.232951208949089
25936,0.27642023563385,0.147540375590324,0.491424292325974,0.0846150666475296
25937,0.672882795333862,0.119933910667896,0.12251964956522,0.0846636146306992
25938,0.0919798016548157,0.609032273292542,0.145030543208122,0.153957441449165
25939,0.177129104733467,0.186750456690788,0.459384590387344,0.176735818386078
25940,0.0993205532431602,0.282113879919052,0.182636290788651,0.435929268598557
25941,0.125516980886459,0.360266596078873,0.434821248054504,0.0793952122330666
25942,0.141652420163155,0.373951405286789,0.386616349220276,0.0977798700332642
25943,0.0841652154922485,0.412466287612915,0.282850980758667,0.220517560839653
25944,0.266351372003555,0.228279948234558,0.163147032260895,0.342221617698669
25945,0.224471181631088,0.177113950252533,0.266422986984253,0.331991881132126
25946,0.495090007781982,0.23054127395153,0.166184723377228,0.108183965086937
25947,0.357720613479614,0.300527632236481,0.240015000104904,0.101736761629581
25948,0.0490163564682007,0.17291297018528,0.261631727218628,0.516438961029053
25949,0.106149390339851,0.35762682557106,0.412268966436386,0.123954854905605
25950,0.628342568874359,0.139891892671585,0.147189199924469,0.084576316177845
25951,0.133187562227249,0.234731122851372,0.449214190244675,0.18286706507206
25952,0.0734746903181076,0.157711550593376,0.593724608421326,0.175089135766029
25953,0.402547776699066,0.178091153502464,0.148724526166916,0.270636558532715
25954,0.674384772777557,0.0960880368947983,0.0584729723632336,0.171054244041443
25955,0.126549690961838,0.452604115009308,0.232302159070969,0.188544079661369
25956,0.169174045324326,0.328939318656921,0.41423100233078,0.0876556634902954
25957,0.475800484418869,0.231022357940674,0.206028789281845,0.0871483907103539
25958,0.279816746711731,0.317037522792816,0.174487441778183,0.228658303618431
25959,0.11301376670599,0.262518554925919,0.47112512588501,0.153342559933662
25960,0.325973987579346,0.385205209255219,0.202157348394394,0.0866634696722031
25961,0.296335160732269,0.246255621314049,0.356262773275375,0.101146459579468
25962,0.562610626220703,0.236807748675346,0.0998355895280838,0.100746035575867
25963,0.115792885422707,0.438512593507767,0.338489592075348,0.107204906642437
25964,0.376341462135315,0.327545672655106,0.193687111139297,0.10242572426796
25965,0.244534716010094,0.189378097653389,0.454155385494232,0.111931778490543
25966,0.207076162099838,0.189354702830315,0.500115871429443,0.103453263640404
25967,0.325235366821289,0.190427660942078,0.158441066741943,0.325895935297012
25968,0.269047558307648,0.401529580354691,0.184117466211319,0.145305350422859
25969,0.117620751261711,0.422379523515701,0.377789109945297,0.0822106301784515
25970,0.268253654241562,0.432141989469528,0.192483738064766,0.107120588421822
25971,0.37897527217865,0.304045766592026,0.211108267307282,0.105870716273785
25972,0.244408965110779,0.424397468566895,0.179567515850067,0.151626035571098
25973,0.144953310489655,0.330856174230576,0.4247986972332,0.0993918478488922
25974,0.484277427196503,0.109243825078011,0.201827883720398,0.204650834202766
25975,0.108619414269924,0.441246688365936,0.283508986234665,0.166624933481216
25976,0.10755405575037,0.375542402267456,0.26740100979805,0.249502539634705
25977,0.542703151702881,0.129620179533958,0.270233124494553,0.0574435293674469
25978,0.207403466105461,0.531460344791412,0.192687973380089,0.0684482529759407
25979,0.692771732807159,0.0876786559820175,0.154427155852318,0.0651224851608276
25980,0.0998785570263863,0.434171557426453,0.394527226686478,0.0714226812124252
25981,0.582308292388916,0.118788726627827,0.234284102916718,0.0646189078688622
25982,0.142343759536743,0.0939005389809608,0.677804112434387,0.08595160394907
25983,0.595960855484009,0.140055075287819,0.195948794484139,0.0680352598428726
25984,0.40342903137207,0.127870067954063,0.271047323942184,0.197653561830521
25985,0.268472105264664,0.218223363161087,0.0792489126324654,0.434055596590042
25986,0.574161350727081,0.0891702249646187,0.158054754137993,0.178613632917404
25987,0.10682600736618,0.129817679524422,0.692837178707123,0.0705190896987915
25988,0.10731703042984,0.430666267871857,0.398614674806595,0.063402034342289
25989,0.0898657962679863,0.199413955211639,0.212071269750595,0.498648971319199
25990,0.0990643203258514,0.149936705827713,0.648954391479492,0.102044552564621
25991,0.339028090238571,0.174321338534355,0.199807941913605,0.286842614412308
25992,0.116245679557323,0.266875982284546,0.529632210731506,0.0872461870312691
25993,0.210779741406441,0.389117121696472,0.123644106090069,0.276459038257599
25994,0.223016291856766,0.141757890582085,0.248775526881218,0.386450320482254
25995,0.177884951233864,0.404801487922668,0.187989935278893,0.229323595762253
25996,0.260699182748795,0.223104327917099,0.423175543546677,0.093020960688591
25997,0.403168022632599,0.198213189840317,0.187763601541519,0.210855215787888
25998,0.328992635011673,0.247728362679482,0.195285961031914,0.227993100881577
25999,0.16848212480545,0.28527170419693,0.453112363815308,0.0931337475776672
26000,0.151219949126244,0.475090473890305,0.200511649250984,0.173177927732468
26001,0.209872156381607,0.510657608509064,0.188762307167053,0.0907079726457596
26002,0.468872219324112,0.179161489009857,0.241916120052338,0.110050112009048
26003,0.315240681171417,0.150425404310226,0.191080629825592,0.343253284692764
26004,0.0808039605617523,0.492568105459213,0.200851127505302,0.225776851177216
26005,0.107975371181965,0.226619318127632,0.404929399490356,0.260475963354111
26006,0.201914370059967,0.335739433765411,0.186476781964302,0.275869369506836
26007,0.273582696914673,0.487353205680847,0.159770727157593,0.0792934149503708
26008,0.122886538505554,0.0798617675900459,0.621603548526764,0.175648123025894
26009,0.15389983355999,0.616109609603882,0.149039417505264,0.0809511542320252
26010,0.306352287530899,0.241496652364731,0.159706726670265,0.292444348335266
26011,0.659629464149475,0.138505950570107,0.125316113233566,0.0765484571456909
26012,0.221453830599785,0.257736563682556,0.330783307552338,0.19002628326416
26013,0.193242818117142,0.238489776849747,0.322508782148361,0.245758637785912
26014,0.318838268518448,0.322308391332626,0.211457818746567,0.14739553630352
26015,0.202704668045044,0.43592831492424,0.288782835006714,0.0725841298699379
26016,0.412843227386475,0.245017543435097,0.235165566205978,0.106973610818386
26017,0.475658029317856,0.137530252337456,0.232018142938614,0.154793605208397
26018,0.277032762765884,0.324261635541916,0.138901174068451,0.259804427623749
26019,0.169700905680656,0.489890187978745,0.243814080953598,0.0965948924422264
26020,0.262719571590424,0.17818295955658,0.393106013536453,0.165991455316544
26021,0.171116203069687,0.459701687097549,0.180115655064583,0.189066484570503
26022,0.384557694196701,0.237347185611725,0.171086594462395,0.207008466124535
26023,0.182887598872185,0.455514788627625,0.261744678020477,0.0998529195785522
26024,0.319122344255447,0.217815175652504,0.36695784330368,0.0961046442389488
26025,0.262353748083115,0.399434387683868,0.148712500929832,0.189499318599701
26026,0.153509795665741,0.300630688667297,0.179829001426697,0.366030544042587
26027,0.269303351640701,0.18880558013916,0.45393893122673,0.0879521369934082
26028,0.288316398859024,0.25033774971962,0.133601620793343,0.327744245529175
26029,0.178146973252296,0.226726621389389,0.274517744779587,0.320608645677567
26030,0.283324003219605,0.232805028557777,0.152996122837067,0.33087483048439
26031,0.227755472064018,0.394285291433334,0.272583693265915,0.105375543236732
26032,0.410222917795181,0.252560049295425,0.232542216777802,0.104674838483334
26033,0.31586891412735,0.415688335895538,0.152467712759972,0.11597502976656
26034,0.157927751541138,0.184272915124893,0.551718354225159,0.106080949306488
26035,0.403071880340576,0.114254139363766,0.281469285488129,0.201204657554626
26036,0.286896646022797,0.11712546646595,0.450125724077225,0.145852133631706
26037,0.135548055171967,0.607896506786346,0.169046610593796,0.0875087827444077
26038,0.0829030573368073,0.411904603242874,0.227113872766495,0.278078466653824
26039,0.384987711906433,0.118722893297672,0.259797930717468,0.236491456627846
26040,0.129840925335884,0.223864406347275,0.55354231595993,0.0927523300051689
26041,0.369221419095993,0.260916531085968,0.20769014954567,0.162171900272369
26042,0.184142276644707,0.342299699783325,0.17056892812252,0.302989095449448
26043,0.14075756072998,0.268114686012268,0.498354315757752,0.0927734076976776
26044,0.519970893859863,0.238001674413681,0.141372948884964,0.100654482841492
26045,0.211248889565468,0.50755763053894,0.162639960646629,0.118553578853607
26046,0.243050411343575,0.230326995253563,0.214606329798698,0.312016278505325
26047,0.220279350876808,0.109030477702618,0.434501618146896,0.236188530921936
26048,0.126039981842041,0.240697458386421,0.40139177441597,0.231870830059052
26049,0.167883351445198,0.284364014863968,0.449167728424072,0.0985849127173424
26050,0.20572255551815,0.218060970306396,0.421586364507675,0.154630109667778
26051,0.197746992111206,0.33923676609993,0.235124200582504,0.22789204120636
26052,0.169577553868294,0.231595247983933,0.301782697439194,0.297044456005096
26053,0.187587738037109,0.42771789431572,0.249363616108894,0.135330721735954
26054,0.21680548787117,0.322062730789185,0.203367367386818,0.257764458656311
26055,0.345372498035431,0.256196439266205,0.193627670407295,0.204803377389908
26056,0.291920930147171,0.183384135365486,0.235388398170471,0.289306581020355
26057,0.295582115650177,0.283651471138001,0.272519022226334,0.148247376084328
26058,0.166028693318367,0.395787179470062,0.177585661411285,0.260598510503769
26059,0.428183495998383,0.250468492507935,0.168253272771835,0.153094679117203
26060,0.399837344884872,0.247939229011536,0.174773752689362,0.177449733018875
26061,0.365377932786942,0.260321825742722,0.222839951515198,0.151460260152817
26062,0.22780454158783,0.207472518086433,0.311535149812698,0.2531878054142
26063,0.476794987916946,0.104872435331345,0.217035591602325,0.201296985149384
26064,0.177023887634277,0.199628725647926,0.387725979089737,0.235621437430382
26065,0.501900255680084,0.169898569583893,0.138310581445694,0.189890593290329
26066,0.236314237117767,0.388054996728897,0.132451131939888,0.24317966401577
26067,0.390341132879257,0.287293553352356,0.184699073433876,0.137666270136833
26068,0.152096256613731,0.471709966659546,0.166305363178253,0.209888398647308
26069,0.163626700639725,0.115733757615089,0.57671058177948,0.143929019570351
26070,0.332995116710663,0.24394029378891,0.191908940672874,0.231155604124069
26071,0.342224538326263,0.129244297742844,0.26657822728157,0.261952906847
26072,0.228350982069969,0.341552227735519,0.349618464708328,0.080478347837925
26073,0.231335639953613,0.451008856296539,0.214767262339592,0.102888256311417
26074,0.165379524230957,0.312395632266998,0.447314381599426,0.0749104097485542
26075,0.219347536563873,0.280545920133591,0.290129601955414,0.209976956248283
26076,0.216070726513863,0.10737095028162,0.541528463363648,0.135029882192612
26077,0.140706270933151,0.503285884857178,0.256949007511139,0.0990588665008545
26078,0.190812438726425,0.229382410645485,0.510747611522675,0.0690575316548348
26079,0.174563437700272,0.271856486797333,0.355431854724884,0.198148280382156
26080,0.17748498916626,0.530143857002258,0.198756098747253,0.0936150625348091
26081,0.167249485850334,0.210598424077034,0.495449781417847,0.126702293753624
26082,0.286501467227936,0.170736610889435,0.301263272762299,0.241498649120331
26083,0.249593302607536,0.291120439767838,0.205545350909233,0.253740906715393
26084,0.145629733800888,0.437725484371185,0.298378497362137,0.118266321718693
26085,0.237387955188751,0.229548200964928,0.204232230782509,0.328831613063812
26086,0.429215222597122,0.226605907082558,0.227556705474854,0.116622120141983
26087,0.17424151301384,0.368972688913345,0.340164750814438,0.116621039807796
26088,0.16707406938076,0.271330446004868,0.24953193962574,0.312063544988632
26089,0.254912495613098,0.151312902569771,0.263480752706528,0.33029380440712
26090,0.273957073688507,0.0703234970569611,0.4568110704422,0.198908373713493
26091,0.0734771713614464,0.0967505052685738,0.656072020530701,0.173700302839279
26092,0.175994783639908,0.346620410680771,0.0575045607984066,0.419880270957947
26093,0.399612188339233,0.245743498206139,0.0708951205015183,0.28374919295311
26094,0.30558255314827,0.06477490067482,0.178986713290215,0.450655788183212
26095,0.0637809187173843,0.235846966505051,0.245255500078201,0.455116599798203
26096,0.550122022628784,0.130129933357239,0.125027120113373,0.194720953702927
26097,0.0510365255177021,0.51504123210907,0.0743789151310921,0.359543353319168
26098,0.673458576202393,0.122088015079498,0.0768866688013077,0.127566769719124
26099,0.112065970897675,0.368115901947022,0.0874761715531349,0.432341933250427
26100,0.549207210540772,0.120779477059841,0.137528717517853,0.192484587430954
26101,0.508398950099945,0.299397587776184,0.0504113472998142,0.141792133450508
26102,0.161160677671433,0.129630252718925,0.159257560968399,0.549951493740082
26103,0.0670929551124573,0.572262585163117,0.159613341093063,0.201031148433685
26104,0.0794549807906151,0.188299432396889,0.181432604789734,0.550812959671021
26105,0.34344494342804,0.107173353433609,0.0694639012217522,0.479917794466019
26106,0.0503594279289246,0.571196854114533,0.10397819429636,0.274465531110764
26107,0.300639599561691,0.39614799618721,0.20122717320919,0.101985260844231
26108,0.266031324863434,0.210751831531525,0.335966348648071,0.187250450253487
26109,0.254251927137375,0.301776111125946,0.281020641326904,0.162951335310936
26110,0.489551216363907,0.190385118126869,0.237497195601463,0.0825664326548576
26111,0.151817098259926,0.115337811410427,0.630732595920563,0.102112494409084
26112,0.0994066596031189,0.564243972301483,0.192537307739258,0.14381206035614
26113,0.447794705629349,0.27696219086647,0.163165464997292,0.112077698111534
26114,0.362186104059219,0.35321381688118,0.201266467571259,0.0833336710929871
26115,0.284432500600815,0.149805039167404,0.484313666820526,0.0814487934112549
26116,0.142524987459183,0.281188786029816,0.456222325563431,0.12006389349699
26117,0.398622691631317,0.200051173567772,0.201544642448425,0.199781432747841
26118,0.244719997048378,0.164609730243683,0.137466564774513,0.453203737735748
26119,0.173938795924187,0.620065867900848,0.127177059650421,0.0788182988762856
26120,0.200202286243439,0.509136080741882,0.162449821829796,0.128211811184883
26121,0.477779448032379,0.0826667919754982,0.215859204530716,0.22369459271431
26122,0.11626011878252,0.190666541457176,0.342944234609604,0.350129067897797
26123,0.16471554338932,0.177914723753929,0.378624528646469,0.278745234012604
26124,0.204926311969757,0.154381632804871,0.394000083208084,0.246691957116127
26125,0.419575154781342,0.17336893081665,0.297197341918945,0.109858550131321
26126,0.602004170417786,0.0650250092148781,0.188901141285896,0.144069701433182
26127,0.502746105194092,0.237957715988159,0.169810086488724,0.0894861072301865
26128,0.224089980125427,0.200731441378593,0.196647644042969,0.378530889749527
26129,0.184940621256828,0.355929851531982,0.375613898038864,0.0835156291723251
26130,0.4966761469841,0.213613569736481,0.148987680673599,0.140722587704659
26131,0.359992235898972,0.0925693362951279,0.251980423927307,0.295458018779755
26132,0.221865251660347,0.0863891988992691,0.475074708461762,0.216670855879784
26133,0.137086763978004,0.476483047008514,0.246981754899025,0.139448404312134
26134,0.207385301589966,0.570816814899445,0.147334665060043,0.0744632482528687
26135,0.139165326952934,0.28913414478302,0.328927427530289,0.242773115634918
26136,0.383940607309341,0.248160853981972,0.19401703774929,0.173881500959396
26137,0.172764360904694,0.503603756427765,0.181372031569481,0.142259821295738
26138,0.149736687541008,0.237963199615479,0.107991769909859,0.504308342933655
26139,0.208461165428162,0.524495482444763,0.0837486386299133,0.183294713497162
26140,0.241636544466019,0.0826542377471924,0.470601588487625,0.205107599496841
26141,0.231423825025558,0.186223775148392,0.146904543042183,0.435447812080383
26142,0.0784455463290215,0.573723077774048,0.16671396791935,0.181117400527
26143,0.15757754445076,0.376743078231812,0.351944178342819,0.113735184073448
26144,0.0691735520958901,0.149746462702751,0.541783690452576,0.23929625749588
26145,0.420659244060516,0.135640129446983,0.283160179853439,0.160540491342545
26146,0.151891946792603,0.143536776304245,0.593049049377441,0.111522227525711
26147,0.275622874498367,0.379974782466888,0.239417597651482,0.104984782636166
26148,0.470538973808289,0.21687313914299,0.226304396986961,0.0862834379076958
26149,0.087297759950161,0.592310547828674,0.1982042491436,0.122187443077564
26150,0.240090772509575,0.240110397338867,0.219760879874229,0.300037920475006
26151,0.314366906881332,0.276065915822983,0.191641762852669,0.217925429344177
26152,0.103837199509144,0.471691995859146,0.206646889448166,0.217823892831802
26153,0.118048027157784,0.141829878091812,0.539689481258392,0.200432643294334
26154,0.159002691507339,0.153192043304443,0.386025220155716,0.301780015230179
26155,0.0865559503436089,0.576014041900635,0.226312682032585,0.111117318272591
26156,0.269648790359497,0.240718945860863,0.253010779619217,0.236621454358101
26157,0.172398343682289,0.27258837223053,0.456137031316757,0.0988762229681015
26158,0.530127584934235,0.229250594973564,0.151215374469757,0.0894064605236054
26159,0.200102522969246,0.206842258572578,0.479591995477676,0.113463208079338
26160,0.207396656274796,0.235356777906418,0.350328236818314,0.206918329000473
26161,0.135863542556763,0.378002524375916,0.220496848225594,0.265637069940567
26162,0.252685695886612,0.129781052470207,0.51635205745697,0.101181216537952
26163,0.518965661525726,0.158555224537849,0.154363557696342,0.168115511536598
26164,0.147091045975685,0.344860136508942,0.399138391017914,0.108910389244556
26165,0.312664806842804,0.287324875593185,0.265744209289551,0.134266093373299
26166,0.176477327942848,0.221131905913353,0.51261842250824,0.0897723659873009
26167,0.214624032378197,0.320969849824905,0.25941202044487,0.204994112253189
26168,0.134498849511147,0.356130450963974,0.420716911554337,0.0886537730693817
26169,0.518126010894775,0.13066154718399,0.263064593076706,0.0881478935480118
26170,0.142312198877335,0.475572884082794,0.304281443357468,0.0778334438800812
26171,0.148569658398628,0.211107522249222,0.566991984844208,0.0733308717608452
26172,0.211578145623207,0.398401886224747,0.267897427082062,0.122122578322887
26173,0.124173931777477,0.371446669101715,0.425020515918732,0.0793588981032372
26174,0.155842289328575,0.375095397233963,0.349550098180771,0.119512245059013
26175,0.145010769367218,0.693888068199158,0.0575950816273689,0.103506051003933
26176,0.216114535927773,0.203752681612968,0.484402716159821,0.0957300662994385
26177,0.0738923028111458,0.119730964303017,0.60059779882431,0.205778926610947
26178,0.0583206862211227,0.408352136611939,0.202647283673286,0.330679833889008
26179,0.538902342319489,0.265219151973724,0.102285914123058,0.0935925990343094
26180,0.301669418811798,0.40988028049469,0.162294313311577,0.126155987381935
26181,0.261374235153198,0.213188752532005,0.288750290870667,0.236686736345291
26182,0.120663926005363,0.551212668418884,0.203563153743744,0.124560222029686
26183,0.162687212228775,0.323133111000061,0.427254468202591,0.0869252532720566
26184,0.0772879645228386,0.259316444396973,0.449607312679291,0.213788226246834
26185,0.385118931531906,0.33257269859314,0.202817887067795,0.0794905424118042
26186,0.168173208832741,0.250475108623505,0.457709759473801,0.12364187836647
26187,0.465254426002502,0.258317112922668,0.184563398361206,0.091865062713623
26188,0.145241975784302,0.311767071485519,0.436593592166901,0.106397353112698
26189,0.340639442205429,0.17501363158226,0.234288051724434,0.250058859586716
26190,0.394792318344116,0.300215899944305,0.201914474368095,0.103077344596386
26191,0.368858814239502,0.332232713699341,0.193390846252441,0.105517625808716
26192,0.141006052494049,0.173700362443924,0.597356677055359,0.0879369229078293
26193,0.19197304546833,0.235653907060623,0.363077193498611,0.209295839071274
26194,0.235227257013321,0.516745269298554,0.16234228014946,0.0856851637363434
26195,0.14364367723465,0.446015119552612,0.310272812843323,0.100068338215351
26196,0.177205190062523,0.115363910794258,0.460468292236328,0.246962577104569
26197,0.175751894712448,0.346069127321243,0.153653085231781,0.32452592253685
26198,0.195409178733826,0.586976766586304,0.145404398441315,0.0722096189856529
26199,0.370330572128296,0.18425028026104,0.133651152253151,0.311767995357513
26200,0.157224908471107,0.30237877368927,0.358605027198792,0.181791231036186
26201,0.575802206993103,0.199577853083611,0.112085580825806,0.112534329295158
26202,0.483254492282867,0.18995526432991,0.252745717763901,0.0740445554256439
26203,0.435267746448517,0.2725949883461,0.213184878230095,0.0789524093270302
26204,0.305966764688492,0.248927220702171,0.2373206615448,0.207785338163376
26205,0.154144138097763,0.330107629299164,0.286018311977386,0.229729920625687
26206,0.247062236070633,0.179337620735168,0.146334856748581,0.427265286445618
26207,0.276042848825455,0.268351376056671,0.247410267591476,0.208195522427559
26208,0.450607389211655,0.236187726259232,0.232216849923134,0.0809879899024963
26209,0.345000207424164,0.462296217679977,0.0944940596818924,0.098209485411644
26210,0.576048195362091,0.170100033283234,0.176633924245834,0.0772178173065186
26211,0.239261567592621,0.432557225227356,0.160969272255898,0.167211964726448
26212,0.174154549837112,0.412901997566223,0.216069579124451,0.19687382876873
26213,0.408846318721771,0.289116621017456,0.20451982319355,0.097517229616642
26214,0.149512812495232,0.251873880624771,0.490834772586823,0.107778578996658
26215,0.208662614226341,0.507168889045715,0.152364894747734,0.131803616881371
26216,0.15935480594635,0.176274076104164,0.461921602487564,0.202449575066566
26217,0.245754256844521,0.15855148434639,0.294209241867065,0.301485031843185
26218,0.1445132791996,0.57916259765625,0.200457021594048,0.0758671015501022
26219,0.345446556806564,0.171665638685226,0.279309660196304,0.203578174114227
26220,0.143714681267738,0.299607694149017,0.470232337713242,0.0864452943205833
26221,0.147073000669479,0.222816228866577,0.52976006269455,0.100350692868233
26222,0.536996066570282,0.157102197408676,0.21877446770668,0.0871272832155228
26223,0.163023039698601,0.438034743070602,0.25286591053009,0.146076291799545
26224,0.294379383325577,0.188547149300575,0.435135066509247,0.0819383934140205
26225,0.0972907394170761,0.140233725309372,0.53375518321991,0.22872032225132
26226,0.269139140844345,0.489233046770096,0.161260008811951,0.0803677812218666
26227,0.19110170006752,0.395405918359756,0.285166203975678,0.128326177597046
26228,0.194171741604805,0.187588810920715,0.456722915172577,0.161516562104225
26229,0.212004691362381,0.287172853946686,0.18110117316246,0.319721251726151
26230,0.101305887103081,0.638727843761444,0.184158280491829,0.075808048248291
26231,0.410815447568893,0.177583664655685,0.298659086227417,0.112941823899746
26232,0.305226564407349,0.261668890714645,0.255295842885971,0.177808672189713
26233,0.650569319725037,0.136942148208618,0.123492449522018,0.0889961123466492
26234,0.374309748411179,0.267000764608383,0.268126338720322,0.0905631631612778
26235,0.168596804141998,0.301090270280838,0.228379398584366,0.301933526992798
26236,0.188900843262672,0.424962639808655,0.273972868919373,0.112163655459881
26237,0.135908842086792,0.4272141456604,0.145507127046585,0.291369915008545
26238,0.182971298694611,0.531576573848724,0.110608987510204,0.174843117594719
26239,0.326228737831116,0.244284525513649,0.221503138542175,0.207983568310738
26240,0.359219819307327,0.185284957289696,0.376898884773254,0.0785963609814644
26241,0.16706994175911,0.30308809876442,0.460576444864273,0.0692654997110367
26242,0.201040998101234,0.449796289205551,0.288358509540558,0.0608041509985924
26243,0.306398183107376,0.455053150653839,0.167801350355148,0.0707473456859589
26244,0.147756472229958,0.264646202325821,0.428028851747513,0.15956848859787
26245,0.148873597383499,0.299012213945389,0.490084499120712,0.062029741704464
26246,0.329031020402908,0.358194023370743,0.240671083331108,0.0721039101481438
26247,0.487779349088669,0.186497509479523,0.254871994256973,0.0708511099219322
26248,0.17338864505291,0.552853226661682,0.199999630451202,0.0737584829330444
26249,0.317728459835053,0.392066240310669,0.191887736320496,0.0983175709843636
26250,0.47235095500946,0.201609715819359,0.246310964226723,0.079728327691555
26251,0.133754953742027,0.174227550625801,0.387699693441391,0.304317802190781
26252,0.125674560666084,0.623548746109009,0.113835364580154,0.136941328644753
26253,0.171501040458679,0.36709201335907,0.250264108181,0.211142882704735
26254,0.204378485679626,0.148256033658981,0.56821608543396,0.0791493877768517
26255,0.169576823711395,0.359739869832993,0.203313067555428,0.267370253801346
26256,0.314648896455765,0.285321921110153,0.318950593471527,0.0810785666108131
26257,0.233457326889038,0.1600531488657,0.468000590801239,0.138488963246346
26258,0.121603339910507,0.237292766571045,0.566814482212067,0.0742894187569618
26259,0.435980767011642,0.112973988056183,0.312068194150925,0.138977080583572
26260,0.39683598279953,0.22794346511364,0.198409304022789,0.176811248064041
26261,0.211934462189674,0.266719311475754,0.220319032669067,0.301027178764343
26262,0.591790020465851,0.16773846745491,0.129165306687355,0.111306242644787
26263,0.0938782766461372,0.520942866802216,0.152164578437805,0.233014270663261
26264,0.22479422390461,0.233304783701897,0.298232942819595,0.243668004870415
26265,0.287524312734604,0.232095569372177,0.185335919260979,0.295044183731079
26266,0.238988906145096,0.191475749015808,0.270013779401779,0.299521565437317
26267,0.257774353027344,0.0840742886066437,0.5176722407341,0.140479102730751
26268,0.217369824647903,0.0918939784169197,0.547386646270752,0.143349543213844
26269,0.401990294456482,0.140375688672066,0.175312787294388,0.282321274280548
26270,0.236817821860313,0.465672016143799,0.176437199115753,0.121072940528393
26271,0.256603926420212,0.166713416576386,0.484851628541946,0.0918310210108757
26272,0.14856943488121,0.528578460216522,0.149047404527664,0.173804685473442
26273,0.335740298032761,0.242415189743042,0.145709961652756,0.276134580373764
26274,0.583107590675354,0.151143461465836,0.158513903617859,0.107235044240952
26275,0.140082836151123,0.708044767379761,0.0741890072822571,0.077683337032795
26276,0.232798114418983,0.153570607304573,0.342655807733536,0.270975470542908
26277,0.0950995609164238,0.0882038995623589,0.559218227863312,0.257478326559067
26278,0.178751558065414,0.367954611778259,0.301992148160934,0.151301696896553
26279,0.201112166047096,0.258782267570496,0.431859344244003,0.108246266841888
26280,0.368586927652359,0.247452527284622,0.2561174929142,0.12784306704998
26281,0.304582357406616,0.295694768428803,0.253216147422791,0.146506696939468
26282,0.219396218657494,0.466848701238632,0.18157821893692,0.132176876068115
26283,0.269320636987686,0.283461898565292,0.27697104215622,0.170246422290802
26284,0.282616853713989,0.384343504905701,0.181889235973358,0.151150420308113
26285,0.180221602320671,0.196659803390503,0.484868377447128,0.138250216841698
26286,0.469950884580612,0.247928768396378,0.193151012063026,0.0889693796634674
26287,0.168460950255394,0.263359218835831,0.321276187896729,0.246903628110886
26288,0.16106966137886,0.431034713983536,0.304649949073792,0.103245638310909
26289,0.241532325744629,0.409178555011749,0.186797812581062,0.16249130666256
26290,0.207917466759682,0.142144039273262,0.547248125076294,0.102690383791924
26291,0.230715185403824,0.353684365749359,0.289446234703064,0.126154184341431
26292,0.168058529496193,0.228900119662285,0.369140207767487,0.233901128172874
26293,0.154611766338348,0.271603167057037,0.273144602775574,0.300640434026718
26294,0.181283503770828,0.543666541576386,0.190662324428558,0.0843876674771309
26295,0.238946691155434,0.297996550798416,0.28029066324234,0.18276609480381
26296,0.150486439466476,0.209310129284859,0.377506345510483,0.262697041034699
26297,0.153654709458351,0.234901174902916,0.320334076881409,0.291110068559647
26298,0.0750537440180779,0.206278890371323,0.613166868686676,0.105500556528568
26299,0.125738099217415,0.436072140932083,0.281872779130936,0.156316950917244
26300,0.169882863759995,0.184700205922127,0.416192561388016,0.229224383831024
26301,0.141044393181801,0.377250581979752,0.162361890077591,0.31934317946434
26302,0.131593957543373,0.648640275001526,0.116687431931496,0.103078320622444
26303,0.315572619438171,0.313405066728592,0.155677437782288,0.215344920754433
26304,0.122185185551643,0.0875520557165146,0.38255575299263,0.407707035541534
26305,0.473617494106293,0.314998179674149,0.0970015451312065,0.114382795989513
26306,0.218549221754074,0.081352137029171,0.154869094491005,0.545229554176331
26307,0.0876829251646996,0.464038193225861,0.339227795600891,0.109051115810871
26308,0.333590149879456,0.0559942498803139,0.125345975160599,0.485069572925568
26309,0.0672489628195763,0.346353322267532,0.114676892757416,0.471720784902573
26310,0.131690606474876,0.270883321762085,0.458978176116943,0.138447836041451
26311,0.395495474338532,0.328013092279434,0.145383790135384,0.13110762834549
26312,0.15888237953186,0.556751668453217,0.166808173060417,0.117557778954506
26313,0.161717876791954,0.417427778244019,0.239104419946671,0.181749910116196
26314,0.067977674305439,0.364996701478958,0.125599905848503,0.441425770521164
26315,0.359254717826843,0.177144438028336,0.118904612958431,0.344696193933487
26316,0.162805959582329,0.181118592619896,0.235904037952423,0.420171409845352
26317,0.233190387487412,0.265352249145508,0.286999493837357,0.214457869529724
26318,0.196101844310761,0.217374324798584,0.244121208786964,0.34240260720253
26319,0.551037013530731,0.0691799819469452,0.214164912700653,0.165618062019348
26320,0.143696129322052,0.259607464075089,0.151274964213371,0.445421397686005
26321,0.477577030658722,0.195967361330986,0.236930474638939,0.0895251780748367
26322,0.418585449457169,0.255806595087051,0.238621711730957,0.0869862288236618
26323,0.153833195567131,0.628809869289398,0.144452556967735,0.0729043409228325
26324,0.160816594958305,0.23827451467514,0.157912194728851,0.442996710538864
26325,0.194509565830231,0.0840750336647034,0.462557137012482,0.258858263492584
26326,0.577661037445068,0.125493586063385,0.217173606157303,0.0796717181801796
26327,0.578215420246124,0.0992760583758354,0.0802422910928726,0.242266267538071
26328,0.269787788391113,0.535107254981995,0.0863105729222298,0.108794406056404
26329,0.182028204202652,0.13463220000267,0.473482936620712,0.209856629371643
26330,0.0835384130477905,0.18075256049633,0.226221427321434,0.509487628936768
26331,0.335123658180237,0.139027625322342,0.225444614887238,0.300404101610184
26332,0.132285967469215,0.452973634004593,0.0794172808527947,0.335323035717011
26333,0.20655246078968,0.114783853292465,0.254931926727295,0.423731774091721
26334,0.440936177968979,0.210529953241348,0.110432684421539,0.238101184368134
26335,0.154559433460236,0.371753990650177,0.319663465023041,0.154023081064224
26336,0.184998154640198,0.335166990756989,0.241866409778595,0.23796845972538
26337,0.459287971258164,0.0935654193162918,0.390661299228668,0.0564853027462959
26338,0.111105144023895,0.405831009149551,0.177350848913193,0.305712968111038
26339,0.156442701816559,0.472466737031937,0.191284537315369,0.179806053638458
26340,0.320385634899139,0.200598955154419,0.209341436624527,0.269674032926559
26341,0.0794337540864945,0.125808224081993,0.708980798721314,0.0857772827148438
26342,0.393878966569901,0.259830564260483,0.266501247882843,0.0797891840338707
26343,0.294803500175476,0.387881428003311,0.246354788541794,0.0709602907299995
26344,0.285296976566315,0.366607457399368,0.253220438957214,0.0948751270771027
26345,0.304261356592178,0.248436018824577,0.369956433773041,0.0773461684584618
26346,0.081241101026535,0.129600092768669,0.270164549350739,0.518994212150574
26347,0.20310777425766,0.673564612865448,0.0628970786929131,0.0604305639863014
26348,0.13032166659832,0.227999612689018,0.558132350444794,0.0835463628172875
26349,0.139397025108337,0.164054647088051,0.606749653816223,0.0897986739873886
26350,0.352848827838898,0.259087383747101,0.204102545976639,0.183961287140846
26351,0.0679320320487022,0.502716541290283,0.350707292556763,0.0786441415548325
26352,0.165055960416794,0.199984297156334,0.163899809122086,0.471059888601303
26353,0.156949952244759,0.47918501496315,0.17041178047657,0.193453207612038
26354,0.284899741411209,0.332585215568543,0.22034552693367,0.162169471383095
26355,0.25610077381134,0.18149808049202,0.240053176879883,0.32234799861908
26356,0.249139249324799,0.160668164491653,0.512746691703796,0.0774459093809128
26357,0.143633589148521,0.248063996434212,0.360988169908524,0.24731419980526
26358,0.161637738347054,0.293788969516754,0.461456179618835,0.0831171050667763
26359,0.188628494739532,0.253995388746262,0.227453231811523,0.32992285490036
26360,0.319181054830551,0.278765320777893,0.300336450338364,0.101717226207256
26361,0.151751428842545,0.206797897815704,0.509036839008331,0.132413804531097
26362,0.22355692088604,0.230178117752075,0.242945402860642,0.303319543600082
26363,0.105595044791698,0.41356486082077,0.238950461149216,0.241889610886574
26364,0.576874852180481,0.171997740864754,0.161590039730072,0.0895373895764351
26365,0.0511163547635078,0.415553539991379,0.222244709730148,0.311085432767868
26366,0.357666552066803,0.252404510974884,0.271072149276733,0.118856824934483
26367,0.350136429071426,0.136185601353645,0.178505763411522,0.335172206163406
26368,0.136737078428268,0.154188692569733,0.612491607666016,0.0965826362371445
26369,0.153624936938286,0.483221769332886,0.172201886773109,0.19095142185688
26370,0.56175696849823,0.223314613103867,0.137719333171844,0.0772091224789619
26371,0.109876863658428,0.136510908603668,0.334734320640564,0.418877869844437
26372,0.301581591367722,0.476546078920364,0.153468236327171,0.0684041008353233
26373,0.143454372882843,0.580792188644409,0.134006157517433,0.141747266054153
26374,0.200846374034882,0.155558630824089,0.273278921842575,0.370316058397293
26375,0.111255705356598,0.155405178666115,0.601176798343658,0.132162362337112
26376,0.441072076559067,0.185465976595879,0.184996336698532,0.1884655803442
26377,0.229827970266342,0.250657677650452,0.191873326897621,0.327640980482101
26378,0.139403969049454,0.155843168497086,0.400399923324585,0.304352939128876
26379,0.0870017260313034,0.166435778141022,0.606323957443237,0.14023856818676
26380,0.119618892669678,0.211919128894806,0.397284150123596,0.27117782831192
26381,0.561689853668213,0.150722458958626,0.182288080453873,0.10529962182045
26382,0.243163719773293,0.250144481658936,0.23939236998558,0.26729941368103
26383,0.142367631196976,0.656238615512848,0.107730753719807,0.0936630442738533
26384,0.223303690552711,0.101904511451721,0.386624366044998,0.28816744685173
26385,0.09224883466959,0.324319988489151,0.128539770841599,0.454891473054886
26386,0.0574018098413944,0.106179721653461,0.544620990753174,0.291797488927841
26387,0.178262948989868,0.184319153428078,0.223954007029533,0.413463860750198
26388,0.190308645367622,0.150569126009941,0.398486852645874,0.260635405778885
26389,0.143906801939011,0.46294966340065,0.236254826188087,0.156888708472252
26390,0.250302910804749,0.406320631504059,0.165245801210403,0.178130716085434
26391,0.370595365762711,0.186530649662018,0.349479854106903,0.0933941006660461
26392,0.151272758841515,0.47685444355011,0.294647783041,0.0772249549627304
26393,0.153164401650429,0.234719336032867,0.32709801197052,0.285018295049667
26394,0.435147225856781,0.195877119898796,0.221900820732117,0.147074773907661
26395,0.561252653598785,0.223770126700401,0.120720557868481,0.0942566692829132
26396,0.343158364295959,0.260111421346664,0.225417912006378,0.171312317252159
26397,0.257141202688217,0.200522810220718,0.319665670394897,0.222670301795006
26398,0.218409404158592,0.346195340156555,0.167256981134415,0.268138289451599
26399,0.171623781323433,0.436628133058548,0.18368624150753,0.208061829209328
26400,0.252440899610519,0.235863149166107,0.255300849676132,0.256395101547241
26401,0.183975234627724,0.357617497444153,0.325995922088623,0.132411286234856
26402,0.0711669698357582,0.501164734363556,0.201104238629341,0.226564079523087
26403,0.140320524573326,0.662267565727234,0.101534567773342,0.0958773270249367
26404,0.609128773212433,0.0974538326263428,0.156557947397232,0.136859446763992
26405,0.110238641500473,0.718449413776398,0.0971178486943245,0.074194110929966
26406,0.258696019649506,0.131579652428627,0.514301240444183,0.0954230800271034
26407,0.132347911596298,0.22186453640461,0.409893661737442,0.235893949866295
26408,0.173911198973656,0.154847875237465,0.386853516101837,0.284387409687042
26409,0.244651570916176,0.473581194877625,0.176537349820137,0.105229884386063
26410,0.131173580884933,0.126817688345909,0.531621932983398,0.210386797785759
26411,0.192262545228004,0.491156995296478,0.236146524548531,0.0804339572787285
26412,0.281849950551987,0.425853341817856,0.202412098646164,0.0898845940828323
26413,0.186886370182037,0.113056808710098,0.591571509838104,0.10848530381918
26414,0.165362626314163,0.246702373027802,0.337613791227341,0.250321239233017
26415,0.345310062170029,0.371621459722519,0.202621653676033,0.0804468095302582
26416,0.13713900744915,0.310206681489944,0.468491733074188,0.084162563085556
26417,0.200255662202835,0.438723355531693,0.231254860758781,0.129766136407852
26418,0.233331918716431,0.270014643669128,0.142933800816536,0.353719651699066
26419,0.150358766317368,0.294056534767151,0.291142523288727,0.264442175626755
26420,0.426899313926697,0.1217031031847,0.205656856298447,0.245740726590157
26421,0.537698864936829,0.19113777577877,0.19354259967804,0.0776207447052002
26422,0.313810706138611,0.16489215195179,0.313399881124496,0.207897275686264
26423,0.149623245000839,0.439043790102005,0.272501200437546,0.138831704854965
26424,0.541632115840912,0.175487041473389,0.155319303274155,0.127561539411545
26425,0.194229707121849,0.173378974199295,0.526854276657105,0.105537042021751
26426,0.148818075656891,0.221534103155136,0.437169522047043,0.192478314042091
26427,0.190699994564056,0.474078804254532,0.23833292722702,0.0968883410096169
26428,0.312407314777374,0.348229914903641,0.144981980323792,0.194380804896355
26429,0.0898710116744041,0.633415460586548,0.199033513665199,0.0776799693703651
26430,0.270053595304489,0.326388627290726,0.297355234622955,0.106202527880669
26431,0.367457568645477,0.372296005487442,0.189875707030296,0.0703707039356232
26432,0.111566707491875,0.457774609327316,0.224522665143013,0.206136018037796
26433,0.250057548284531,0.330724388360977,0.302929371595383,0.116288654506207
26434,0.182488158345222,0.427327066659927,0.17136088013649,0.218823865056038
26435,0.165287628769875,0.396886765956879,0.164406895637512,0.273418754339218
26436,0.492539465427399,0.179221883416176,0.249456971883774,0.0787817016243935
26437,0.114017337560654,0.186175987124443,0.586841106414795,0.112965621054173
26438,0.161404445767403,0.466098725795746,0.278253465890884,0.0942433252930641
26439,0.182408586144447,0.160202965140343,0.579341053962708,0.0780473873019218
26440,0.177153378725052,0.490820556879044,0.246212363243103,0.0858137235045433
26441,0.182767421007156,0.52424556016922,0.20338548719883,0.0896015092730522
26442,0.502151310443878,0.168196499347687,0.137458503246307,0.192193672060967
26443,0.462414413690567,0.355220586061478,0.11857258528471,0.0637924075126648
26444,0.633124232292175,0.151742875576019,0.140970304608345,0.074162594974041
26445,0.412632197141647,0.314809054136276,0.160047173500061,0.112511515617371
26446,0.411193042993546,0.40022075176239,0.0823422372341156,0.106243960559368
26447,0.22190947830677,0.342838734388351,0.342825144529343,0.0924266204237938
26448,0.352959275245667,0.336044192314148,0.211188614368439,0.0998079553246498
26449,0.521448016166687,0.135860189795494,0.0549594052135944,0.287732392549515
26450,0.356629192829132,0.149474442005157,0.0417509786784649,0.452145367860794
26451,0.342164784669876,0.328397631645203,0.20519682765007,0.124240718781948
26452,0.0540608055889607,0.426909327507019,0.140643745660782,0.378386110067368
26453,0.048369761556387,0.178408816456795,0.581012964248657,0.192208468914032
26454,0.220972046256065,0.0464805401861668,0.266256779432297,0.466290652751923
26455,0.0796038508415222,0.330715656280518,0.0428501144051552,0.546830415725708
26456,0.131749376654625,0.118481948971748,0.191901758313179,0.557866930961609
26457,0.0892221108078957,0.166905328631401,0.413271367549896,0.330601215362549
26458,0.0942549258470535,0.426776856184006,0.0774469152092934,0.401521295309067
26459,0.0358878262341023,0.0630830973386765,0.437118589878082,0.463910460472107
26460,0.0605059564113617,0.168406784534454,0.0456386990845203,0.725448548793793
26461,0.119717784225941,0.232809022068977,0.410624891519547,0.2368483543396
26462,0.425231158733368,0.255736172199249,0.0395503379404545,0.279482305049896
26463,0.048994954675436,0.079816035926342,0.55014979839325,0.321039229631424
26464,0.0376699268817902,0.198165401816368,0.241303816437721,0.522860884666443
26465,0.0415721982717514,0.255546063184738,0.131181910634041,0.571699798107147
26466,0.091675728559494,0.403323531150818,0.0359751582145691,0.469025582075119
26467,0.568644881248474,0.0595859661698341,0.0478954762220383,0.323873728513718
26468,0.246375694870949,0.413254320621491,0.247170984745026,0.0931990370154381
26469,0.386491805315018,0.289745330810547,0.213892474770546,0.109870448708534
26470,0.157651036977768,0.379581034183502,0.326422065496445,0.136345893144608
26471,0.364995777606964,0.286198675632477,0.253266721963882,0.0955388769507408
26472,0.123232088983059,0.196731954813004,0.591178953647614,0.0888569727540016
26473,0.472406595945358,0.168653815984726,0.223604023456573,0.135335549712181
26474,0.117348521947861,0.310584247112274,0.455053776502609,0.117013402283192
26475,0.343347251415253,0.226225435733795,0.284800469875336,0.145626872777939
26476,0.212923288345337,0.307593822479248,0.23651784658432,0.242964997887611
26477,0.15867754817009,0.27056410908699,0.465036690235138,0.10572163015604
26478,0.232367470860481,0.333346456289291,0.304379820823669,0.129906296730042
26479,0.220654249191284,0.365160435438156,0.295574903488159,0.118610426783562
26480,0.347921401262283,0.331274569034576,0.206987708806992,0.113816358149052
26481,0.20560759305954,0.256892621517181,0.412725389003754,0.124774351716042
26482,0.288251370191574,0.233347475528717,0.363640248775482,0.114760920405388
26483,0.320540189743042,0.330465763807297,0.200233578681946,0.148760452866554
26484,0.144228577613831,0.248402670025826,0.507422506809235,0.0999462157487869
26485,0.171886935830116,0.572576999664307,0.154652133584023,0.100883886218071
26486,0.280867666006088,0.265620321035385,0.205296441912651,0.248215541243553
26487,0.0798522159457207,0.276905715465546,0.561416506767273,0.0818255469202995
26488,0.169227927923203,0.262274265289307,0.372561097145081,0.195936679840088
26489,0.276904255151749,0.219577848911285,0.258809387683868,0.244708508253098
26490,0.251263618469238,0.200610667467117,0.31479212641716,0.233333572745323
26491,0.451990336179733,0.309349924325943,0.166317701339722,0.0723420605063438
26492,0.2904272377491,0.432938069105148,0.187643155455589,0.0889915972948074
26493,0.161492571234703,0.168953433632851,0.475442200899124,0.194111809134483
26494,0.364720791578293,0.393183320760727,0.141118690371513,0.100977189838886
26495,0.539042830467224,0.163195431232452,0.0738279521465302,0.223933786153793
26496,0.15255469083786,0.163070321083069,0.606683790683746,0.0776911973953247
26497,0.239016696810722,0.113070353865623,0.568182349205017,0.0797306299209595
26498,0.465876936912537,0.158090472221375,0.19754096865654,0.178491592407227
26499,0.259501785039902,0.174728438258171,0.354874670505524,0.210895091295242
26500,0.198950305581093,0.518111050128937,0.180779173970222,0.102159462869167
26501,0.479309916496277,0.225784808397293,0.154591083526611,0.14031420648098
26502,0.505694270133972,0.199037462472916,0.161561787128448,0.133706465363503
26503,0.14174497127533,0.591497480869293,0.182362020015717,0.0843955278396606
26504,0.139568537473679,0.155858233571053,0.384226530790329,0.320346683263779
26505,0.127928197383881,0.423417776823044,0.218807250261307,0.229846745729446
26506,0.106485515832901,0.324528515338898,0.288001090288162,0.280984908342361
26507,0.577346801757813,0.121034726500511,0.0711065605282784,0.230511918663979
26508,0.343275666236877,0.326247572898865,0.0540687665343285,0.276408016681671
26509,0.108761325478554,0.667015016078949,0.0595950894057751,0.164628624916077
26510,0.174909308552742,0.250749260187149,0.211369752883911,0.362971633672714
26511,0.0884970724582672,0.265792936086655,0.53235673904419,0.113353237509727
26512,0.0910800471901894,0.129889607429504,0.210964292287827,0.56806606054306
26513,0.095630519092083,0.366700112819672,0.416942179203033,0.120727233588696
26514,0.0827914550900459,0.459825783967972,0.142021998763084,0.315360814332962
26515,0.243963524699211,0.185515120625496,0.430339813232422,0.140181571245193
26516,0.16915126144886,0.135741099715233,0.209185436367989,0.485922127962112
26517,0.163029536604881,0.341899067163467,0.167671769857407,0.327399611473084
26518,0.144023835659027,0.0620087534189224,0.441952437162399,0.352014988660812
26519,0.444879949092865,0.163093894720078,0.0777814537286758,0.314244747161865
26520,0.656305313110352,0.0825602933764458,0.054080605506897,0.20705372095108
26521,0.145603001117706,0.454321175813675,0.066264420747757,0.333811402320862
26522,0.736185967922211,0.0797041058540344,0.0667274668812752,0.117382436990738
26523,0.0548689253628254,0.426653861999512,0.341264367103577,0.177212819457054
26524,0.377438992261887,0.112847052514553,0.0804081931710243,0.429305821657181
26525,0.200888514518738,0.180831477046013,0.250832617282867,0.367447376251221
26526,0.158029705286026,0.528235554695129,0.233979135751724,0.0797555893659592
26527,0.162205800414085,0.205369591712952,0.435410350561142,0.197014272212982
26528,0.134465172886848,0.476218014955521,0.314996153116226,0.0743206515908241
26529,0.236869528889656,0.206665217876434,0.47191721200943,0.0845480039715767
26530,0.475637972354889,0.254241615533829,0.186437696218491,0.0836827456951141
26531,0.104962982237339,0.341477811336517,0.428661227226257,0.124897941946983
26532,0.222713172435761,0.503125667572022,0.195719674229622,0.0784414932131767
26533,0.142889097332954,0.557933330535889,0.204475283622742,0.0947022959589958
26534,0.542811393737793,0.162686198949814,0.216998904943466,0.0775035172700882
26535,0.134842425584793,0.33412379026413,0.451420873403549,0.0796129032969475
26536,0.259581565856934,0.0837127417325974,0.16147293150425,0.495232701301575
26537,0.245272561907768,0.39544939994812,0.264498233795166,0.0947797670960426
26538,0.134663641452789,0.118196479976177,0.574695527553558,0.172444373369217
26539,0.130697026848793,0.414475500583649,0.36609810590744,0.0887293666601181
26540,0.279455870389938,0.379611849784851,0.23595567047596,0.104976564645767
26541,0.337543129920959,0.162565857172012,0.0777179673314095,0.422173082828522
26542,0.322306901216507,0.284972250461578,0.183170795440674,0.20955003798008
26543,0.30364453792572,0.346349209547043,0.0674618035554886,0.28254446387291
26544,0.212207108736038,0.431942135095596,0.190869778394699,0.164980947971344
26545,0.273407965898514,0.213552758097649,0.187615677714348,0.325423628091812
26546,0.241410434246063,0.309315919876099,0.298266679048538,0.151006937026978
26547,0.546952664852142,0.163281843066216,0.0881008356809616,0.201664641499519
26548,0.507346212863922,0.199960768222809,0.199784994125366,0.0929080098867416
26549,0.146526083350182,0.182777479290962,0.556218326091766,0.114478170871735
26550,0.132429003715515,0.154193103313446,0.620000243186951,0.0933776125311852
26551,0.115708760917187,0.374773383140564,0.40039536356926,0.109122522175312
26552,0.356326997280121,0.158289283514023,0.262710630893707,0.22267310321331
26553,0.247375264763832,0.494212806224823,0.141933500766754,0.116478435695171
26554,0.329592645168304,0.349223732948303,0.216788023710251,0.104395598173141
26555,0.177271768450737,0.0909226685762405,0.501651227474213,0.230154320597649
26556,0.272483795881271,0.154462426900864,0.244296088814735,0.328757673501968
26557,0.355701148509979,0.144014656543732,0.0886308178305626,0.411653399467468
26558,0.24426880478859,0.206708908081055,0.442825734615326,0.106196522712708
26559,0.322863966226578,0.3730528652668,0.0712756887078285,0.232807487249374
26560,0.121837742626667,0.157822459936142,0.515336096286774,0.205003708600998
26561,0.140558451414108,0.454638600349426,0.147652849555016,0.257150113582611
26562,0.15250352025032,0.362146764993668,0.354636669158936,0.130713105201721
